session,tx_seq,host_t,schema,control_seq,param_revision,input_seq,detail_flags,process_us,previous_mode,ref_start,ref_end,ref_count,center_count,hold_count,radar_packets,radar_crc_bad,radar_verlen_bad,radar_angle_bad,radar_header_missing,radar_sync_offset,radar_angle_bins,radar_sync_fail_total,radar_missing_total,input_drop_total,tx_drop_total,motor_drop_total,pd_err_previous,pd_err,pd_p,pd_d,pd_kp,pd_kd,pwm_unclamped,pwm_mid,ref_x,ref_y,ref_dy,pd_line_k,pd_line_b,pd_err_before_reset,center_mean,width_candidate,previous_source,source,path_reason,command_applied,far_valid,left_near_count,right_near_count,left_far_count,right_far_count,width_source,bend_code,front_points,candidate_pwm,final_pwm,near_x,far_x,near_a,far_a,track_width,left_rms,right_rms,left_span,right_span,left_gap,right_gap,left_far_rms,right_far_rms,left_far_span,right_far_span
2372802115,3,0.6399999999994179,2,3035,2,3035,0,2297,,,,,,0,,,,,,,,,,0,0,0,278.34954833984375,0.0,0.0,0.0,0.0,0.0,0.0,1445.0,,0.0,,,,,,,1,3,1,0,0,0,0,0,0,1,2,0,1554,1554,0.0,0.0,0.0,0.0,487.623291015625,0.0,0.0,0.0,0.0,0.0,0.0,0.0,0.0,0.0,0.0
2372802115,6,0.6399999999994179,2,3036,2,3036,0,2376,,,,,,0,,,,,,,,,,0,0,0,278.34954833984375,0.0,0.0,0.0,0.0,0.0,0.0,1445.0,,0.0,,,,,,,1,3,1,0,0,0,0,0,0,1,2,0,1554,1554,0.0,0.0,0.0,0.0,487.623291015625,0.0,0.0,0.0,0.0,0.0,0.0,0.0,0.0,0.0,0.0
2372802115,9,0.7649999999994179,2,3037,2,3037,0,2539,,,,,,0,,,,,,,,,,0,0,0,278.34954833984375,0.0,0.0,0.0,0.0,0.0,0.0,1445.0,,0.0,,,,,,,1,3,1,0,0,0,0,0,0,1,2,3,1554,1554,0.0,0.0,0.0,0.0,487.623291015625,0.0,0.0,0.0,0.0,0.0,0.0,0.0,0.0,0.0,0.0
2372802115,12,1.25,2,3038,2,3038,0,2655,,,,,,0,,,,,,,,,,0,0,0,278.34954833984375,0.0,0.0,0.0,0.0,0.0,0.0,1445.0,,0.0,,,,,,,1,3,1,0,0,0,0,0,0,1,2,4,1554,1554,0.0,0.0,0.0,0.0,487.623291015625,0.0,0.0,0.0,0.0,0.0,0.0,0.0,0.0,0.0,0.0
2372802115,15,1.25,2,3039,3,3039,0,2652,,,,,,0,,,,,,,,,,0,0,0,278.34954833984375,0.0,0.0,0.0,0.0,0.0,0.0,1445.0,,0.0,,,,,,,1,3,1,0,0,0,0,0,0,1,2,5,1554,1554,0.0,0.0,0.0,0.0,487.623291015625,0.0,0.0,0.0,0.0,0.0,0.0,0.0,0.0,0.0,0.0
2372802115,19,1.25,2,3040,3,3040,0,2702,,,,,,0,,,,,,,,,,0,0,0,278.34954833984375,0.0,0.0,0.0,0.0,0.0,0.0,1445.0,,0.0,,,,,,,1,3,1,0,0,0,0,0,0,1,2,9,1554,1554,0.0,0.0,0.0,0.0,487.623291015625,0.0,0.0,0.0,0.0,0.0,0.0,0.0,0.0,0.0,0.0
2372802115,23,1.25,2,3041,3,3041,0,2567,,,,,,0,,,,,,,,,,0,0,0,278.34954833984375,0.0,0.0,0.0,0.0,0.0,0.0,1445.0,,0.0,,,,,,,1,3,1,0,0,0,0,0,0,1,2,17,1554,1554,0.0,0.0,0.0,0.0,487.623291015625,0.0,0.0,0.0,0.0,0.0,0.0,0.0,0.0,0.0,0.0
2372802115,26,1.25,2,3042,3,3042,0,2571,,,,,,0,,,,,,,,,,0,0,0,278.34954833984375,0.0,0.0,0.0,0.0,0.0,0.0,1445.0,,0.0,,,,,,,1,3,1,0,0,0,0,0,0,1,2,25,1554,1554,0.0,0.0,0.0,0.0,487.623291015625,0.0,0.0,0.0,0.0,0.0,0.0,0.0,0.0,0.0,0.0
2372802115,29,1.25,2,3043,3,3043,0,2654,,,,,,0,,,,,,,,,,0,0,0,278.34954833984375,0.0,0.0,0.0,0.0,0.0,0.0,1445.0,,0.0,,,,,,,1,3,1,0,0,0,0,0,0,1,2,30,1554,1554,0.0,0.0,0.0,0.0,487.623291015625,0.0,0.0,0.0,0.0,0.0,0.0,0.0,0.0,0.0,0.0
2372802115,32,1.25,2,3044,3,3044,0,2693,,,,,,0,,,,,,,,,,0,0,0,278.34954833984375,0.0,0.0,0.0,0.0,0.0,0.0,1445.0,,0.0,,,,,,,1,3,1,0,0,0,0,0,0,1,2,32,1554,1554,0.0,0.0,0.0,0.0,487.623291015625,0.0,0.0,0.0,0.0,0.0,0.0,0.0,0.0,0.0,0.0
2372802115,35,1.375,2,3045,3,3045,0,2642,,,,,,0,,,,,,,,,,0,0,0,278.34954833984375,0.0,0.0,0.0,0.0,0.0,0.0,1445.0,,0.0,,,,,,,1,3,1,0,0,0,0,0,0,1,2,28,1554,1554,0.0,0.0,0.0,0.0,487.623291015625,0.0,0.0,0.0,0.0,0.0,0.0,0.0,0.0,0.0,0.0
2372802115,38,1.75,2,3046,3,3046,0,2603,,,,,,0,,,,,,,,,,0,0,0,278.34954833984375,0.0,0.0,0.0,0.0,0.0,0.0,1445.0,,0.0,,,,,,,1,3,1,0,0,0,0,0,0,1,2,20,1554,1554,0.0,0.0,0.0,0.0,487.623291015625,0.0,0.0,0.0,0.0,0.0,0.0,0.0,0.0,0.0,0.0
2372802115,78,1.75,2,3049,3,3049,0,2450,,,,,,0,,,,,,,,,,0,3,0,278.34954833984375,0.0,0.0,0.0,0.0,0.0,0.0,1445.0,,0.0,,,,,,,1,3,1,0,0,0,0,0,0,1,2,0,1554,1554,0.0,0.0,0.0,0.0,487.623291015625,0.0,0.0,0.0,0.0,0.0,0.0,0.0,0.0,0.0,0.0
2372802115,81,1.75,2,3050,3,3050,0,2305,,,,,,0,,,,,,,,,,0,3,0,278.34954833984375,0.0,0.0,0.0,0.0,0.0,0.0,1445.0,,0.0,,,,,,,1,3,1,0,0,0,0,0,0,1,2,0,1554,1554,0.0,0.0,0.0,0.0,487.623291015625,0.0,0.0,0.0,0.0,0.0,0.0,0.0,0.0,0.0,0.0
2372802115,84,2.297000000005937,2,3051,3,3051,0,2327,,,,,,0,,,,,,,,,,0,3,0,278.34954833984375,0.0,0.0,0.0,0.0,0.0,0.0,1445.0,,0.0,,,,,,,1,3,1,0,0,0,0,0,0,1,2,0,1554,1554,0.0,0.0,0.0,0.0,487.623291015625,0.0,0.0,0.0,0.0,0.0,0.0,0.0,0.0,0.0,0.0
2372802115,88,2.297000000005937,2,3052,3,3052,0,2440,,,,,,0,,,,,,,,,,0,3,0,278.34954833984375,0.0,0.0,0.0,0.0,0.0,0.0,1445.0,,0.0,,,,,,,1,3,1,0,0,0,0,0,0,1,2,11,1554,1554,0.0,0.0,0.0,0.0,487.623291015625,0.0,0.0,0.0,0.0,0.0,0.0,0.0,0.0,0.0,0.0
2372802115,91,2.297000000005937,2,3053,3,3053,0,2565,,,,,,0,,,,,,,,,,0,3,0,278.34954833984375,0.0,0.0,0.0,0.0,0.0,0.0,1445.0,,0.0,,,,,,,1,3,1,0,0,0,0,0,0,1,2,27,1554,1554,0.0,0.0,0.0,0.0,487.623291015625,0.0,0.0,0.0,0.0,0.0,0.0,0.0,0.0,0.0,0.0
2372802115,95,2.297000000005937,2,3054,3,3054,0,2572,,,,,,0,,,,,,,,,,0,3,0,278.34954833984375,0.0,0.0,0.0,0.0,0.0,0.0,1445.0,,0.0,,,,,,,1,3,1,0,0,0,0,0,0,1,2,33,1554,1554,0.0,0.0,0.0,0.0,487.623291015625,0.0,0.0,0.0,0.0,0.0,0.0,0.0,0.0,0.0,0.0
2372802115,98,2.297000000005937,2,3055,3,3055,0,2683,,,,,,0,,,,,,,,,,0,3,0,278.34954833984375,0.0,0.0,0.0,0.0,0.0,0.0,1445.0,,0.0,,,,,,,1,3,1,0,0,0,0,0,0,1,2,38,1554,1554,0.0,0.0,0.0,0.0,487.623291015625,0.0,0.0,0.0,0.0,0.0,0.0,0.0,0.0,0.0,0.0
2372802115,101,2.297000000005937,2,3056,3,3056,0,2742,,,,,,0,,,,,,,,,,0,3,0,278.34954833984375,0.0,0.0,0.0,0.0,0.0,0.0,1445.0,,0.0,,,,,,,1,3,1,0,0,0,0,0,0,1,2,62,1554,1554,0.0,0.0,0.0,0.0,487.623291015625,0.0,0.0,0.0,0.0,0.0,0.0,0.0,0.0,0.0,0.0
2372802115,104,2.3590000000112923,2,3057,3,3057,0,2757,,,,,,0,,,,,,,,,,0,3,0,278.34954833984375,0.0,0.0,0.0,0.0,0.0,0.0,1445.0,,0.0,,,,,,,1,3,1,0,0,0,0,0,0,1,2,66,1554,1554,0.0,0.0,0.0,0.0,487.623291015625,0.0,0.0,0.0,0.0,0.0,0.0,0.0,0.0,0.0,0.0
2372802115,107,2.9680000000080327,2,3058,3,3058,0,2838,,,,,,0,,,,,,,,,,0,3,0,278.34954833984375,0.0,0.0,0.0,0.0,0.0,0.0,1445.0,,0.0,,,,,,,1,3,1,0,0,0,0,0,0,1,2,67,1554,1554,0.0,0.0,0.0,0.0,487.623291015625,0.0,0.0,0.0,0.0,0.0,0.0,0.0,0.0,0.0,0.0
2372802115,112,2.9680000000080327,2,3059,3,3059,0,2789,,,,,,0,,,,,,,,,,0,3,0,278.34954833984375,0.0,0.0,0.0,0.0,0.0,0.0,1445.0,,0.0,,,,,,,1,3,1,0,0,0,0,0,0,1,2,67,1554,1554,0.0,0.0,0.0,0.0,487.623291015625,0.0,0.0,0.0,0.0,0.0,0.0,0.0,0.0,0.0,0.0
2372802115,115,2.9680000000080327,2,3060,3,3060,0,2826,,,,,,0,,,,,,,,,,0,3,0,278.34954833984375,0.0,0.0,0.0,0.0,0.0,0.0,1445.0,,0.0,,,,,,,1,3,1,0,0,0,0,0,0,1,2,68,1554,1554,0.0,0.0,0.0,0.0,487.623291015625,0.0,0.0,0.0,0.0,0.0,0.0,0.0,0.0,0.0,0.0
2372802115,118,2.9680000000080327,2,3061,3,3061,0,2931,,,,,,0,,,,,,,,,,0,3,0,278.34954833984375,0.0,0.0,0.0,0.0,0.0,0.0,1445.0,,0.0,,,,,,,1,3,1,0,0,0,0,0,0,1,2,70,1554,1554,0.0,0.0,0.0,0.0,487.623291015625,0.0,0.0,0.0,0.0,0.0,0.0,0.0,0.0,0.0,0.0
2372802115,121,2.9680000000080327,2,3062,3,3062,0,3151,,,,,,0,,,,,,,,,,0,3,0,278.34954833984375,0.0,0.0,0.0,0.0,0.0,0.0,1445.0,,0.0,,,,,,,1,3,1,0,0,0,0,0,0,1,2,68,1554,1554,0.0,0.0,0.0,0.0,487.623291015625,0.0,0.0,0.0,0.0,0.0,0.0,0.0,0.0,0.0,0.0
2372802115,124,2.9680000000080327,2,3063,3,3063,0,3260,,,,,,0,,,,,,,,,,0,3,0,278.34954833984375,0.0,0.0,0.0,0.0,0.0,0.0,1445.0,,0.0,,,,,,,1,3,1,0,0,0,0,0,0,1,2,85,1554,1554,0.0,0.0,0.0,0.0,487.623291015625,0.0,0.0,0.0,0.0,0.0,0.0,0.0,0.0,0.0,0.0
2372802115,127,2.9680000000080327,2,3064,3,3064,0,3371,,,,,,0,,,,,,,,,,0,3,0,278.34954833984375,0.0,0.0,0.0,0.0,0.0,0.0,1445.0,,0.0,,,,,,,1,3,1,0,0,0,0,0,0,1,2,71,1554,1554,0.0,0.0,0.0,0.0,487.623291015625,0.0,0.0,0.0,0.0,0.0,0.0,0.0,0.0,0.0,0.0
2372802115,131,3.5,2,3065,3,3065,0,3531,,,,,,0,,,,,,,,,,0,3,0,278.34954833984375,0.0,0.0,0.0,0.0,0.0,0.0,1445.0,,0.0,,,,,,,1,3,1,0,0,0,0,0,0,1,2,107,1554,1554,0.0,0.0,0.0,0.0,487.623291015625,0.0,0.0,0.0,0.0,0.0,0.0,0.0,0.0,0.0,0.0
2372802115,134,3.5,2,3066,3,3066,0,3582,,,,,,0,,,,,,,,,,0,3,0,278.34954833984375,0.0,0.0,0.0,0.0,0.0,0.0,1445.0,,0.0,,,,,,,1,3,1,0,0,0,0,0,0,1,2,141,1554,1554,0.0,0.0,0.0,0.0,487.623291015625,0.0,0.0,0.0,0.0,0.0,0.0,0.0,0.0,0.0,0.0
2372802115,137,3.5,2,3067,3,3067,0,3835,,,,,,0,,,,,,,,,,0,3,0,278.34954833984375,0.0,0.0,0.0,0.0,0.0,0.0,1445.0,,0.0,,,,,,,1,3,1,0,0,4,0,6,0,1,2,161,1554,1554,0.0,0.0,0.0,0.0,487.623291015625,9.388044357299805,0.0,299.4512023925781,0.0,112.62603759765625,0.0,4.403040885925293,0.0,490.1600341796875,0.0
2372802115,140,3.5,2,3068,3,3068,5,4352,,,,,,0,,,,,,,,,,0,3,0,278.34954833984375,49.80024719238281,19.92009735107422,0.0,0.03999999910593033,0.02199999988079071,1464.9200439453125,1445.0,,700.0,,,,,,,1,0,0,1,1,6,4,8,6,2,2,209,1464,1464,-44.3262939453125,-76.80024719238281,-0.10574116557836533,-0.1609216034412384,492.427001953125,13.554594993591309,6.869328022003174,474.20703125,310.7337646484375,107.73089599609375,105.95025634765625,3.6689934730529785,1.3476595878601074,647.3825073242188,471.80029296875
2372802115,143,3.5,2,3069,3,3069,1,4788,,,,,,0,,,,,,,,,,0,3,0,49.80024719238281,37.73597717285156,15.094389915466309,-3.4019463062286377,0.03999999910593033,0.02199999988079071,1456.6923828125,1445.0,,700.0,,,,,,,0,0,0,1,1,6,7,6,6,2,2,244,1456,1456,-30.965667724609375,-64.73597717285156,-0.07965730875730515,-0.15136513113975525,479.7298583984375,9.730307579040527,7.084171772003174,495.35247802734375,607.4122924804688,103.3201904296875,106.17095947265625,1.109655737876892,5.355679512023926,499.18634033203125,650.5902709960938
2372802115,146,3.5,2,3070,3,3070,1,4934,,,,,,1,,,,,,,,,,0,3,0,37.73597717285156,25.671241760253906,10.2684965133667,-3.8720040321350098,0.03999999910593033,0.02199999988079071,1451.3966064453125,1445.0,,700.0,,,,,,,0,0,2,0,1,6,7,7,7,2,2,222,1451,1456,-21.805580139160156,-52.671241760253906,-0.0804196447134018,-0.14788945019245148,463.2052001953125,7.1557841300964355,4.4315338134765625,510.671142578125,591.0306396484375,109.32904052734375,108.1295166015625,1.167249083518982,5.342641830444336,560.926025390625,626.5813598632812
2372802115,151,3.5,2,3071,3,3071,5,4908,,,,,,2,,,,,,,,,,0,3,0,37.73597717285156,24.22527313232422,9.690108299255371,0.0,0.03999999910593033,0.02199999988079071,1454.6900634765625,1445.0,,700.0,,,,,,,0,0,2,0,1,6,7,6,7,2,2,218,1454,1456,-21.898361206054688,-51.22527313232422,-0.07623226940631866,-0.14064264297485352,448.515380859375,5.7301483154296875,3.8299062252044678,501.23028564453125,588.0764770507812,111.15594482421875,103.6834716796875,1.4973983764648438,3.7530758380889893,460.83154296875,612.1466064453125
2372802115,154,4.062000000005355,2,3072,3,3072,0,4895,,,,,,0,,,,,,,,,,0,3,0,37.73597717285156,0.0,0.0,0.0,0.0,0.0,0.0,1445.0,,0.0,,,,,,,0,3,1,0,0,7,7,6,8,1,2,212,1456,1456,0.0,0.0,0.0,0.0,448.515380859375,6.763378143310547,4.009799957275391,601.2695922851562,592.9298095703125,110.306640625,107.0283203125,2.0097503662109375,3.6612486839294434,492.28863525390625,711.2169189453125
2372802115,157,4.062000000005355,2,3073,3,3073,0,4898,,,,,,0,,,,,,,,,,0,3,0,37.73597717285156,0.0,0.0,0.0,0.0,0.0,0.0,1445.0,,0.0,,,,,,,0,3,1,0,0,7,7,6,6,1,2,215,1456,1456,0.0,0.0,0.0,0.0,448.515380859375,6.7375264167785645,4.384781837463379,593.345947265625,581.1452026367188,103.0115966796875,106.59603881835938,1.9135395288467407,2.667232036590576,522.7257080078125,621.43603515625
2372802115,160,4.062000000005355,2,3074,3,3074,0,4840,,,,,,0,,,,,,,,,,0,3,0,37.73597717285156,0.0,0.0,0.0,0.0,0.0,0.0,1445.0,,0.0,,,,,,,0,3,1,0,0,7,7,5,7,1,2,213,1456,1456,0.0,0.0,0.0,0.0,448.515380859375,6.531846523284912,4.661837100982666,597.5987548828125,599.076171875,109.4595947265625,106.27500915527344,0.8627992272377014,3.270362377166748,398.22088623046875,722.6240844726562
2372802115,163,4.062000000005355,2,3075,3,3075,0,4809,,,,,,0,,,,,,,,,,0,3,0,37.73597717285156,0.0,0.0,0.0,0.0,0.0,0.0,1445.0,,0.0,,,,,,,0,3,1,0,0,7,7,6,6,1,2,212,1456,1456,0.0,0.0,0.0,0.0,448.515380859375,6.756947994232178,3.7544379234313965,597.56005859375,597.54638671875,110.57757568359375,105.58419799804688,2.033329725265503,3.3483266830444336,535.78125,608.4238891601562
2372802115,167,4.062000000005355,2,3076,3,3076,0,4899,,,,,,0,,,,,,,,,,0,3,0,37.73597717285156,0.0,0.0,0.0,0.0,0.0,0.0,1445.0,,0.0,,,,,,,0,3,1,0,0,7,7,5,7,1,2,216,1456,1456,0.0,0.0,0.0,0.0,448.515380859375,6.371918678283691,4.128100395202637,596.4287109375,592.5340576171875,106.27490234375,107.5538330078125,1.5805202722549438,2.576190948486328,454.7191162109375,711.5097045898438
2372802115,171,4.062000000005355,2,3077,3,3077,0,4900,,,,,,0,,,,,,,,,,0,3,0,37.73597717285156,0.0,0.0,0.0,0.0,0.0,0.0,1445.0,,0.0,,,,,,,0,3,1,0,0,6,6,5,7,1,2,214,1456,1456,0.0,0.0,0.0,0.0,448.515380859375,5.695924282073975,3.1840176582336426,505.9537048339844,515.2626953125,105.64152526855469,105.83462524414062,1.2222181558609009,2.1248233318328857,426.07769775390625,708.4563598632812
2372802115,174,4.109000000011292,2,3078,3,3078,0,4941,,,,,,0,,,,,,,,,,0,3,0,37.73597717285156,0.0,0.0,0.0,0.0,0.0,0.0,1445.0,,0.0,,,,,,,0,3,1,0,0,7,6,6,6,1,2,217,1456,1456,0.0,0.0,0.0,0.0,448.515380859375,6.102242469787598,3.0717334747314453,601.485595703125,521.4674072265625,106.63690185546875,112.84228515625,2.009251594543457,2.7029285430908203,558.8079833984375,610.186279296875
2372802115,177,4.264999999999418,2,3079,3,3079,0,4943,,,,,,0,,,,,,,,,,0,3,0,37.73597717285156,0.0,0.0,0.0,0.0,0.0,0.0,1445.0,,0.0,,,,,,,0,3,1,0,0,6,7,5,7,1,2,216,1456,1456,0.0,0.0,0.0,0.0,448.515380859375,5.1192545890808105,3.768730401992798,499.3389892578125,607.8662719726562,106.39053344726562,115.18841552734375,0.9838912487030029,2.857041597366333,406.97015380859375,719.0899047851562
2372802115,180,4.264999999999418,2,3080,3,3080,0,4908,,,,,,0,,,,,,,,,,0,3,0,37.73597717285156,0.0,0.0,0.0,0.0,0.0,0.0,1445.0,,0.0,,,,,,,0,3,1,0,0,7,7,6,6,1,2,215,1456,1456,0.0,0.0,0.0,0.0,448.515380859375,6.2190961837768555,3.770709753036499,593.44091796875,601.8719482421875,104.6138916015625,110.11280822753906,1.6848357915878296,2.4447994232177734,531.123779296875,627.6122436523438
2372802115,183,4.437000000005355,2,3081,3,3081,0,4891,,,,,,0,,,,,,,,,,0,3,0,37.73597717285156,0.0,0.0,0.0,0.0,0.0,0.0,1445.0,,0.0,,,,,,,0,3,1,0,0,6,6,5,6,1,2,215,1456,1456,0.0,0.0,0.0,0.0,448.515380859375,5.47216796875,3.588021755218506,503.04132080078125,511.69403076171875,113.38894653320312,109.78790283203125,1.8546923398971558,2.707460641860962,517.516357421875,619.3401489257812
2372802115,186,4.437000000005355,2,3082,3,3082,0,4912,,,,,,0,,,,,,,,,,0,3,0,37.73597717285156,0.0,0.0,0.0,0.0,0.0,0.0,1445.0,,0.0,,,,,,,0,3,1,0,0,7,7,5,6,1,2,215,1456,1456,0.0,0.0,0.0,0.0,448.515380859375,6.3084611892700195,4.346985340118408,600.0234375,587.276611328125,110.50335693359375,104.61407470703125,1.573931097984314,3.0014302730560303,431.1280517578125,623.1767578125
2372802115,191,4.7810000000026776,2,3083,3,3083,0,4905,,,,,,0,,,,,,,,,,0,3,0,37.73597717285156,0.0,0.0,0.0,0.0,0.0,0.0,1445.0,,0.0,,,,,,,0,3,1,0,0,7,7,5,7,1,2,212,1456,1456,0.0,0.0,0.0,0.0,448.515380859375,6.1275248527526855,4.209863185882568,595.9337158203125,594.3242797851562,104.9412841796875,108.943359375,1.2190337181091309,4.166430473327637,424.382568359375,620.7011108398438
2372802115,194,4.7810000000026776,2,3084,3,3084,0,4899,,,,,,0,,,,,,,,,,0,3,0,37.73597717285156,0.0,0.0,0.0,0.0,0.0,0.0,1445.0,,0.0,,,,,,,0,3,1,0,0,6,7,6,7,1,2,216,1456,1456,0.0,0.0,0.0,0.0,448.515380859375,5.597322940826416,4.4311394691467285,491.609375,599.5985717773438,106.59783935546875,109.1337890625,1.917357087135315,3.8411705493927,503.271240234375,619.1168212890625
2372802115,197,4.7810000000026776,2,3085,3,3085,0,4859,,,,,,0,,,,,,,,,,0,3,0,37.73597717285156,0.0,0.0,0.0,0.0,0.0,0.0,1445.0,,0.0,,,,,,,0,3,1,0,0,7,6,6,7,1,2,217,1456,1456,0.0,0.0,0.0,0.0,448.515380859375,6.453775405883789,3.9286909103393555,594.3032836914062,515.227783203125,108.0108642578125,112.03070068359375,2.2663092613220215,2.8052875995635986,511.32012939453125,618.7056274414062
2372802115,200,4.7810000000026776,2,3086,3,3086,0,4800,,,,,,0,,,,,,,,,,0,3,0,37.73597717285156,0.0,0.0,0.0,0.0,0.0,0.0,1445.0,,0.0,,,,,,,0,3,1,0,0,6,6,6,6,1,2,211,1456,1456,0.0,0.0,0.0,0.0,448.515380859375,5.350804805755615,3.3717386722564697,504.13983154296875,511.13153076171875,108.37564086914062,110.41802978515625,1.3518357276916504,2.539804220199585,478.35650634765625,587.4285278320312
2372802115,203,5.312000000005355,2,3087,3,3087,0,4798,,,,,,0,,,,,,,,,,0,3,0,37.73597717285156,0.0,0.0,0.0,0.0,0.0,0.0,1445.0,,0.0,,,,,,,0,3,1,0,0,7,7,5,7,1,2,207,1456,1456,0.0,0.0,0.0,0.0,448.515380859375,5.96711540222168,4.124684810638428,594.7310180664062,593.034912109375,107.60855102539062,107.317626953125,0.8122622966766357,3.3107707500457764,401.70611572265625,696.2438354492188
2372802115,206,5.312000000005355,2,3088,3,3088,0,4829,,,,,,0,,,,,,,,,,0,3,0,37.73597717285156,0.0,0.0,0.0,0.0,0.0,0.0,1445.0,,0.0,,,,,,,0,3,1,0,0,7,7,6,6,1,2,210,1456,1456,0.0,0.0,0.0,0.0,448.515380859375,6.064305305480957,3.617884635925293,599.0614013671875,594.6224365234375,105.77249145507812,106.99530029296875,1.9335976839065552,2.9080634117126465,598.024658203125,596.6876831054688
2372802115,210,5.312000000005355,2,3089,3,3089,0,4806,,,,,,0,,,,,,,,,,0,3,0,37.73597717285156,0.0,0.0,0.0,0.0,0.0,0.0,1445.0,,0.0,,,,,,,0,3,1,0,0,7,6,5,8,1,2,209,1456,1456,0.0,0.0,0.0,0.0,448.515380859375,6.030973434448242,3.2327823638916016,605.0945434570312,508.1401062011719,103.73904418945312,105.89334106445312,0.8323288559913635,2.9474375247955322,498.7393798828125,716.5267944335938
2372802115,213,5.312000000005355,2,3090,3,3090,0,4806,,,,,,0,,,,,,,,,,0,3,0,37.73597717285156,0.0,0.0,0.0,0.0,0.0,0.0,1445.0,,0.0,,,,,,,0,3,1,0,0,7,6,5,6,1,2,212,1456,1456,0.0,0.0,0.0,0.0,448.515380859375,6.423880100250244,3.5895025730133057,602.9189453125,512.7523193359375,106.5064697265625,108.95196533203125,1.2672616243362427,2.289527654647827,428.27789306640625,588.71826171875
2372802115,216,5.312000000005355,2,3091,3,3091,0,4834,,,,,,0,,,,,,,,,,0,3,0,37.73597717285156,0.0,0.0,0.0,0.0,0.0,0.0,1445.0,,0.0,,,,,,,0,3,1,0,0,7,7,6,7,1,2,214,1456,1456,0.0,0.0,0.0,0.0,448.515380859375,6.576784610748291,4.007673740386963,597.5885009765625,595.8616333007812,109.8348388671875,108.46237182617188,1.3011915683746338,2.3368148803710938,516.2089233398438,728.07470703125
2372802115,219,5.312000000005355,2,3092,3,3092,0,4866,,,,,,0,,,,,,,,,,0,3,0,37.73597717285156,0.0,0.0,0.0,0.0,0.0,0.0,1445.0,,0.0,,,,,,,0,3,1,0,0,7,7,6,6,1,2,214,1456,1456,0.0,0.0,0.0,0.0,448.515380859375,6.6941094398498535,3.9531404972076416,602.1243286132812,600.9631958007812,108.44720458984375,105.26318359375,1.7921839952468872,3.162998914718628,498.28302001953125,630.5689697265625
2372802115,222,5.312000000005355,2,3093,3,3093,0,4888,,,,,,0,,,,,,,,,,0,3,0,37.73597717285156,0.0,0.0,0.0,0.0,0.0,0.0,1445.0,,0.0,,,,,,,0,3,1,0,0,7,7,6,8,1,2,215,1456,1456,0.0,0.0,0.0,0.0,448.515380859375,6.172702312469482,4.12039852142334,601.6767578125,599.760986328125,105.65652465820312,108.21733093261719,1.888079285621643,3.6705105304718018,496.94561767578125,714.851318359375
2372802115,225,5.687000000005355,2,3094,3,3094,0,4855,,,,,,0,,,,,,,,,,0,3,0,37.73597717285156,0.0,0.0,0.0,0.0,0.0,0.0,1445.0,,0.0,,,,,,,0,3,1,0,0,7,7,6,6,1,2,214,1456,1456,0.0,0.0,0.0,0.0,448.515380859375,6.66121768951416,4.093505382537842,589.175048828125,582.78662109375,106.52093505859375,107.97332763671875,1.4649989604949951,3.0473976135253906,481.8544921875,612.1203002929688
2372802115,230,5.687000000005355,2,3095,3,3095,0,4888,,,,,,0,,,,,,,,,,0,3,0,37.73597717285156,0.0,0.0,0.0,0.0,0.0,0.0,1445.0,,0.0,,,,,,,0,3,1,0,0,7,7,6,8,1,2,214,1456,1456,0.0,0.0,0.0,0.0,448.515380859375,6.855605125427246,4.248540878295898,597.47607421875,587.5958251953125,116.7918701171875,109.18927001953125,2.3351759910583496,2.7940614223480225,485.1385498046875,720.94189453125
2372802115,233,5.687000000005355,2,3096,3,3096,0,4870,,,,,,0,,,,,,,,,,0,3,0,37.73597717285156,0.0,0.0,0.0,0.0,0.0,0.0,1445.0,,0.0,,,,,,,0,3,1,0,0,7,6,6,6,1,2,217,1456,1456,0.0,0.0,0.0,0.0,448.515380859375,6.221303939819336,3.6441776752471924,598.8341064453125,517.4522705078125,109.66845703125,110.69720458984375,1.8619102239608765,2.5338032245635986,504.8419189453125,603.379150390625
2372802115,236,5.687000000005355,2,3097,3,3097,0,4850,,,,,,0,,,,,,,,,,0,3,0,37.73597717285156,0.0,0.0,0.0,0.0,0.0,0.0,1445.0,,0.0,,,,,,,0,3,1,0,0,7,7,6,7,1,2,213,1456,1456,0.0,0.0,0.0,0.0,448.515380859375,6.011669158935547,3.8905816078186035,586.4732666015625,595.811279296875,109.2750244140625,108.66862487792969,2.3206474781036377,3.0590980052948,485.04705810546875,608.8423461914062
2372802115,239,5.843000000008033,2,3098,3,3098,0,4877,,,,,,0,,,,,,,,,,0,3,0,37.73597717285156,0.0,0.0,0.0,0.0,0.0,0.0,1445.0,,0.0,,,,,,,0,3,1,0,0,7,7,6,8,1,2,215,1456,1456,0.0,0.0,0.0,0.0,448.515380859375,6.429697513580322,4.190571308135986,598.4169921875,600.65185546875,104.49822998046875,107.39346313476562,2.002676486968994,3.1489295959472656,517.245361328125,721.160400390625
2372802115,242,6.359000000011292,2,3099,3,3099,0,4903,,,,,,0,,,,,,,,,,0,3,0,37.73597717285156,0.0,0.0,0.0,0.0,0.0,0.0,1445.0,,0.0,,,,,,,0,3,1,0,0,7,7,6,7,1,2,216,1456,1456,0.0,0.0,0.0,0.0,448.515380859375,5.952731132507324,3.987048864364624,596.1572265625,590.8392333984375,104.74066162109375,109.55183410644531,1.9176455736160278,3.8438332080841064,502.2822265625,622.1139526367188
2372802115,245,6.359000000011292,2,3100,3,3100,0,4805,,,,,,0,,,,,,,,,,0,3,0,37.73597717285156,0.0,0.0,0.0,0.0,0.0,0.0,1445.0,,0.0,,,,,,,0,3,1,0,0,6,7,5,6,1,2,213,1456,1456,0.0,0.0,0.0,0.0,448.515380859375,5.442351818084717,4.2900495529174805,489.816162109375,594.77001953125,103.33413696289062,110.2498779296875,1.2545208930969238,3.580721855163574,416.5657958984375,605.3140258789062
2372802115,250,6.359000000011292,2,3101,3,3101,0,4917,,,,,,0,,,,,,,,,,0,3,0,37.73597717285156,0.0,0.0,0.0,0.0,0.0,0.0,1445.0,,0.0,,,,,,,0,3,1,0,0,6,7,5,7,1,2,214,1456,1456,0.0,0.0,0.0,0.0,448.515380859375,5.175904750823975,3.9421894550323486,479.04296875,585.7134399414062,103.980712890625,106.573974609375,2.7324790954589844,4.426170349121094,484.113037109375,627.9207153320312
2372802115,253,6.359000000011292,2,3102,3,3102,0,4860,,,,,,0,,,,,,,,,,0,3,0,37.73597717285156,0.0,0.0,0.0,0.0,0.0,0.0,1445.0,,0.0,,,,,,,0,3,1,0,0,6,7,6,7,1,2,211,1456,1456,0.0,0.0,0.0,0.0,448.515380859375,5.2196125984191895,4.004608631134033,480.890625,590.421875,106.08880615234375,104.79598999023438,2.285294532775879,2.068451404571533,557.7880249023438,714.2163696289062
2372802115,256,6.359000000011292,2,3103,3,3103,0,4911,,,,,,0,,,,,,,,,,0,3,0,37.73597717285156,0.0,0.0,0.0,0.0,0.0,0.0,1445.0,,0.0,,,,,,,0,3,1,0,0,7,7,6,7,1,2,212,1456,1456,0.0,0.0,0.0,0.0,448.515380859375,6.046445846557617,3.826374053955078,589.5789794921875,588.7388305664062,102.11663818359375,108.05430603027344,2.002423048019409,3.5608417987823486,483.18896484375,629.0615844726562
2372802115,259,6.359000000011292,2,3104,3,3104,0,4928,,,,,,0,,,,,,,,,,0,3,0,37.73597717285156,0.0,0.0,0.0,0.0,0.0,0.0,1445.0,,0.0,,,,,,,0,3,1,0,0,6,6,6,7,1,2,216,1456,1456,0.0,0.0,0.0,0.0,448.515380859375,5.605349540710449,3.59956955909729,493.9222717285156,511.2889404296875,109.8050537109375,107.14019775390625,1.5979012250900269,3.4134089946746826,470.408447265625,612.0017700195312
2372802115,262,6.359000000011292,2,3105,3,3105,0,4855,,,,,,0,,,,,,,,,,0,3,0,37.73597717285156,0.0,0.0,0.0,0.0,0.0,0.0,1445.0,,0.0,,,,,,,0,3,1,0,0,7,7,6,6,1,2,215,1456,1456,0.0,0.0,0.0,0.0,448.515380859375,6.654551982879639,4.453681468963623,600.80859375,598.0620727539062,119.446533203125,109.36041259765625,1.9620447158813477,3.2699806690216064,499.07427978515625,614.1792602539062
2372802115,265,6.453000000008615,2,3106,3,3106,0,4896,,,,,,0,,,,,,,,,,0,3,0,37.73597717285156,0.0,0.0,0.0,0.0,0.0,0.0,1445.0,,0.0,,,,,,,0,3,1,0,0,7,7,7,7,1,2,213,1456,1456,0.0,0.0,0.0,0.0,448.515380859375,6.082345962524414,3.9742398262023926,592.8575439453125,599.96435546875,113.06228637695312,110.44677734375,2.1145570278167725,3.554692029953003,554.4542236328125,618.7635498046875
2372802115,270,6.578000000008615,2,3107,3,3107,0,4872,,,,,,0,,,,,,,,,,0,3,0,37.73597717285156,0.0,0.0,0.0,0.0,0.0,0.0,1445.0,,0.0,,,,,,,0,3,1,0,0,6,7,4,7,1,2,213,1456,1456,0.0,0.0,0.0,0.0,448.515380859375,5.570328235626221,4.2704243659973145,491.2461242675781,604.1979370117188,102.9425048828125,107.8115234375,0.4966241121292114,3.4545185565948486,396.0072021484375,621.0571899414062
2372802115,273,7.093000000008033,2,3108,3,3108,0,4892,,,,,,0,,,,,,,,,,0,3,0,37.73597717285156,0.0,0.0,0.0,0.0,0.0,0.0,1445.0,,0.0,,,,,,,0,3,1,0,0,7,7,6,7,1,2,215,1456,1456,0.0,0.0,0.0,0.0,448.515380859375,6.04800271987915,4.13356876373291,597.5001220703125,599.9083251953125,115.9102783203125,109.66000366210938,1.9264425039291382,3.872488021850586,495.7474365234375,618.3463745117188
2372802115,276,7.093000000008033,2,3109,3,3109,0,4854,,,,,,0,,,,,,,,,,0,3,0,37.73597717285156,0.0,0.0,0.0,0.0,0.0,0.0,1445.0,,0.0,,,,,,,0,3,1,0,0,7,7,5,8,1,2,215,1456,1456,0.0,0.0,0.0,0.0,448.515380859375,6.412741661071777,4.321239471435547,597.2106323242188,595.7372436523438,118.2694091796875,109.82827758789062,1.9247866868972778,3.197932243347168,497.1484375,706.8331298828125
2372802115,279,7.093000000008033,2,3110,3,3110,0,4830,,,,,,0,,,,,,,,,,0,3,0,37.73597717285156,0.0,0.0,0.0,0.0,0.0,0.0,1445.0,,0.0,,,,,,,0,3,1,0,0,6,7,6,6,1,2,213,1456,1456,0.0,0.0,0.0,0.0,448.515380859375,5.343825340270996,4.348811626434326,492.81719970703125,582.8773193359375,108.364013671875,114.4915771484375,1.7491101026535034,2.5461931228637695,469.82861328125,622.962646484375
2372802115,282,7.093000000008033,2,3111,3,3111,0,4829,,,,,,0,,,,,,,,,,0,3,0,37.73597717285156,0.0,0.0,0.0,0.0,0.0,0.0,1445.0,,0.0,,,,,,,0,3,1,0,0,6,7,7,6,1,2,215,1456,1456,0.0,0.0,0.0,0.0,448.515380859375,5.237719535827637,4.698069095611572,491.79736328125,591.1060791015625,113.29058837890625,105.49345397949219,2.0328738689422607,2.671494960784912,550.0757446289062,634.2561645507812
2372802115,285,7.093000000008033,2,3112,3,3112,0,4860,,,,,,0,,,,,,,,,,0,3,0,37.73597717285156,0.0,0.0,0.0,0.0,0.0,0.0,1445.0,,0.0,,,,,,,0,3,1,0,0,7,7,6,7,1,2,216,1456,1456,0.0,0.0,0.0,0.0,448.515380859375,6.375504493713379,4.133264541625977,602.4080200195312,601.4027099609375,104.94158935546875,106.3201904296875,1.7698699235916138,4.027798652648926,465.58636474609375,620.9541625976562
2372802115,289,7.093000000008033,2,3113,3,3113,0,4899,,,,,,0,,,,,,,,,,0,3,0,37.73597717285156,0.0,0.0,0.0,0.0,0.0,0.0,1445.0,,0.0,,,,,,,0,3,1,0,0,6,7,6,7,1,2,217,1456,1456,0.0,0.0,0.0,0.0,448.515380859375,5.535096168518066,3.867342233657837,503.9047546386719,595.7060546875,103.11685180664062,109.60789489746094,1.797162413597107,3.731372356414795,473.756591796875,623.38134765625
2372802115,292,7.093000000008033,2,3114,3,3114,0,4875,,,,,,0,,,,,,,,,,0,3,0,37.73597717285156,0.0,0.0,0.0,0.0,0.0,0.0,1445.0,,0.0,,,,,,,0,3,1,0,0,7,7,6,8,1,2,215,1456,1456,0.0,0.0,0.0,0.0,448.515380859375,6.034942150115967,4.350052356719971,581.757568359375,601.9358520507812,103.53326416015625,108.340087890625,1.882190465927124,3.635960817337036,489.6722412109375,715.2754516601562
2372802115,295,7.312000000005355,2,3115,3,3115,0,4865,,,,,,0,,,,,,,,,,0,3,0,37.73597717285156,0.0,0.0,0.0,0.0,0.0,0.0,1445.0,,0.0,,,,,,,0,3,1,0,0,7,7,6,7,1,2,214,1456,1456,0.0,0.0,0.0,0.0,448.515380859375,6.272528171539307,3.89512300491333,588.5379028320312,586.9564819335938,106.39529418945312,105.78352355957031,1.5968973636627197,3.9092516899108887,474.73870849609375,627.3711547851562
2372802115,298,7.312000000005355,2,3116,3,3116,0,4853,,,,,,0,,,,,,,,,,0,3,0,37.73597717285156,0.0,0.0,0.0,0.0,0.0,0.0,1445.0,,0.0,,,,,,,0,3,1,0,0,6,7,5,7,1,2,214,1456,1456,0.0,0.0,0.0,0.0,448.515380859375,5.292276859283447,4.339523792266846,480.26324462890625,602.0283203125,104.65913391113281,111.22344970703125,1.6833046674728394,3.280365228652954,498.109375,622.1415405273438
2372802115,301,7.843000000008033,2,3117,3,3117,0,4853,,,,,,0,,,,,,,,,,0,3,0,37.73597717285156,0.0,0.0,0.0,0.0,0.0,0.0,1445.0,,0.0,,,,,,,0,3,1,0,0,7,7,6,7,1,2,213,1456,1456,0.0,0.0,0.0,0.0,448.515380859375,6.65524959564209,3.9750194549560547,589.05419921875,596.2086791992188,104.125,110.21990966796875,2.1268398761749268,3.2220091819763184,488.678955078125,614.189208984375
2372802115,304,7.843000000008033,2,3118,3,3118,0,4863,,,,,,0,,,,,,,,,,0,3,0,37.73597717285156,0.0,0.0,0.0,0.0,0.0,0.0,1445.0,,0.0,,,,,,,0,3,1,0,0,7,7,7,7,1,2,214,1456,1456,0.0,0.0,0.0,0.0,448.515380859375,6.07325553894043,4.091129302978516,597.1941528320312,607.126220703125,119.43035888671875,107.60615539550781,1.908732533454895,3.1617443561553955,574.552001953125,621.0574340820312
2372802115,309,7.843000000008033,2,3119,3,3119,0,4870,,,,,,0,,,,,,,,,,0,3,0,37.73597717285156,0.0,0.0,0.0,0.0,0.0,0.0,1445.0,,0.0,,,,,,,0,3,1,0,0,6,7,7,7,1,2,215,1456,1456,0.0,0.0,0.0,0.0,448.515380859375,5.1257171630859375,4.056106090545654,497.9298095703125,587.4684448242188,111.74160766601562,107.47451782226562,1.7726166248321533,3.608961820602417,560.4586181640625,620.5595703125
2372802115,312,7.843000000008033,2,3120,3,3120,0,4825,,,,,,0,,,,,,,,,,0,3,0,37.73597717285156,0.0,0.0,0.0,0.0,0.0,0.0,1445.0,,0.0,,,,,,,0,3,1,0,0,7,7,6,7,1,2,214,1456,1456,0.0,0.0,0.0,0.0,448.515380859375,6.483320236206055,4.212223052978516,590.3365478515625,600.02978515625,103.15452575683594,105.114013671875,2.0902442932128906,3.576756000518799,467.53741455078125,618.7532958984375
2372802115,315,7.843000000008033,2,3121,3,3121,0,4856,,,,,,0,,,,,,,,,,0,3,0,37.73597717285156,0.0,0.0,0.0,0.0,0.0,0.0,1445.0,,0.0,,,,,,,0,3,1,0,0,6,7,6,7,1,2,214,1456,1456,0.0,0.0,0.0,0.0,448.515380859375,5.11214017868042,4.300618648529053,499.2758483886719,590.4376220703125,100.74246215820312,105.71408081054688,1.8788386583328247,3.7186596393585205,465.9466552734375,629.6338500976562
2372802115,318,7.843000000008033,2,3122,3,3122,0,4847,,,,,,0,,,,,,,,,,0,3,0,37.73597717285156,0.0,0.0,0.0,0.0,0.0,0.0,1445.0,,0.0,,,,,,,0,3,1,0,0,6,7,6,7,1,2,213,1456,1456,0.0,0.0,0.0,0.0,448.515380859375,5.614651203155518,3.9447391033172607,479.83160400390625,593.991943359375,101.96525573730469,111.44488525390625,1.9633880853652954,3.610567331314087,494.728759765625,615.1903076171875
2372802115,321,8.343000000008033,2,3123,3,3123,0,4880,,,,,,0,,,,,,,,,,0,3,0,37.73597717285156,0.0,0.0,0.0,0.0,0.0,0.0,1445.0,,0.0,,,,,,,0,3,1,0,0,6,7,6,8,1,2,214,1456,1456,0.0,0.0,0.0,0.0,448.515380859375,5.235962867736816,4.085960865020752,498.8918762207031,591.768798828125,103.06399536132812,106.67735290527344,1.4718509912490845,3.8122479915618896,479.4490966796875,717.6675415039062
2372802115,324,8.343000000008033,2,3124,3,3124,0,4887,,,,,,0,,,,,,,,,,0,3,0,37.73597717285156,0.0,0.0,0.0,0.0,0.0,0.0,1445.0,,0.0,,,,,,,0,3,1,0,0,6,7,6,7,1,2,217,1456,1456,0.0,0.0,0.0,0.0,448.515380859375,5.395882606506348,3.9182024002075195,493.4483337402344,579.353759765625,104.92355346679688,108.52540588378906,1.5210785865783691,2.3540666103363037,470.351806640625,632.7178344726562
2372802115,329,8.343000000008033,2,3125,3,3125,0,4942,,,,,,0,,,,,,,,,,0,3,0,37.73597717285156,0.0,0.0,0.0,0.0,0.0,0.0,1445.0,,0.0,,,,,,,0,3,1,0,0,6,7,6,7,1,2,216,1456,1456,0.0,0.0,0.0,0.0,448.515380859375,5.419768333435059,4.070346832275391,505.4556884765625,602.4080810546875,107.43890380859375,108.78216552734375,1.7321183681488037,3.2998130321502686,459.71270751953125,621.0623168945312
2372802115,332,8.343000000008033,2,3126,3,3126,0,4906,,,,,,0,,,,,,,,,,0,3,0,37.73597717285156,0.0,0.0,0.0,0.0,0.0,0.0,1445.0,,0.0,,,,,,,0,3,1,0,0,7,6,7,6,1,2,213,1456,1456,0.0,0.0,0.0,0.0,448.515380859375,6.650730133056641,3.623055934906006,600.9879150390625,521.6264038085938,122.06201171875,119.11883544921875,2.053640604019165,2.3231143951416016,574.3170166015625,599.5465698242188
2372802115,335,8.343000000008033,2,3127,3,3127,0,4909,,,,,,0,,,,,,,,,,0,3,0,37.73597717285156,0.0,0.0,0.0,0.0,0.0,0.0,1445.0,,0.0,,,,,,,0,3,1,0,0,7,7,5,7,1,2,215,1456,1456,0.0,0.0,0.0,0.0,448.515380859375,6.358458995819092,3.9469587802886963,599.4913330078125,580.0233764648438,124.0843505859375,108.35685729980469,1.3633898496627808,4.770063877105713,448.12322998046875,625.5313110351562
2372802115,338,8.343000000008033,2,3128,3,3128,0,4926,,,,,,0,,,,,,,,,,0,3,0,37.73597717285156,0.0,0.0,0.0,0.0,0.0,0.0,1445.0,,0.0,,,,,,,0,3,1,0,0,7,7,6,7,1,2,215,1456,1456,0.0,0.0,0.0,0.0,448.515380859375,6.005826473236084,4.199858665466309,597.3507080078125,602.5261840820312,117.79534912109375,107.54449462890625,2.0725598335266113,3.4043166637420654,487.9647216796875,603.694091796875
2372802115,341,8.343000000008033,2,3129,3,3129,0,4918,,,,,,0,,,,,,,,,,0,3,0,37.73597717285156,0.0,0.0,0.0,0.0,0.0,0.0,1445.0,,0.0,,,,,,,0,3,1,0,0,7,7,6,6,1,2,213,1456,1456,0.0,0.0,0.0,0.0,448.515380859375,6.3958940505981445,4.363208770751953,592.58154296875,594.6638793945312,104.14923095703125,108.52392578125,1.8839118480682373,2.989248275756836,473.40802001953125,612.7338256835938
2372802115,344,8.639999999999418,2,3130,3,3130,0,4842,,,,,,0,,,,,,,,,,0,3,0,37.73597717285156,0.0,0.0,0.0,0.0,0.0,0.0,1445.0,,0.0,,,,,,,0,3,1,0,0,6,7,6,7,1,2,215,1456,1456,0.0,0.0,0.0,0.0,448.515380859375,5.10854959487915,4.166415214538574,479.93231201171875,594.8770751953125,103.4893798828125,108.59121704101562,1.965551495552063,3.914670944213867,495.2535400390625,627.6010131835938
2372802115,349,8.639999999999418,2,3131,3,3131,0,4909,,,,,,0,,,,,,,,,,0,3,0,37.73597717285156,0.0,0.0,0.0,0.0,0.0,0.0,1445.0,,0.0,,,,,,,0,3,1,0,0,7,7,6,6,1,2,214,1456,1456,0.0,0.0,0.0,0.0,448.515380859375,6.428440093994141,4.1308417320251465,595.6525268554688,600.177490234375,104.09796142578125,108.03375244140625,1.4386554956436157,3.1744024753570557,474.68560791015625,618.5857543945312
2372802115,352,8.639999999999418,2,3132,3,3132,0,4870,,,,,,0,,,,,,,,,,0,3,0,37.73597717285156,0.0,0.0,0.0,0.0,0.0,0.0,1445.0,,0.0,,,,,,,0,3,1,0,0,7,7,6,7,1,2,213,1456,1456,0.0,0.0,0.0,0.0,448.515380859375,6.381372928619385,3.9054555892944336,598.0646362304688,598.6160278320312,116.83917236328125,109.31625366210938,2.3704941272735596,3.7029385566711426,487.0321044921875,616.2786254882812
2372802115,355,9.172000000005937,2,3133,3,3133,0,4831,,,,,,0,,,,,,,,,,0,3,0,37.73597717285156,0.0,0.0,0.0,0.0,0.0,0.0,1445.0,,0.0,,,,,,,0,3,1,0,0,6,7,6,7,1,2,213,1456,1456,0.0,0.0,0.0,0.0,448.515380859375,5.320241451263428,3.706834316253662,481.93487548828125,607.5258178710938,106.38601684570312,108.30680847167969,1.9027973413467407,2.8277549743652344,497.208984375,715.5211181640625
2372802115,358,9.172000000005937,2,3134,3,3134,0,4921,,,,,,0,,,,,,,,,,0,3,0,37.73597717285156,0.0,0.0,0.0,0.0,0.0,0.0,1445.0,,0.0,,,,,,,0,3,1,0,0,6,7,6,8,1,2,218,1456,1456,0.0,0.0,0.0,0.0,448.515380859375,4.993960857391357,4.440576553344727,494.5064392089844,587.3936767578125,109.39215087890625,108.04109191894531,2.2722327709198,3.446909189224243,493.2252197265625,721.202392578125
2372802115,361,9.172000000005937,2,3135,3,3135,0,4854,,,,,,0,,,,,,,,,,0,3,0,37.73597717285156,0.0,0.0,0.0,0.0,0.0,0.0,1445.0,,0.0,,,,,,,0,3,1,0,0,6,7,6,6,1,2,215,1456,1456,0.0,0.0,0.0,0.0,448.515380859375,5.42629861831665,3.9036827087402344,491.4155578613281,605.5126953125,104.782470703125,108.62249755859375,1.9611912965774536,2.471163034439087,501.7733154296875,616.1026000976562
2372802115,364,9.172000000005937,2,3136,3,3136,0,4826,,,,,,0,,,,,,,,,,0,3,0,37.73597717285156,0.0,0.0,0.0,0.0,0.0,0.0,1445.0,,0.0,,,,,,,0,3,1,0,0,7,7,5,7,1,2,215,1456,1456,0.0,0.0,0.0,0.0,448.515380859375,5.936007499694824,4.006377220153809,598.5186157226562,590.9290771484375,109.64874267578125,107.82000732421875,1.1435158252716064,3.3305563926696777,429.4521484375,705.35546875
2372802115,368,9.172000000005937,2,3137,3,3137,0,4902,,,,,,0,,,,,,,,,,0,3,0,37.73597717285156,0.0,0.0,0.0,0.0,0.0,0.0,1445.0,,0.0,,,,,,,0,3,1,0,0,7,7,7,7,1,2,216,1456,1456,0.0,0.0,0.0,0.0,448.515380859375,6.620163917541504,3.7856502532958984,591.2764892578125,597.4368896484375,104.27227783203125,107.7559814453125,1.8214794397354126,2.6403615474700928,577.5554809570312,628.9097290039062
2372802115,371,9.172000000005937,2,3138,3,3138,0,4848,,,,,,0,,,,,,,,,,0,3,0,37.73597717285156,0.0,0.0,0.0,0.0,0.0,0.0,1445.0,,0.0,,,,,,,0,3,1,0,0,7,7,7,7,1,2,213,1456,1456,0.0,0.0,0.0,0.0,448.515380859375,6.338438987731934,3.8167760372161865,596.0695190429688,592.537841796875,106.48028564453125,104.38848876953125,1.9451953172683716,4.885588645935059,561.456787109375,630.0885009765625
2372802115,374,9.172000000005937,2,3139,3,3139,0,4787,,,,,,0,,,,,,,,,,0,3,0,37.73597717285156,0.0,0.0,0.0,0.0,0.0,0.0,1445.0,,0.0,,,,,,,0,3,1,0,0,6,7,4,6,1,2,212,1456,1456,0.0,0.0,0.0,0.0,448.515380859375,5.702279090881348,4.223167419433594,489.63909912109375,586.669189453125,102.31396484375,110.32571411132812,1.1910860538482666,3.1139845848083496,417.531982421875,609.0881958007812
2372802115,377,9.734000000011292,2,3140,3,3140,0,4887,,,,,,0,,,,,,,,,,0,3,0,37.73597717285156,0.0,0.0,0.0,0.0,0.0,0.0,1445.0,,0.0,,,,,,,0,3,1,0,0,6,7,6,7,1,2,216,1456,1456,0.0,0.0,0.0,0.0,448.515380859375,4.72804069519043,4.3921732902526855,500.238037109375,596.7203979492188,103.7054443359375,107.02525329589844,1.9495604038238525,2.658261299133301,505.52789306640625,627.5908813476562
2372802115,380,9.734000000011292,2,3141,3,3141,0,4806,,,,,,0,,,,,,,,,,0,3,0,37.73597717285156,0.0,0.0,0.0,0.0,0.0,0.0,1445.0,,0.0,,,,,,,0,3,1,0,0,7,7,6,7,1,2,214,1456,1456,0.0,0.0,0.0,0.0,448.515380859375,6.3155999183654785,4.150030612945557,598.544677734375,598.1961059570312,104.55029296875,110.94900512695312,1.9245085716247559,2.713738441467285,466.9959716796875,708.3043823242188
2372802115,383,9.734000000011292,2,3142,3,3142,0,4892,,,,,,0,,,,,,,,,,0,3,0,37.73597717285156,0.0,0.0,0.0,0.0,0.0,0.0,1445.0,,0.0,,,,,,,0,3,1,0,0,6,7,6,8,1,2,216,1456,1456,0.0,0.0,0.0,0.0,448.515380859375,5.2375946044921875,4.152460098266602,491.2003173828125,578.77587890625,103.16590881347656,109.00311279296875,1.8034343719482422,3.4051804542541504,501.32000732421875,723.2685546875
2372802115,388,9.734000000011292,2,3143,3,3143,0,4887,,,,,,0,,,,,,,,,,0,3,0,37.73597717285156,0.0,0.0,0.0,0.0,0.0,0.0,1445.0,,0.0,,,,,,,0,3,1,0,0,6,7,6,8,1,2,217,1456,1456,0.0,0.0,0.0,0.0,448.515380859375,5.001638412475586,4.08595085144043,475.3280029296875,586.1403198242188,102.58203125,108.51144409179688,2.178316354751587,3.22501802444458,511.33514404296875,705.864990234375
2372802115,391,9.734000000011292,2,3144,3,3144,0,4869,,,,,,0,,,,,,,,,,0,3,0,37.73597717285156,0.0,0.0,0.0,0.0,0.0,0.0,1445.0,,0.0,,,,,,,0,3,1,0,0,6,7,6,6,1,2,215,1456,1456,0.0,0.0,0.0,0.0,448.515380859375,5.476269245147705,4.017759323120117,494.78375244140625,590.03466796875,110.70703125,108.02394104003906,1.7451895475387573,3.0463197231292725,485.00689697265625,630.3645629882812
2372802115,394,9.734000000011292,2,3145,3,3145,0,4901,,,,,,0,,,,,,,,,,0,3,0,37.73597717285156,0.0,0.0,0.0,0.0,0.0,0.0,1445.0,,0.0,,,,,,,0,3,1,0,0,7,7,6,7,1,2,216,1456,1456,0.0,0.0,0.0,0.0,448.515380859375,6.744894504547119,4.4898152351379395,597.5521850585938,599.4035034179688,104.83261108398438,105.79452514648438,1.7496163845062256,3.607189655303955,472.13543701171875,613.9810791015625
2372802115,397,9.734000000011292,2,3146,3,3146,0,4859,,,,,,0,,,,,,,,,,0,3,0,37.73597717285156,0.0,0.0,0.0,0.0,0.0,0.0,1445.0,,0.0,,,,,,,0,3,1,0,0,7,7,6,7,1,2,216,1456,1456,0.0,0.0,0.0,0.0,448.515380859375,5.9703521728515625,4.4894185066223145,595.152099609375,601.848876953125,114.27593994140625,105.45733642578125,1.9585225582122803,3.1646580696105957,484.6378173828125,622.6925659179688
2372802115,401,10.297000000005937,2,3147,3,3147,0,4931,,,,,,0,,,,,,,,,,0,3,0,37.73597717285156,0.0,0.0,0.0,0.0,0.0,0.0,1445.0,,0.0,,,,,,,0,3,1,0,0,6,7,6,6,1,2,215,1456,1456,0.0,0.0,0.0,0.0,448.515380859375,5.92056131362915,4.149660110473633,492.7647399902344,600.6513061523438,111.3800048828125,108.372802734375,1.8993176221847534,2.568114757537842,513.7979125976562,605.0679321289062
2372802115,404,10.297000000005937,2,3148,3,3148,0,4880,,,,,,0,,,,,,,,,,0,3,0,37.73597717285156,0.0,0.0,0.0,0.0,0.0,0.0,1445.0,,0.0,,,,,,,0,3,1,0,0,7,7,6,6,1,2,213,1456,1456,0.0,0.0,0.0,0.0,448.515380859375,6.410196304321289,4.703726768493652,590.087890625,596.5165405273438,109.736572265625,113.23019409179688,2.0347366333007812,3.417962074279785,493.821533203125,616.5458374023438
2372802115,407,10.297000000005937,2,3149,3,3149,0,4827,,,,,,0,,,,,,,,,,0,3,0,37.73597717285156,0.0,0.0,0.0,0.0,0.0,0.0,1445.0,,0.0,,,,,,,0,3,1,0,0,7,7,5,7,1,2,211,1456,1456,0.0,0.0,0.0,0.0,448.515380859375,5.9170989990234375,3.934375762939453,596.3648071289062,581.14697265625,105.30447387695312,106.93116760253906,1.396351933479309,2.7368359565734863,405.00262451171875,700.2623901367188
2372802115,411,10.297000000005937,2,3150,3,3150,0,4945,,,,,,0,,,,,,,,,,0,3,0,37.73597717285156,0.0,0.0,0.0,0.0,0.0,0.0,1445.0,,0.0,,,,,,,0,3,1,0,0,7,7,7,7,1,2,214,1456,1456,0.0,0.0,0.0,0.0,448.515380859375,6.478987216949463,3.879058361053467,591.6245727539062,597.0846557617188,112.0980224609375,108.2344970703125,2.012158155441284,3.238306999206543,561.4283447265625,606.3427124023438
2372802115,414,10.297000000005937,2,3151,3,3151,0,4900,,,,,,0,,,,,,,,,,0,3,0,37.73597717285156,0.0,0.0,0.0,0.0,0.0,0.0,1445.0,,0.0,,,,,,,0,3,1,0,0,6,7,6,7,1,2,212,1456,1456,0.0,0.0,0.0,0.0,448.515380859375,4.869279384613037,4.187844753265381,496.4242248535156,595.46826171875,102.01589965820312,109.18035888671875,1.606958270072937,3.963897943496704,470.70367431640625,619.9776000976562
2372802115,417,10.297000000005937,2,3152,3,3152,0,4978,,,,,,0,,,,,,,,,,0,3,0,37.73597717285156,0.0,0.0,0.0,0.0,0.0,0.0,1445.0,,0.0,,,,,,,0,3,1,0,0,7,7,6,8,1,2,217,1456,1456,0.0,0.0,0.0,0.0,448.515380859375,6.038382053375244,3.902200698852539,592.2606201171875,596.2711791992188,106.5760498046875,108.79383850097656,1.8760888576507568,3.0281527042388916,523.6580810546875,716.223388671875
2372802115,420,10.812000000005355,2,3153,3,3153,0,4898,,,,,,0,,,,,,,,,,0,3,0,37.73597717285156,0.0,0.0,0.0,0.0,0.0,0.0,1445.0,,0.0,,,,,,,0,3,1,0,0,7,7,6,6,1,2,213,1456,1456,0.0,0.0,0.0,0.0,448.515380859375,6.252182960510254,3.7019481658935547,591.7626953125,591.9791870117188,110.249267578125,107.52777099609375,1.644556999206543,3.132011651992798,496.2454833984375,618.173095703125
2372802115,423,10.812000000005355,2,3154,3,3154,0,4867,,,,,,0,,,,,,,,,,0,3,0,37.73597717285156,0.0,0.0,0.0,0.0,0.0,0.0,1445.0,,0.0,,,,,,,0,3,1,0,0,6,7,6,6,1,2,213,1456,1456,0.0,0.0,0.0,0.0,448.515380859375,5.537692070007324,4.130548000335693,487.8642272949219,597.9825439453125,102.739013671875,109.09100341796875,1.8751929998397827,2.560781478881836,489.235595703125,613.8678588867188
2372802115,428,10.812000000005355,2,3155,3,3155,0,4922,,,,,,0,,,,,,,,,,0,3,0,37.73597717285156,0.0,0.0,0.0,0.0,0.0,0.0,1445.0,,0.0,,,,,,,0,3,1,0,0,7,7,6,8,1,2,215,1456,1456,0.0,0.0,0.0,0.0,448.515380859375,6.3521599769592285,4.099939346313477,596.9122314453125,587.6444091796875,111.71734619140625,108.97189331054688,1.5884897708892822,3.3192124366760254,458.863525390625,716.9497680664062
2372802115,431,10.812000000005355,2,3156,3,3156,0,4809,,,,,,0,,,,,,,,,,0,3,0,37.73597717285156,0.0,0.0,0.0,0.0,0.0,0.0,1445.0,,0.0,,,,,,,0,3,1,0,0,7,7,6,6,1,2,211,1456,1456,0.0,0.0,0.0,0.0,448.515380859375,6.038694381713867,4.088293552398682,596.3449096679688,581.7999267578125,104.06573486328125,108.94937133789062,1.4319860935211182,2.7033846378326416,458.9320068359375,626.6432495117188
2372802115,434,10.812000000005355,2,3157,3,3157,0,4738,,,,,,0,,,,,,,,,,0,3,0,37.73597717285156,0.0,0.0,0.0,0.0,0.0,0.0,1445.0,,0.0,,,,,,,0,3,1,0,0,6,7,4,6,1,2,210,1456,1456,0.0,0.0,0.0,0.0,448.515380859375,5.280056476593018,4.0352396965026855,495.06304931640625,590.0846557617188,112.96356201171875,106.44366455078125,1.0912413597106934,3.2692081928253174,411.07275390625,624.2967529296875
2372802115,437,10.812000000005355,2,3158,3,3158,0,4879,,,,,,0,,,,,,,,,,0,3,0,37.73597717285156,0.0,0.0,0.0,0.0,0.0,0.0,1445.0,,0.0,,,,,,,0,3,1,0,0,7,7,6,7,1,2,213,1456,1456,0.0,0.0,0.0,0.0,448.515380859375,6.250551700592041,4.082369804382324,593.74853515625,592.8917846679688,101.642578125,105.357666015625,1.9599345922470093,3.3181028366088867,465.3033447265625,608.5724487304688
2372802115,440,10.812000000005355,2,3159,3,3159,0,4890,,,,,,0,,,,,,,,,,0,3,0,37.73597717285156,0.0,0.0,0.0,0.0,0.0,0.0,1445.0,,0.0,,,,,,,0,3,1,0,0,7,7,6,7,1,2,214,1456,1456,0.0,0.0,0.0,0.0,448.515380859375,6.5434370040893555,4.293774127960205,593.2376098632812,594.943115234375,105.86160278320312,108.29734802246094,1.882446050643921,3.3687844276428223,514.5767822265625,607.0184936523438
2372802115,443,11.343000000008033,2,3160,3,3160,0,4835,,,,,,0,,,,,,,,,,0,3,0,37.73597717285156,0.0,0.0,0.0,0.0,0.0,0.0,1445.0,,0.0,,,,,,,0,3,1,0,0,7,7,6,6,1,2,212,1456,1456,0.0,0.0,0.0,0.0,448.515380859375,5.746465682983398,4.180968761444092,593.8017578125,601.592529296875,106.10577392578125,110.63739013671875,2.280348777770996,1.9475196599960327,477.19189453125,620.430419921875
2372802115,447,11.343000000008033,2,3161,3,3161,0,4828,,,,,,0,,,,,,,,,,0,3,0,37.73597717285156,0.0,0.0,0.0,0.0,0.0,0.0,1445.0,,0.0,,,,,,,0,3,1,0,0,6,7,6,6,1,2,213,1456,1456,0.0,0.0,0.0,0.0,448.515380859375,5.154069423675537,4.284446716308594,488.1193542480469,595.02880859375,106.65975952148438,110.91815185546875,1.746978759765625,2.0676167011260986,488.740966796875,626.8323974609375
2372802115,450,11.343000000008033,2,3162,3,3162,0,4907,,,,,,0,,,,,,,,,,0,3,0,37.73597717285156,0.0,0.0,0.0,0.0,0.0,0.0,1445.0,,0.0,,,,,,,0,3,1,0,0,6,7,6,7,1,2,216,1456,1456,0.0,0.0,0.0,0.0,448.515380859375,5.180200099945068,4.3400092124938965,480.2493896484375,599.6180419921875,104.14462280273438,109.88067626953125,1.8944884538650513,2.83369779586792,498.1134033203125,611.4740600585938
2372802115,453,11.343000000008033,2,3163,3,3163,0,4846,,,,,,0,,,,,,,,,,0,3,0,37.73597717285156,0.0,0.0,0.0,0.0,0.0,0.0,1445.0,,0.0,,,,,,,0,3,1,0,0,7,7,7,7,1,2,212,1456,1456,0.0,0.0,0.0,0.0,448.515380859375,6.078792095184326,4.415663242340088,589.9407958984375,594.1846923828125,112.25936889648438,105.46357727050781,2.1554102897644043,3.0768649578094482,566.4627075195312,613.2694702148438
2372802115,456,11.343000000008033,2,3164,3,3164,0,4776,,,,,,0,,,,,,,,,,0,3,0,37.73597717285156,0.0,0.0,0.0,0.0,0.0,0.0,1445.0,,0.0,,,,,,,0,3,1,0,0,7,7,5,6,1,2,211,1456,1456,0.0,0.0,0.0,0.0,448.515380859375,6.1729607582092285,4.1780548095703125,597.0346069335938,596.7528076171875,118.2862548828125,108.01385498046875,2.4731976985931396,3.253058910369873,489.886474609375,614.4564819335938
2372802115,459,11.875,2,3165,3,3165,0,4798,,,,,,0,,,,,,,,,,0,3,0,37.73597717285156,0.0,0.0,0.0,0.0,0.0,0.0,1445.0,,0.0,,,,,,,0,3,1,0,0,6,7,7,7,1,2,211,1456,1456,0.0,0.0,0.0,0.0,448.515380859375,5.115241527557373,3.9041802883148193,487.931640625,598.233154296875,108.20138549804688,107.77159118652344,1.8988842964172363,2.7079851627349854,571.0302734375,706.484619140625
2372802115,462,11.875,2,3166,3,3166,0,4877,,,,,,0,,,,,,,,,,0,3,0,37.73597717285156,0.0,0.0,0.0,0.0,0.0,0.0,1445.0,,0.0,,,,,,,0,3,1,0,0,6,7,6,7,1,2,214,1456,1456,0.0,0.0,0.0,0.0,448.515380859375,5.367536544799805,3.9299936294555664,501.4619140625,598.1396484375,104.08786010742188,106.3941650390625,1.7239323854446411,3.5321407318115234,467.33648681640625,620.5792846679688
2372802115,467,11.875,2,3167,3,3167,0,4875,,,,,,0,,,,,,,,,,0,3,0,37.73597717285156,0.0,0.0,0.0,0.0,0.0,0.0,1445.0,,0.0,,,,,,,0,3,1,0,0,6,7,6,6,1,2,212,1456,1456,0.0,0.0,0.0,0.0,448.515380859375,5.104410171508789,4.144543170928955,489.34503173828125,602.9339599609375,106.0430908203125,109.2615966796875,1.670325756072998,2.7189595699310303,516.044189453125,613.946044921875
2372802115,470,11.875,2,3168,3,3168,0,4873,,,,,,0,,,,,,,,,,0,3,0,37.73597717285156,0.0,0.0,0.0,0.0,0.0,0.0,1445.0,,0.0,,,,,,,0,3,1,0,0,6,7,6,6,1,2,215,1456,1456,0.0,0.0,0.0,0.0,448.515380859375,5.147157192230225,3.9098868370056152,492.1025390625,589.310791015625,105.317138671875,106.32147216796875,1.6836719512939453,2.4958953857421875,471.2659912109375,620.9725952148438
2372802115,473,11.875,2,3169,3,3169,0,4908,,,,,,0,,,,,,,,,,0,3,0,37.73597717285156,0.0,0.0,0.0,0.0,0.0,0.0,1445.0,,0.0,,,,,,,0,3,1,0,0,6,6,6,7,1,2,215,1456,1456,0.0,0.0,0.0,0.0,448.515380859375,5.045712947845459,3.5737802982330322,495.8334045410156,508.4674072265625,105.92095947265625,109.1546630859375,1.8309931755065918,3.193758487701416,467.84375,622.6630859375
2372802115,476,11.875,2,3170,3,3170,0,4821,,,,,,0,,,,,,,,,,0,3,0,37.73597717285156,0.0,0.0,0.0,0.0,0.0,0.0,1445.0,,0.0,,,,,,,0,3,1,0,0,6,7,5,7,1,2,214,1456,1456,0.0,0.0,0.0,0.0,448.515380859375,4.969095706939697,4.037319183349609,487.33514404296875,601.0228271484375,102.47622680664062,108.93768310546875,1.9359495639801025,2.82094144821167,493.9559326171875,615.65087890625
2372802115,479,11.875,2,3171,3,3171,0,4872,,,,,,0,,,,,,,,,,0,3,0,37.73597717285156,0.0,0.0,0.0,0.0,0.0,0.0,1445.0,,0.0,,,,,,,0,3,1,0,0,6,7,6,6,1,2,215,1456,1456,0.0,0.0,0.0,0.0,448.515380859375,5.026485443115234,4.1332621574401855,498.8905334472656,606.3956909179688,103.52645874023438,108.41058349609375,2.061591386795044,3.2505531311035156,501.733154296875,611.72802734375
2372802115,483,12.422000000005937,2,3172,3,3172,0,4919,,,,,,0,,,,,,,,,,0,3,0,37.73597717285156,0.0,0.0,0.0,0.0,0.0,0.0,1445.0,,0.0,,,,,,,0,3,1,0,0,7,7,6,8,1,2,213,1456,1456,0.0,0.0,0.0,0.0,448.515380859375,6.493553161621094,4.327666759490967,591.1846923828125,585.534912109375,101.5645751953125,105.74209594726562,2.138685464859009,3.0790727138519287,462.2947998046875,723.1852416992188
2372802115,487,12.422000000005937,2,3173,3,3173,0,4851,,,,,,0,,,,,,,,,,0,3,0,37.73597717285156,0.0,0.0,0.0,0.0,0.0,0.0,1445.0,,0.0,,,,,,,0,3,1,0,0,6,7,5,7,1,2,211,1456,1456,0.0,0.0,0.0,0.0,448.515380859375,5.271821975708008,4.489645957946777,492.763427734375,599.5355224609375,105.41900634765625,108.87617492675781,1.6443182229995728,2.3440914154052734,464.22100830078125,708.8765258789062
2372802115,490,12.422000000005937,2,3174,3,3174,0,4921,,,,,,0,,,,,,,,,,0,3,0,37.73597717285156,0.0,0.0,0.0,0.0,0.0,0.0,1445.0,,0.0,,,,,,,0,3,1,0,0,6,6,6,7,1,2,213,1456,1456,0.0,0.0,0.0,0.0,448.515380859375,5.576266288757324,3.513488292694092,507.474365234375,512.885498046875,108.53631591796875,117.5145263671875,1.6730095148086548,3.296109199523926,471.36529541015625,613.1282958984375
2372802115,493,12.422000000005937,2,3175,3,3175,0,4960,,,,,,0,,,,,,,,,,0,3,0,37.73597717285156,0.0,0.0,0.0,0.0,0.0,0.0,1445.0,,0.0,,,,,,,0,3,1,0,0,7,7,6,7,1,2,215,1456,1456,0.0,0.0,0.0,0.0,448.515380859375,6.2298264503479,4.1673760414123535,599.3349609375,591.4974975585938,105.85751342773438,107.19239807128906,1.5616850852966309,3.768324851989746,461.58648681640625,627.9821166992188
2372802115,496,12.422000000005937,2,3176,3,3176,0,4910,,,,,,0,,,,,,,,,,0,3,0,37.73597717285156,0.0,0.0,0.0,0.0,0.0,0.0,1445.0,,0.0,,,,,,,0,3,1,0,0,6,7,6,7,1,2,216,1456,1456,0.0,0.0,0.0,0.0,448.515380859375,5.486105442047119,4.259300231933594,492.84771728515625,591.408447265625,112.48095703125,108.07693481445312,1.9173455238342285,2.549220323562622,498.292236328125,635.3053588867188
2372802115,499,12.422000000005937,2,3177,3,3177,0,4916,,,,,,0,,,,,,,,,,0,3,0,37.73597717285156,0.0,0.0,0.0,0.0,0.0,0.0,1445.0,,0.0,,,,,,,0,3,1,0,0,6,6,6,7,1,2,213,1456,1456,0.0,0.0,0.0,0.0,448.515380859375,5.261333465576172,3.2795538902282715,496.287353515625,511.2479553222656,102.88510131835938,115.478271484375,1.9303597211837769,3.0290510654449463,497.30377197265625,614.0009155273438
2372802115,502,12.422000000005937,2,3178,3,3178,0,4940,,,,,,0,,,,,,,,,,0,3,0,37.73597717285156,0.0,0.0,0.0,0.0,0.0,0.0,1445.0,,0.0,,,,,,,0,3,1,0,0,6,7,6,7,1,2,217,1456,1456,0.0,0.0,0.0,0.0,448.515380859375,4.829931735992432,4.228970527648926,479.12347412109375,599.1022338867188,100.22344970703125,106.96405029296875,2.229252576828003,3.353381633758545,513.7684936523438,627.3368530273438
2372802115,507,12.968000000008033,2,3179,3,3179,0,4855,,,,,,0,,,,,,,,,,0,3,0,37.73597717285156,0.0,0.0,0.0,0.0,0.0,0.0,1445.0,,0.0,,,,,,,0,3,1,0,0,7,6,6,6,1,2,212,1456,1456,0.0,0.0,0.0,0.0,448.515380859375,6.0299763679504395,3.8357274532318115,595.919189453125,518.0977172851562,112.22802734375,115.99395751953125,1.1801514625549316,2.2633018493652344,468.4854736328125,602.7965087890625
2372802115,510,12.968000000008033,2,3180,3,3180,0,4895,,,,,,0,,,,,,,,,,0,3,0,37.73597717285156,0.0,0.0,0.0,0.0,0.0,0.0,1445.0,,0.0,,,,,,,0,3,1,0,0,7,7,6,8,1,2,215,1456,1456,0.0,0.0,0.0,0.0,448.515380859375,6.202377796173096,4.484291076660156,596.4764404296875,596.8612060546875,102.92120361328125,106.9666748046875,1.6068546772003174,3.3986597061157227,474.0921630859375,703.5677490234375
2372802115,513,12.968000000008033,2,3181,3,3181,0,4868,,,,,,0,,,,,,,,,,0,3,0,37.73597717285156,0.0,0.0,0.0,0.0,0.0,0.0,1445.0,,0.0,,,,,,,0,3,1,0,0,6,7,6,7,1,2,212,1456,1456,0.0,0.0,0.0,0.0,448.515380859375,5.169220924377441,3.984623670578003,486.11199951171875,588.4031982421875,103.00616455078125,109.60809326171875,1.5240800380706787,3.732326030731201,488.23822021484375,619.4262084960938
2372802115,516,12.968000000008033,2,3182,3,3182,0,4785,,,,,,0,,,,,,,,,,0,3,0,37.73597717285156,0.0,0.0,0.0,0.0,0.0,0.0,1445.0,,0.0,,,,,,,0,3,1,0,0,6,7,5,6,1,2,212,1456,1456,0.0,0.0,0.0,0.0,448.515380859375,5.60287618637085,4.0898942947387695,497.9806213378906,606.0050048828125,113.65576171875,113.93634033203125,1.0526901483535767,3.2000484466552734,409.0928955078125,602.8779907226562
2372802115,519,12.968000000008033,2,3183,3,3183,0,4831,,,,,,0,,,,,,,,,,0,3,0,37.73597717285156,0.0,0.0,0.0,0.0,0.0,0.0,1445.0,,0.0,,,,,,,0,3,1,0,0,6,7,6,6,1,2,213,1456,1456,0.0,0.0,0.0,0.0,448.515380859375,4.825661659240723,3.991821765899658,476.312255859375,580.3575439453125,105.188720703125,107.11392211914062,1.8445098400115967,2.4139182567596436,498.07977294921875,618.773681640625
2372802115,522,12.968000000008033,2,3184,3,3184,0,4913,,,,,,0,,,,,,,,,,0,3,0,37.73597717285156,0.0,0.0,0.0,0.0,0.0,0.0,1445.0,,0.0,,,,,,,0,3,1,0,0,6,7,6,7,1,2,216,1456,1456,0.0,0.0,0.0,0.0,448.515380859375,5.630543231964111,4.091495990753174,491.0745849609375,602.754150390625,107.36859130859375,111.85693359375,1.8843127489089966,3.337855815887451,501.37066650390625,618.3233642578125
2372802115,526,13.312000000005355,2,3185,3,3185,0,4905,,,,,,0,,,,,,,,,,0,3,0,37.73597717285156,0.0,0.0,0.0,0.0,0.0,0.0,1445.0,,0.0,,,,,,,0,3,1,0,0,7,7,6,7,1,2,213,1456,1456,0.0,0.0,0.0,0.0,448.515380859375,6.2637553215026855,4.398534774780273,590.230712890625,595.233154296875,109.7281494140625,108.13128662109375,1.9226115942001343,3.0307517051696777,499.0728759765625,623.9675903320312
2372802115,529,13.312000000005355,2,3186,3,3186,0,4870,,,,,,0,,,,,,,,,,0,3,0,37.73597717285156,0.0,0.0,0.0,0.0,0.0,0.0,1445.0,,0.0,,,,,,,0,3,1,0,0,7,7,6,7,1,2,215,1456,1456,0.0,0.0,0.0,0.0,448.515380859375,6.492870330810547,4.127044677734375,600.0679321289062,598.712158203125,105.38037109375,110.83709716796875,1.7710063457489014,3.1687662601470947,467.48760986328125,622.1611938476562
2372802115,532,13.312000000005355,2,3187,3,3187,0,4897,,,,,,0,,,,,,,,,,0,3,0,37.73597717285156,0.0,0.0,0.0,0.0,0.0,0.0,1445.0,,0.0,,,,,,,0,3,1,0,0,7,7,6,8,1,2,213,1456,1456,0.0,0.0,0.0,0.0,448.515380859375,6.007948875427246,4.379874229431152,592.5848388671875,585.1058959960938,110.329345703125,108.978759765625,1.6569842100143433,3.521918773651123,470.3814697265625,719.6508178710938
2372802115,535,13.312000000005355,2,3188,3,3188,0,4821,,,,,,0,,,,,,,,,,0,3,0,37.73597717285156,0.0,0.0,0.0,0.0,0.0,0.0,1445.0,,0.0,,,,,,,0,3,1,0,0,7,7,6,7,1,2,212,1456,1456,0.0,0.0,0.0,0.0,448.515380859375,6.428725242614746,3.9127891063690186,581.7434692382812,594.4179077148438,103.9019775390625,106.81784057617188,2.0905582904815674,3.0233795642852783,497.6181640625,714.1835327148438
2372802115,538,13.468000000008033,2,3189,3,3189,0,4839,,,,,,0,,,,,,,,,,0,3,0,37.73597717285156,0.0,0.0,0.0,0.0,0.0,0.0,1445.0,,0.0,,,,,,,0,3,1,0,0,6,7,5,7,1,2,212,1456,1456,0.0,0.0,0.0,0.0,448.515380859375,5.368259906768799,4.123297214508057,496.9273681640625,591.3719482421875,105.37957763671875,105.96534729003906,1.798122763633728,4.0204668045043945,467.22955322265625,622.3340454101562
2372802115,541,13.468000000008033,2,3190,3,3190,0,4829,,,,,,0,,,,,,,,,,0,3,0,37.73597717285156,0.0,0.0,0.0,0.0,0.0,0.0,1445.0,,0.0,,,,,,,0,3,1,0,0,7,7,6,7,1,2,212,1456,1456,0.0,0.0,0.0,0.0,448.515380859375,6.154024600982666,3.7773728370666504,590.0330200195312,601.071533203125,103.58181762695312,106.49896240234375,1.9544265270233154,2.740867853164673,490.164794921875,714.7459716796875
2372802115,546,13.734000000011292,2,3191,3,3191,0,4783,,,,,,0,,,,,,,,,,0,3,0,37.73597717285156,0.0,0.0,0.0,0.0,0.0,0.0,1445.0,,0.0,,,,,,,0,3,1,0,0,6,7,4,8,1,2,211,1456,1456,0.0,0.0,0.0,0.0,448.515380859375,5.30015230178833,4.414546012878418,493.1789245605469,594.1939086914062,108.2437744140625,110.783203125,1.133674144744873,3.1091079711914062,413.3629150390625,701.2387084960938
2372802115,549,13.734000000011292,2,3192,3,3192,0,4886,,,,,,0,,,,,,,,,,0,3,0,37.73597717285156,0.0,0.0,0.0,0.0,0.0,0.0,1445.0,,0.0,,,,,,,0,3,1,0,0,6,7,6,7,1,2,213,1456,1456,0.0,0.0,0.0,0.0,448.515380859375,5.1197333335876465,3.8410356044769287,486.385009765625,595.8694458007812,109.27578735351562,108.17170715332031,2.00532865524292,3.795077085494995,474.7706298828125,618.7056274414062
2372802115,552,13.734000000011292,2,3193,3,3193,0,4836,,,,,,0,,,,,,,,,,0,3,0,37.73597717285156,0.0,0.0,0.0,0.0,0.0,0.0,1445.0,,0.0,,,,,,,0,3,1,0,0,6,7,5,6,1,2,213,1456,1456,0.0,0.0,0.0,0.0,448.515380859375,4.890495300292969,4.160628795623779,486.1709899902344,604.7789306640625,101.22320556640625,106.36009216308594,1.427025318145752,1.796033263206482,477.824462890625,620.92431640625
2372802115,555,14.203000000008615,2,3194,3,3194,0,4825,,,,,,0,,,,,,,,,,0,3,0,37.73597717285156,0.0,0.0,0.0,0.0,0.0,0.0,1445.0,,0.0,,,,,,,0,3,1,0,0,7,7,6,6,1,2,214,1456,1456,0.0,0.0,0.0,0.0,448.515380859375,6.402978897094727,4.05523157119751,594.2963256835938,592.2672119140625,106.5545654296875,107.77374267578125,1.873497724533081,3.4125072956085205,487.337890625,625.0264892578125
2372802115,558,14.203000000008615,2,3195,3,3195,0,4873,,,,,,0,,,,,,,,,,0,3,0,37.73597717285156,0.0,0.0,0.0,0.0,0.0,0.0,1445.0,,0.0,,,,,,,0,3,1,0,0,6,6,6,8,1,2,214,1456,1456,0.0,0.0,0.0,0.0,448.515380859375,5.350947380065918,3.5256454944610596,493.218994140625,514.1704711914062,105.52633666992188,108.80538940429688,2.1558616161346436,2.7687253952026367,494.37957763671875,715.7733154296875
2372802115,562,14.203000000008615,2,3196,3,3196,0,4954,,,,,,0,,,,,,,,,,0,3,0,37.73597717285156,0.0,0.0,0.0,0.0,0.0,0.0,1445.0,,0.0,,,,,,,0,3,1,0,0,7,6,6,8,1,2,214,1456,1456,0.0,0.0,0.0,0.0,448.515380859375,6.107079982757568,3.7352819442749023,594.7747802734375,509.8831481933594,103.53073120117188,106.29403686523438,1.7348542213439941,3.6108269691467285,458.07440185546875,715.6175537109375
2372802115,566,14.203000000008615,2,3197,3,3197,0,4904,,,,,,0,,,,,,,,,,0,3,0,37.73597717285156,0.0,0.0,0.0,0.0,0.0,0.0,1445.0,,0.0,,,,,,,0,3,1,0,0,7,7,6,6,1,2,211,1456,1456,0.0,0.0,0.0,0.0,448.515380859375,6.4084696769714355,3.7482364177703857,595.5948486328125,587.893798828125,103.51806640625,105.3785400390625,2.0413262844085693,3.1779000759124756,480.0748291015625,621.84912109375
2372802115,569,14.203000000008615,2,3198,3,3198,0,4893,,,,,,0,,,,,,,,,,0,3,0,37.73597717285156,0.0,0.0,0.0,0.0,0.0,0.0,1445.0,,0.0,,,,,,,0,3,1,0,0,7,7,5,7,1,2,213,1456,1456,0.0,0.0,0.0,0.0,448.515380859375,6.54448127746582,4.324422836303711,601.2369384765625,585.46875,111.07778930664062,105.96250915527344,0.9929437637329102,2.99749755859375,429.89813232421875,627.203369140625
2372802115,572,14.203000000008615,2,3199,3,3199,0,4931,,,,,,0,,,,,,,,,,0,3,0,37.73597717285156,0.0,0.0,0.0,0.0,0.0,0.0,1445.0,,0.0,,,,,,,0,3,1,0,0,7,7,6,6,1,2,214,1456,1456,0.0,0.0,0.0,0.0,448.515380859375,6.288062572479248,4.600430011749268,594.695068359375,594.123779296875,113.15618896484375,108.34231567382812,1.7946277856826782,3.542004346847534,515.9910278320312,617.2079467773438
2372802115,575,14.718000000008033,2,3200,3,3200,0,4889,,,,,,0,,,,,,,,,,0,3,0,37.73597717285156,0.0,0.0,0.0,0.0,0.0,0.0,1445.0,,0.0,,,,,,,0,3,1,0,0,7,7,6,7,1,2,211,1456,1456,0.0,0.0,0.0,0.0,448.515380859375,6.557943820953369,4.256532669067383,596.927734375,591.26220703125,108.212158203125,107.4027099609375,1.8575384616851807,3.570155143737793,468.17559814453125,628.93505859375
2372802115,578,14.718000000008033,2,3201,3,3201,0,4924,,,,,,0,,,,,,,,,,0,3,0,37.73597717285156,0.0,0.0,0.0,0.0,0.0,0.0,1445.0,,0.0,,,,,,,0,3,1,0,0,6,7,6,7,1,2,214,1456,1456,0.0,0.0,0.0,0.0,448.515380859375,5.935145378112793,4.10708475112915,513.992431640625,591.0841674804688,115.16912841796875,105.30227661132812,1.7680983543395996,3.9695093631744385,480.98565673828125,624.5790405273438
2372802115,581,14.718000000008033,2,3202,3,3202,0,4925,,,,,,0,,,,,,,,,,0,3,0,37.73597717285156,0.0,0.0,0.0,0.0,0.0,0.0,1445.0,,0.0,,,,,,,0,3,1,0,0,6,7,6,7,1,2,214,1456,1456,0.0,0.0,0.0,0.0,448.515380859375,6.116513252258301,4.51690149307251,519.1773071289062,601.2709350585938,118.69329833984375,106.27557373046875,1.657545566558838,3.559581995010376,473.12896728515625,617.7056884765625
2372802115,586,14.718000000008033,2,3203,3,3203,0,4955,,,,,,0,,,,,,,,,,0,3,0,37.73597717285156,0.0,0.0,0.0,0.0,0.0,0.0,1445.0,,0.0,,,,,,,0,3,1,0,0,7,7,6,7,1,2,213,1456,1456,0.0,0.0,0.0,0.0,448.515380859375,6.5162177085876465,4.279444217681885,597.673828125,584.6189575195312,118.0426025390625,109.02020263671875,1.568771481513977,3.213965892791748,489.63134765625,621.0169677734375
2372802115,589,14.718000000008033,2,3204,3,3204,0,4849,,,,,,0,,,,,,,,,,0,3,0,37.73597717285156,0.0,0.0,0.0,0.0,0.0,0.0,1445.0,,0.0,,,,,,,0,3,1,0,0,6,7,6,7,1,2,213,1456,1456,0.0,0.0,0.0,0.0,448.515380859375,6.195593357086182,4.281622409820557,503.9035949707031,602.059326171875,107.2462158203125,110.97503662109375,1.6467806100845337,3.824799060821533,481.98992919921875,618.4472045898438
2372802115,592,14.718000000008033,2,3205,3,3205,0,4928,,,,,,0,,,,,,,,,,0,3,0,37.73597717285156,0.0,0.0,0.0,0.0,0.0,0.0,1445.0,,0.0,,,,,,,0,3,1,0,0,6,7,7,7,1,2,215,1456,1456,0.0,0.0,0.0,0.0,448.515380859375,6.102780818939209,4.6337175369262695,512.1080932617188,599.5032958984375,105.9786376953125,108.5516357421875,2.187981128692627,3.833081007003784,589.5288696289062,610.5911254882812
2372802115,595,15.297000000005937,2,3206,3,3206,0,4839,,,,,,0,,,,,,,,,,0,3,0,37.73597717285156,0.0,0.0,0.0,0.0,0.0,0.0,1445.0,,0.0,,,,,,,0,3,1,0,0,7,7,5,7,1,2,214,1456,1456,0.0,0.0,0.0,0.0,448.515380859375,6.4656901359558105,3.966989755630493,593.8726196289062,591.7271728515625,110.1859130859375,106.21607971191406,1.1993526220321655,3.8414053916931152,436.92816162109375,619.6597290039062
2372802115,598,15.297000000005937,2,3207,3,3207,0,4900,,,,,,0,,,,,,,,,,0,3,0,37.73597717285156,0.0,0.0,0.0,0.0,0.0,0.0,1445.0,,0.0,,,,,,,0,3,1,0,0,6,7,6,8,1,2,214,1456,1456,0.0,0.0,0.0,0.0,448.515380859375,5.569243431091309,3.5679690837860107,491.4647216796875,604.5609741210938,110.81793212890625,108.23658752441406,1.82686185836792,3.115462303161621,500.8929443359375,713.915283203125
2372802115,601,15.297000000005937,2,3208,3,3208,0,4877,,,,,,0,,,,,,,,,,0,3,0,37.73597717285156,0.0,0.0,0.0,0.0,0.0,0.0,1445.0,,0.0,,,,,,,0,3,1,0,0,6,7,6,8,1,2,215,1456,1456,0.0,0.0,0.0,0.0,448.515380859375,5.096375942230225,4.1461896896362305,492.8173522949219,596.0280151367188,106.74835205078125,106.79278564453125,1.9851176738739014,3.621486186981201,500.127197265625,714.3023071289062
2372802115,605,15.297000000005937,2,3209,3,3209,0,4874,,,,,,0,,,,,,,,,,0,3,0,37.73597717285156,0.0,0.0,0.0,0.0,0.0,0.0,1445.0,,0.0,,,,,,,0,3,1,0,0,6,7,6,7,1,2,214,1456,1456,0.0,0.0,0.0,0.0,448.515380859375,5.572800636291504,3.7727715969085693,498.536865234375,580.6738891601562,108.70404052734375,107.59562683105469,1.546592116355896,3.211684226989746,480.3460693359375,630.7300415039062
2372802115,608,15.297000000005937,2,3210,3,3210,0,4896,,,,,,0,,,,,,,,,,0,3,0,37.73597717285156,0.0,0.0,0.0,0.0,0.0,0.0,1445.0,,0.0,,,,,,,0,3,1,0,0,7,7,6,7,1,2,216,1456,1456,0.0,0.0,0.0,0.0,448.515380859375,6.252130031585693,4.0686750411987305,582.1273193359375,600.567626953125,111.57290649414062,107.7515869140625,1.8130555152893066,2.8379228115081787,508.37469482421875,620.0164184570312
2372802115,611,15.297000000005937,2,3211,3,3211,0,4905,,,,,,0,,,,,,,,,,0,3,0,37.73597717285156,0.0,0.0,0.0,0.0,0.0,0.0,1445.0,,0.0,,,,,,,0,3,1,0,0,7,7,6,8,1,2,214,1456,1456,0.0,0.0,0.0,0.0,448.515380859375,6.080620765686035,3.9767115116119385,587.2460327148438,602.3574829101562,105.925537109375,106.02603149414062,1.9413317441940308,4.671350955963135,537.578369140625,716.0632934570312
2372802115,614,15.297000000005937,2,3212,3,3212,0,4864,,,,,,0,,,,,,,,,,0,3,0,37.73597717285156,0.0,0.0,0.0,0.0,0.0,0.0,1445.0,,0.0,,,,,,,0,3,1,0,0,7,7,6,6,1,2,214,1456,1456,0.0,0.0,0.0,0.0,448.515380859375,6.565140724182129,4.123563289642334,591.424072265625,607.3538818359375,102.3433837890625,110.21051025390625,2.172703981399536,3.4241223335266113,501.06866455078125,621.0217895507812
2372802115,617,15.484000000011292,2,3213,3,3213,0,4896,,,,,,0,,,,,,,,,,0,3,0,37.73597717285156,0.0,0.0,0.0,0.0,0.0,0.0,1445.0,,0.0,,,,,,,0,3,1,0,0,7,7,6,7,1,2,213,1456,1456,0.0,0.0,0.0,0.0,448.515380859375,5.749075889587402,4.281606674194336,594.15087890625,596.2455444335938,109.71673583984375,107.80123901367188,1.8589226007461548,3.6094753742218018,481.19775390625,613.155517578125
2372802115,620,15.484000000011292,2,3214,3,3214,0,4883,,,,,,0,,,,,,,,,,0,3,0,37.73597717285156,0.0,0.0,0.0,0.0,0.0,0.0,1445.0,,0.0,,,,,,,0,3,1,0,0,6,7,6,7,1,2,213,1456,1456,0.0,0.0,0.0,0.0,448.515380859375,5.3740620613098145,3.903608560562134,492.8961486816406,579.0980224609375,109.00369262695312,106.2718505859375,1.7124056816101074,3.0317318439483643,472.755615234375,635.3406372070312
2372802115,625,16.014999999999418,2,3215,3,3215,0,4837,,,,,,0,,,,,,,,,,0,3,0,37.73597717285156,0.0,0.0,0.0,0.0,0.0,0.0,1445.0,,0.0,,,,,,,0,3,1,0,0,7,7,6,8,1,2,213,1456,1456,0.0,0.0,0.0,0.0,448.515380859375,6.009657859802246,4.5880866050720215,597.7418823242188,586.1919555664062,109.9156494140625,108.28944396972656,1.3668065071105957,3.0463449954986572,472.72137451171875,720.8937377929688
2372802115,628,16.014999999999418,2,3216,3,3216,0,4821,,,,,,0,,,,,,,,,,0,3,0,37.73597717285156,0.0,0.0,0.0,0.0,0.0,0.0,1445.0,,0.0,,,,,,,0,3,1,0,0,6,7,6,6,1,2,213,1456,1456,0.0,0.0,0.0,0.0,448.515380859375,5.713338851928711,4.222139835357666,496.1121826171875,602.1614379882812,106.89044189453125,107.38858032226562,2.0126495361328125,2.6202924251556396,469.3519287109375,621.5731811523438
2372802115,631,16.014999999999418,2,3217,3,3217,0,4853,,,,,,0,,,,,,,,,,0,3,0,37.73597717285156,0.0,0.0,0.0,0.0,0.0,0.0,1445.0,,0.0,,,,,,,0,3,1,0,0,7,7,7,7,1,2,213,1456,1456,0.0,0.0,0.0,0.0,448.515380859375,6.237227439880371,4.194336414337158,601.339599609375,603.9947509765625,117.2386474609375,115.384521484375,1.8227638006210327,3.189563274383545,560.3885498046875,606.336181640625
2372802115,634,16.014999999999418,2,3218,3,3218,0,4836,,,,,,0,,,,,,,,,,0,3,0,37.73597717285156,0.0,0.0,0.0,0.0,0.0,0.0,1445.0,,0.0,,,,,,,0,3,1,0,0,7,7,5,7,1,2,214,1456,1456,0.0,0.0,0.0,0.0,448.515380859375,6.5030975341796875,4.148026943206787,599.7151489257812,592.4694213867188,110.44351196289062,107.03495788574219,1.0408785343170166,3.8657166957855225,430.35272216796875,635.0015258789062
2372802115,637,16.014999999999418,2,3219,3,3219,0,4896,,,,,,0,,,,,,,,,,0,3,0,37.73597717285156,0.0,0.0,0.0,0.0,0.0,0.0,1445.0,,0.0,,,,,,,0,3,1,0,0,7,7,6,7,1,2,215,1456,1456,0.0,0.0,0.0,0.0,448.515380859375,6.147757053375244,4.391100883483887,594.6614990234375,596.907958984375,112.7532958984375,109.4765625,1.7717605829238892,3.8565757274627686,515.5958862304688,609.8357543945312
2372802115,640,16.014999999999418,2,3220,3,3220,0,4834,,,,,,0,,,,,,,,,,0,3,0,37.73597717285156,0.0,0.0,0.0,0.0,0.0,0.0,1445.0,,0.0,,,,,,,0,3,1,0,0,7,7,6,7,1,2,212,1456,1456,0.0,0.0,0.0,0.0,448.515380859375,6.490980625152588,4.204773426055908,593.2315673828125,597.3231201171875,111.11212158203125,106.90376281738281,1.8906981945037842,3.3543477058410645,470.0172119140625,720.1682739257812
2372802115,645,16.014999999999418,2,3221,3,3221,0,4931,,,,,,0,,,,,,,,,,0,3,0,37.73597717285156,0.0,0.0,0.0,0.0,0.0,0.0,1445.0,,0.0,,,,,,,0,3,1,0,0,6,7,6,7,1,2,215,1456,1456,0.0,0.0,0.0,0.0,448.515380859375,5.825918674468994,4.202327251434326,504.6823425292969,601.8179931640625,108.65447998046875,115.80767822265625,1.6931535005569458,3.364525079727173,461.612548828125,615.3363037109375
2372802115,648,16.547000000005937,2,3222,3,3222,0,4847,,,,,,0,,,,,,,,,,0,3,0,37.73597717285156,0.0,0.0,0.0,0.0,0.0,0.0,1445.0,,0.0,,,,,,,0,3,1,0,0,6,7,6,6,1,2,210,1456,1456,0.0,0.0,0.0,0.0,448.515380859375,5.58148193359375,4.153550148010254,494.4180908203125,598.831298828125,110.99090576171875,109.4444580078125,1.5402525663375854,3.248721122741699,459.5703125,606.7169189453125
2372802115,651,16.547000000005937,2,3223,3,3223,0,4825,,,,,,0,,,,,,,,,,0,3,0,37.73597717285156,0.0,0.0,0.0,0.0,0.0,0.0,1445.0,,0.0,,,,,,,0,3,1,0,0,6,7,5,6,1,2,210,1456,1456,0.0,0.0,0.0,0.0,448.515380859375,5.104647636413574,4.312737464904785,488.6872253417969,598.2525634765625,105.26129150390625,105.971435546875,1.7103163003921509,1.8899776935577393,464.01177978515625,624.223876953125
2372802115,654,16.547000000005937,2,3224,3,3224,0,4905,,,,,,0,,,,,,,,,,0,3,0,37.73597717285156,0.0,0.0,0.0,0.0,0.0,0.0,1445.0,,0.0,,,,,,,0,3,1,0,0,7,7,6,7,1,2,213,1456,1456,0.0,0.0,0.0,0.0,448.515380859375,6.339715003967285,3.87359619140625,591.4320068359375,590.7831420898438,108.8046875,106.15049743652344,1.8702088594436646,3.147758722305298,498.169921875,716.4802856445312
2372802115,657,16.547000000005937,2,3225,3,3225,0,4899,,,,,,0,,,,,,,,,,0,3,0,37.73597717285156,0.0,0.0,0.0,0.0,0.0,0.0,1445.0,,0.0,,,,,,,0,3,1,0,0,6,7,5,7,1,2,213,1456,1456,0.0,0.0,0.0,0.0,448.515380859375,5.318295001983643,4.2835798263549805,491.1143798828125,582.975830078125,105.8463134765625,108.067626953125,2.2228283882141113,2.691021203994751,498.18505859375,627.0200805664062
2372802115,660,16.547000000005937,2,3226,3,3226,0,4841,,,,,,0,,,,,,,,,,0,3,0,37.73597717285156,0.0,0.0,0.0,0.0,0.0,0.0,1445.0,,0.0,,,,,,,0,3,1,0,0,7,7,6,7,1,2,214,1456,1456,0.0,0.0,0.0,0.0,448.515380859375,6.740335464477539,4.2947492599487305,603.1990966796875,598.3504028320312,126.15704345703125,106.00210571289062,1.867887258529663,3.7126474380493164,501.49725341796875,616.6585693359375
2372802115,665,16.547000000005937,2,3227,3,3227,0,4926,,,,,,0,,,,,,,,,,0,3,0,37.73597717285156,0.0,0.0,0.0,0.0,0.0,0.0,1445.0,,0.0,,,,,,,0,3,1,0,0,6,7,7,7,1,2,214,1456,1456,0.0,0.0,0.0,0.0,448.515380859375,5.225410461425781,4.486741542816162,487.0306396484375,595.9788818359375,105.30316162109375,114.09829711914062,1.9161814451217651,3.566849946975708,574.4832153320312,613.2920532226562
2372802115,668,16.843000000008033,2,3228,3,3228,0,4867,,,,,,0,,,,,,,,,,0,3,0,37.73597717285156,0.0,0.0,0.0,0.0,0.0,0.0,1445.0,,0.0,,,,,,,0,3,1,0,0,6,7,6,7,1,2,214,1456,1456,0.0,0.0,0.0,0.0,448.515380859375,5.32011079788208,4.300331115722656,491.6091613769531,599.8734130859375,107.5001220703125,107.39825439453125,1.7699472904205322,3.0297908782958984,526.885986328125,622.6254272460938
2372802115,671,16.843000000008033,2,3229,3,3229,0,4902,,,,,,0,,,,,,,,,,0,3,0,37.73597717285156,0.0,0.0,0.0,0.0,0.0,0.0,1445.0,,0.0,,,,,,,0,3,1,0,0,6,7,6,7,1,2,215,1456,1456,0.0,0.0,0.0,0.0,448.515380859375,5.832939624786377,3.767963409423828,501.8354187011719,591.7072143554688,108.5321044921875,106.83772277832031,1.7929996252059937,3.5912845134735107,490.71307373046875,630.6597900390625
2372802115,674,16.843000000008033,2,3230,3,3230,0,4790,,,,,,0,,,,,,,,,,0,3,0,37.73597717285156,0.0,0.0,0.0,0.0,0.0,0.0,1445.0,,0.0,,,,,,,0,3,1,0,0,7,7,6,6,1,2,209,1456,1456,0.0,0.0,0.0,0.0,448.515380859375,6.63645076751709,4.053454399108887,594.5068359375,594.659423828125,117.10040283203125,109.4305419921875,1.5568064451217651,3.162774085998535,501.23687744140625,615.3192749023438
2372802115,677,17.156000000002678,2,3231,3,3231,0,4857,,,,,,0,,,,,,,,,,0,3,0,37.73597717285156,0.0,0.0,0.0,0.0,0.0,0.0,1445.0,,0.0,,,,,,,0,3,1,0,0,6,7,6,6,1,2,213,1456,1456,0.0,0.0,0.0,0.0,448.515380859375,5.318444728851318,4.042131423950195,501.77679443359375,605.5159301757812,103.3897705078125,111.990478515625,1.8953614234924316,3.1958932876586914,463.8192138671875,618.8348999023438
2372802115,680,17.156000000002678,2,3232,3,3232,0,4882,,,,,,0,,,,,,,,,,0,3,0,37.73597717285156,0.0,0.0,0.0,0.0,0.0,0.0,1445.0,,0.0,,,,,,,0,3,1,0,0,6,7,7,7,1,2,213,1456,1456,0.0,0.0,0.0,0.0,448.515380859375,5.657459259033203,3.9182426929473877,506.5240173339844,589.626220703125,110.40267944335938,108.49836730957031,2.1240532398223877,2.727179765701294,596.6083984375,708.3538208007812
2372802115,684,17.156000000002678,2,3233,3,3233,0,4893,,,,,,0,,,,,,,,,,0,3,0,37.73597717285156,0.0,0.0,0.0,0.0,0.0,0.0,1445.0,,0.0,,,,,,,0,3,1,0,0,7,7,6,7,1,2,213,1456,1456,0.0,0.0,0.0,0.0,448.515380859375,6.06594705581665,4.141919136047363,593.530517578125,598.382568359375,110.07220458984375,110.27069091796875,2.047663450241089,3.4293785095214844,492.7669677734375,627.4718627929688
2372802115,687,17.156000000002678,2,3234,3,3234,0,4859,,,,,,0,,,,,,,,,,0,3,0,37.73597717285156,0.0,0.0,0.0,0.0,0.0,0.0,1445.0,,0.0,,,,,,,0,3,1,0,0,6,7,6,7,1,2,212,1456,1456,0.0,0.0,0.0,0.0,448.515380859375,5.598721504211426,4.272235870361328,501.0783996582031,591.9617919921875,105.03558349609375,107.408447265625,1.6598387956619263,4.008426189422607,476.62213134765625,603.9921264648438
2372802115,690,17.687000000005355,2,3235,3,3235,0,4890,,,,,,0,,,,,,,,,,0,3,0,37.73597717285156,0.0,0.0,0.0,0.0,0.0,0.0,1445.0,,0.0,,,,,,,0,3,1,0,0,7,7,6,7,1,2,215,1456,1456,0.0,0.0,0.0,0.0,448.515380859375,6.390443325042725,4.199684143066406,603.4956665039062,596.8524780273438,127.175537109375,109.50189208984375,1.7856738567352295,3.8744699954986572,489.1904296875,625.7376098632812
2372802115,693,17.687000000005355,2,3236,3,3236,0,4817,,,,,,0,,,,,,,,,,0,3,0,37.73597717285156,0.0,0.0,0.0,0.0,0.0,0.0,1445.0,,0.0,,,,,,,0,3,1,0,0,6,7,5,8,1,2,213,1456,1456,0.0,0.0,0.0,0.0,448.515380859375,5.460076332092285,3.7171688079833984,493.258056640625,596.714111328125,104.4671630859375,106.01383972167969,1.6812206506729126,3.668698787689209,461.1907958984375,703.7310180664062
2372802115,696,17.687000000005355,2,3237,3,3237,0,4873,,,,,,0,,,,,,,,,,0,3,0,37.73597717285156,0.0,0.0,0.0,0.0,0.0,0.0,1445.0,,0.0,,,,,,,0,3,1,0,0,7,7,6,8,1,2,213,1456,1456,0.0,0.0,0.0,0.0,448.515380859375,6.2223052978515625,3.9445743560791016,592.48583984375,593.28515625,106.181640625,107.09439086914062,1.6887922286987305,3.8364672660827637,529.9908447265625,717.405517578125
2372802115,699,17.687000000005355,2,3238,3,3238,0,4872,,,,,,0,,,,,,,,,,0,3,0,37.73597717285156,0.0,0.0,0.0,0.0,0.0,0.0,1445.0,,0.0,,,,,,,0,3,1,0,0,6,7,5,7,1,2,214,1456,1456,0.0,0.0,0.0,0.0,448.515380859375,5.560840129852295,4.289774417877197,491.8115234375,589.49560546875,102.96124267578125,107.44068908691406,2.0995261669158936,2.9972336292266846,527.3604125976562,624.8112182617188
2372802115,704,17.687000000005355,2,3239,3,3239,0,4864,,,,,,0,,,,,,,,,,0,3,0,37.73597717285156,0.0,0.0,0.0,0.0,0.0,0.0,1445.0,,0.0,,,,,,,0,3,1,0,0,6,7,6,6,1,2,212,1456,1456,0.0,0.0,0.0,0.0,448.515380859375,5.380842208862305,3.7520275115966797,493.7670593261719,578.4695434570312,111.74066162109375,108.86714172363281,1.6187666654586792,2.617251396179199,498.05279541015625,634.0311279296875
2372802115,707,17.687000000005355,2,3240,3,3240,0,4887,,,,,,0,,,,,,,,,,0,3,0,37.73597717285156,0.0,0.0,0.0,0.0,0.0,0.0,1445.0,,0.0,,,,,,,0,3,1,0,0,6,7,6,8,1,2,213,1456,1456,0.0,0.0,0.0,0.0,448.515380859375,5.378156661987305,4.458076477050781,490.83489990234375,596.2576904296875,108.527099609375,109.24880981445312,1.8437206745147705,3.4624085426330566,471.05908203125,705.7406616210938
2372802115,710,17.687000000005355,2,3241,3,3241,0,4775,,,,,,0,,,,,,,,,,0,3,0,37.73597717285156,0.0,0.0,0.0,0.0,0.0,0.0,1445.0,,0.0,,,,,,,0,3,1,0,0,6,7,4,6,1,2,210,1456,1456,0.0,0.0,0.0,0.0,448.515380859375,5.49483585357666,4.382613658905029,500.8945007324219,594.5584716796875,102.77484130859375,113.5155029296875,1.4916250705718994,2.5707106590270996,405.66339111328125,613.758056640625
2372802115,713,18.125,2,3242,3,3242,0,4880,,,,,,0,,,,,,,,,,0,3,0,37.73597717285156,0.0,0.0,0.0,0.0,0.0,0.0,1445.0,,0.0,,,,,,,0,3,1,0,0,6,6,6,7,1,2,214,1456,1456,0.0,0.0,0.0,0.0,448.515380859375,5.2186102867126465,3.407452344894409,497.3359375,516.7791137695312,108.26446533203125,113.1697998046875,2.026864528656006,3.7542219161987305,467.59222412109375,607.1441040039062
2372802115,717,18.125,2,3243,3,3243,0,4909,,,,,,0,,,,,,,,,,0,3,0,37.73597717285156,0.0,0.0,0.0,0.0,0.0,0.0,1445.0,,0.0,,,,,,,0,3,1,0,0,6,7,7,8,1,2,212,1456,1456,0.0,0.0,0.0,0.0,448.515380859375,4.8733415603637695,3.846196413040161,475.7511291503906,587.2457275390625,115.39822387695312,106.08934020996094,1.9598121643066406,3.044297695159912,556.7398071289062,713.4893798828125
2372802115,720,18.125,2,3244,3,3244,0,4890,,,,,,0,,,,,,,,,,0,3,0,37.73597717285156,0.0,0.0,0.0,0.0,0.0,0.0,1445.0,,0.0,,,,,,,0,3,1,0,0,6,7,5,6,1,2,213,1456,1456,0.0,0.0,0.0,0.0,448.515380859375,4.9558515548706055,4.364502906799316,495.35205078125,600.3439331054688,104.48226928710938,104.72177124023438,1.3805716037750244,1.5663920640945435,409.95703125,626.7049560546875
2372802115,723,18.125,2,3245,3,3245,0,4902,,,,,,0,,,,,,,,,,0,3,0,37.73597717285156,0.0,0.0,0.0,0.0,0.0,0.0,1445.0,,0.0,,,,,,,0,3,1,0,0,6,7,6,7,1,2,216,1456,1456,0.0,0.0,0.0,0.0,448.515380859375,5.271063327789307,4.124378204345703,478.6221923828125,590.81201171875,99.2286376953125,106.89859008789062,2.0587687492370605,3.5702385902404785,512.8639526367188,628.6724243164062
2372802115,727,18.125,2,3246,3,3246,0,4911,,,,,,0,,,,,,,,,,0,3,0,37.73597717285156,0.0,0.0,0.0,0.0,0.0,0.0,1445.0,,0.0,,,,,,,0,3,1,0,0,6,7,5,7,1,2,214,1456,1456,0.0,0.0,0.0,0.0,448.515380859375,5.46567964553833,4.426143169403076,494.9228210449219,595.467041015625,103.38198852539062,104.73800659179688,2.3096611499786377,3.670924425125122,470.05401611328125,615.171630859375
2372802115,730,18.625,2,3247,3,3247,0,4948,,,,,,0,,,,,,,,,,0,3,0,37.73597717285156,0.0,0.0,0.0,0.0,0.0,0.0,1445.0,,0.0,,,,,,,0,3,1,0,0,7,7,6,7,1,2,215,1456,1456,0.0,0.0,0.0,0.0,448.515380859375,6.6486992835998535,4.049788475036621,595.4697265625,596.8096923828125,106.48394775390625,110.401123046875,1.838799238204956,3.9705729484558105,505.67608642578125,614.1994018554688
2372802115,733,18.625,2,3248,3,3248,0,4931,,,,,,0,,,,,,,,,,0,3,0,37.73597717285156,0.0,0.0,0.0,0.0,0.0,0.0,1445.0,,0.0,,,,,,,0,3,1,0,0,6,7,6,7,1,2,214,1456,1456,0.0,0.0,0.0,0.0,448.515380859375,5.6252827644348145,3.841980457305908,504.06817626953125,602.5233764648438,110.9942626953125,112.9105224609375,1.2793067693710327,3.708268404006958,459.30438232421875,611.0592651367188
2372802115,736,18.625,2,3249,3,3249,0,4970,,,,,,0,,,,,,,,,,0,3,0,37.73597717285156,0.0,0.0,0.0,0.0,0.0,0.0,1445.0,,0.0,,,,,,,0,3,1,0,0,7,7,6,7,1,2,215,1456,1456,0.0,0.0,0.0,0.0,448.515380859375,6.249852657318115,3.8519954681396484,595.3770751953125,586.7516479492188,109.54534912109375,107.74771118164062,2.253544807434082,3.5425350666046143,493.9417724609375,621.15673828125
2372802115,739,18.625,2,3250,3,3250,0,4889,,,,,,0,,,,,,,,,,0,3,0,37.73597717285156,0.0,0.0,0.0,0.0,0.0,0.0,1445.0,,0.0,,,,,,,0,3,1,0,0,7,7,6,7,1,2,213,1456,1456,0.0,0.0,0.0,0.0,448.515380859375,6.518135070800781,4.402369976043701,587.292236328125,595.3026123046875,107.41659545898438,107.9774169921875,1.9918735027313232,3.844059944152832,469.77191162109375,611.3013305664062
2372802115,744,18.625,2,3251,3,3251,0,4950,,,,,,0,,,,,,,,,,0,3,0,37.73597717285156,0.0,0.0,0.0,0.0,0.0,0.0,1445.0,,0.0,,,,,,,0,3,1,0,0,7,7,6,7,1,2,214,1456,1456,0.0,0.0,0.0,0.0,448.515380859375,6.483033657073975,3.9735019207000732,587.0654296875,596.9413452148438,105.00408935546875,108.92192077636719,2.103452205657959,4.250655174255371,461.58892822265625,615.3218383789062
2372802115,747,18.625,2,3252,3,3252,0,4869,,,,,,0,,,,,,,,,,0,3,0,37.73597717285156,0.0,0.0,0.0,0.0,0.0,0.0,1445.0,,0.0,,,,,,,0,3,1,0,0,7,7,7,6,1,2,214,1456,1456,0.0,0.0,0.0,0.0,448.515380859375,6.159945964813232,4.034375190734863,589.2146606445312,598.7133178710938,112.59848022460938,107.89692687988281,1.9828742742538452,3.1090002059936523,560.9446411132812,609.181884765625
2372802115,750,18.718000000008033,2,3253,3,3253,0,4872,,,,,,0,,,,,,,,,,0,3,0,37.73597717285156,0.0,0.0,0.0,0.0,0.0,0.0,1445.0,,0.0,,,,,,,0,3,1,0,0,7,7,6,7,1,2,214,1456,1456,0.0,0.0,0.0,0.0,448.515380859375,6.359980583190918,3.92836856842041,598.7850341796875,604.0525512695312,109.2784423828125,112.05474853515625,1.6781212091445923,3.646913766860962,461.61419677734375,615.8235473632812
2372802115,753,18.906000000002678,2,3254,3,3254,0,4860,,,,,,0,,,,,,,,,,0,3,0,37.73597717285156,0.0,0.0,0.0,0.0,0.0,0.0,1445.0,,0.0,,,,,,,0,3,1,0,0,6,7,6,7,1,2,213,1456,1456,0.0,0.0,0.0,0.0,448.515380859375,5.816048622131348,3.8175227642059326,502.5321350097656,595.8169555664062,107.776123046875,109.09429931640625,1.880782127380371,3.73635196685791,461.61590576171875,613.4940795898438
2372802115,756,18.906000000002678,2,3255,3,3255,0,4902,,,,,,0,,,,,,,,,,0,3,0,37.73597717285156,0.0,0.0,0.0,0.0,0.0,0.0,1445.0,,0.0,,,,,,,0,3,1,0,0,7,7,7,7,1,2,215,1456,1456,0.0,0.0,0.0,0.0,448.515380859375,5.7924275398254395,3.8512675762176514,601.8841552734375,586.1380615234375,107.93228149414062,109.77655029296875,1.8660287857055664,3.1181304454803467,588.3219604492188,625.3366088867188
2372802115,759,19.312000000005355,2,3256,3,3256,0,4840,,,,,,0,,,,,,,,,,0,3,0,37.73597717285156,0.0,0.0,0.0,0.0,0.0,0.0,1445.0,,0.0,,,,,,,0,3,1,0,0,6,7,6,7,1,2,211,1456,1456,0.0,0.0,0.0,0.0,448.515380859375,4.728486061096191,4.29989767074585,478.237548828125,594.9815063476562,106.6617431640625,108.37103271484375,1.7616486549377441,2.7917773723602295,501.4644775390625,710.7015380859375
2372802115,763,19.312000000005355,2,3257,3,3257,0,4827,,,,,,0,,,,,,,,,,0,3,0,37.73597717285156,0.0,0.0,0.0,0.0,0.0,0.0,1445.0,,0.0,,,,,,,0,3,1,0,0,7,7,6,7,1,2,212,1456,1456,0.0,0.0,0.0,0.0,448.515380859375,6.176681041717529,3.797430992126465,597.4059448242188,585.19189453125,111.72097778320312,113.56854248046875,1.3067221641540527,3.4066038131713867,507.40533447265625,623.347900390625
2372802115,766,19.312000000005355,2,3258,3,3258,0,4830,,,,,,0,,,,,,,,,,0,3,0,37.73597717285156,0.0,0.0,0.0,0.0,0.0,0.0,1445.0,,0.0,,,,,,,0,3,1,0,0,6,7,7,7,1,2,211,1456,1456,0.0,0.0,0.0,0.0,448.515380859375,5.591718673706055,4.265527248382568,499.40814208984375,600.24365234375,113.73480224609375,107.72409057617188,1.6590442657470703,2.9067304134368896,535.32470703125,704.6087646484375
2372802115,769,19.312000000005355,2,3259,3,3259,0,4847,,,,,,0,,,,,,,,,,0,3,0,37.73597717285156,0.0,0.0,0.0,0.0,0.0,0.0,1445.0,,0.0,,,,,,,0,3,1,0,0,6,7,6,7,1,2,212,1456,1456,0.0,0.0,0.0,0.0,448.515380859375,5.645140647888184,4.0026116371154785,502.5164794921875,600.006591796875,105.54739379882812,109.5582275390625,1.8037246465682983,3.6184170246124268,461.92706298828125,608.2796630859375
2372802115,772,19.312000000005355,2,3260,3,3260,0,4836,,,,,,0,,,,,,,,,,0,3,0,37.73597717285156,0.0,0.0,0.0,0.0,0.0,0.0,1445.0,,0.0,,,,,,,0,3,1,0,0,6,7,6,8,1,2,211,1456,1456,0.0,0.0,0.0,0.0,448.515380859375,5.18200159072876,4.140618801116943,501.6949768066406,596.8329467773438,104.36517333984375,107.94892883300781,2.3439857959747314,3.671386480331421,464.78582763671875,711.7417602539062
2372802115,775,19.843000000008033,2,3261,3,3261,0,4870,,,,,,0,,,,,,,,,,0,3,0,37.73597717285156,0.0,0.0,0.0,0.0,0.0,0.0,1445.0,,0.0,,,,,,,0,3,1,0,0,7,7,6,7,1,2,213,1456,1456,0.0,0.0,0.0,0.0,448.515380859375,6.0153679847717285,4.033901214599609,586.33935546875,604.1400146484375,106.16326904296875,109.71282958984375,2.1715285778045654,3.2133052349090576,464.05194091796875,622.1690063476562
2372802115,778,19.843000000008033,2,3262,3,3262,0,4854,,,,,,0,,,,,,,,,,0,3,0,37.73597717285156,0.0,0.0,0.0,0.0,0.0,0.0,1445.0,,0.0,,,,,,,0,3,1,0,0,7,7,6,6,1,2,213,1456,1456,0.0,0.0,0.0,0.0,448.515380859375,6.242063522338867,4.689992427825928,589.2124633789062,596.9098510742188,113.50469970703125,108.34295654296875,1.8349977731704712,3.0069432258605957,482.12127685546875,612.9201049804688
2372802115,783,19.843000000008033,2,3263,3,3263,0,4837,,,,,,0,,,,,,,,,,0,3,0,37.73597717285156,0.0,0.0,0.0,0.0,0.0,0.0,1445.0,,0.0,,,,,,,0,3,1,0,0,6,7,6,6,1,2,213,1456,1456,0.0,0.0,0.0,0.0,448.515380859375,5.083396911621094,4.697075366973877,486.82342529296875,589.7022705078125,105.62380981445312,109.8671875,1.767248272895813,3.034365653991699,487.304931640625,612.2848510742188
2372802115,786,19.843000000008033,2,3264,3,3264,0,4891,,,,,,0,,,,,,,,,,0,3,0,37.73597717285156,0.0,0.0,0.0,0.0,0.0,0.0,1445.0,,0.0,,,,,,,0,3,1,0,0,6,7,6,7,1,2,213,1456,1456,0.0,0.0,0.0,0.0,448.515380859375,5.265002727508545,3.927337408065796,496.9368591308594,589.384033203125,103.09024047851562,107.62481689453125,2.0869109630584717,3.56005859375,481.29241943359375,628.0592651367188
2372802115,789,19.843000000008033,2,3265,3,3265,0,4814,,,,,,0,,,,,,,,,,0,3,0,37.73597717285156,0.0,0.0,0.0,0.0,0.0,0.0,1445.0,,0.0,,,,,,,0,3,1,0,0,6,7,5,7,1,2,211,1456,1456,0.0,0.0,0.0,0.0,448.515380859375,5.829467296600342,4.244225025177002,495.28533935546875,606.2584228515625,107.750732421875,108.77818298339844,1.7185211181640625,3.450582265853882,459.2557373046875,707.9107666015625
2372802115,792,19.843000000008033,2,3266,3,3266,0,4865,,,,,,0,,,,,,,,,,0,3,0,37.73597717285156,0.0,0.0,0.0,0.0,0.0,0.0,1445.0,,0.0,,,,,,,0,3,1,0,0,7,7,6,7,1,2,214,1456,1456,0.0,0.0,0.0,0.0,448.515380859375,6.277449131011963,3.8111679553985596,587.624755859375,592.6300048828125,110.51995849609375,108.52557373046875,2.49625563621521,3.758815050125122,489.88916015625,629.058837890625
2372802115,795,19.843000000008033,2,3267,3,3267,0,4891,,,,,,0,,,,,,,,,,0,3,0,37.73597717285156,0.0,0.0,0.0,0.0,0.0,0.0,1445.0,,0.0,,,,,,,0,3,1,0,0,7,7,6,7,1,2,215,1456,1456,0.0,0.0,0.0,0.0,448.515380859375,6.684014797210693,4.099121570587158,593.00927734375,594.3386840820312,108.34307861328125,108.1295166015625,1.8762708902359009,3.320783853530884,498.67193603515625,626.040771484375
2372802115,799,20.031000000002678,2,3268,3,3268,0,4924,,,,,,0,,,,,,,,,,0,3,0,37.73597717285156,0.0,0.0,0.0,0.0,0.0,0.0,1445.0,,0.0,,,,,,,0,3,1,0,0,6,7,6,7,1,2,214,1456,1456,0.0,0.0,0.0,0.0,448.515380859375,5.453615188598633,3.6234028339385986,501.79254150390625,591.294921875,108.87579345703125,104.6956787109375,1.7069422006607056,4.1773247718811035,463.51239013671875,633.0099487304688
2372802115,803,20.031000000002678,2,3269,3,3269,0,4898,,,,,,0,,,,,,,,,,0,3,0,37.73597717285156,0.0,0.0,0.0,0.0,0.0,0.0,1445.0,,0.0,,,,,,,0,3,1,0,0,6,7,5,7,1,2,212,1456,1456,0.0,0.0,0.0,0.0,448.515380859375,5.721010208129883,3.8266310691833496,497.35577392578125,600.9331665039062,104.51129150390625,109.29168701171875,1.8991730213165283,3.5959584712982178,471.69549560546875,617.7216186523438
2372802115,806,20.547000000005937,2,3270,3,3270,0,4882,,,,,,0,,,,,,,,,,0,3,0,37.73597717285156,0.0,0.0,0.0,0.0,0.0,0.0,1445.0,,0.0,,,,,,,0,3,1,0,0,6,7,5,7,1,2,211,1456,1456,0.0,0.0,0.0,0.0,448.515380859375,5.456852912902832,4.007021903991699,491.4621887207031,585.3468627929688,103.31878662109375,108.45120239257812,1.3952256441116333,3.002523899078369,461.18743896484375,721.6748046875
2372802115,809,20.547000000005937,2,3271,3,3271,0,4891,,,,,,0,,,,,,,,,,0,3,0,37.73597717285156,0.0,0.0,0.0,0.0,0.0,0.0,1445.0,,0.0,,,,,,,0,3,1,0,0,7,7,7,7,1,2,213,1456,1456,0.0,0.0,0.0,0.0,448.515380859375,6.5516557693481445,4.353461265563965,589.4437255859375,599.1320190429688,106.36447143554688,106.02157592773438,1.6320303678512573,2.978215217590332,550.8955078125,624.8651123046875
2372802115,812,20.547000000005937,2,3272,3,3272,0,4905,,,,,,0,,,,,,,,,,0,3,0,37.73597717285156,0.0,0.0,0.0,0.0,0.0,0.0,1445.0,,0.0,,,,,,,0,3,1,0,0,6,7,6,7,1,2,213,1456,1456,0.0,0.0,0.0,0.0,448.515380859375,5.6452860832214355,4.633680820465088,502.57489013671875,593.4647827148438,110.67919921875,108.79812622070312,2.084094524383545,4.074921607971191,451.9195556640625,634.1707763671875
2372802115,815,20.547000000005937,2,3273,3,3273,0,4948,,,,,,0,,,,,,,,,,0,3,0,37.73597717285156,0.0,0.0,0.0,0.0,0.0,0.0,1445.0,,0.0,,,,,,,0,3,1,0,0,7,7,6,7,1,2,214,1456,1456,0.0,0.0,0.0,0.0,448.515380859375,5.952898025512695,4.506504058837891,600.4700927734375,597.84033203125,105.2427978515625,105.42562866210938,1.6836633682250977,3.7481813430786133,470.36273193359375,620.8469848632812
2372802115,818,20.547000000005937,2,3274,3,3274,0,4879,,,,,,0,,,,,,,,,,0,3,0,37.73597717285156,0.0,0.0,0.0,0.0,0.0,0.0,1445.0,,0.0,,,,,,,0,3,1,0,0,6,7,6,8,1,2,214,1456,1456,0.0,0.0,0.0,0.0,448.515380859375,5.293496608734131,4.093291759490967,496.638427734375,596.2384643554688,103.42495727539062,108.52215576171875,2.2022180557250977,3.399703025817871,470.3984375,720.0640869140625
2372802115,823,20.547000000005937,2,3275,3,3275,0,4927,,,,,,0,,,,,,,,,,0,3,0,37.73597717285156,0.0,0.0,0.0,0.0,0.0,0.0,1445.0,,0.0,,,,,,,0,3,1,0,0,7,7,6,6,1,2,213,1456,1456,0.0,0.0,0.0,0.0,448.515380859375,5.9114556312561035,4.145212173461914,589.287353515625,588.513671875,110.98876953125,103.62672424316406,1.4922140836715698,2.4147233963012695,527.5703125,621.9060668945312
2372802115,826,20.593000000008033,2,3276,3,3276,0,4810,,,,,,0,,,,,,,,,,0,3,0,37.73597717285156,0.0,0.0,0.0,0.0,0.0,0.0,1445.0,,0.0,,,,,,,0,3,1,0,0,6,7,4,6,1,2,212,1456,1456,0.0,0.0,0.0,0.0,448.515380859375,5.075282573699951,4.3346686363220215,491.4820556640625,590.8810424804688,102.90762329101562,108.36083984375,1.073244333267212,3.334446907043457,426.4744873046875,610.7623901367188
2372802115,829,21.093000000008033,2,3277,3,3277,0,4847,,,,,,0,,,,,,,,,,0,3,0,37.73597717285156,0.0,0.0,0.0,0.0,0.0,0.0,1445.0,,0.0,,,,,,,0,3,1,0,0,7,7,6,6,1,2,212,1456,1456,0.0,0.0,0.0,0.0,448.515380859375,6.1849493980407715,4.368574619293213,594.8663330078125,594.4171142578125,106.53643798828125,115.0064697265625,1.3061879873275757,3.787660837173462,498.96612548828125,577.6394653320312
2372802115,832,21.093000000008033,2,3278,3,3278,0,4907,,,,,,0,,,,,,,,,,0,3,0,37.73597717285156,0.0,0.0,0.0,0.0,0.0,0.0,1445.0,,0.0,,,,,,,0,3,1,0,0,7,7,6,7,1,2,215,1456,1456,0.0,0.0,0.0,0.0,448.515380859375,6.043288230895996,4.454761981964111,599.98388671875,591.4036865234375,106.2022705078125,104.72535705566406,2.0133163928985596,4.373476505279541,454.4842529296875,627.6372680664062
2372802115,835,21.093000000008033,2,3279,3,3279,0,4880,,,,,,0,,,,,,,,,,0,3,0,37.73597717285156,0.0,0.0,0.0,0.0,0.0,0.0,1445.0,,0.0,,,,,,,0,3,1,0,0,7,7,6,7,1,2,215,1456,1456,0.0,0.0,0.0,0.0,448.515380859375,6.473474979400635,3.9463722705841064,599.821533203125,591.66748046875,107.19769287109375,105.18954467773438,1.6897560358047485,3.7112600803375244,462.52215576171875,623.9508666992188
2372802115,838,21.093000000008033,2,3280,3,3280,0,4898,,,,,,0,,,,,,,,,,0,3,0,37.73597717285156,0.0,0.0,0.0,0.0,0.0,0.0,1445.0,,0.0,,,,,,,0,3,1,0,0,6,7,6,8,1,2,215,1456,1456,0.0,0.0,0.0,0.0,448.515380859375,5.323281764984131,4.7368550300598145,503.310302734375,590.6183471679688,108.806396484375,106.21047973632812,1.7201372385025024,3.848706007003784,462.24212646484375,707.6399536132812
2372802115,842,21.093000000008033,2,3281,3,3281,0,4845,,,,,,0,,,,,,,,,,0,3,0,37.73597717285156,0.0,0.0,0.0,0.0,0.0,0.0,1445.0,,0.0,,,,,,,0,3,1,0,0,7,7,6,8,1,2,213,1456,1456,0.0,0.0,0.0,0.0,448.515380859375,6.495122909545898,3.953646659851074,590.2198486328125,595.8446655273438,103.6519775390625,106.32003784179688,1.904691457748413,3.13228440284729,495.9052734375,712.9888916015625
2372802115,845,21.234000000011292,2,3282,3,3282,0,4893,,,,,,0,,,,,,,,,,0,3,0,37.73597717285156,0.0,0.0,0.0,0.0,0.0,0.0,1445.0,,0.0,,,,,,,0,3,1,0,0,6,7,6,7,1,2,214,1456,1456,0.0,0.0,0.0,0.0,448.515380859375,5.188724517822266,4.086084842681885,480.3078308105469,601.4060668945312,102.30715942382812,108.56561279296875,1.95136296749115,3.694598436355591,495.283203125,620.86328125
2372802115,848,21.234000000011292,2,3283,3,3283,0,4869,,,,,,0,,,,,,,,,,0,3,0,37.73597717285156,0.0,0.0,0.0,0.0,0.0,0.0,1445.0,,0.0,,,,,,,0,3,1,0,0,6,7,6,7,1,2,214,1456,1456,0.0,0.0,0.0,0.0,448.515380859375,5.505312442779541,4.077378749847412,496.6907958984375,598.1768798828125,103.2164306640625,106.3040771484375,1.7592968940734863,2.954416275024414,466.5728759765625,620.4049072265625
2372802115,851,21.75,2,3284,3,3284,0,4860,,,,,,0,,,,,,,,,,0,3,0,37.73597717285156,0.0,0.0,0.0,0.0,0.0,0.0,1445.0,,0.0,,,,,,,0,3,1,0,0,6,7,6,7,1,2,214,1456,1456,0.0,0.0,0.0,0.0,448.515380859375,5.288071632385254,4.278255462646484,496.276611328125,595.4703979492188,104.32940673828125,108.60626220703125,1.8765742778778076,2.9557149410247803,464.988037109375,624.7160034179688
2372802115,854,21.75,2,3285,3,3285,0,4804,,,,,,0,,,,,,,,,,0,3,0,37.73597717285156,0.0,0.0,0.0,0.0,0.0,0.0,1445.0,,0.0,,,,,,,0,3,1,0,0,7,7,6,6,1,2,210,1456,1456,0.0,0.0,0.0,0.0,448.515380859375,6.23794412612915,3.8901915550231934,587.200927734375,605.8193969726562,107.8582763671875,104.5675048828125,2.1194982528686523,3.9887115955352783,527.798095703125,595.9806518554688
2372802115,857,21.75,2,3286,3,3286,0,4851,,,,,,0,,,,,,,,,,0,3,0,37.73597717285156,0.0,0.0,0.0,0.0,0.0,0.0,1445.0,,0.0,,,,,,,0,3,1,0,0,6,7,6,6,1,2,214,1456,1456,0.0,0.0,0.0,0.0,448.515380859375,5.454522132873535,4.156460762023926,486.86663818359375,591.7838134765625,101.9373779296875,104.88192749023438,1.714361310005188,2.7465198040008545,533.4359741210938,627.4248657226562
2372802115,862,21.75,2,3287,3,3287,0,4836,,,,,,0,,,,,,,,,,0,3,0,37.73597717285156,0.0,0.0,0.0,0.0,0.0,0.0,1445.0,,0.0,,,,,,,0,3,1,0,0,6,7,6,6,1,2,212,1456,1456,0.0,0.0,0.0,0.0,448.515380859375,5.269843578338623,4.090333938598633,487.4801940917969,599.8012084960938,102.67236328125,107.31593322753906,1.7433559894561768,2.893233299255371,489.2294921875,613.6795043945312
2372802115,865,21.75,2,3288,3,3288,0,4877,,,,,,0,,,,,,,,,,0,3,0,37.73597717285156,0.0,0.0,0.0,0.0,0.0,0.0,1445.0,,0.0,,,,,,,0,3,1,0,0,7,7,6,7,1,2,214,1456,1456,0.0,0.0,0.0,0.0,448.515380859375,6.162709712982178,4.20894193649292,596.724609375,594.391357421875,113.386474609375,107.28533935546875,1.9154454469680786,2.6821041107177734,480.424560546875,626.9110717773438
2372802115,868,21.75,2,3289,3,3289,0,4830,,,,,,0,,,,,,,,,,0,3,0,37.73597717285156,0.0,0.0,0.0,0.0,0.0,0.0,1445.0,,0.0,,,,,,,0,3,1,0,0,6,6,6,6,1,2,215,1456,1456,0.0,0.0,0.0,0.0,448.515380859375,6.133808612823486,3.7383599281311035,509.20166015625,515.608642578125,106.14691162109375,109.42205810546875,1.4929996728897095,3.1472535133361816,469.4365234375,615.107421875
2372802115,871,21.75,2,3290,3,3290,0,4853,,,,,,0,,,,,,,,,,0,3,0,37.73597717285156,0.0,0.0,0.0,0.0,0.0,0.0,1445.0,,0.0,,,,,,,0,3,1,0,0,6,7,6,7,1,2,215,1456,1456,0.0,0.0,0.0,0.0,448.515380859375,5.929994106292725,4.424044132232666,503.7812805175781,602.114501953125,103.689453125,110.289306640625,1.7759373188018799,3.4449410438537598,470.26531982421875,621.643798828125
2372802115,874,22.0,2,3291,3,3291,0,4880,,,,,,0,,,,,,,,,,0,3,0,37.73597717285156,0.0,0.0,0.0,0.0,0.0,0.0,1445.0,,0.0,,,,,,,0,3,1,0,0,7,7,6,7,1,2,214,1456,1456,0.0,0.0,0.0,0.0,448.515380859375,6.157644271850586,4.170439720153809,599.9933471679688,598.320068359375,108.25347900390625,108.9276123046875,1.5975393056869507,3.8471462726593018,466.5745849609375,619.9517211914062
2372802115,878,22.0,2,3292,3,3292,0,4957,,,,,,0,,,,,,,,,,0,3,0,37.73597717285156,0.0,0.0,0.0,0.0,0.0,0.0,1445.0,,0.0,,,,,,,0,3,1,0,0,7,7,6,7,1,2,213,1456,1456,0.0,0.0,0.0,0.0,448.515380859375,6.262112140655518,4.578917980194092,601.794677734375,595.7984008789062,106.9312744140625,108.61300659179688,1.7215996980667114,3.4346609115600586,492.27154541015625,619.5424194335938
2372802115,882,22.078000000008615,2,3293,3,3293,0,4858,,,,,,0,,,,,,,,,,0,3,0,37.73597717285156,0.0,0.0,0.0,0.0,0.0,0.0,1445.0,,0.0,,,,,,,0,3,1,0,0,6,7,5,7,1,2,211,1456,1456,0.0,0.0,0.0,0.0,448.515380859375,5.235391616821289,4.262213706970215,488.34259033203125,596.0457763671875,103.16314697265625,109.44027709960938,2.2446742057800293,1.8214385509490967,465.41278076171875,717.5289306640625
2372802115,885,22.547000000005937,2,3294,3,3294,0,4889,,,,,,0,,,,,,,,,,0,3,0,37.73597717285156,0.0,0.0,0.0,0.0,0.0,0.0,1445.0,,0.0,,,,,,,0,3,1,0,0,7,7,6,6,1,2,212,1456,1456,0.0,0.0,0.0,0.0,448.515380859375,6.42734956741333,3.7300853729248047,590.9705200195312,601.49951171875,106.32754516601562,112.2266845703125,1.9471591711044312,3.1906559467315674,488.7388916015625,600.8125610351562
2372802115,888,22.547000000005937,2,3295,3,3295,0,4930,,,,,,0,,,,,,,,,,0,3,0,37.73597717285156,0.0,0.0,0.0,0.0,0.0,0.0,1445.0,,0.0,,,,,,,0,3,1,0,0,6,7,7,6,1,2,212,1456,1456,0.0,0.0,0.0,0.0,448.515380859375,5.511170864105225,3.863651752471924,505.58856201171875,591.5302734375,106.04678344726562,106.0784912109375,1.5712324380874634,3.3677756786346436,552.0567626953125,622.6657104492188
2372802115,891,22.547000000005937,2,3296,3,3296,0,4947,,,,,,0,,,,,,,,,,0,3,0,37.73597717285156,0.0,0.0,0.0,0.0,0.0,0.0,1445.0,,0.0,,,,,,,0,3,1,0,0,6,7,6,7,1,2,214,1456,1456,0.0,0.0,0.0,0.0,448.515380859375,5.369799613952637,4.065187931060791,500.2870178222656,588.958984375,104.638916015625,108.2947998046875,1.8940129280090332,3.7234909534454346,458.7022705078125,624.7108154296875
2372802115,894,22.547000000005937,2,3297,3,3297,0,4906,,,,,,0,,,,,,,,,,0,3,0,37.73597717285156,0.0,0.0,0.0,0.0,0.0,0.0,1445.0,,0.0,,,,,,,0,3,1,0,0,7,7,7,7,1,2,212,1456,1456,0.0,0.0,0.0,0.0,448.515380859375,6.1983232498168945,3.85764479637146,598.8222045898438,598.126708984375,117.84307861328125,106.8233642578125,1.8842915296554565,3.034665822982788,565.2715454101562,621.332275390625
2372802115,897,22.547000000005937,2,3298,3,3298,0,4924,,,,,,0,,,,,,,,,,0,3,0,37.73597717285156,0.0,0.0,0.0,0.0,0.0,0.0,1445.0,,0.0,,,,,,,0,3,1,0,0,6,7,6,7,1,2,214,1456,1456,0.0,0.0,0.0,0.0,448.515380859375,5.259721279144287,3.636390209197998,492.6272277832031,587.5103149414062,104.79217529296875,112.6788330078125,1.634070873260498,3.424328565597534,499.95916748046875,624.0841674804688
2372802115,902,22.547000000005937,2,3299,3,3299,0,4889,,,,,,0,,,,,,,,,,0,3,0,37.73597717285156,0.0,0.0,0.0,0.0,0.0,0.0,1445.0,,0.0,,,,,,,0,3,1,0,0,6,7,6,6,1,2,213,1456,1456,0.0,0.0,0.0,0.0,448.515380859375,5.511635780334473,3.7972159385681152,493.084716796875,594.63623046875,104.45095825195312,105.24261474609375,1.4167990684509277,2.980466842651367,460.97882080078125,613.6756591796875
2372802115,905,23.125,2,3300,3,3300,0,4836,,,,,,0,,,,,,,,,,0,3,0,37.73597717285156,0.0,0.0,0.0,0.0,0.0,0.0,1445.0,,0.0,,,,,,,0,3,1,0,0,7,7,6,6,1,2,210,1456,1456,0.0,0.0,0.0,0.0,448.515380859375,6.2969651222229,4.0349578857421875,592.59130859375,593.4072265625,109.75439453125,105.59117126464844,1.6985914707183838,3.0934314727783203,496.2763671875,617.5839233398438
2372802115,908,23.125,2,3301,3,3301,0,4880,,,,,,0,,,,,,,,,,0,3,0,37.73597717285156,0.0,0.0,0.0,0.0,0.0,0.0,1445.0,,0.0,,,,,,,0,3,1,0,0,7,7,7,8,1,2,212,1456,1456,0.0,0.0,0.0,0.0,448.515380859375,6.249630928039551,4.2124104499816895,588.96337890625,602.5760498046875,109.76058959960938,108.42971801757812,1.7392590045928955,3.677528142929077,568.1680908203125,713.2498168945312
2372802115,911,23.125,2,3302,3,3302,0,4810,,,,,,0,,,,,,,,,,0,3,0,37.73597717285156,0.0,0.0,0.0,0.0,0.0,0.0,1445.0,,0.0,,,,,,,0,3,1,0,0,6,6,5,8,1,2,210,1456,1456,0.0,0.0,0.0,0.0,448.515380859375,5.2734198570251465,3.620492935180664,490.0353088378906,513.0457153320312,107.54095458984375,106.47406005859375,1.6150007247924805,2.899984836578369,460.71087646484375,713.066650390625
2372802115,914,23.125,2,3303,3,3303,0,4856,,,,,,0,,,,,,,,,,0,3,0,37.73597717285156,0.0,0.0,0.0,0.0,0.0,0.0,1445.0,,0.0,,,,,,,0,3,1,0,0,6,7,7,6,1,2,212,1456,1456,0.0,0.0,0.0,0.0,448.515380859375,4.603903770446777,3.993469715118408,479.5592346191406,590.583740234375,105.67755126953125,108.24581909179688,1.8057537078857422,2.026895523071289,574.7313232421875,616.4569702148438
2372802115,917,23.125,2,3304,3,3304,0,4888,,,,,,0,,,,,,,,,,0,3,0,37.73597717285156,0.0,0.0,0.0,0.0,0.0,0.0,1445.0,,0.0,,,,,,,0,3,1,0,0,6,7,6,7,1,2,215,1456,1456,0.0,0.0,0.0,0.0,448.515380859375,5.374215602874756,4.203473091125488,496.96527099609375,597.34912109375,107.53167724609375,112.01483154296875,1.995789647102356,2.7759156227111816,465.95465087890625,622.1906127929688
2372802115,921,23.125,2,3305,3,3305,0,4843,,,,,,0,,,,,,,,,,0,3,0,37.73597717285156,0.0,0.0,0.0,0.0,0.0,0.0,1445.0,,0.0,,,,,,,0,3,1,0,0,7,7,6,7,1,2,213,1456,1456,0.0,0.0,0.0,0.0,448.515380859375,6.580175876617432,4.060866355895996,593.1804809570312,599.464599609375,105.89410400390625,105.8740234375,1.7687147855758667,2.8966500759124756,468.21710205078125,606.7555541992188
2372802115,924,23.125,2,3306,3,3306,0,4837,,,,,,0,,,,,,,,,,0,3,0,37.73597717285156,0.0,0.0,0.0,0.0,0.0,0.0,1445.0,,0.0,,,,,,,0,3,1,0,0,7,7,6,7,1,2,214,1456,1456,0.0,0.0,0.0,0.0,448.515380859375,6.05470609664917,3.8673954010009766,595.0318603515625,601.0574951171875,104.02349853515625,111.56903076171875,1.1571208238601685,3.6528029441833496,470.6328125,622.0830078125
2372802115,927,23.593000000008033,2,3307,3,3307,0,4855,,,,,,0,,,,,,,,,,0,3,0,37.73597717285156,0.0,0.0,0.0,0.0,0.0,0.0,1445.0,,0.0,,,,,,,0,3,1,0,0,6,7,6,7,1,2,214,1456,1456,0.0,0.0,0.0,0.0,448.515380859375,5.506099700927734,4.433242321014404,502.42333984375,598.6553344726562,108.94122314453125,113.37115478515625,1.6176540851593018,3.9915695190429688,463.84576416015625,609.7425537109375
2372802115,930,23.593000000008033,2,3308,3,3308,0,4821,,,,,,0,,,,,,,,,,0,3,0,37.73597717285156,0.0,0.0,0.0,0.0,0.0,0.0,1445.0,,0.0,,,,,,,0,3,1,0,0,7,6,6,6,1,2,214,1456,1456,0.0,0.0,0.0,0.0,448.515380859375,6.345830917358398,3.525988817214966,590.8526611328125,506.37921142578125,106.38986206054688,107.28228759765625,1.5969408750534058,3.3779146671295166,478.150146484375,615.1370849609375
2372802115,933,23.593000000008033,2,3309,3,3309,0,4920,,,,,,0,,,,,,,,,,0,3,0,37.73597717285156,0.0,0.0,0.0,0.0,0.0,0.0,1445.0,,0.0,,,,,,,0,3,1,0,0,6,7,7,8,1,2,215,1456,1456,0.0,0.0,0.0,0.0,448.515380859375,5.256226062774658,4.270349025726318,498.6524963378906,586.2383422851562,107.51055908203125,106.31629943847656,2.068185806274414,3.2099969387054443,581.7792358398438,720.7440795898438
2372802115,936,23.593000000008033,2,3310,3,3310,0,4897,,,,,,0,,,,,,,,,,0,3,0,37.73597717285156,0.0,0.0,0.0,0.0,0.0,0.0,1445.0,,0.0,,,,,,,0,3,1,0,0,6,7,6,7,1,2,214,1456,1456,0.0,0.0,0.0,0.0,448.515380859375,5.410055160522461,4.238742351531982,488.62823486328125,596.605712890625,111.23690795898438,112.8616943359375,1.9560526609420776,4.002212047576904,475.29388427734375,614.6029052734375
2372802115,941,23.593000000008033,2,3311,3,3311,0,4893,,,,,,0,,,,,,,,,,0,3,0,37.73597717285156,0.0,0.0,0.0,0.0,0.0,0.0,1445.0,,0.0,,,,,,,0,3,1,0,0,6,7,6,8,1,2,215,1456,1456,0.0,0.0,0.0,0.0,448.515380859375,5.427795886993408,4.112232208251953,499.54840087890625,593.70849609375,103.11380004882812,109.67562866210938,2.002938747406006,3.8222594261169434,469.46502685546875,714.10302734375
2372802115,944,23.593000000008033,2,3312,3,3312,0,4844,,,,,,0,,,,,,,,,,0,3,0,37.73597717285156,0.0,0.0,0.0,0.0,0.0,0.0,1445.0,,0.0,,,,,,,0,3,1,0,0,7,7,6,7,1,2,213,1456,1456,0.0,0.0,0.0,0.0,448.515380859375,6.408089637756348,4.356612205505371,597.947021484375,599.726806640625,107.26217651367188,105.839111328125,1.7938121557235718,3.499845266342163,465.30157470703125,619.1553955078125
2372802115,947,24.125,2,3313,3,3313,0,4929,,,,,,0,,,,,,,,,,0,3,0,37.73597717285156,0.0,0.0,0.0,0.0,0.0,0.0,1445.0,,0.0,,,,,,,0,3,1,0,0,6,7,6,7,1,2,216,1456,1456,0.0,0.0,0.0,0.0,448.515380859375,5.399834632873535,4.164931774139404,501.04754638671875,600.864501953125,109.923095703125,107.58982849121094,1.8155403137207031,3.0327208042144775,521.468994140625,618.1112670898438
2372802115,951,24.125,2,3314,3,3314,0,4932,,,,,,0,,,,,,,,,,0,3,0,37.73597717285156,0.0,0.0,0.0,0.0,0.0,0.0,1445.0,,0.0,,,,,,,0,3,1,0,0,6,7,6,7,1,2,212,1456,1456,0.0,0.0,0.0,0.0,448.515380859375,5.070882797241211,4.232730865478516,496.80706787109375,592.434326171875,105.52896118164062,111.3076171875,1.3057880401611328,3.9684929847717285,478.80145263671875,620.4765625
2372802115,953,24.125,2,3315,3,3315,0,4833,,,,,,0,,,,,,,,,,0,3,0,37.73597717285156,0.0,0.0,0.0,0.0,0.0,0.0,1445.0,,0.0,,,,,,,0,3,1,0,0,6,7,5,8,1,2,214,1456,1456,0.0,0.0,0.0,0.0,448.515380859375,5.5227155685424805,4.097079277038574,495.09393310546875,603.150634765625,109.902099609375,108.36160278320312,1.5448085069656372,3.3452565670013428,470.82257080078125,719.3823852539062
2372802115,956,24.125,2,3316,3,3316,0,4907,,,,,,0,,,,,,,,,,0,3,0,37.73597717285156,0.0,0.0,0.0,0.0,0.0,0.0,1445.0,,0.0,,,,,,,0,3,1,0,0,6,6,6,7,1,2,216,1456,1456,0.0,0.0,0.0,0.0,448.515380859375,5.389023303985596,3.838823080062866,497.8836669921875,506.4935302734375,104.88482666015625,107.35250854492188,1.7072242498397827,3.507056474685669,466.57952880859375,618.2835693359375
2372802115,961,24.125,2,3317,3,3317,0,4912,,,,,,0,,,,,,,,,,0,3,0,37.73597717285156,0.0,0.0,0.0,0.0,0.0,0.0,1445.0,,0.0,,,,,,,0,3,1,0,0,7,7,5,8,1,2,212,1456,1456,0.0,0.0,0.0,0.0,448.515380859375,6.086968898773193,3.7816879749298096,596.114990234375,596.7201538085938,111.0467529296875,105.6494140625,1.3623857498168945,3.071918487548828,417.0997314453125,722.7415771484375
2372802115,964,24.125,2,3318,3,3318,0,4962,,,,,,0,,,,,,,,,,0,3,0,37.73597717285156,0.0,0.0,0.0,0.0,0.0,0.0,1445.0,,0.0,,,,,,,0,3,1,0,0,7,7,6,6,1,2,214,1456,1456,0.0,0.0,0.0,0.0,448.515380859375,6.20485782623291,4.134557247161865,598.5809936523438,581.6962280273438,111.61932373046875,110.7130126953125,1.7305009365081787,2.4859437942504883,486.63519287109375,635.0648803710938
2372802115,967,24.264999999999418,2,3319,3,3319,0,4965,,,,,,0,,,,,,,,,,0,3,0,37.73597717285156,0.0,0.0,0.0,0.0,0.0,0.0,1445.0,,0.0,,,,,,,0,3,1,0,0,6,7,6,6,1,2,214,1456,1456,0.0,0.0,0.0,0.0,448.515380859375,5.438950061798096,4.359914302825928,487.40106201171875,607.0064697265625,103.2149658203125,114.94720458984375,1.726855993270874,3.199554443359375,492.113037109375,610.8473510742188
2372802115,970,24.264999999999418,2,3320,3,3320,0,4884,,,,,,0,,,,,,,,,,0,3,0,37.73597717285156,0.0,0.0,0.0,0.0,0.0,0.0,1445.0,,0.0,,,,,,,0,3,1,0,0,6,7,6,6,1,2,212,1456,1456,0.0,0.0,0.0,0.0,448.515380859375,5.873828411102295,3.717191457748413,506.1077575683594,584.156005859375,107.3594970703125,109.349853515625,1.7408217191696167,2.302541971206665,471.99114990234375,635.3290405273438
2372802115,973,24.797000000005937,2,3321,3,3321,0,4894,,,,,,0,,,,,,,,,,0,3,0,37.73597717285156,0.0,0.0,0.0,0.0,0.0,0.0,1445.0,,0.0,,,,,,,0,3,1,0,0,6,7,7,7,1,2,214,1456,1456,0.0,0.0,0.0,0.0,448.515380859375,4.9470601081848145,4.026189804077148,484.900146484375,594.4124145507812,112.21871948242188,104.98321533203125,1.8126230239868164,3.304879903793335,558.5266723632812,628.2488403320312
2372802115,976,24.797000000005937,2,3322,3,3322,0,4840,,,,,,0,,,,,,,,,,0,3,0,37.73597717285156,0.0,0.0,0.0,0.0,0.0,0.0,1445.0,,0.0,,,,,,,0,3,1,0,0,6,7,6,6,1,2,212,1456,1456,0.0,0.0,0.0,0.0,448.515380859375,5.15938663482666,4.1800103187561035,483.90008544921875,584.7147216796875,103.4508056640625,110.34893798828125,2.0061118602752686,3.731647253036499,507.659423828125,620.9800415039062
2372802115,981,24.797000000005937,2,3323,3,3323,0,4864,,,,,,0,,,,,,,,,,0,3,0,37.73597717285156,0.0,0.0,0.0,0.0,0.0,0.0,1445.0,,0.0,,,,,,,0,3,1,0,0,7,7,6,7,1,2,213,1456,1456,0.0,0.0,0.0,0.0,448.515380859375,6.102480888366699,4.143021583557129,582.3099365234375,601.416748046875,106.621337890625,109.251953125,2.1276707649230957,3.1703507900238037,515.1547241210938,620.6659545898438
2372802115,984,24.797000000005937,2,3324,3,3324,0,4845,,,,,,0,,,,,,,,,,0,3,0,37.73597717285156,0.0,0.0,0.0,0.0,0.0,0.0,1445.0,,0.0,,,,,,,0,3,1,0,0,7,7,5,7,1,2,212,1456,1456,0.0,0.0,0.0,0.0,448.515380859375,5.971914291381836,4.1961517333984375,596.4003295898438,584.3860473632812,109.42828369140625,107.74009704589844,1.8688781261444092,3.7996366024017334,477.71343994140625,613.00537109375
2372802115,987,24.797000000005937,2,3325,3,3325,0,4856,,,,,,0,,,,,,,,,,0,3,0,37.73597717285156,0.0,0.0,0.0,0.0,0.0,0.0,1445.0,,0.0,,,,,,,0,3,1,0,0,7,7,6,7,1,2,212,1456,1456,0.0,0.0,0.0,0.0,448.515380859375,6.083427906036377,4.2680206298828125,577.5530395507812,589.1558837890625,104.8651123046875,111.28289794921875,1.8006291389465332,3.892426013946533,460.906005859375,618.6239624023438
2372802115,990,24.797000000005937,2,3326,3,3326,0,4877,,,,,,0,,,,,,,,,,0,3,0,37.73597717285156,0.0,0.0,0.0,0.0,0.0,0.0,1445.0,,0.0,,,,,,,0,3,1,0,0,6,7,6,7,1,2,213,1456,1456,0.0,0.0,0.0,0.0,448.515380859375,5.105535984039307,3.9245412349700928,495.6748962402344,595.0335083007812,109.46173095703125,110.7698974609375,2.0810635089874268,3.8040807247161865,470.42767333984375,609.5074462890625
2372802115,993,25.389999999999418,2,3327,3,3327,0,4865,,,,,,0,,,,,,,,,,0,3,0,37.73597717285156,0.0,0.0,0.0,0.0,0.0,0.0,1445.0,,0.0,,,,,,,0,3,1,0,0,7,6,6,6,1,2,215,1456,1456,0.0,0.0,0.0,0.0,448.515380859375,6.420043468475342,3.799194574356079,589.0974731445312,518.8494262695312,107.878173828125,115.17315673828125,1.8012542724609375,2.7316737174987793,481.48333740234375,611.2063598632812
2372802115,996,25.389999999999418,2,3328,3,3328,0,4828,,,,,,0,,,,,,,,,,0,3,0,37.73597717285156,0.0,0.0,0.0,0.0,0.0,0.0,1445.0,,0.0,,,,,,,0,3,1,0,0,6,7,5,7,1,2,212,1456,1456,0.0,0.0,0.0,0.0,448.515380859375,5.4021315574646,4.068436145782471,492.9291687011719,580.4764404296875,109.40283203125,108.77340698242188,1.5248174667358398,3.1948704719543457,527.1268920898438,630.9026489257812
2372802115,1000,25.389999999999418,2,3329,3,3329,0,4877,,,,,,0,,,,,,,,,,0,3,0,37.73597717285156,0.0,0.0,0.0,0.0,0.0,0.0,1445.0,,0.0,,,,,,,0,3,1,0,0,6,7,6,7,1,2,212,1456,1456,0.0,0.0,0.0,0.0,448.515380859375,5.4114813804626465,4.031846523284912,481.91595458984375,594.9595947265625,103.4376220703125,107.05126953125,1.819206953048706,3.8664803504943848,499.1025390625,624.892578125
2372802115,1003,25.389999999999418,2,3330,3,3330,0,4843,,,,,,0,,,,,,,,,,0,3,0,37.73597717285156,0.0,0.0,0.0,0.0,0.0,0.0,1445.0,,0.0,,,,,,,0,3,1,0,0,7,7,7,6,1,2,214,1456,1456,0.0,0.0,0.0,0.0,448.515380859375,6.1196370124816895,4.55351448059082,589.9942626953125,598.930419921875,107.43252563476562,106.62705993652344,2.1556529998779297,1.9703598022460938,601.843505859375,624.1448974609375
2372802115,1006,25.389999999999418,2,3331,3,3331,0,4796,,,,,,0,,,,,,,,,,0,3,0,37.73597717285156,0.0,0.0,0.0,0.0,0.0,0.0,1445.0,,0.0,,,,,,,0,3,1,0,0,7,7,7,7,1,2,211,1456,1456,0.0,0.0,0.0,0.0,448.515380859375,6.166680812835693,3.8376054763793945,596.2871704101562,598.3231201171875,109.8433837890625,108.85484313964844,2.108316421508789,3.556673526763916,564.3214111328125,713.998291015625
2372802115,1009,25.389999999999418,2,3332,3,3332,0,4884,,,,,,0,,,,,,,,,,0,3,0,37.73597717285156,0.0,0.0,0.0,0.0,0.0,0.0,1445.0,,0.0,,,,,,,0,3,1,0,0,7,7,6,6,1,2,216,1456,1456,0.0,0.0,0.0,0.0,448.515380859375,6.273408889770508,4.424223899841309,579.9140625,594.9534912109375,106.42425537109375,108.03338623046875,1.804712176322937,2.2453136444091797,497.14984130859375,623.7978515625
2372802115,1012,25.389999999999418,2,3333,3,3333,0,4892,,,,,,0,,,,,,,,,,0,3,0,37.73597717285156,0.0,0.0,0.0,0.0,0.0,0.0,1445.0,,0.0,,,,,,,0,3,1,0,0,6,7,6,7,1,2,214,1456,1456,0.0,0.0,0.0,0.0,448.515380859375,5.535989761352539,4.658766269683838,502.8647766113281,590.6672973632812,107.00482177734375,110.15652465820312,1.7358425855636597,3.899970054626465,460.34014892578125,630.19482421875
2372802115,1015,25.922000000005937,2,3334,3,3334,0,4804,,,,,,0,,,,,,,,,,0,3,0,37.73597717285156,0.0,0.0,0.0,0.0,0.0,0.0,1445.0,,0.0,,,,,,,0,3,1,0,0,7,7,5,7,1,2,211,1456,1456,0.0,0.0,0.0,0.0,448.515380859375,6.437723159790039,4.209786891937256,593.13037109375,606.8544921875,112.5570068359375,108.19287109375,1.230818748474121,2.554697036743164,405.19683837890625,702.0562744140625
2372802115,1020,25.922000000005937,2,3335,3,3335,0,4870,,,,,,0,,,,,,,,,,0,3,0,37.73597717285156,0.0,0.0,0.0,0.0,0.0,0.0,1445.0,,0.0,,,,,,,0,3,1,0,0,7,7,7,7,1,2,212,1456,1456,0.0,0.0,0.0,0.0,448.515380859375,6.299907684326172,3.95477032661438,594.158203125,592.8973388671875,112.89028930664062,105.8603515625,1.8308335542678833,3.8583600521087646,555.9181518554688,627.4492797851562
2372802115,1023,25.922000000005937,2,3336,3,3336,0,4877,,,,,,0,,,,,,,,,,0,3,0,37.73597717285156,0.0,0.0,0.0,0.0,0.0,0.0,1445.0,,0.0,,,,,,,0,3,1,0,0,6,7,7,7,1,2,212,1456,1456,0.0,0.0,0.0,0.0,448.515380859375,5.411036491394043,4.01227331161499,488.0646667480469,597.2141723632812,107.98336791992188,111.38226318359375,1.7852888107299805,3.710883617401123,576.281494140625,618.5574951171875
2372802115,1026,25.922000000005937,2,3337,3,3337,0,4860,,,,,,0,,,,,,,,,,0,3,0,37.73597717285156,0.0,0.0,0.0,0.0,0.0,0.0,1445.0,,0.0,,,,,,,0,3,1,0,0,7,7,6,7,1,2,213,1456,1456,0.0,0.0,0.0,0.0,448.515380859375,6.1278228759765625,4.122519493103027,592.6235961914062,594.3458862304688,101.70120239257812,107.93183898925781,1.6569874286651611,3.8071019649505615,467.85089111328125,625.6673583984375
2372802115,1029,25.922000000005937,2,3338,3,3338,0,4886,,,,,,0,,,,,,,,,,0,3,0,37.73597717285156,0.0,0.0,0.0,0.0,0.0,0.0,1445.0,,0.0,,,,,,,0,3,1,0,0,7,7,6,7,1,2,214,1456,1456,0.0,0.0,0.0,0.0,448.515380859375,5.9771928787231445,3.294696569442749,584.4967041015625,585.55322265625,108.51519775390625,109.70391845703125,2.1581265926361084,3.4099526405334473,510.264404296875,620.2308959960938
2372802115,1033,25.922000000005937,2,3339,3,3339,0,4946,,,,,,0,,,,,,,,,,0,3,0,37.73597717285156,0.0,0.0,0.0,0.0,0.0,0.0,1445.0,,0.0,,,,,,,0,3,1,0,0,6,7,6,8,1,2,213,1456,1456,0.0,0.0,0.0,0.0,448.515380859375,5.2224602699279785,3.9919378757476807,491.4725646972656,590.0682373046875,107.86871337890625,106.03636169433594,1.7032965421676636,3.741878032684326,475.1126708984375,709.6070556640625
2372802115,1036,25.922000000005937,2,3340,3,3340,0,4950,,,,,,0,,,,,,,,,,0,3,0,37.73597717285156,0.0,0.0,0.0,0.0,0.0,0.0,1445.0,,0.0,,,,,,,0,3,1,0,0,7,7,6,7,1,2,212,1456,1456,0.0,0.0,0.0,0.0,448.515380859375,5.924598217010498,3.8391568660736084,598.2529296875,592.4710693359375,111.05487060546875,105.31271362304688,2.130171537399292,3.1265389919281006,466.29693603515625,614.532470703125
2372802115,1040,26.468000000008033,2,3341,3,3341,0,4942,,,,,,0,,,,,,,,,,0,3,0,37.73597717285156,0.0,0.0,0.0,0.0,0.0,0.0,1445.0,,0.0,,,,,,,0,3,1,0,0,7,6,6,7,1,2,214,1456,1456,0.0,0.0,0.0,0.0,448.515380859375,6.214566707611084,4.122832298278809,599.8536376953125,514.8212280273438,107.2001953125,106.30282592773438,1.8267213106155396,2.746316432952881,513.4218139648438,704.0194091796875
2372802115,1043,26.468000000008033,2,3342,3,3342,0,4940,,,,,,0,,,,,,,,,,0,3,0,37.73597717285156,0.0,0.0,0.0,0.0,0.0,0.0,1445.0,,0.0,,,,,,,0,3,1,0,0,7,7,7,7,1,2,212,1456,1456,0.0,0.0,0.0,0.0,448.515380859375,6.080981254577637,4.019712924957275,594.6873779296875,598.054931640625,108.16156005859375,107.66943359375,1.4071136713027954,3.5214176177978516,560.9752807617188,622.5872802734375
2372802115,1046,26.468000000008033,2,3343,3,3343,0,4886,,,,,,0,,,,,,,,,,0,3,0,37.73597717285156,0.0,0.0,0.0,0.0,0.0,0.0,1445.0,,0.0,,,,,,,0,3,1,0,0,6,7,5,8,1,2,214,1456,1456,0.0,0.0,0.0,0.0,448.515380859375,5.395472526550293,3.9706475734710693,502.24249267578125,588.6915283203125,107.23785400390625,105.43438720703125,1.4954359531402588,2.6280531883239746,411.19232177734375,721.9410400390625
2372802115,1049,26.468000000008033,2,3344,3,3344,0,4937,,,,,,0,,,,,,,,,,0,3,0,37.73597717285156,0.0,0.0,0.0,0.0,0.0,0.0,1445.0,,0.0,,,,,,,0,3,1,0,0,6,6,6,6,1,2,215,1456,1456,0.0,0.0,0.0,0.0,448.515380859375,5.641351222991943,3.7617039680480957,490.463134765625,517.0084838867188,103.04168701171875,116.01971435546875,1.8621206283569336,2.129098653793335,490.98028564453125,614.8119506835938
2372802115,1052,26.468000000008033,2,3345,3,3345,0,4825,,,,,,0,,,,,,,,,,0,3,0,37.73597717285156,0.0,0.0,0.0,0.0,0.0,0.0,1445.0,,0.0,,,,,,,0,3,1,0,0,7,7,6,7,1,2,210,1456,1456,0.0,0.0,0.0,0.0,448.515380859375,6.066181659698486,4.05462646484375,589.55859375,596.4434814453125,106.9334716796875,107.32473754882812,2.049513339996338,3.0849194526672363,494.3780517578125,715.4536743164062
2372802115,1055,26.468000000008033,2,3346,3,3346,0,4828,,,,,,0,,,,,,,,,,0,3,0,37.73597717285156,0.0,0.0,0.0,0.0,0.0,0.0,1445.0,,0.0,,,,,,,0,3,1,0,0,6,7,5,7,1,2,213,1456,1456,0.0,0.0,0.0,0.0,448.515380859375,5.47657585144043,3.8775715827941895,494.06292724609375,597.4640502929688,103.77468872070312,108.04794311523438,1.2466810941696167,2.8001885414123535,411.21270751953125,705.8088989257812
2372802115,1060,27.031000000002678,2,3347,3,3347,0,4875,,,,,,0,,,,,,,,,,0,3,0,37.73597717285156,0.0,0.0,0.0,0.0,0.0,0.0,1445.0,,0.0,,,,,,,0,3,1,0,0,6,6,7,6,1,2,211,1456,1456,0.0,0.0,0.0,0.0,448.515380859375,5.22409725189209,3.6466920375823975,499.29974365234375,511.6203918457031,106.56539916992188,109.162109375,1.613403558731079,2.7090072631835938,551.1372680664062,606.841064453125
2372802115,1063,27.031000000002678,2,3348,3,3348,0,4843,,,,,,0,,,,,,,,,,0,3,0,37.73597717285156,0.0,0.0,0.0,0.0,0.0,0.0,1445.0,,0.0,,,,,,,0,3,1,0,0,7,7,7,8,1,2,212,1456,1456,0.0,0.0,0.0,0.0,448.515380859375,6.3809733390808105,3.985285997390747,589.698974609375,601.7689208984375,108.90380859375,108.21096801757812,1.8962596654891968,3.7570509910583496,567.859619140625,706.7896728515625
2372802115,1066,27.031000000002678,2,3349,3,3349,0,4873,,,,,,0,,,,,,,,,,0,3,0,37.73597717285156,0.0,0.0,0.0,0.0,0.0,0.0,1445.0,,0.0,,,,,,,0,3,1,0,0,7,7,6,7,1,2,213,1456,1456,0.0,0.0,0.0,0.0,448.515380859375,6.136224269866943,3.8874950408935547,599.1419677734375,604.5675048828125,107.706787109375,107.64956665039062,1.889522671699524,2.125558376312256,486.046630859375,715.4837646484375
2372802115,1069,27.031000000002678,2,3350,3,3350,0,4900,,,,,,0,,,,,,,,,,0,3,0,37.73597717285156,0.0,0.0,0.0,0.0,0.0,0.0,1445.0,,0.0,,,,,,,0,3,1,0,0,7,7,6,7,1,2,215,1456,1456,0.0,0.0,0.0,0.0,448.515380859375,6.351232051849365,4.029643535614014,594.845947265625,601.787841796875,108.52969360351562,111.43377685546875,1.810371994972229,2.885956287384033,462.55047607421875,627.814208984375
2372802115,1072,27.031000000002678,2,3351,3,3351,0,4817,,,,,,0,,,,,,,,,,0,3,0,37.73597717285156,0.0,0.0,0.0,0.0,0.0,0.0,1445.0,,0.0,,,,,,,0,3,1,0,0,6,7,5,7,1,2,212,1456,1456,0.0,0.0,0.0,0.0,448.515380859375,5.447442531585693,4.038571834564209,508.30389404296875,578.4847412109375,107.996826171875,108.51449584960938,1.2944566011428833,2.731719970703125,446.91241455078125,632.6221313476562
2372802115,1075,27.031000000002678,2,3352,3,3352,0,4897,,,,,,0,,,,,,,,,,0,3,0,37.73597717285156,0.0,0.0,0.0,0.0,0.0,0.0,1445.0,,0.0,,,,,,,0,3,1,0,0,7,7,6,7,1,2,213,1456,1456,0.0,0.0,0.0,0.0,448.515380859375,6.4095330238342285,3.952270984649658,590.6468505859375,599.7591552734375,111.9595947265625,110.22406005859375,1.9935723543167114,3.6627755165100098,491.38372802734375,617.7012939453125
2372802115,1079,27.031000000002678,2,3353,3,3353,0,4865,,,,,,0,,,,,,,,,,0,3,0,37.73597717285156,0.0,0.0,0.0,0.0,0.0,0.0,1445.0,,0.0,,,,,,,0,3,1,0,0,6,7,6,7,1,2,215,1456,1456,0.0,0.0,0.0,0.0,448.515380859375,5.6155829429626465,4.419816493988037,501.7286376953125,601.7012329101562,104.38177490234375,106.16377258300781,1.557681679725647,2.423243999481201,451.8369140625,627.3546752929688
2372802115,1082,27.125,2,3354,3,3354,0,4915,,,,,,0,,,,,,,,,,0,3,0,37.73597717285156,0.0,0.0,0.0,0.0,0.0,0.0,1445.0,,0.0,,,,,,,0,3,1,0,0,7,7,6,7,1,2,215,1456,1456,0.0,0.0,0.0,0.0,448.515380859375,6.5155110359191895,4.238473892211914,600.0966186523438,591.7738647460938,108.25457763671875,106.294921875,1.8080155849456787,3.6677913665771484,494.06060791015625,629.5050659179688
2372802115,1085,27.656000000002678,2,3355,3,3355,0,4900,,,,,,0,,,,,,,,,,0,3,0,37.73597717285156,0.0,0.0,0.0,0.0,0.0,0.0,1445.0,,0.0,,,,,,,0,3,1,0,0,6,7,6,7,1,2,215,1456,1456,0.0,0.0,0.0,0.0,448.515380859375,5.665070056915283,4.403049945831299,496.8841247558594,590.901123046875,107.07373046875,107.98358154296875,1.6316871643066406,3.49452805519104,467.2247314453125,606.6519775390625
2372802115,1088,27.656000000002678,2,3356,3,3356,0,4868,,,,,,0,,,,,,,,,,0,3,0,37.73597717285156,0.0,0.0,0.0,0.0,0.0,0.0,1445.0,,0.0,,,,,,,0,3,1,0,0,7,7,6,7,1,2,214,1456,1456,0.0,0.0,0.0,0.0,448.515380859375,6.251247882843018,3.9011871814727783,601.734375,589.6298217773438,110.37615966796875,105.5667724609375,1.7157748937606812,3.2491767406463623,458.75177001953125,625.5126342773438
2372802115,1091,27.656000000002678,2,3357,3,3357,0,4860,,,,,,0,,,,,,,,,,0,3,0,37.73597717285156,0.0,0.0,0.0,0.0,0.0,0.0,1445.0,,0.0,,,,,,,0,3,1,0,0,6,7,6,7,1,2,214,1456,1456,0.0,0.0,0.0,0.0,448.515380859375,5.359935760498047,4.211921215057373,501.9966735839844,602.2529296875,108.08480834960938,107.56793212890625,1.7057867050170898,3.8524842262268066,463.85052490234375,622.5913696289062
2372802115,1094,27.656000000002678,2,3358,3,3358,0,4826,,,,,,0,,,,,,,,,,0,3,0,37.73597717285156,0.0,0.0,0.0,0.0,0.0,0.0,1445.0,,0.0,,,,,,,0,3,1,0,0,7,7,6,7,1,2,215,1456,1456,0.0,0.0,0.0,0.0,448.515380859375,6.174942970275879,3.826524257659912,601.509521484375,605.7391357421875,109.0447998046875,112.38458251953125,1.9097566604614258,2.838838577270508,491.68365478515625,714.4385375976562
2372802115,1099,27.656000000002678,2,3359,3,3359,0,4869,,,,,,0,,,,,,,,,,0,3,0,37.73597717285156,0.0,0.0,0.0,0.0,0.0,0.0,1445.0,,0.0,,,,,,,0,3,1,0,0,7,7,6,6,1,2,216,1456,1456,0.0,0.0,0.0,0.0,448.515380859375,6.309776782989502,4.311712741851807,587.7423706054688,600.604248046875,102.36383056640625,106.07211303710938,1.7005276679992676,3.180133819580078,475.67657470703125,606.7891235351562
2372802115,1102,27.656000000002678,2,3360,3,3360,0,4825,,,,,,0,,,,,,,,,,0,3,0,37.73597717285156,0.0,0.0,0.0,0.0,0.0,0.0,1445.0,,0.0,,,,,,,0,3,1,0,0,6,7,7,6,1,2,214,1456,1456,0.0,0.0,0.0,0.0,448.515380859375,5.452003002166748,4.066133975982666,502.62371826171875,592.422607421875,109.61184692382812,108.45970153808594,1.886246681213379,3.394256114959717,561.5534057617188,608.2649536132812
2372802115,1105,27.656000000002678,2,3361,3,3361,0,4867,,,,,,0,,,,,,,,,,0,3,0,37.73597717285156,0.0,0.0,0.0,0.0,0.0,0.0,1445.0,,0.0,,,,,,,0,3,1,0,0,7,7,7,6,1,2,215,1456,1456,0.0,0.0,0.0,0.0,448.515380859375,6.209805488586426,3.952247381210327,583.0178833007812,596.2098999023438,103.939697265625,106.249755859375,2.2231287956237793,2.5371644496917725,571.7581176757812,629.0111694335938
2372802115,1108,28.218000000008033,2,3362,3,3362,0,4885,,,,,,0,,,,,,,,,,0,3,0,37.73597717285156,0.0,0.0,0.0,0.0,0.0,0.0,1445.0,,0.0,,,,,,,0,3,1,0,0,6,7,6,6,1,2,214,1456,1456,0.0,0.0,0.0,0.0,448.515380859375,5.366215705871582,4.415957927703857,491.8088684082031,595.3704223632812,109.43218994140625,104.4688720703125,1.7513738870620728,2.8670785427093506,501.38690185546875,625.4114379882812
2372802115,1112,28.218000000008033,2,3363,3,3363,0,4922,,,,,,0,,,,,,,,,,0,3,0,37.73597717285156,0.0,0.0,0.0,0.0,0.0,0.0,1445.0,,0.0,,,,,,,0,3,1,0,0,6,7,6,8,1,2,211,1456,1456,0.0,0.0,0.0,0.0,448.515380859375,5.761358737945557,3.9861257076263428,501.80511474609375,602.8343505859375,108.373046875,110.00250244140625,1.6721372604370117,3.2355189323425293,466.71038818359375,711.5018310546875
2372802115,1115,28.218000000008033,2,3364,3,3364,0,4934,,,,,,0,,,,,,,,,,0,3,0,37.73597717285156,0.0,0.0,0.0,0.0,0.0,0.0,1445.0,,0.0,,,,,,,0,3,1,0,0,7,6,6,7,1,2,210,1456,1456,0.0,0.0,0.0,0.0,448.515380859375,5.958550453186035,3.0394339561462402,582.8414916992188,511.05413818359375,106.13809204101562,119.38018798828125,1.8892041444778442,2.5328640937805176,506.61505126953125,601.9808959960938
2372802115,1119,28.218000000008033,2,3365,3,3365,0,4857,,,,,,0,,,,,,,,,,0,3,0,37.73597717285156,0.0,0.0,0.0,0.0,0.0,0.0,1445.0,,0.0,,,,,,,0,3,1,0,0,6,7,5,7,1,2,209,1456,1456,0.0,0.0,0.0,0.0,448.515380859375,5.196944236755371,4.640172004699707,498.1576843261719,586.1268920898438,107.24505615234375,108.1363525390625,1.1181749105453491,2.160756826400757,431.74444580078125,702.2562255859375
2372802115,1122,28.218000000008033,2,3366,3,3366,0,4929,,,,,,0,,,,,,,,,,0,3,0,37.73597717285156,0.0,0.0,0.0,0.0,0.0,0.0,1445.0,,0.0,,,,,,,0,3,1,0,0,7,7,7,7,1,2,211,1456,1456,0.0,0.0,0.0,0.0,448.515380859375,6.117794513702393,3.9902751445770264,596.2973022460938,592.4339599609375,106.77471923828125,111.7939453125,2.0239627361297607,2.722761869430542,560.0765991210938,706.4808959960938
2372802115,1125,28.218000000008033,2,3367,3,3367,0,4920,,,,,,0,,,,,,,,,,0,3,0,37.73597717285156,0.0,0.0,0.0,0.0,0.0,0.0,1445.0,,0.0,,,,,,,0,3,1,0,0,7,7,6,6,1,2,215,1456,1456,0.0,0.0,0.0,0.0,448.515380859375,6.110174655914307,4.196985244750977,599.3273315429688,598.86865234375,106.19082641601562,112.34173583984375,2.2963719367980957,2.341844081878662,498.84869384765625,608.0437622070312
2372802115,1128,28.797000000005937,2,3368,3,3368,0,4833,,,,,,0,,,,,,,,,,0,3,0,37.73597717285156,0.0,0.0,0.0,0.0,0.0,0.0,1445.0,,0.0,,,,,,,0,3,1,0,0,7,7,5,6,1,2,209,1456,1456,0.0,0.0,0.0,0.0,448.515380859375,5.902936935424805,3.965662956237793,580.6826782226562,604.134765625,105.11959838867188,112.6055908203125,1.0295380353927612,2.933845281600952,423.99481201171875,615.7835083007812
2372802115,1131,28.797000000005937,2,3369,3,3369,0,4931,,,,,,0,,,,,,,,,,0,3,0,37.73597717285156,0.0,0.0,0.0,0.0,0.0,0.0,1445.0,,0.0,,,,,,,0,3,1,0,0,7,7,6,7,1,2,214,1456,1456,0.0,0.0,0.0,0.0,448.515380859375,6.0577168464660645,4.605696201324463,599.888671875,599.6339111328125,115.953369140625,103.81315612792969,1.620492935180664,3.25079083442688,512.3583374023438,625.86328125
2372802115,1134,28.797000000005937,2,3370,3,3370,0,4885,,,,,,0,,,,,,,,,,0,3,0,37.73597717285156,0.0,0.0,0.0,0.0,0.0,0.0,1445.0,,0.0,,,,,,,0,3,1,0,0,7,7,6,8,1,2,214,1456,1456,0.0,0.0,0.0,0.0,448.515380859375,6.038646697998047,4.120304584503174,595.32470703125,596.5402221679688,106.50469970703125,106.9111328125,2.0967161655426025,3.206181764602661,464.2667236328125,720.951904296875
2372802115,1139,28.797000000005937,2,3371,3,3371,0,4950,,,,,,0,,,,,,,,,,0,3,0,37.73597717285156,0.0,0.0,0.0,0.0,0.0,0.0,1445.0,,0.0,,,,,,,0,3,1,0,0,7,6,6,7,1,2,212,1456,1456,0.0,0.0,0.0,0.0,448.515380859375,6.568674564361572,3.9530680179595947,592.054931640625,507.814453125,111.50152587890625,106.76451110839844,1.7514874935150146,3.7648367881774902,474.54833984375,616.730712890625
2372802115,1142,28.797000000005937,2,3372,3,3372,0,4850,,,,,,0,,,,,,,,,,0,3,0,37.73597717285156,0.0,0.0,0.0,0.0,0.0,0.0,1445.0,,0.0,,,,,,,0,3,1,0,0,6,7,5,7,1,2,212,1456,1456,0.0,0.0,0.0,0.0,448.515380859375,5.641470432281494,3.7403013706207275,477.8822326660156,595.7864379882812,100.9471435546875,110.4892578125,1.7662771940231323,3.0358684062957764,495.95037841796875,601.1080932617188
2372802115,1145,28.797000000005937,2,3373,3,3373,0,4852,,,,,,0,,,,,,,,,,0,3,0,37.73597717285156,0.0,0.0,0.0,0.0,0.0,0.0,1445.0,,0.0,,,,,,,0,3,1,0,0,6,7,5,8,1,2,213,1456,1456,0.0,0.0,0.0,0.0,448.515380859375,5.678343296051025,4.156851291656494,505.480224609375,599.3502807617188,104.3189697265625,106.85675048828125,2.0222554206848145,3.7701942920684814,478.8150634765625,711.4337158203125
2372802115,1148,28.797000000005937,2,3374,3,3374,0,4858,,,,,,0,,,,,,,,,,0,3,0,37.73597717285156,0.0,0.0,0.0,0.0,0.0,0.0,1445.0,,0.0,,,,,,,0,3,1,0,0,6,7,6,6,1,2,214,1456,1456,0.0,0.0,0.0,0.0,448.515380859375,6.116318225860596,3.9529080390930176,505.791259765625,592.4926147460938,109.75701904296875,105.983154296875,1.232305884361267,2.981640338897705,492.99176025390625,629.9805297851562
2372802115,1151,29.375,2,3375,3,3375,0,4844,,,,,,0,,,,,,,,,,0,3,0,37.73597717285156,0.0,0.0,0.0,0.0,0.0,0.0,1445.0,,0.0,,,,,,,0,3,1,0,0,7,7,6,7,1,2,212,1456,1456,0.0,0.0,0.0,0.0,448.515380859375,6.6851301193237305,4.180210590362549,594.242919921875,604.2789306640625,113.061279296875,113.20953369140625,1.8004461526870728,2.2600741386413574,542.8033447265625,699.3182373046875
2372802115,1154,29.375,2,3376,3,3376,0,4842,,,,,,0,,,,,,,,,,0,3,0,37.73597717285156,0.0,0.0,0.0,0.0,0.0,0.0,1445.0,,0.0,,,,,,,0,3,1,0,0,7,7,6,7,1,2,212,1456,1456,0.0,0.0,0.0,0.0,448.515380859375,6.380072116851807,4.199758529663086,595.1318969726562,585.42041015625,115.8076171875,105.09188842773438,1.6957738399505615,3.0369293689727783,475.05682373046875,709.0194702148438
2372802115,1158,29.375,2,3377,3,3377,0,4802,,,,,,0,,,,,,,,,,0,3,0,37.73597717285156,0.0,0.0,0.0,0.0,0.0,0.0,1445.0,,0.0,,,,,,,0,3,1,0,0,6,7,5,7,1,2,211,1456,1456,0.0,0.0,0.0,0.0,448.515380859375,5.530402183532715,4.181896686553955,496.13641357421875,598.9797973632812,105.00408935546875,109.69326782226562,1.497963786125183,2.6525256633758545,467.44610595703125,723.5494384765625
2372802115,1161,29.375,2,3378,3,3378,0,4889,,,,,,0,,,,,,,,,,0,3,0,37.73597717285156,0.0,0.0,0.0,0.0,0.0,0.0,1445.0,,0.0,,,,,,,0,3,1,0,0,7,7,6,8,1,2,213,1456,1456,0.0,0.0,0.0,0.0,448.515380859375,6.487671375274658,4.254891395568848,595.970703125,584.4263916015625,103.100830078125,108.44863891601562,1.4454998970031738,3.3167128562927246,524.0107421875,713.92041015625
2372802115,1164,29.375,2,3379,3,3379,0,4889,,,,,,0,,,,,,,,,,0,3,0,37.73597717285156,0.0,0.0,0.0,0.0,0.0,0.0,1445.0,,0.0,,,,,,,0,3,1,0,0,7,7,6,7,1,2,213,1456,1456,0.0,0.0,0.0,0.0,448.515380859375,6.356359004974365,3.9406373500823975,596.1840209960938,592.18359375,102.22554016113281,108.06903076171875,1.540410041809082,2.9317831993103027,481.0101318359375,626.3096923828125
2372802115,1167,29.375,2,3380,3,3380,0,4848,,,,,,0,,,,,,,,,,0,3,0,37.73597717285156,0.0,0.0,0.0,0.0,0.0,0.0,1445.0,,0.0,,,,,,,0,3,1,0,0,6,7,7,6,1,2,213,1456,1456,0.0,0.0,0.0,0.0,448.515380859375,5.839508533477783,4.1255621910095215,507.01605224609375,602.2908935546875,107.17324829101562,112.65936279296875,1.5681848526000977,2.3638813495635986,546.7951049804688,630.2698974609375
2372802115,1170,29.375,2,3381,3,3381,0,4839,,,,,,0,,,,,,,,,,0,3,0,37.73597717285156,0.0,0.0,0.0,0.0,0.0,0.0,1445.0,,0.0,,,,,,,0,3,1,0,0,6,7,6,6,1,2,213,1456,1456,0.0,0.0,0.0,0.0,448.515380859375,5.795508861541748,4.183302402496338,504.392333984375,592.2925415039062,113.22515869140625,106.43110656738281,1.2181075811386108,2.5580508708953857,462.884521484375,628.0636596679688
2372802115,1173,29.922000000005937,2,3382,3,3382,0,4856,,,,,,0,,,,,,,,,,0,3,0,37.73597717285156,0.0,0.0,0.0,0.0,0.0,0.0,1445.0,,0.0,,,,,,,0,3,1,0,0,7,7,6,7,1,2,214,1456,1456,0.0,0.0,0.0,0.0,448.515380859375,6.333812236785889,3.890106439590454,598.3762817382812,586.8284912109375,112.4000244140625,112.18350219726562,2.0832998752593994,2.9280037879943848,497.59991455078125,612.864013671875
2372802115,1178,29.922000000005937,2,3383,3,3383,0,4877,,,,,,0,,,,,,,,,,0,3,0,37.73597717285156,0.0,0.0,0.0,0.0,0.0,0.0,1445.0,,0.0,,,,,,,0,3,1,0,0,7,7,6,7,1,2,216,1456,1456,0.0,0.0,0.0,0.0,448.515380859375,6.2081427574157715,3.8285436630249023,594.747802734375,580.2989501953125,101.88980102539062,109.22470092773438,1.7138257026672363,2.9559264183044434,464.12603759765625,626.413330078125
2372802115,1181,29.922000000005937,2,3384,3,3384,0,4813,,,,,,0,,,,,,,,,,0,3,0,37.73597717285156,0.0,0.0,0.0,0.0,0.0,0.0,1445.0,,0.0,,,,,,,0,3,1,0,0,6,7,5,8,1,2,213,1456,1456,0.0,0.0,0.0,0.0,448.515380859375,5.271524906158447,3.765108346939087,495.17401123046875,591.6785888671875,104.04885864257812,106.8262939453125,2.432023048400879,3.5361063480377197,513.470703125,724.0740356445312
2372802115,1184,29.922000000005937,2,3385,3,3385,0,4842,,,,,,0,,,,,,,,,,0,3,0,37.73597717285156,0.0,0.0,0.0,0.0,0.0,0.0,1445.0,,0.0,,,,,,,0,3,1,0,0,7,7,5,8,1,2,212,1456,1456,0.0,0.0,0.0,0.0,448.515380859375,6.585476398468018,4.092399597167969,598.7005615234375,597.7279052734375,107.56121826171875,110.1922607421875,1.7516480684280396,3.7077410221099854,457.8280029296875,714.4310913085938
2372802115,1187,29.922000000005937,2,3386,3,3386,0,4824,,,,,,0,,,,,,,,,,0,3,0,37.73597717285156,0.0,0.0,0.0,0.0,0.0,0.0,1445.0,,0.0,,,,,,,0,3,1,0,0,6,7,5,8,1,2,211,1456,1456,0.0,0.0,0.0,0.0,448.515380859375,5.4605817794799805,3.906442403793335,494.1973876953125,598.0155029296875,108.64334106445312,106.81735229492188,1.4478275775909424,3.3004143238067627,473.17108154296875,720.08154296875
2372802115,1190,29.922000000005937,2,3387,3,3387,0,4875,,,,,,0,,,,,,,,,,0,3,0,37.73597717285156,0.0,0.0,0.0,0.0,0.0,0.0,1445.0,,0.0,,,,,,,0,3,1,0,0,6,7,6,8,1,2,212,1456,1456,0.0,0.0,0.0,0.0,448.515380859375,5.631246089935303,3.9166643619537354,495.6361083984375,602.2252807617188,106.60723876953125,108.61566162109375,1.9550247192382812,4.804104804992676,510.2928466796875,712.1737060546875
2372802115,1194,30.453000000008615,2,3388,3,3388,0,4897,,,,,,0,,,,,,,,,,0,3,0,37.73597717285156,0.0,0.0,0.0,0.0,0.0,0.0,1445.0,,0.0,,,,,,,0,3,1,0,0,6,6,5,7,1,2,211,1456,1456,0.0,0.0,0.0,0.0,448.515380859375,5.66899299621582,3.53151535987854,495.55267333984375,510.08648681640625,108.98001098632812,110.75360107421875,1.4983786344528198,3.3767566680908203,458.47540283203125,616.0512084960938
2372802115,1198,30.453000000008615,2,3389,3,3389,0,4918,,,,,,0,,,,,,,,,,0,3,0,37.73597717285156,0.0,0.0,0.0,0.0,0.0,0.0,1445.0,,0.0,,,,,,,0,3,1,0,0,6,6,6,7,1,2,210,1456,1456,0.0,0.0,0.0,0.0,448.515380859375,5.388227462768555,3.6589484214782715,484.04571533203125,522.81640625,106.25262451171875,118.26190185546875,1.906814694404602,3.7434065341949463,478.0902099609375,596.191650390625
2372802115,1201,30.453000000008615,2,3390,3,3390,0,4796,,,,,,0,,,,,,,,,,0,3,0,37.73597717285156,0.0,0.0,0.0,0.0,0.0,0.0,1445.0,,0.0,,,,,,,0,3,1,0,0,6,7,5,6,1,2,208,1456,1456,0.0,0.0,0.0,0.0,448.515380859375,4.86579704284668,3.5215702056884766,469.4752197265625,597.29345703125,105.24197387695312,109.25544738769531,1.4160572290420532,2.418311834335327,498.75274658203125,622.2113647460938
2372802115,1204,30.453000000008615,2,3391,3,3391,0,4893,,,,,,0,,,,,,,,,,0,3,0,37.73597717285156,0.0,0.0,0.0,0.0,0.0,0.0,1445.0,,0.0,,,,,,,0,3,1,0,0,6,7,5,8,1,2,211,1456,1456,0.0,0.0,0.0,0.0,448.515380859375,5.293248176574707,4.175291538238525,497.37615966796875,588.9306640625,103.05412292480469,108.17889404296875,1.6978086233139038,3.355320692062378,459.08612060546875,718.7608642578125
2372802115,1207,30.453000000008615,2,3392,3,3392,0,4867,,,,,,0,,,,,,,,,,0,3,0,37.73597717285156,0.0,0.0,0.0,0.0,0.0,0.0,1445.0,,0.0,,,,,,,0,3,1,0,0,6,7,6,8,1,2,213,1456,1456,0.0,0.0,0.0,0.0,448.515380859375,5.044921398162842,3.2419815063476562,493.2542419433594,591.7625732421875,108.75384521484375,105.4754638671875,1.672134280204773,3.296783208847046,469.1639404296875,724.5357055664062
2372802115,1210,30.453000000008615,2,3393,3,3393,0,4872,,,,,,0,,,,,,,,,,0,3,0,37.73597717285156,0.0,0.0,0.0,0.0,0.0,0.0,1445.0,,0.0,,,,,,,0,3,1,0,0,6,7,6,8,1,2,214,1456,1456,0.0,0.0,0.0,0.0,448.515380859375,5.772305011749268,3.9453723430633545,496.8194274902344,597.5302124023438,110.7830810546875,105.75503540039062,1.5378674268722534,3.297848701477051,468.266357421875,715.0559692382812
2372802115,1213,30.453000000008615,2,3394,3,3394,0,4840,,,,,,0,,,,,,,,,,0,3,0,37.73597717285156,0.0,0.0,0.0,0.0,0.0,0.0,1445.0,,0.0,,,,,,,0,3,1,0,0,6,7,5,7,1,2,213,1456,1456,0.0,0.0,0.0,0.0,448.515380859375,5.136855602264404,4.053124904632568,481.4327392578125,595.0968017578125,106.71853637695312,106.57955932617188,2.2686140537261963,3.2079670429229736,484.25341796875,719.6788940429688
2372802115,1218,30.625,2,3395,3,3395,0,4871,,,,,,0,,,,,,,,,,0,3,0,37.73597717285156,0.0,0.0,0.0,0.0,0.0,0.0,1445.0,,0.0,,,,,,,0,3,1,0,0,7,7,6,6,1,2,214,1456,1456,0.0,0.0,0.0,0.0,448.515380859375,6.1990838050842285,3.844857692718506,594.1387329101562,578.823486328125,110.98382568359375,108.04331970214844,1.8051024675369263,2.1376848220825195,498.44268798828125,623.2986450195312
2372802115,1221,30.625,2,3396,3,3396,0,4836,,,,,,0,,,,,,,,,,0,3,0,37.73597717285156,0.0,0.0,0.0,0.0,0.0,0.0,1445.0,,0.0,,,,,,,0,3,1,0,0,7,7,5,7,1,2,214,1456,1456,0.0,0.0,0.0,0.0,448.515380859375,6.343700408935547,3.8376920223236084,591.09033203125,586.37255859375,110.01580810546875,108.51249694824219,1.171007513999939,2.8609352111816406,417.14727783203125,627.8810424804688
2372802115,1224,31.187000000005355,2,3397,3,3397,0,4870,,,,,,0,,,,,,,,,,0,3,0,37.73597717285156,0.0,0.0,0.0,0.0,0.0,0.0,1445.0,,0.0,,,,,,,0,3,1,0,0,7,7,6,7,1,2,214,1456,1456,0.0,0.0,0.0,0.0,448.515380859375,6.1757073402404785,4.434564113616943,599.8212280273438,600.8936157226562,106.83038330078125,107.9556884765625,1.5910450220108032,3.5109355449676514,484.32879638671875,610.9424438476562
2372802115,1227,31.187000000005355,2,3398,3,3398,0,4862,,,,,,0,,,,,,,,,,0,3,0,37.73597717285156,0.0,0.0,0.0,0.0,0.0,0.0,1445.0,,0.0,,,,,,,0,3,1,0,0,7,7,6,7,1,2,214,1456,1456,0.0,0.0,0.0,0.0,448.515380859375,6.075051307678223,3.883085012435913,592.8615112304688,590.9695434570312,104.6802978515625,105.82243347167969,1.687426209449768,2.971067190170288,511.40216064453125,624.2343139648438
2372802115,1230,31.187000000005355,2,3399,3,3399,0,4849,,,,,,0,,,,,,,,,,0,3,0,37.73597717285156,0.0,0.0,0.0,0.0,0.0,0.0,1445.0,,0.0,,,,,,,0,3,1,0,0,7,7,6,6,1,2,213,1456,1456,0.0,0.0,0.0,0.0,448.515380859375,6.258899688720703,3.8641481399536133,592.1195068359375,596.0419921875,106.35073852539062,106.768798828125,1.839724063873291,2.6105446815490723,496.02239990234375,627.410400390625
2372802115,1233,31.187000000005355,2,3400,3,3400,0,4864,,,,,,0,,,,,,,,,,0,3,0,37.73597717285156,0.0,0.0,0.0,0.0,0.0,0.0,1445.0,,0.0,,,,,,,0,3,1,0,0,7,7,6,8,1,2,214,1456,1456,0.0,0.0,0.0,0.0,448.515380859375,6.401218891143799,3.9009745121002197,593.9864501953125,598.2260131835938,109.2274169921875,103.88200378417969,1.6758524179458618,3.536893844604492,474.23846435546875,708.36328125
2372802115,1237,31.187000000005355,2,3401,3,3401,0,4888,,,,,,0,,,,,,,,,,0,3,0,37.73597717285156,0.0,0.0,0.0,0.0,0.0,0.0,1445.0,,0.0,,,,,,,0,3,1,0,0,7,7,6,7,1,2,215,1456,1456,0.0,0.0,0.0,0.0,448.515380859375,6.142935752868652,3.8012728691101074,590.2853393554688,606.592529296875,111.560546875,113.005126953125,2.2826719284057617,2.7555861473083496,511.57281494140625,628.2254028320312
2372802115,1240,31.187000000005355,2,3402,3,3402,0,4875,,,,,,0,,,,,,,,,,0,3,0,37.73597717285156,0.0,0.0,0.0,0.0,0.0,0.0,1445.0,,0.0,,,,,,,0,3,1,0,0,7,7,5,7,1,2,213,1456,1456,0.0,0.0,0.0,0.0,448.515380859375,5.96958065032959,3.9753074645996094,593.1527709960938,605.873779296875,110.9627685546875,109.1949462890625,1.0891257524490356,3.090163230895996,429.24896240234375,611.4268798828125
2372802115,1243,31.187000000005355,2,3403,3,3403,0,4841,,,,,,0,,,,,,,,,,0,3,0,37.73597717285156,0.0,0.0,0.0,0.0,0.0,0.0,1445.0,,0.0,,,,,,,0,3,1,0,0,6,7,5,7,1,2,213,1456,1456,0.0,0.0,0.0,0.0,448.515380859375,5.629631519317627,4.109418869018555,506.424560546875,589.7025756835938,118.095458984375,111.179443359375,1.4679361581802368,3.49660587310791,467.9296875,621.2515258789062
2372802115,1246,31.359000000011292,2,3404,3,3404,0,4861,,,,,,0,,,,,,,,,,0,3,0,37.73597717285156,0.0,0.0,0.0,0.0,0.0,0.0,1445.0,,0.0,,,,,,,0,3,1,0,0,6,6,6,7,1,2,214,1456,1456,0.0,0.0,0.0,0.0,448.515380859375,5.532552719116211,3.5054192543029785,493.838134765625,506.02520751953125,110.58428955078125,111.11175537109375,1.6830575466156006,3.202777147293091,485.2728271484375,621.3988037109375
2372802115,1249,31.359000000011292,2,3405,3,3405,0,4821,,,,,,0,,,,,,,,,,0,3,0,37.73597717285156,0.0,0.0,0.0,0.0,0.0,0.0,1445.0,,0.0,,,,,,,0,3,1,0,0,6,6,5,8,1,2,213,1456,1456,0.0,0.0,0.0,0.0,448.515380859375,5.625644207000732,3.346034288406372,503.5560302734375,514.9345703125,112.80517578125,107.63031005859375,1.5011800527572632,3.8921127319335938,472.1280517578125,716.1981811523438
2372802115,1252,31.639999999999418,2,3406,3,3406,0,4848,,,,,,0,,,,,,,,,,0,3,0,37.73597717285156,0.0,0.0,0.0,0.0,0.0,0.0,1445.0,,0.0,,,,,,,0,3,1,0,0,7,6,5,6,1,2,215,1456,1456,0.0,0.0,0.0,0.0,448.515380859375,6.322204113006592,3.6044347286224365,590.9586181640625,513.9537353515625,111.4080810546875,115.565185546875,0.9609264135360718,2.465440034866333,409.6654052734375,615.1087646484375
2372802115,1257,31.639999999999418,2,3407,3,3407,0,4827,,,,,,0,,,,,,,,,,0,3,0,37.73597717285156,0.0,0.0,0.0,0.0,0.0,0.0,1445.0,,0.0,,,,,,,0,3,1,0,0,7,7,6,6,1,2,214,1456,1456,0.0,0.0,0.0,0.0,448.515380859375,6.110101222991943,4.188051223754883,579.6307373046875,591.4039306640625,106.21063232421875,108.57980346679688,1.6576870679855347,3.10962176322937,534.3807983398438,613.2901000976562
2372802115,1260,31.639999999999418,2,3408,3,3408,0,4839,,,,,,0,,,,,,,,,,0,3,0,37.73597717285156,0.0,0.0,0.0,0.0,0.0,0.0,1445.0,,0.0,,,,,,,0,3,1,0,0,7,7,6,6,1,2,214,1456,1456,0.0,0.0,0.0,0.0,448.515380859375,6.448487758636475,3.909982919692993,592.1297607421875,594.6878051757812,111.5665283203125,106.61264038085938,1.8382084369659424,2.1864840984344482,512.2245483398438,614.9046630859375
2372802115,1263,32.13999999999942,2,3409,3,3409,0,4881,,,,,,0,,,,,,,,,,0,3,0,37.73597717285156,0.0,0.0,0.0,0.0,0.0,0.0,1445.0,,0.0,,,,,,,0,3,1,0,0,7,7,6,7,1,2,214,1456,1456,0.0,0.0,0.0,0.0,448.515380859375,6.445208549499512,4.030226707458496,590.6803588867188,591.5408935546875,111.88140869140625,105.8128662109375,1.9584019184112549,3.786952257156372,510.9510498046875,612.5173950195312
2372802115,1267,32.13999999999942,2,3410,3,3410,0,4959,,,,,,0,,,,,,,,,,0,3,0,37.73597717285156,0.0,0.0,0.0,0.0,0.0,0.0,1445.0,,0.0,,,,,,,0,3,1,0,0,6,7,6,8,1,2,215,1456,1456,0.0,0.0,0.0,0.0,448.515380859375,4.955764293670654,3.3704137802124023,478.96051025390625,603.927734375,111.18777465820312,104.75607299804688,1.8596593141555786,3.222271680831909,512.1900634765625,723.1060180664062
2372802115,1270,32.13999999999942,2,3411,3,3411,0,4945,,,,,,0,,,,,,,,,,0,3,0,37.73597717285156,0.0,0.0,0.0,0.0,0.0,0.0,1445.0,,0.0,,,,,,,0,3,1,0,0,6,7,6,7,1,2,216,1456,1456,0.0,0.0,0.0,0.0,448.515380859375,5.125870704650879,3.5846893787384033,482.2781066894531,603.6360473632812,104.63958740234375,107.62921142578125,1.8116140365600586,2.7774617671966553,496.1646728515625,616.0414428710938
2372802115,1273,32.13999999999942,2,3412,3,3412,0,4933,,,,,,0,,,,,,,,,,0,3,0,37.73597717285156,0.0,0.0,0.0,0.0,0.0,0.0,1445.0,,0.0,,,,,,,0,3,1,0,0,7,7,6,7,1,2,215,1456,1456,0.0,0.0,0.0,0.0,448.515380859375,6.561164855957031,4.224020481109619,589.2928466796875,597.1785888671875,106.5621337890625,106.10372924804688,1.811963438987732,2.505873203277588,507.13653564453125,708.021240234375
2372802115,1277,32.13999999999942,2,3413,3,3413,0,4934,,,,,,0,,,,,,,,,,0,3,0,37.73597717285156,0.0,0.0,0.0,0.0,0.0,0.0,1445.0,,0.0,,,,,,,0,3,1,0,0,7,7,6,7,1,2,215,1456,1456,0.0,0.0,0.0,0.0,448.515380859375,6.242778778076172,4.259978294372559,592.5415649414062,591.5565795898438,111.9239501953125,109.28704833984375,1.7527239322662354,3.128415107727051,495.86822509765625,629.61572265625
2372802115,1280,32.13999999999942,2,3414,3,3414,0,4940,,,,,,0,,,,,,,,,,0,3,0,37.73597717285156,0.0,0.0,0.0,0.0,0.0,0.0,1445.0,,0.0,,,,,,,0,3,1,0,0,7,7,6,8,1,2,215,1456,1456,0.0,0.0,0.0,0.0,448.515380859375,6.61941385269165,3.8290529251098633,590.2509765625,597.9298095703125,108.548828125,105.03645324707031,1.1828104257583618,4.342418193817139,483.12640380859375,717.5796508789062
