session,tx_seq,host_t,schema,control_seq,param_revision,input_seq,detail_flags,process_us,previous_mode,ref_start,ref_end,ref_count,center_count,hold_count,radar_packets,radar_crc_bad,radar_verlen_bad,radar_angle_bad,radar_header_missing,radar_sync_offset,radar_angle_bins,radar_sync_fail_total,radar_missing_total,input_drop_total,tx_drop_total,motor_drop_total,pd_err_previous,pd_err,pd_p,pd_d,pd_kp,pd_kd,pwm_unclamped,pwm_mid,ref_x,ref_y,ref_dy,pd_line_k,pd_line_b,pd_err_before_reset,center_mean,width_candidate,previous_source,source,path_reason,command_applied,far_valid,left_near_count,right_near_count,left_far_count,right_far_count,width_source,bend_code,front_points,candidate_pwm,final_pwm,near_x,far_x,near_a,far_a,track_width,left_rms,right_rms,left_span,right_span,left_gap,right_gap,left_far_rms,right_far_rms,left_far_span,right_far_span
2566431872,3,0.6719999999995707,2,3148,1,3148,1,5087,,,,,,0,,,,,,,,,,0,0,0,-37.09077453613281,-36.89396667480469,-14.757585525512695,0.05553777143359184,0.03999999910593033,0.02199999988079071,1430.2979736328125,1445.0,,700.0,,,,,,,0,0,0,1,1,6,7,7,6,2,0,231,1430,1430,3.3148574829101562,9.893966674804688,-0.013799872249364853,0.15958239138126373,477.8284912109375,3.3549630641937256,10.407495498657227,505.367919921875,599.070068359375,112.571044921875,106.22186279296875,3.547959089279175,4.70065975189209,591.2628173828125,563.55224609375
2566431872,6,0.6719999999995707,2,3149,1,3149,1,5097,,,,,,0,,,,,,,,,,0,0,0,-36.89396667480469,-37.82783508300781,-15.131133079528809,-0.3024161756038666,0.03999999910593033,0.02199999988079071,1429.5665283203125,1445.0,,700.0,,,,,,,0,0,0,1,1,6,6,7,6,2,0,231,1429,1429,1.7314605712890625,10.827835083007812,-0.029632655903697014,0.1542845219373703,477.42803955078125,3.334186553955078,8.022774696350098,506.18829345703125,497.45782470703125,108.01025390625,104.3043212890625,4.3753509521484375,4.590981960296631,630.897216796875,568.7799072265625
2566431872,9,0.6719999999995707,2,3150,1,3150,1,5060,,,,,,0,,,,,,,,,,0,0,0,-37.82783508300781,-37.47844696044922,-14.991377830505371,0.09867076575756073,0.03999999910593033,0.02199999988079071,1430.1072998046875,1445.0,,700.0,,,,,,,0,0,0,1,1,6,7,7,6,2,0,230,1430,1430,3.1198654174804688,10.478446960449219,-0.012103937566280365,0.1594366431236267,477.85546875,3.6365134716033936,10.439652442932129,501.21844482421875,596.9494018554688,111.35009765625,102.44859313964844,3.900756597518921,4.153166770935059,588.7792358398438,579.2994995117188
2566431872,12,0.6719999999995707,2,3151,1,3151,1,5112,,,,,,0,,,,,,,,,,0,0,0,-37.47844696044922,-38.6129150390625,-15.445164680480957,-0.36536118388175964,0.03999999910593033,0.02199999988079071,1429.189453125,1445.0,,700.0,,,,,,,0,0,0,1,1,6,7,7,7,2,0,230,1429,1429,3.1862564086914062,11.6129150390625,-0.010989593341946602,0.15811139345169067,478.2074890136719,3.5419580936431885,10.437244415283203,501.5128479003906,597.5950317382812,110.4635009765625,103.036376953125,3.287975549697876,5.361959457397461,585.5510864257812,573.0870361328125
2566431872,15,1.2029999999995198,2,3152,1,3152,1,5115,,,,,,0,,,,,,,,,,0,0,0,-38.6129150390625,-37.57549285888672,-15.030196189880371,0.29365384578704834,0.03999999910593033,0.02199999988079071,1430.2635498046875,1445.0,,700.0,,,,,,,0,0,0,1,1,6,7,7,7,2,0,231,1430,1430,2.9355697631835938,10.575492858886719,-0.013981904834508896,0.16120760142803192,478.5790100097656,3.4218180179595947,10.403562545776367,504.761474609375,597.548828125,109.5009765625,103.10054016113281,3.095468044281006,4.948452472686768,570.5401000976562,575.45458984375
2566431872,18,1.2029999999995198,2,3153,1,3153,1,5095,,,,,,0,,,,,,,,,,0,0,0,-37.57549285888672,-37.255645751953125,-14.902256965637207,0.10316464304924011,0.03999999910593033,0.02199999988079071,1430.200927734375,1445.0,,700.0,,,,,,,0,0,0,1,1,6,7,7,6,2,0,230,1430,1430,3.475616455078125,10.255645751953125,-0.01411200687289238,0.15652652084827423,478.7720947265625,3.047243118286133,10.66426944732666,506.8452453613281,598.2538452148438,114.90478515625,104.12361145019531,3.2983922958374023,4.222926616668701,593.4457397460938,577.4283447265625
2566431872,22,1.2029999999995198,2,3154,2,3154,5,5070,,,,,,0,,,,,,,,,,0,0,0,-37.255645751953125,-37.150848388671875,-14.86033821105957,0.0,0.03999999910593033,0.02199999988079071,1430.1396484375,1445.0,,700.0,,,,,,,0,0,0,1,1,6,6,7,7,2,0,230,1430,1430,2.0820159912109375,10.150848388671875,-0.02536909654736519,0.16176828742027283,478.0224304199219,3.3331899642944336,7.487153053283691,507.6617431640625,496.00335693359375,114.44366455078125,104.63446044921875,3.0420103073120117,3.9492228031158447,568.9884033203125,718.401123046875
2566431872,25,1.2029999999995198,2,3155,2,3155,1,5028,,,,,,0,,,,,,,,,,0,0,0,-37.150848388671875,-36.98321533203125,-14.793285369873047,0.054364223033189774,0.03999999910593033,0.02199999988079071,1430.260986328125,1445.0,,700.0,,,,,,,0,0,0,1,1,7,6,7,5,2,0,231,1430,1430,3.04425048828125,9.98321533203125,-0.017998535186052322,0.15897732973098755,477.1949462890625,6.104210376739502,8.264375686645508,600.8711547851562,502.69189453125,111.55596923828125,102.5001220703125,3.549821138381958,4.14461612701416,595.1378784179688,510.2926025390625
2566431872,28,1.2029999999995198,2,3156,2,3156,1,5060,,,,,,0,,,,,,,,,,0,0,0,-36.98321533203125,-37.796714782714844,-15.118684768676758,-0.2624727189540863,0.03999999910593033,0.02199999988079071,1429.618896484375,1445.0,,700.0,,,,,,,0,0,0,1,1,6,7,7,6,2,0,229,1429,1429,3.2538833618164062,10.796714782714844,-0.012390851974487305,0.16539964079856873,477.7068786621094,3.2012369632720947,10.291537284851074,504.00958251953125,596.8894653320312,111.33453369140625,104.45437622070312,2.5887715816497803,5.239223480224609,571.3646850585938,489.97430419921875
2566431872,32,1.2029999999995198,2,3157,2,3157,1,5106,,,,,,0,,,,,,,,,,0,0,0,-37.796714782714844,-36.74329376220703,-14.69731616973877,0.2971750497817993,0.03999999910593033,0.02199999988079071,1430.599853515625,1445.0,,700.0,,,,,,,0,0,0,1,1,6,6,7,7,2,0,231,1430,1430,2.1416244506835938,9.743293762207031,-0.027716688811779022,0.16241827607154846,477.569091796875,3.010241746902466,7.646070957183838,505.1728515625,500.55340576171875,110.4141845703125,106.39140319824219,3.0344173908233643,3.860039710998535,570.9733276367188,668.8895874023438
2566431872,34,1.2029999999995198,2,3158,2,3158,1,5072,,,,,,0,,,,,,,,,,0,0,0,-36.74329376220703,-37.68934631347656,-15.075737953186035,-0.30695903301239014,0.03999999910593033,0.02199999988079071,1429.6173095703125,1445.0,,700.0,,,,,,,0,0,0,1,1,6,7,7,7,2,0,229,1429,1429,3.3411178588867188,10.689346313476562,-0.013032038696110249,0.16584044694900513,477.93939208984375,3.1102454662323,10.651206016540527,503.3560791015625,599.96337890625,109.00384521484375,103.61807250976562,3.1432816982269287,4.823357105255127,571.3060913085938,580.4091186523438
2566431872,38,1.6089999999994689,2,3159,2,3159,1,5157,,,,,,0,,,,,,,,,,0,0,0,-37.68934631347656,-37.1046142578125,-14.84184455871582,0.16497041285037994,0.03999999910593033,0.02199999988079071,1430.3231201171875,1445.0,,700.0,,,,,,,0,0,0,1,1,6,7,7,6,2,0,230,1430,1430,2.9833450317382812,10.1046142578125,-0.013247688300907612,0.15988470613956451,478.05645751953125,3.582674026489258,10.783581733703613,501.854248046875,603.7425537109375,112.853271484375,110.00982666015625,2.914104700088501,3.9829845428466797,586.5922241210938,608.4158325195312
2566431872,78,1.6089999999994689,2,3162,2,3162,1,5136,,,,,,0,,,,,,,,,,0,2,0,-38.00495147705078,-37.33930206298828,-14.93571949005127,0.21445217728614807,0.03999999910593033,0.02199999988079071,1430.27880859375,1445.0,,700.0,,,,,,,0,0,0,1,1,6,7,7,6,2,0,230,1430,1430,3.2745208740234375,10.339302062988281,-0.013958703726530075,0.162319153547287,478.684814453125,3.391543388366699,10.24799919128418,504.05047607421875,595.2103271484375,109.9410400390625,101.25750732421875,3.3117759227752686,4.5750861167907715,577.11572265625,586.9712524414062
2566431872,81,2.155999999999949,2,3163,2,3163,1,5093,,,,,,0,,,,,,,,,,0,2,0,-37.33930206298828,-37.52445983886719,-15.009782791137695,-0.05990934744477272,0.03999999910593033,0.02199999988079071,1429.9302978515625,1445.0,,700.0,,,,,,,0,0,0,1,1,6,6,7,6,2,0,230,1429,1429,2.1822891235351562,10.524459838867188,-0.026380451396107674,0.1643744558095932,477.9569396972656,3.6705029010772705,8.106184959411621,508.58819580078125,500.8102722167969,113.7734375,103.21556091308594,3.030848264694214,4.0511674880981445,571.2478637695312,629.4284057617188
2566431872,84,2.155999999999949,2,3164,2,3164,1,5042,,,,,,0,,,,,,,,,,0,2,0,-37.52445983886719,-37.20806884765625,-14.88322639465332,0.08937598764896393,0.03999999910593033,0.02199999988079071,1430.2061767578125,1445.0,,700.0,,,,,,,0,0,0,1,1,6,6,7,6,2,0,229,1430,1430,1.5558395385742188,10.20806884765625,-0.029589306563138962,0.16276773810386658,477.4624328613281,3.3476476669311523,7.805886745452881,503.58367919921875,493.410400390625,109.47772216796875,102.42900085449219,2.8709208965301514,4.772846698760986,570.727783203125,566.0684814453125
2566431872,87,2.155999999999949,2,3165,2,3165,1,5097,,,,,,0,,,,,,,,,,0,2,0,-37.20806884765625,-38.098541259765625,-15.239415168762207,-0.28706249594688416,0.03999999910593033,0.02199999988079071,1429.4735107421875,1445.0,,700.0,,,,,,,0,0,0,1,1,6,7,7,6,2,0,229,1429,1429,3.51513671875,11.098541259765625,-0.012965049594640732,0.1620677411556244,477.8999938964844,3.657477378845215,10.225883483886719,502.59649658203125,592.308349609375,112.98797607421875,101.62802124023438,3.5678699016571045,5.071066379547119,585.844482421875,486.1126708984375
2566431872,91,2.155999999999949,2,3166,2,3166,1,5058,,,,,,0,,,,,,,,,,0,2,0,-38.098541259765625,-37.889442443847656,-15.155776023864746,0.05899829417467117,0.03999999910593033,0.02199999988079071,1429.9031982421875,1445.0,,700.0,,,,,,,0,0,0,1,1,6,6,7,6,2,0,230,1429,1429,1.8861312866210938,10.889442443847656,-0.026462629437446594,0.16437068581581116,477.6873779296875,3.0037662982940674,7.892936706542969,506.84027099609375,502.321044921875,111.35504150390625,102.1142578125,2.856844902038574,5.118178844451904,572.3685913085938,520.7119140625
2566431872,94,2.155999999999949,2,3167,2,3167,1,5058,,,,,,0,,,,,,,,,,0,2,0,-37.889442443847656,-36.890838623046875,-14.75633430480957,0.32359910011291504,0.03999999910593033,0.02199999988079071,1430.5672607421875,1445.0,,700.0,,,,,,,0,0,0,1,1,6,7,7,5,2,0,229,1430,1430,2.7000198364257812,9.890838623046875,-0.015864480286836624,0.1616940200328827,477.7033996582031,3.0622494220733643,10.63235855102539,503.43743896484375,595.7689208984375,110.73565673828125,106.2701416015625,4.548403739929199,4.713018417358398,639.4564819335938,507.7802734375
2566431872,97,2.155999999999949,2,3168,2,3168,1,5055,,,,,,0,,,,,,,,,,0,2,0,-36.890838623046875,-37.731842041015625,-15.09273624420166,-0.23764321208000183,0.03999999910593033,0.02199999988079071,1429.6695556640625,1445.0,,700.0,,,,,,,0,0,0,1,1,7,6,7,5,2,0,229,1429,1429,2.8286666870117188,10.731842041015625,-0.01778787188231945,0.1574764996767044,476.9681091308594,6.253375053405762,8.11715316772461,600.82763671875,500.0258483886719,107.1790771484375,104.56661987304688,4.785539150238037,4.689542293548584,631.3798217773438,497.67333984375
2566431872,100,2.155999999999949,2,3169,2,3169,1,5096,,,,,,0,,,,,,,,,,0,2,0,-37.731842041015625,-37.135765075683594,-14.854305267333984,0.19279666244983673,0.03999999910593033,0.02199999988079071,1430.3385009765625,1445.0,,700.0,,,,,,,0,0,0,1,1,7,6,7,7,2,0,230,1430,1430,2.5196914672851562,10.135765075683594,-0.018278293311595917,0.15620115399360657,476.4257507324219,6.14169979095459,8.084025382995605,599.4925537109375,494.265380859375,112.07989501953125,102.89631652832031,3.934007167816162,3.8935704231262207,594.3270263671875,734.0853881835938
2566431872,103,2.6719999999995707,2,3170,2,3170,1,4996,,,,,,0,,,,,,,,,,0,2,0,-37.135765075683594,-36.49927520751953,-14.599709510803223,0.18006278574466705,0.03999999910593033,0.02199999988079071,1430.580322265625,1445.0,,700.0,,,,,,,0,0,0,1,1,6,7,6,5,2,0,229,1430,1430,2.9737701416015625,9.499275207519531,-0.01253589615225792,0.16558638215065002,477.04248046875,3.68247127532959,10.590615272521973,504.44580078125,601.3136596679688,113.33953857421875,104.10308837890625,2.9099762439727783,4.693894386291504,490.942626953125,497.20379638671875
2566431872,106,2.6719999999995707,2,3171,2,3171,1,5095,,,,,,0,,,,,,,,,,0,2,0,-36.49927520751953,-38.63401794433594,-15.453606605529785,-0.6861944198608398,0.03999999910593033,0.02199999988079071,1428.8602294921875,1445.0,,700.0,,,,,,,0,0,0,1,1,6,7,7,8,2,0,231,1428,1428,3.7309036254882812,11.634017944335938,-0.011670196428894997,0.15787269175052643,477.4578857421875,3.031538724899292,10.41120719909668,501.8394775390625,599.3067016601562,111.826171875,105.94866943359375,3.3014445304870605,5.004223823547363,583.22119140625,705.4981689453125
2566431872,111,2.6719999999995707,2,3172,2,3172,1,5004,,,,,,0,,,,,,,,,,0,2,0,-38.63401794433594,-35.933990478515625,-14.373595237731934,0.7662530541419983,0.03999999910593033,0.02199999988079071,1431.3927001953125,1445.0,,700.0,,,,,,,0,0,0,1,1,6,7,6,5,2,0,228,1431,1431,2.6634063720703125,8.933990478515625,-0.015816882252693176,0.169136643409729,477.7631530761719,3.2050693035125732,10.231813430786133,497.5169677734375,595.9478149414062,103.47076416015625,102.58758544921875,3.061025381088257,3.96822190284729,502.59295654296875,501.8985595703125
2566431872,114,2.6719999999995707,2,3173,2,3173,1,5068,,,,,,0,,,,,,,,,,0,2,0,-35.933990478515625,-36.35588836669922,-14.542354583740234,-0.13612906634807587,0.03999999910593033,0.02199999988079071,1430.321533203125,1445.0,,700.0,,,,,,,0,0,0,1,1,6,6,7,6,2,0,231,1430,1430,1.8033905029296875,9.355888366699219,-0.027093276381492615,0.1625794768333435,477.3978271484375,3.06247615814209,7.734012603759766,503.45758056640625,499.83489990234375,110.045166015625,106.00592041015625,3.150362014770508,4.339171886444092,571.38623046875,653.7640380859375
2566431872,117,2.6719999999995707,2,3174,2,3174,1,5033,,,,,,0,,,,,,,,,,0,2,0,-36.35588836669922,-37.70953369140625,-15.083812713623047,-0.43635377287864685,0.03999999910593033,0.02199999988079071,1429.479736328125,1445.0,,700.0,,,,,,,0,0,0,1,1,6,7,7,7,2,0,230,1429,1429,3.735198974609375,10.70953369140625,-0.011948280967772007,0.15848423540592194,477.60748291015625,3.409837484359741,10.429381370544434,508.34149169921875,596.00390625,113.67578125,106.20590209960938,3.44136643409729,3.9055898189544678,579.2003173828125,665.8272094726562
2566431872,120,2.6719999999995707,2,3175,2,3175,1,5034,,,,,,0,,,,,,,,,,0,2,0,-37.70953369140625,-37.49805450439453,-14.999220848083496,0.05998367443680763,0.03999999910593033,0.02199999988079071,1430.0606689453125,1445.0,,700.0,,,,,,,0,0,0,1,1,6,6,7,6,2,0,229,1430,1430,1.9403152465820312,10.498054504394531,-0.027204938232898712,0.15544907748699188,477.0653076171875,3.2809667587280273,8.010361671447754,502.75677490234375,500.73382568359375,112.53912353515625,104.5850830078125,4.079816818237305,4.092916488647461,598.4188232421875,602.1327514648438
2566431872,123,3.20299999999952,2,3176,2,3176,1,5090,,,,,,0,,,,,,,,,,0,2,0,-37.49805450439453,-37.39801025390625,-14.959202766418457,0.03223247453570366,0.03999999910593033,0.02199999988079071,1430.072998046875,1445.0,,700.0,,,,,,,0,0,0,1,1,6,7,7,6,2,0,230,1430,1430,3.3147125244140625,10.39801025390625,-0.012998409569263458,0.16534775495529175,477.7934875488281,3.5491867065429688,10.428607940673828,506.5128173828125,598.6290283203125,111.564208984375,102.41668701171875,3.135408878326416,5.2224321365356445,573.2024536132812,487.82843017578125
2566431872,126,3.20299999999952,2,3177,2,3177,1,5026,,,,,,0,,,,,,,,,,0,2,0,-37.39801025390625,-37.00989532470703,-14.803956985473633,0.10961128026247025,0.03999999910593033,0.02199999988079071,1430.3056640625,1445.0,,700.0,,,,,,,0,0,0,1,1,6,6,7,6,2,0,230,1430,1430,1.923553466796875,10.009895324707031,-0.030081599950790405,0.1596790850162506,477.3741455078125,2.9868998527526855,8.04974365234375,499.3105773925781,499.703857421875,113.25384521484375,103.32505798339844,3.5522959232330322,3.8609378337860107,598.5525512695312,607.4501342773438
2566431872,130,3.20299999999952,2,3178,2,3178,1,5025,,,,,,0,,,,,,,,,,0,2,0,-37.00989532470703,-38.321327209472656,-15.328530311584473,-0.42470496892929077,0.03999999910593033,0.02199999988079071,1429.246826171875,1445.0,,700.0,,,,,,,0,0,0,1,1,6,7,7,6,2,0,229,1429,1429,3.3409881591796875,11.321327209472656,-0.01192067377269268,0.1620689332485199,477.86981201171875,3.8051888942718506,10.097848892211914,500.98626708984375,594.361572265625,108.82525634765625,107.444091796875,3.546961784362793,4.5972490310668945,586.6121826171875,582.3059692382812
2566431872,133,3.20299999999952,2,3179,2,3179,1,5010,,,,,,0,,,,,,,,,,0,2,0,-38.321327209472656,-37.76342010498047,-15.105366706848145,0.1575516164302826,0.03999999910593033,0.02199999988079071,1430.05224609375,1445.0,,700.0,,,,,,,0,0,0,1,1,6,6,7,6,2,0,229,1430,1430,2.0941085815429688,10.763420104980469,-0.02579904906451702,0.160233736038208,477.54736328125,3.6254889965057373,7.865795612335205,501.83489990234375,496.3406677246094,110.91796875,103.8160400390625,3.591728687286377,3.7958037853240967,583.3262939453125,601.5223388671875
2566431872,136,3.20299999999952,2,3180,2,3180,1,5074,,,,,,0,,,,,,,,,,0,2,0,-37.76342010498047,-37.557823181152344,-15.023128509521484,0.06619835644960403,0.03999999910593033,0.02199999988079071,1430.0430908203125,1445.0,,700.0,,,,,,,0,0,0,1,1,6,7,7,7,2,0,229,1430,1430,3.3514328002929688,10.557823181152344,-0.01424459833651781,0.16669437289237976,477.9127197265625,3.0825347900390625,10.636480331420898,506.19366455078125,598.8927001953125,111.7998046875,103.77691650390625,2.6480824947357178,5.0363240242004395,570.8553466796875,576.8436889648438
2566431872,140,3.20299999999952,2,3181,2,3181,1,5113,,,,,,0,,,,,,,,,,0,2,0,-37.557823181152344,-37.79730224609375,-15.11892032623291,-0.06790344417095184,0.03999999910593033,0.02199999988079071,1429.813232421875,1445.0,,700.0,,,,,,,0,0,0,1,1,6,7,6,8,2,0,229,1429,1429,3.1068267822265625,10.79730224609375,-0.012471345253288746,0.15995405614376068,478.17681884765625,3.4805915355682373,10.25851821899414,502.8431091308594,597.2362060546875,111.28680419921875,102.78019714355469,2.8686258792877197,4.927398204803467,495.01605224609375,679.8550415039062
2566431872,143,3.20299999999952,2,3182,2,3182,1,5138,,,,,,0,,,,,,,,,,0,2,0,-37.79730224609375,-36.88720703125,-14.754881858825684,0.2936689555644989,0.03999999910593033,0.02199999988079071,1430.538818359375,1445.0,,700.0,,,,,,,0,0,0,1,1,6,6,7,6,2,0,231,1430,1430,1.85345458984375,9.88720703125,-0.027897415682673454,0.16131414473056793,477.5918273925781,3.2524991035461426,8.042880058288574,504.5177001953125,499.66241455078125,110.6336669921875,105.12928771972656,3.1902620792388916,4.170395851135254,576.8753051757812,575.76171875
2566431872,145,3.75,2,3183,2,3183,1,5058,,,,,,0,,,,,,,,,,0,2,0,-36.88720703125,-37.447021484375,-14.97880744934082,-0.18055997788906097,0.03999999910593033,0.02199999988079071,1429.8406982421875,1445.0,,700.0,,,,,,,0,0,0,1,1,6,6,7,6,2,0,230,1429,1429,1.893341064453125,10.447021484375,-0.02879376709461212,0.1581989824771881,477.0618591308594,3.192715644836426,8.432267189025879,507.81683349609375,491.4779052734375,113.87274169921875,102.047607421875,2.964951515197754,4.0184855461120605,578.1987915039062,646.889404296875
2566431872,151,3.75,2,3184,2,3184,1,5088,,,,,,0,,,,,,,,,,0,2,0,-37.447021484375,-35.429901123046875,-14.17195987701416,0.5724734663963318,0.03999999910593033,0.02199999988079071,1431.4005126953125,1445.0,,700.0,,,,,,,0,0,0,1,1,6,7,7,5,2,0,229,1431,1431,2.661407470703125,8.429901123046875,-0.015295425429940224,0.16511839628219604,477.52838134765625,3.3294243812561035,10.777265548706055,505.32904052734375,601.0535888671875,111.10076904296875,106.22552490234375,3.817185878753662,4.131911754608154,581.9164428710938,478.00341796875
2566431872,154,3.75,2,3185,2,3185,1,5126,,,,,,0,,,,,,,,,,0,2,0,-35.429901123046875,-38.109275817871094,-15.243709564208984,-0.8641712069511414,0.03999999910593033,0.02199999988079071,1428.8922119140625,1445.0,,700.0,,,,,,,0,0,0,1,1,6,6,7,7,2,0,230,1428,1428,2.393402099609375,11.109275817871094,-0.02753085270524025,0.16301241517066956,477.4156188964844,3.735776901245117,7.985433578491211,502.47088623046875,497.53411865234375,108.30877685546875,105.3497314453125,3.1718544960021973,4.777737617492676,574.7664184570312,572.5588989257812
2566431872,157,3.75,2,3186,2,3186,1,5161,,,,,,0,,,,,,,,,,0,2,0,-38.109275817871094,-36.561248779296875,-14.62449836730957,0.4368129372596741,0.03999999910593033,0.02199999988079071,1430.812255859375,1445.0,,700.0,,,,,,,0,0,0,1,1,6,6,7,6,2,0,232,1430,1430,1.5430831909179688,9.561248779296875,-0.028304491192102432,0.16193769872188568,477.1573486328125,3.463022232055664,8.284809112548828,504.62481689453125,499.1923828125,111.3411865234375,102.68553161621094,3.098449468612671,4.260613441467285,572.4290771484375,616.6898803710938
2566431872,160,3.75,2,3187,2,3187,1,5159,,,,,,0,,,,,,,,,,0,2,0,-36.561248779296875,-36.861427307128906,-14.744569778442383,-0.0972384437918663,0.03999999910593033,0.02199999988079071,1430.1580810546875,1445.0,,700.0,,,,,,,0,0,0,1,1,6,6,7,6,2,0,230,1430,1430,1.9108505249023438,9.861427307128906,-0.02925920858979225,0.16623632609844208,477.1227111816406,3.2916853427886963,8.093400001525879,507.4522705078125,500.3387451171875,114.93212890625,105.24717712402344,2.948089122772217,5.1471052169799805,572.0966186523438,487.3096923828125
2566431872,163,3.75,2,3188,2,3188,1,5052,,,,,,0,,,,,,,,,,0,2,0,-36.861427307128906,-36.70758056640625,-14.68303108215332,0.04345516115427017,0.03999999910593033,0.02199999988079071,1430.3604736328125,1445.0,,700.0,,,,,,,0,0,0,1,1,6,7,7,5,2,0,230,1430,1430,3.3841400146484375,9.70758056640625,-0.012783827260136604,0.1652565896511078,477.32275390625,3.86773419380188,10.431877136230469,507.03118896484375,598.6385498046875,113.28717041015625,105.58892822265625,2.9968032836914062,4.8074541091918945,570.4619750976562,500.42529296875
2566431872,166,4.296999999999571,2,3189,2,3189,1,5046,,,,,,0,,,,,,,,,,0,2,0,-36.70758056640625,-37.20295715332031,-14.881181716918945,-0.15966860949993134,0.03999999910593033,0.02199999988079071,1429.9591064453125,1445.0,,700.0,,,,,,,0,0,0,1,1,6,6,7,5,2,0,231,1429,1429,1.8549118041992188,10.202957153320312,-0.02635858580470085,0.16165372729301453,476.9005126953125,3.5674283504486084,7.984001159667969,503.89349365234375,499.70989990234375,112.630126953125,103.48727416992188,3.3647308349609375,4.353265762329102,582.866455078125,511.68853759765625
2566431872,170,4.296999999999571,2,3190,2,3190,1,5068,,,,,,0,,,,,,,,,,0,2,0,-37.20295715332031,-37.75780487060547,-15.103120803833008,-0.15737979114055634,0.03999999910593033,0.02199999988079071,1429.739501953125,1445.0,,700.0,,,,,,,0,0,0,1,1,6,7,7,7,2,0,230,1429,1429,3.8553237915039062,10.757804870605469,-0.011621858924627304,0.15843060612678528,477.3555908203125,3.1641056537628174,10.4964599609375,502.6214294433594,599.954345703125,112.30596923828125,106.85311889648438,3.552032947540283,3.9332098960876465,582.5252075195312,663.0208129882812
2566431872,173,4.296999999999571,2,3191,2,3191,1,5074,,,,,,0,,,,,,,,,,0,2,0,-37.75780487060547,-36.339752197265625,-14.535900115966797,0.45688292384147644,0.03999999910593033,0.02199999988079071,1430.9210205078125,1445.0,,700.0,,,,,,,0,0,0,1,1,6,7,7,6,2,0,230,1430,1430,2.7692489624023438,9.339752197265625,-0.01516350544989109,0.16160938143730164,477.7996826171875,3.559030055999756,10.223289489746094,503.76422119140625,596.8804321289062,108.889892578125,104.84149169921875,3.487691879272461,4.348664283752441,576.8190307617188,625.4880981445312
2566431872,176,4.296999999999571,2,3192,2,3192,1,5094,,,,,,0,,,,,,,,,,0,2,0,-36.339752197265625,-38.15904998779297,-15.263619422912598,-0.5856307744979858,0.03999999910593033,0.02199999988079071,1429.1507568359375,1445.0,,700.0,,,,,,,0,0,0,1,1,6,7,7,6,2,0,231,1429,1429,3.6355056762695312,11.159049987792969,-0.011721158400177956,0.15777717530727386,478.03912353515625,3.539442300796509,10.335893630981445,501.31390380859375,595.0802612304688,113.64764404296875,101.59454345703125,3.2046287059783936,4.112915515899658,583.9219360351562,612.8260498046875
2566431872,179,4.296999999999571,2,3193,2,3193,1,5052,,,,,,0,,,,,,,,,,0,2,0,-38.15904998779297,-36.528114318847656,-14.611245155334473,0.46329236030578613,0.03999999910593033,0.02199999988079071,1430.85205078125,1445.0,,700.0,,,,,,,0,0,0,1,1,6,7,7,6,2,0,230,1430,1430,3.0427017211914062,9.528114318847656,-0.014419086277484894,0.16313600540161133,478.311767578125,3.2902402877807617,10.8676118850708,504.7081298828125,597.974365234375,107.75146484375,103.46333312988281,3.029195547103882,4.109734058380127,570.8065795898438,578.6671142578125
2566431872,182,4.296999999999571,2,3194,2,3194,1,4987,,,,,,0,,,,,,,,,,0,2,0,-36.528114318847656,-36.89006805419922,-14.756026268005371,-0.11678756773471832,0.03999999910593033,0.02199999988079071,1430.127197265625,1445.0,,700.0,,,,,,,0,0,0,1,1,6,7,6,6,2,0,228,1430,1430,3.3846588134765625,9.890068054199219,-0.013316654600203037,0.16735301911830902,478.7021484375,3.2483534812927246,10.558806419372559,503.32086181640625,599.6221923828125,110.05120849609375,102.77935791015625,2.965984344482422,3.97001576423645,485.24212646484375,615.6259765625
2566431872,185,4.296999999999571,2,3195,2,3195,1,5027,,,,,,0,,,,,,,,,,0,2,0,-36.89006805419922,-36.819313049316406,-14.727724075317383,0.019973909482359886,0.03999999910593033,0.02199999988079071,1430.292236328125,1445.0,,700.0,,,,,,,0,0,0,1,1,7,6,7,5,2,0,228,1430,1430,2.7509078979492188,9.819313049316406,-0.01759837009012699,0.1618577092885971,477.47674560546875,5.921299457550049,7.997448921203613,596.3162231445312,497.8841552734375,113.18798828125,103.19464111328125,3.2527289390563965,3.9775443077087402,577.2684326171875,543.50146484375
2566431872,190,4.858999999999469,2,3196,2,3196,1,5043,,,,,,0,,,,,,,,,,0,2,0,-36.819313049316406,-38.166099548339844,-15.266438484191895,-0.4361880123615265,0.03999999910593033,0.02199999988079071,1429.29736328125,1445.0,,700.0,,,,,,,0,0,0,1,1,6,6,7,7,2,0,232,1429,1429,2.3790817260742188,11.166099548339844,-0.026334747672080994,0.15758860111236572,477.2168273925781,3.407745361328125,8.090641021728516,502.412353515625,497.77337646484375,114.23236083984375,105.73504638671875,3.058072328567505,3.988715887069702,586.953125,663.0681762695312
2566431872,193,4.858999999999469,2,3197,2,3197,1,5095,,,,,,0,,,,,,,,,,0,2,0,-38.166099548339844,-37.46221923828125,-14.98488712310791,0.19851484894752502,0.03999999910593033,0.02199999988079071,1430.213623046875,1445.0,,700.0,,,,,,,0,0,0,1,1,6,7,7,6,2,0,230,1430,1430,3.032623291015625,10.46221923828125,-0.012759332545101643,0.16457542777061462,477.6346740722656,3.3083083629608154,10.671208381652832,506.62371826171875,596.5999755859375,111.91302490234375,104.13630676269531,3.097891092300415,5.2282843589782715,574.9478149414062,487.078369140625
2566431872,196,4.858999999999469,2,3198,2,3198,1,5015,,,,,,0,,,,,,,,,,0,2,0,-37.46221923828125,-37.20457458496094,-14.881829261779785,0.08304552733898163,0.03999999910593033,0.02199999988079071,1430.201171875,1445.0,,700.0,,,,,,,0,0,0,1,1,6,7,7,5,2,0,229,1430,1430,3.2434158325195312,10.204574584960938,-0.013028020970523357,0.16132958233356476,477.90179443359375,3.328306198120117,10.633003234863281,504.05157470703125,602.9122924804688,114.38909912109375,104.28388977050781,3.3373100757598877,4.482120990753174,595.0836181640625,500.5673828125
2566431872,199,4.858999999999469,2,3199,2,3199,1,5076,,,,,,0,,,,,,,,,,0,2,0,-37.20457458496094,-37.199607849121094,-14.879841804504395,0.001409042626619339,0.03999999910593033,0.02199999988079071,1430.12158203125,1445.0,,700.0,,,,,,,0,0,0,1,1,6,7,7,6,2,0,231,1430,1430,3.099639892578125,10.199607849121094,-0.01118441578000784,0.16186940670013428,478.0230712890625,3.551157236099243,10.183892250061035,508.1947326660156,600.218017578125,113.7481689453125,105.1239013671875,2.487952947616577,4.168362140655518,566.5934448242188,594.4081420898438
2566431872,202,4.858999999999469,2,3200,2,3200,1,5050,,,,,,0,,,,,,,,,,0,2,0,-37.199607849121094,-36.78117370605469,-14.712468147277832,0.13478627800941467,0.03999999910593033,0.02199999988079071,1430.4222412109375,1445.0,,700.0,,,,,,,0,0,0,1,1,6,7,7,5,2,0,229,1430,1430,3.366455078125,9.781173706054688,-0.011908894404768944,0.16528253257274628,478.1400146484375,3.8577780723571777,10.35598373413086,507.95965576171875,601.4202880859375,111.83331298828125,103.46794128417969,2.843571901321411,3.7108590602874756,568.7911376953125,498.635986328125
2566431872,205,4.858999999999469,2,3201,2,3201,1,5041,,,,,,0,,,,,,,,,,0,2,0,-36.78117370605469,-36.9219970703125,-14.768797874450684,-0.039756640791893005,0.03999999910593033,0.02199999988079071,1430.19140625,1445.0,,700.0,,,,,,,0,0,0,1,1,6,6,7,5,2,0,229,1430,1430,1.627838134765625,9.9219970703125,-0.026588236913084984,0.1621556282043457,477.6074523925781,3.708477735519409,8.173127174377441,502.3960266113281,497.58935546875,110.00927734375,105.84414672851562,3.4133293628692627,4.10024881362915,582.9830322265625,514.5263061523438
2566431872,209,4.858999999999469,2,3202,2,3202,1,5027,,,,,,0,,,,,,,,,,0,2,0,-36.9219970703125,-37.02958679199219,-14.811833381652832,-0.03485345467925072,0.03999999910593033,0.02199999988079071,1430.1531982421875,1445.0,,700.0,,,,,,,0,0,0,1,1,6,7,7,5,2,0,229,1430,1430,3.1208572387695312,10.029586791992188,-0.012598821893334389,0.16411742568016052,477.68115234375,3.7039334774017334,10.736456871032715,508.459228515625,596.8025512695312,113.53118896484375,104.9447021484375,2.642547845840454,4.72255277633667,567.9868774414062,526.6468505859375
2566431872,212,5.405999999999949,2,3203,2,3203,1,5085,,,,,,0,,,,,,,,,,0,2,0,-37.02958679199219,-38.83372497558594,-15.533489227294922,-0.5818390846252441,0.03999999910593033,0.02199999988079071,1428.884765625,1445.0,,700.0,,,,,,,0,0,0,1,1,6,7,7,7,2,0,229,1428,1428,3.2560501098632812,11.833724975585938,-0.011389480903744698,0.16085469722747803,478.09722900390625,3.061824083328247,10.688773155212402,502.45782470703125,602.357421875,110.50115966796875,102.26821899414062,2.9608914852142334,5.330821990966797,575.6343994140625,588.1769409179688
2566431872,215,5.405999999999949,2,3204,2,3204,1,5113,,,,,,0,,,,,,,,,,0,2,0,-38.83372497558594,-36.971710205078125,-14.78868293762207,0.525277316570282,0.03999999910593033,0.02199999988079071,1430.736572265625,1445.0,,700.0,,,,,,,0,0,0,1,1,6,6,7,7,2,0,232,1430,1430,1.9972000122070312,9.971710205078125,-0.02797533944249153,0.1614142656326294,477.6958312988281,3.4778993129730225,7.919687271118164,506.590576171875,497.18267822265625,111.56768798828125,109.52911376953125,2.917149305343628,3.876120090484619,572.5030517578125,704.7427368164062
2566431872,218,5.405999999999949,2,3205,2,3205,1,5065,,,,,,0,,,,,,,,,,0,2,0,-36.971710205078125,-37.13287353515625,-14.853148460388184,-0.05228348448872566,0.03999999910593033,0.02199999988079071,1430.0946044921875,1445.0,,700.0,,,,,,,0,0,0,1,1,6,7,7,6,2,0,230,1430,1430,3.0035552978515625,10.13287353515625,-0.015474904328584671,0.161606565117836,477.96575927734375,3.223784923553467,10.262310028076172,503.6952209472656,597.1638793945312,111.66082763671875,103.27955627441406,2.6529905796051025,4.84802770614624,572.7078857421875,633.859130859375
2566431872,222,5.405999999999949,2,3206,2,3206,1,5154,,,,,,0,,,,,,,,,,0,2,0,-37.13287353515625,-37.511619567871094,-15.004647254943848,-0.10675082355737686,0.03999999910593033,0.02199999988079071,1429.8885498046875,1445.0,,700.0,,,,,,,0,0,0,1,1,6,7,7,6,2,0,230,1429,1429,3.3237152099609375,10.511619567871094,-0.010761972516775131,0.15948902070522308,478.0390625,3.6512553691864014,11.004526138305664,508.66925048828125,597.8358764648438,114.80487060546875,102.74986267089844,3.391533136367798,4.088336944580078,576.2750244140625,654.416259765625
2566431872,225,5.405999999999949,2,3207,2,3207,1,5123,,,,,,0,,,,,,,,,,0,2,0,-37.511619567871094,-37.54375457763672,-15.017500877380371,-0.01041006576269865,0.03999999910593033,0.02199999988079071,1429.97216796875,1445.0,,700.0,,,,,,,0,0,0,1,1,6,6,7,6,2,0,230,1429,1429,1.7210159301757812,10.543754577636719,-0.02804959937930107,0.15764322876930237,477.51776123046875,3.3536274433135986,8.246600151062012,504.0591735839844,500.29156494140625,112.57122802734375,103.22819519042969,3.2838830947875977,4.582310199737549,595.9512329101562,601.6134033203125
2566431872,230,5.405999999999949,2,3208,2,3208,1,5124,,,,,,0,,,,,,,,,,0,2,0,-37.54375457763672,-37.841796875,-15.136717796325684,-0.08418521285057068,0.03999999910593033,0.02199999988079071,1429.779052734375,1445.0,,700.0,,,,,,,0,0,0,1,1,6,7,7,6,2,0,229,1429,1429,3.2891693115234375,10.841796875,-0.012654181569814682,0.16507643461227417,478.0466003417969,3.2260308265686035,10.51614761352539,505.721923828125,597.9686279296875,110.65087890625,101.49394226074219,2.882179021835327,5.047636032104492,569.7449340820312,483.2938232421875
2566431872,233,5.561999999999898,2,3209,2,3209,1,5122,,,,,,0,,,,,,,,,,0,2,0,-37.841796875,-37.28663635253906,-14.914653778076172,0.17903153598308563,0.03999999910593033,0.02199999988079071,1430.264404296875,1445.0,,700.0,,,,,,,0,0,0,1,1,6,7,7,6,2,0,230,1430,1430,3.282440185546875,10.286636352539062,-0.012935583479702473,0.16189932823181152,478.4900207519531,3.5388879776000977,10.486021995544434,504.17596435546875,597.2837524414062,107.28533935546875,101.8624267578125,3.285137891769409,4.156444549560547,576.1712646484375,587.3554077148438
2566431872,236,5.561999999999898,2,3210,2,3210,1,5096,,,,,,0,,,,,,,,,,0,2,0,-37.28663635253906,-37.35527801513672,-14.942110061645508,-0.01936759427189827,0.03999999910593033,0.02199999988079071,1430.0384521484375,1445.0,,700.0,,,,,,,0,0,0,1,1,7,6,7,6,2,0,231,1430,1430,2.7798614501953125,10.355278015136719,-0.0178542360663414,0.15816915035247803,477.4697265625,5.811783313751221,8.08732795715332,601.3236694335938,499.2210388183594,114.1583251953125,103.41612243652344,3.5382797718048096,4.832987308502197,595.5421142578125,564.0234375
2566431872,239,6.015999999999622,2,3211,2,3211,1,5164,,,,,,0,,,,,,,,,,0,2,0,-37.35527801513672,-38.101219177246094,-15.240487098693848,-0.24157793819904327,0.03999999910593033,0.02199999988079071,1429.5179443359375,1445.0,,700.0,,,,,,,0,0,0,1,1,6,7,7,8,2,0,230,1429,1429,3.4824142456054688,11.101219177246094,-0.012559091672301292,0.1595519483089447,477.9125061035156,3.3772406578063965,10.461419105529785,502.8081359863281,597.5014038085938,111.6341552734375,106.19805908203125,3.640825033187866,5.086646556854248,582.276123046875,668.960205078125
2566431872,242,6.015999999999622,2,3212,2,3212,1,5157,,,,,,0,,,,,,,,,,0,2,0,-38.101219177246094,-37.39668273925781,-14.958672523498535,0.22670616209506989,0.03999999910593033,0.02199999988079071,1430.26806640625,1445.0,,700.0,,,,,,,0,0,0,1,1,7,7,7,6,2,0,232,1430,1430,4.1279296875,10.396682739257812,-0.004807165823876858,0.1584693342447281,477.759033203125,6.398859977722168,10.379666328430176,599.9638061523438,593.6675415039062,104.12701416015625,102.75250244140625,2.9549365043640137,4.2764410972595215,587.8243408203125,616.9039306640625
2566431872,245,6.015999999999622,2,3213,2,3213,1,5044,,,,,,0,,,,,,,,,,0,2,0,-37.39668273925781,-36.93202209472656,-14.772808074951172,0.132172092795372,0.03999999910593033,0.02199999988079071,1430.359375,1445.0,,700.0,,,,,,,0,0,0,1,1,6,7,7,6,2,0,230,1430,1430,2.9133377075195312,9.932022094726562,-0.014801472425460815,0.16581684350967407,477.9654541015625,3.4928815364837646,10.231515884399414,506.83599853515625,602.6270751953125,110.6309814453125,108.7451171875,2.584449291229248,4.4193243980407715,570.338134765625,591.1829223632812
2566431872,249,6.015999999999622,2,3214,2,3214,1,5086,,,,,,0,,,,,,,,,,0,2,0,-36.93202209472656,-37.72428894042969,-15.089715003967285,-0.25501394271850586,0.03999999910593033,0.02199999988079071,1429.6552734375,1445.0,,700.0,,,,,,,0,0,0,1,1,6,6,7,6,2,0,232,1429,1429,1.6188430786132812,10.724288940429688,-0.027003275230526924,0.15845033526420593,477.4019775390625,3.4938225746154785,8.212686538696289,501.6170654296875,498.4180908203125,111.14508056640625,104.65057373046875,3.7244184017181396,4.193373203277588,584.6759643554688,613.2720947265625
2566431872,252,6.015999999999622,2,3215,2,3215,1,5065,,,,,,0,,,,,,,,,,0,2,0,-37.72428894042969,-38.004364013671875,-15.20174503326416,-0.07914730161428452,0.03999999910593033,0.02199999988079071,1429.7191162109375,1445.0,,700.0,,,,,,,0,0,0,1,1,7,6,6,8,2,0,229,1429,1429,3.2644729614257812,11.004364013671875,-0.016154805198311806,0.16074880957603455,476.80242919921875,6.015614986419678,8.40805721282959,599.634521484375,501.83465576171875,113.91748046875,103.68283081054688,3.003753423690796,4.7119269371032715,493.6578369140625,684.8350219726562
2566431872,255,6.015999999999622,2,3216,2,3216,1,5039,,,,,,0,,,,,,,,,,0,2,0,-38.004364013671875,-36.943519592285156,-14.777406692504883,0.3440326452255249,0.03999999910593033,0.02199999988079071,1430.5665283203125,1445.0,,700.0,,,,,,,0,0,0,1,1,6,6,7,5,2,0,231,1430,1430,2.3482742309570312,9.943519592285156,-0.027656245976686478,0.16242307424545288,476.660888671875,3.259213924407959,7.870392799377441,502.64794921875,500.00799560546875,112.75634765625,102.81742858886719,3.689176559448242,4.225122451782227,583.7394409179688,511.41552734375
2566431872,258,6.561999999999898,2,3217,2,3217,1,5077,,,,,,0,,,,,,,,,,0,2,0,-36.943519592285156,-36.91114807128906,-14.764458656311035,0.009133280254900455,0.03999999910593033,0.02199999988079071,1430.2447509765625,1445.0,,700.0,,,,,,,0,0,0,1,1,6,7,7,6,2,0,230,1430,1430,2.9311370849609375,9.911148071289062,-0.015188382938504219,0.1634393036365509,477.1217041015625,3.427271842956543,10.499109268188477,503.899169921875,597.5272827148438,111.19818115234375,103.540771484375,2.8089985847473145,4.68536901473999,572.9479370117188,558.77587890625
2566431872,261,6.561999999999898,2,3218,2,3218,1,5103,,,,,,0,,,,,,,,,,0,2,0,-36.91114807128906,-37.47509765625,-14.99003791809082,-0.18141035735607147,0.03999999910593033,0.02199999988079071,1429.82861328125,1445.0,,700.0,,,,,,,0,0,0,1,1,7,6,7,6,2,0,231,1429,1429,2.8497390747070312,10.47509765625,-0.017872953787446022,0.158117413520813,476.59332275390625,6.340610504150391,7.870628356933594,597.7704467773438,498.1175537109375,104.44073486328125,103.17196655273438,2.506983995437622,4.188886642456055,585.1688232421875,614.2857055664062
2566431872,264,6.561999999999898,2,3219,2,3219,1,5085,,,,,,0,,,,,,,,,,0,2,0,-37.47509765625,-36.95551300048828,-14.782204627990723,0.14742057025432587,0.03999999910593033,0.02199999988079071,1430.365234375,1445.0,,700.0,,,,,,,0,0,0,1,1,6,7,7,7,2,0,230,1430,1430,3.06524658203125,9.955513000488281,-0.015086508356034756,0.15826928615570068,477.18304443359375,3.132650136947632,9.907889366149902,504.5555419921875,589.973388671875,111.31707763671875,107.475830078125,3.65299391746521,3.961977243423462,592.4435424804688,667.1591796875
2566431872,269,6.561999999999898,2,3220,2,3220,1,5072,,,,,,0,,,,,,,,,,0,2,0,-36.95551300048828,-36.826988220214844,-14.730793952941895,0.04141102731227875,0.03999999910593033,0.02199999988079071,1430.310546875,1445.0,,700.0,,,,,,,0,0,0,1,1,6,7,6,6,2,0,229,1430,1430,2.8940582275390625,9.826988220214844,-0.015105219557881355,0.16393253207206726,477.50567626953125,3.3637571334838867,10.369792938232422,502.43804931640625,597.115966796875,107.38323974609375,103.66644287109375,2.8237829208374023,5.056236267089844,498.65020751953125,631.0169677734375
2566431872,272,6.561999999999898,2,3221,2,3221,1,5044,,,,,,0,,,,,,,,,,0,2,0,-36.826988220214844,-36.98560333251953,-14.79423999786377,-0.044795021414756775,0.03999999910593033,0.02199999988079071,1430.1610107421875,1445.0,,700.0,,,,,,,0,0,0,1,1,6,6,7,5,2,0,230,1430,1430,1.9695663452148438,9.985603332519531,-0.026617009192705154,0.16244685649871826,477.0731201171875,3.653240203857422,7.901427745819092,502.5975341796875,498.7342224121094,112.4288330078125,103.88973999023438,3.308209180831909,4.356723785400391,580.7622680664062,514.0225830078125
2566431872,275,6.561999999999898,2,3222,2,3222,1,5074,,,,,,0,,,,,,,,,,0,2,0,-36.98560333251953,-38.37248992919922,-15.348995208740234,-0.44934216141700745,0.03999999910593033,0.02199999988079071,1429.20166015625,1445.0,,700.0,,,,,,,0,0,0,1,1,6,7,7,6,2,0,229,1429,1429,2.9970779418945312,11.372489929199219,-0.010302305221557617,0.16141074895858765,477.55615234375,3.841355562210083,11.0748929977417,501.0819091796875,597.8589477539062,110.6807861328125,101.88803100585938,3.522176742553711,5.21212911605835,584.7926025390625,486.81512451171875
2566431872,278,7.140999999999622,2,3223,2,3223,1,5111,,,,,,0,,,,,,,,,,0,2,0,-38.37248992919922,-37.651649475097656,-15.06065845489502,0.23168136179447174,0.03999999910593033,0.02199999988079071,1430.1710205078125,1445.0,,700.0,,,,,,,0,0,0,1,1,6,7,7,6,2,0,231,1430,1430,3.3013229370117188,10.651649475097656,-0.013435625471174717,0.15676814317703247,477.9073486328125,3.0061333179473877,10.743094444274902,503.388427734375,598.10498046875,109.2210693359375,102.30291748046875,3.825465679168701,4.182635307312012,594.7276611328125,615.706787109375
2566431872,281,7.140999999999622,2,3224,2,3224,1,5049,,,,,,0,,,,,,,,,,0,2,0,-37.651649475097656,-36.688209533691406,-14.67528247833252,0.27386748790740967,0.03999999910593033,0.02199999988079071,1430.5986328125,1445.0,,700.0,,,,,,,0,0,0,1,1,6,6,6,7,2,0,230,1430,1430,2.0546798706054688,9.688209533691406,-0.028457198292016983,0.1607103943824768,477.49908447265625,3.3997855186462402,8.600010871887207,505.3379211425781,500.99017333984375,113.39776611328125,103.45108032226562,2.802706241607666,3.916193962097168,490.17303466796875,734.8082885742188
2566431872,284,7.140999999999622,2,3225,2,3225,1,5053,,,,,,0,,,,,,,,,,0,2,0,-36.688209533691406,-36.273948669433594,-14.509578704833984,0.13337574899196625,0.03999999910593033,0.02199999988079071,1430.6239013671875,1445.0,,700.0,,,,,,,0,0,0,1,1,6,7,7,5,2,0,229,1430,1430,2.8716583251953125,9.273948669433594,-0.014764606021344662,0.16632016003131866,477.8689270019531,3.04331374168396,10.470536231994629,505.1116027832031,600.9273071289062,111.1993408203125,106.7701416015625,2.923598051071167,4.855174541473389,571.9700317382812,531.7752685546875
2566431872,288,7.140999999999622,2,3226,2,3226,1,5089,,,,,,0,,,,,,,,,,0,2,0,-36.273948669433594,-38.23548126220703,-15.294191360473633,-0.5541176795959473,0.03999999910593033,0.02199999988079071,1429.1517333984375,1445.0,,700.0,,,,,,,0,0,0,1,1,7,6,7,6,2,0,230,1429,1429,3.1249313354492188,11.235481262207031,-0.019527435302734375,0.15415456891059875,477.17730712890625,6.217437267303467,8.041625022888184,598.785888671875,496.176025390625,109.2408447265625,100.92138671875,5.064352989196777,4.620729923248291,632.2559204101562,639.8399658203125
2566431872,291,7.140999999999622,2,3227,2,3227,1,5063,,,,,,0,,,,,,,,,,0,2,0,-38.23548126220703,-37.4931640625,-14.997264862060547,0.24036122858524323,0.03999999910593033,0.02199999988079071,1430.2430419921875,1445.0,,700.0,,,,,,,0,0,0,1,1,7,6,7,5,2,0,231,1430,1430,3.3174285888671875,10.4931640625,-0.018555238842964172,0.16146081686019897,477.034423828125,6.249826431274414,8.175077438354492,600.716796875,499.44842529296875,113.72198486328125,104.32315063476562,3.5345780849456787,4.5766682624816895,595.2946166992188,507.3115234375
2566431872,294,7.140999999999622,2,3228,2,3228,1,5053,,,,,,0,,,,,,,,,,0,2,0,-37.4931640625,-37.55876922607422,-15.023507118225098,-0.018554700538516045,0.03999999910593033,0.02199999988079071,1429.9578857421875,1445.0,,700.0,,,,,,,0,0,0,1,1,6,6,7,5,2,0,230,1429,1429,2.9461517333984375,10.558769226074219,-0.029917601495981216,0.1626524180173874,477.5363464355469,3.1912119388580322,8.483272552490234,504.84747314453125,506.91314697265625,107.968994140625,105.192138671875,3.474661111831665,4.416764259338379,584.7784423828125,513.602294921875
2566431872,297,7.140999999999622,2,3229,2,3229,1,5075,,,,,,0,,,,,,,,,,0,2,0,-37.55876922607422,-38.094688415527344,-15.237874031066895,-0.17277801036834717,0.03999999910593033,0.02199999988079071,1429.58935546875,1445.0,,700.0,,,,,,,0,0,0,1,1,6,6,7,6,2,0,230,1429,1429,3.246002197265625,11.094688415527344,-0.02879316918551922,0.1621265709400177,477.8122253417969,3.17988920211792,8.217018127441406,503.27288818359375,503.3555908203125,108.21685791015625,103.88278198242188,3.162090301513672,4.631803035736084,574.2868041992188,622.1890258789062
2566431872,301,7.686999999999898,2,3230,2,3230,1,5134,,,,,,0,,,,,,,,,,0,2,0,-38.094688415527344,-37.970176696777344,-15.188069343566895,0.0350588895380497,0.03999999910593033,0.02199999988079071,1429.846923828125,1445.0,,700.0,,,,,,,0,0,0,1,1,6,6,7,7,2,0,230,1429,1429,3.1646347045898438,10.970176696777344,-0.029408449307084084,0.1600806564092636,477.6932373046875,3.382115602493286,7.75575590133667,503.2530822753906,499.3602294921875,109.99383544921875,106.94369506835938,3.380549430847168,4.269169330596924,576.6626586914062,651.4776611328125
2566431872,304,7.686999999999898,2,3231,2,3231,1,5158,,,,,,0,,,,,,,,,,0,2,0,-37.970176696777344,-38.365882873535156,-15.346352577209473,-0.12828834354877472,0.03999999910593033,0.02199999988079071,1429.525390625,1445.0,,700.0,,,,,,,0,0,0,1,1,6,7,7,6,2,0,229,1429,1429,3.9885711669921875,11.365882873535156,-0.01353783905506134,0.16594818234443665,478.4350891113281,3.3544113636016846,10.861790657043457,505.6583251953125,600.1697387695312,112.469970703125,103.242919921875,3.195634126663208,5.484494686126709,570.7523803710938,511.0321044921875
2566431872,309,7.686999999999898,2,3232,2,3232,1,5128,,,,,,0,,,,,,,,,,0,2,0,-38.365882873535156,-38.85075378417969,-15.540300369262695,-0.15605977177619934,0.03999999910593033,0.02199999988079071,1429.3037109375,1445.0,,700.0,,,,,,,0,0,0,1,1,6,7,7,7,2,0,229,1429,1429,4.679389953613281,11.850753784179688,-0.013813553377985954,0.1591619998216629,478.94866943359375,2.9218764305114746,10.423233985900879,500.52777099609375,596.1903686523438,110.0968017578125,107.36328125,4.1681623458862305,4.387139320373535,598.1881103515625,567.5469970703125
2566431872,312,7.686999999999898,2,3233,2,3233,1,5078,,,,,,0,,,,,,,,,,0,2,0,-38.85075378417969,-38.54541015625,-15.418163299560547,0.08673561364412308,0.03999999910593033,0.02199999988079071,1429.6685791015625,1445.0,,700.0,,,,,,,0,0,0,1,1,6,6,7,5,2,0,229,1429,1429,3.7053298950195312,11.54541015625,-0.027315054088830948,0.16771778464317322,479.0529479980469,3.0777535438537598,8.205709457397461,502.8299865722656,496.76275634765625,111.06903076171875,101.114501953125,3.125953435897827,4.2497053146362305,573.2966918945312,485.55743408203125
2566431872,315,7.686999999999898,2,3234,2,3234,1,5147,,,,,,0,,,,,,,,,,0,2,0,-38.54541015625,-38.97926330566406,-15.591704368591309,-0.13971924781799316,0.03999999910593033,0.02199999988079071,1429.2685546875,1445.0,,700.0,,,,,,,0,0,0,1,1,6,6,6,8,2,0,230,1429,1429,3.4371795654296875,11.979263305664062,-0.02819196879863739,0.15972042083740234,479.19073486328125,3.3195950984954834,8.08990478515625,504.1507568359375,505.3365478515625,109.5623779296875,105.05712890625,2.7373850345611572,5.317893981933594,493.65087890625,667.7138061523438
2566431872,318,7.686999999999898,2,3235,2,3235,1,5070,,,,,,0,,,,,,,,,,0,2,0,-38.97926330566406,-38.685203552246094,-15.474080085754395,0.0830000787973404,0.03999999910593033,0.02199999988079071,1429.60888671875,1445.0,,700.0,,,,,,,0,0,0,1,1,6,6,7,5,2,0,231,1429,1429,3.9046249389648438,11.685203552246094,-0.03005123883485794,0.15910042822360992,479.37628173828125,3.4434654712677,7.942232608795166,505.67498779296875,496.95355224609375,109.58941650390625,102.666015625,3.35465931892395,4.636502265930176,593.0302124023438,498.2406005859375
2566431872,321,7.686999999999898,2,3236,2,3236,1,5125,,,,,,0,,,,,,,,,,0,2,0,-38.685203552246094,-39.606353759765625,-15.842540740966797,-0.2985383868217468,0.03999999910593033,0.02199999988079071,1428.85888671875,1445.0,,700.0,,,,,,,0,0,0,1,1,6,7,7,7,2,0,230,1428,1428,5.654960632324219,12.606353759765625,-0.01651301048696041,0.16377311944961548,480.42523193359375,3.294696569442749,10.250268936157227,502.6768493652344,595.389892578125,111.315673828125,104.32879638671875,3.1108357906341553,4.79056453704834,581.2055053710938,578.3109741210938
2566431872,324,8.265999999999622,2,3237,2,3237,1,5073,,,,,,0,,,,,,,,,,0,2,0,-39.606353759765625,-39.22010803222656,-15.688042640686035,0.10914917290210724,0.03999999910593033,0.02199999988079071,1429.421142578125,1445.0,,700.0,,,,,,,0,0,0,1,1,7,7,7,6,2,0,231,1429,1429,6.1870574951171875,12.220108032226562,-0.0063461302779614925,0.15818463265895844,480.82244873046875,5.815816879272461,11.04230785369873,599.292724609375,596.3522338867188,112.09356689453125,110.54473876953125,3.47806453704834,4.783591270446777,595.1895141601562,640.796142578125
2566431872,328,8.265999999999622,2,3238,2,3238,1,5031,,,,,,0,,,,,,,,,,0,2,0,-39.22010803222656,-38.944786071777344,-15.577913284301758,0.08873772621154785,0.03999999910593033,0.02199999988079071,1429.5108642578125,1445.0,,700.0,,,,,,,0,0,0,1,1,6,6,6,6,2,0,230,1429,1429,4.140251159667969,11.944786071777344,-0.028813019394874573,0.16149599850177765,480.89306640625,3.8117713928222656,8.103519439697266,503.4093017578125,501.1165466308594,111.873046875,104.4822998046875,2.904573678970337,4.023627281188965,492.701171875,624.9210815429688
2566431872,331,8.265999999999622,2,3239,2,3239,1,5080,,,,,,0,,,,,,,,,,0,2,0,-38.944786071777344,-39.990135192871094,-15.996052742004395,-0.2968142032623291,0.03999999910593033,0.02199999988079071,1428.70703125,1445.0,,700.0,,,,,,,0,0,0,1,1,6,6,7,6,2,0,231,1428,1428,4.3962860107421875,12.990135192871094,-0.028199292719364166,0.15623582899570465,480.6983642578125,3.7704622745513916,8.004253387451172,503.4073486328125,500.9250183105469,112.97198486328125,103.81503295898438,3.5676560401916504,4.654262065887451,592.634521484375,621.4229125976562
2566431872,334,8.265999999999622,2,3240,2,3240,1,5059,,,,,,0,,,,,,,,,,0,2,0,-39.990135192871094,-38.40180206298828,-15.360719680786133,0.5124243497848511,0.03999999910593033,0.02199999988079071,1430.1517333984375,1445.0,,700.0,,,,,,,0,0,0,1,1,6,6,7,6,2,0,231,1430,1430,3.7050704956054688,11.401802062988281,-0.03275177627801895,0.16083380579948425,480.57501220703125,3.8594002723693848,8.437061309814453,504.0339050292969,497.7897033691406,109.8236083984375,104.575439453125,2.8186933994293213,3.9911770820617676,571.9459228515625,630.78369140625
2566431872,337,8.265999999999622,2,3241,2,3241,1,5070,,,,,,0,,,,,,,,,,0,2,0,-38.40180206298828,-40.294273376464844,-16.117708206176758,-0.6097748875617981,0.03999999910593033,0.02199999988079071,1428.2725830078125,1445.0,,700.0,,,,,,,0,0,0,1,1,6,6,7,6,2,0,231,1428,1428,4.439399719238281,13.294273376464844,-0.028020374476909637,0.16073638200759888,480.9451904296875,3.5741593837738037,8.407121658325195,502.32904052734375,495.65911865234375,107.74041748046875,102.919677734375,2.7723162174224854,4.317113876342773,573.8848876953125,655.811279296875
2566431872,340,8.265999999999622,2,3242,2,3242,1,5039,,,,,,0,,,,,,,,,,0,2,0,-40.294273376464844,-39.24029541015625,-15.696117401123047,0.29903939366340637,0.03999999910593033,0.02199999988079071,1429.6029052734375,1445.0,,700.0,,,,,,,0,0,0,1,1,6,6,7,5,2,0,230,1429,1429,5.041221618652344,12.24029541015625,-0.03135222941637039,0.16599589586257935,481.1268005371094,2.9258525371551514,7.804922103881836,504.86700439453125,501.490966796875,113.05450439453125,104.50819396972656,3.1681199073791504,4.190773010253906,599.483642578125,496.5086669921875
2566431872,343,8.265999999999622,2,3243,2,3243,1,5103,,,,,,0,,,,,,,,,,0,2,0,-39.24029541015625,-40.91242980957031,-16.364971160888672,-0.538567304611206,0.03999999910593033,0.02199999988079071,1428.096435546875,1445.0,,700.0,,,,,,,0,0,0,1,1,6,7,7,7,2,0,232,1428,1428,6.3415374755859375,13.912429809570312,-0.01452935766428709,0.1569504290819168,481.9959411621094,3.281832456588745,10.545883178710938,503.79144287109375,598.0851440429688,115.200439453125,102.05593872070312,3.2195403575897217,5.203094005584717,592.5508422851562,603.1863403320312
2566431872,348,8.79699999999957,2,3244,2,3244,1,5028,,,,,,0,,,,,,,,,,0,2,0,-40.91242980957031,-39.89850616455078,-15.95940113067627,0.2867424786090851,0.03999999910593033,0.02199999988079071,1429.327392578125,1445.0,,700.0,,,,,,,0,0,0,1,1,6,7,7,5,2,0,229,1429,1429,6.4524078369140625,12.898506164550781,-0.014284620061516762,0.1658984273672104,482.9362487792969,3.342420816421509,10.876712799072266,505.678955078125,595.93310546875,110.40692138671875,104.91259765625,3.077544689178467,4.2445387840271,570.7461547851562,503.9403076171875
2566431872,351,8.79699999999957,2,3245,2,3245,1,5002,,,,,,0,,,,,,,,,,0,2,0,-39.89850616455078,-40.65687561035156,-16.26274871826172,-0.2457539439201355,0.03999999910593033,0.02199999988079071,1428.4915771484375,1445.0,,700.0,,,,,,,0,0,0,1,1,6,7,6,5,2,0,227,1428,1428,6.867805480957031,13.656875610351562,-0.013521590270102024,0.16848421096801758,483.88055419921875,2.9744603633880615,10.445631980895996,503.7918701171875,597.4051513671875,109.00341796875,106.1962890625,2.303877115249634,3.743175506591797,488.029541015625,501.60009765625
2566431872,354,8.79699999999957,2,3246,2,3246,1,5100,,,,,,0,,,,,,,,,,0,2,0,-40.65687561035156,-40.99467468261719,-16.397869110107422,-0.09521933645009995,0.03999999910593033,0.02199999988079071,1428.5069580078125,1445.0,,700.0,,,,,,,0,0,0,1,1,6,6,7,6,2,0,232,1428,1428,6.138862609863281,13.994674682617188,-0.030882127583026886,0.1580856889486313,483.897216796875,3.217695713043213,7.962710857391357,504.002197265625,492.4571533203125,111.41607666015625,101.748046875,3.547212839126587,4.168294906616211,595.3016967773438,661.7705688476562
2566431872,357,8.79699999999957,2,3247,2,3247,1,5098,,,,,,0,,,,,,,,,,0,2,0,-40.99467468261719,-40.789306640625,-16.31572151184082,0.06617435067892075,0.03999999910593033,0.02199999988079071,1428.75048828125,1445.0,,700.0,,,,,,,0,0,0,1,1,6,6,7,6,2,0,231,1428,1428,5.674552917480469,13.789306640625,-0.028968418017029762,0.15716804563999176,483.62042236328125,3.4266042709350586,8.225639343261719,503.67608642578125,490.77960205078125,113.35400390625,99.6259765625,3.8732283115386963,4.4511919021606445,595.0809936523438,633.81494140625
2566431872,360,8.79699999999957,2,3248,2,3248,1,5043,,,,,,0,,,,,,,,,,0,2,0,-40.789306640625,-40.45133972167969,-16.18053436279297,0.09587766975164413,0.03999999910593033,0.02199999988079071,1428.915283203125,1445.0,,700.0,,,,,,,0,0,0,1,1,6,6,7,5,2,0,230,1428,1428,5.938545227050781,13.451339721679688,-0.029587218537926674,0.16116566956043243,483.69232177734375,3.318423271179199,7.544937610626221,502.44622802734375,491.3051452636719,112.41131591796875,103.63542175292969,3.784123182296753,3.9640157222747803,595.7871704101562,508.1783447265625
2566431872,363,8.79699999999957,2,3249,2,3249,1,5140,,,,,,0,,,,,,,,,,0,2,0,-40.45133972167969,-40.449867248535156,-16.17994499206543,0.0004744348116219044,0.03999999910593033,0.02199999988079071,1428.820556640625,1445.0,,700.0,,,,,,,0,0,0,1,1,6,6,7,7,2,0,232,1428,1428,4.8323822021484375,13.449867248535156,-0.029642749577760696,0.161842942237854,483.4362487792969,3.4003591537475586,8.740620613098145,505.4892578125,506.72418212890625,111.78997802734375,110.0528564453125,2.9449949264526367,4.720217227935791,573.8472290039062,631.3680419921875
2566431872,367,9.358999999999469,2,3250,2,3250,1,5117,,,,,,0,,,,,,,,,,0,2,0,-40.449867248535156,-39.960182189941406,-15.984071731567383,0.15751905739307404,0.03999999910593033,0.02199999988079071,1429.17333984375,1445.0,,700.0,,,,,,,0,0,0,1,1,6,6,7,7,2,0,231,1429,1429,4.605766296386719,12.960182189941406,-0.028518637642264366,0.1638684868812561,483.1883544921875,3.4079127311706543,8.509440422058105,505.23651123046875,505.845947265625,112.25018310546875,106.94268798828125,3.3814642429351807,5.314500331878662,569.9805908203125,631.4154663085938
2566431872,370,9.358999999999469,2,3251,2,3251,1,5054,,,,,,0,,,,,,,,,,0,2,0,-39.960182189941406,-39.03850555419922,-15.615401268005371,0.2619900107383728,0.03999999910593033,0.02199999988079071,1429.6466064453125,1445.0,,700.0,,,,,,,0,0,0,1,1,6,6,7,5,2,0,229,1429,1429,4.091575622558594,12.038505554199219,-0.02643633261322975,0.15789201855659485,482.6327819824219,3.6096739768981934,8.117502212524414,501.4117431640625,504.8995361328125,108.94952392578125,110.67266845703125,4.034692764282227,4.253616809844971,596.8331298828125,489.595458984375
2566431872,373,9.358999999999469,2,3252,2,3252,1,5066,,,,,,0,,,,,,,,,,0,2,0,-39.03850555419922,-39.309608459472656,-15.72384262084961,-0.08742022514343262,0.03999999910593033,0.02199999988079071,1429.188720703125,1445.0,,700.0,,,,,,,0,0,0,1,1,6,7,7,7,2,0,230,1429,1429,5.3587188720703125,12.309608459472656,-0.014952397905290127,0.16239425539970398,482.6008605957031,3.124908208847046,10.422409057617188,503.6558837890625,595.790283203125,112.009033203125,103.21549987792969,2.7038776874542236,4.083745956420898,571.828369140625,664.6359252929688
2566431872,377,9.358999999999469,2,3253,2,3253,1,5155,,,,,,0,,,,,,,,,,0,2,0,-39.309608459472656,-39.84606170654297,-15.938424110412598,-0.15119607746601105,0.03999999910593033,0.02199999988079071,1428.9102783203125,1445.0,,700.0,,,,,,,0,0,0,1,1,6,7,7,8,2,0,230,1428,1428,4.9937896728515625,12.846061706542969,-0.014984315261244774,0.16207650303840637,482.6947021484375,3.1882998943328857,10.481949806213379,503.80145263671875,594.6505737304688,109.251220703125,105.3428955078125,2.9044642448425293,5.057430744171143,572.5911865234375,742.5455932617188
2566431872,379,9.358999999999469,2,3254,2,3254,1,5082,,,,,,0,,,,,,,,,,0,2,0,-39.84606170654297,-39.08988952636719,-15.635954856872559,0.24544115364551544,0.03999999910593033,0.02199999988079071,1429.6094970703125,1445.0,,700.0,,,,,,,0,0,0,1,1,6,6,7,6,2,0,231,1429,1429,3.998626708984375,12.089889526367188,-0.028003020212054253,0.15845781564712524,481.9281005859375,3.6769745349884033,8.117877960205078,508.64886474609375,498.34344482421875,113.6612548828125,102.02616882324219,3.2763671875,4.245691299438477,579.7891845703125,629.2269287109375
2566431872,383,9.358999999999469,2,3255,2,3255,1,5140,,,,,,0,,,,,,,,,,0,2,0,-39.08988952636719,-39.111671447753906,-15.644667625427246,-0.00614642770960927,0.03999999910593033,0.02199999988079071,1429.3492431640625,1445.0,,700.0,,,,,,,0,0,0,1,1,6,6,7,6,2,0,230,1429,1429,3.6772994995117188,12.111671447753906,-0.028560832142829895,0.15788230299949646,481.39453125,3.5207340717315674,8.075695037841797,503.6526794433594,498.5873107910156,112.5689697265625,101.92819213867188,4.129459857940674,4.541192054748535,596.4949951171875,601.66357421875
2566431872,388,9.358999999999469,2,3256,2,3256,1,5145,,,,,,0,,,,,,,,,,0,2,0,-39.111671447753906,-39.892250061035156,-15.95689868927002,-0.25137966871261597,0.03999999910593033,0.02199999988079071,1428.791748046875,1445.0,,700.0,,,,,,,0,0,0,1,1,6,6,7,6,2,0,231,1428,1428,4.268562316894531,12.892250061035156,-0.02937636896967888,0.15594272315502167,481.16534423828125,3.235351085662842,8.205957412719727,502.9915771484375,501.261474609375,109.349365234375,105.47525024414062,3.2233400344848633,4.593318939208984,596.2346801757812,623.18115234375
2566431872,391,9.905999999999949,2,3257,2,3257,1,5177,,,,,,0,,,,,,,,,,0,2,0,-39.892250061035156,-40.00360107421875,-16.001440048217773,-0.03159230574965477,0.03999999910593033,0.02199999988079071,1428.9669189453125,1445.0,,700.0,,,,,,,0,0,0,1,1,6,7,7,6,2,0,231,1428,1428,5.730224609375,13.00360107421875,-0.013595204800367355,0.15818554162979126,481.3561706542969,3.729097843170166,10.135553359985352,508.09417724609375,591.1806640625,108.230712890625,104.57859802246094,3.360506534576416,4.346471309661865,580.2078247070312,648.1026611328125
2566431872,394,9.905999999999949,2,3258,2,3258,1,5137,,,,,,0,,,,,,,,,,0,2,0,-40.00360107421875,-40.14677429199219,-16.05870819091797,-0.046143725514411926,0.03999999910593033,0.02199999988079071,1428.8951416015625,1445.0,,700.0,,,,,,,0,0,0,1,1,6,6,7,7,2,0,230,1428,1428,4.4476776123046875,13.146774291992188,-0.028823696076869965,0.15752696990966797,481.1728515625,3.544484853744507,8.308938026428223,502.43743896484375,499.0683288574219,111.82659912109375,105.03338623046875,3.085808515548706,4.4195122718811035,586.8421020507812,731.2775268554688
2566431872,397,9.905999999999949,2,3259,2,3259,1,5043,,,,,,0,,,,,,,,,,0,2,0,-40.14677429199219,-39.35064697265625,-15.74025821685791,0.2248997539281845,0.03999999910593033,0.02199999988079071,1429.484619140625,1445.0,,700.0,,,,,,,0,0,0,1,1,6,6,7,6,2,0,230,1429,1429,4.1409912109375,12.35064697265625,-0.028448540717363358,0.15978139638900757,480.8262023925781,3.795257568359375,7.763801097869873,508.0545959472656,495.1246032714844,112.1336669921875,101.09933471679688,3.530284881591797,4.583317756652832,578.8016357421875,588.6416015625
2566431872,400,9.905999999999949,2,3260,2,3260,1,5099,,,,,,0,,,,,,,,,,0,2,0,-39.35064697265625,-39.53026580810547,-15.812105178833008,-0.05817744508385658,0.03999999910593033,0.02199999988079071,1429.129638671875,1445.0,,700.0,,,,,,,0,0,0,1,1,6,7,7,7,2,0,231,1429,1429,5.860954284667969,12.530265808105469,-0.015830889344215393,0.1593143492937088,481.570556640625,3.303286075592041,10.39208984375,504.17510986328125,595.1473999023438,113.04461669921875,105.0504150390625,3.549025535583496,4.14286470413208,592.0731811523438,693.6836547851562
2566431872,403,9.905999999999949,2,3261,2,3261,1,5116,,,,,,0,,,,,,,,,,0,2,0,-39.53026580810547,-41.36712646484375,-16.546850204467773,-0.5909082889556885,0.03999999910593033,0.02199999988079071,1427.8621826171875,1445.0,,700.0,,,,,,,0,0,0,1,1,6,6,7,8,2,0,232,1427,1427,5.2202606201171875,14.36712646484375,-0.02631831355392933,0.16081224381923676,481.69036865234375,3.5985870361328125,8.685310363769531,501.50213623046875,509.1092224121094,112.8482666015625,107.06417846679688,2.8608903884887695,5.005514144897461,574.2022094726562,695.5671997070312
2566431872,407,9.905999999999949,2,3262,2,3262,1,5059,,,,,,0,,,,,,,,,,0,2,0,-41.36712646484375,-40.685203552246094,-16.274080276489258,0.19362592697143555,0.03999999910593033,0.02199999988079071,1428.9195556640625,1445.0,,700.0,,,,,,,0,0,0,1,1,7,6,7,6,2,0,231,1428,1428,6.070281982421875,13.685203552246094,-0.018882377073168755,0.1587507575750351,481.3939514160156,5.835321426391602,8.271584510803223,599.4749755859375,497.14263916015625,111.93060302734375,100.58274841308594,3.6416356563568115,4.615814208984375,583.5665893554688,655.5864868164062
2566431872,410,10.483999999999469,2,3263,2,3263,1,5056,,,,,,0,,,,,,,,,,0,2,0,-40.685203552246094,-39.6109619140625,-15.84438419342041,0.34626027941703796,0.03999999910593033,0.02199999988079071,1429.501953125,1445.0,,700.0,,,,,,,0,0,0,1,1,6,6,7,6,2,0,230,1429,1429,4.780204772949219,12.6109619140625,-0.03000825271010399,0.16633260250091553,481.70343017578125,3.5744035243988037,8.191259384155273,503.82708740234375,495.2427978515625,109.5914306640625,105.23977661132812,3.213379383087158,4.0084710121154785,571.614501953125,589.9097290039062
2566431872,413,10.483999999999469,2,3264,2,3264,1,5025,,,,,,0,,,,,,,,,,0,2,0,-39.6109619140625,-39.88493347167969,-15.953972816467285,-0.0774034634232521,0.03999999910593033,0.02199999988079071,1428.9686279296875,1445.0,,700.0,,,,,,,0,0,0,1,1,6,6,7,6,2,0,230,1428,1428,5.082366943359375,12.884933471679688,-0.026193033903837204,0.16055971384048462,481.576171875,3.191795587539673,7.851271152496338,504.17401123046875,506.3435974121094,114.59942626953125,103.41778564453125,3.5597145557403564,3.932163715362549,595.4293823242188,590.6511840820312
2566431872,416,10.483999999999469,2,3265,2,3265,1,5071,,,,,,0,,,,,,,,,,0,2,0,-39.88493347167969,-39.328582763671875,-15.73143196105957,0.18014325201511383,0.03999999910593033,0.02199999988079071,1429.44873046875,1445.0,,700.0,,,,,,,0,0,0,1,1,6,7,7,7,2,0,230,1429,1429,6.1747894287109375,12.328582763671875,-0.015670467168092728,0.16642898321151733,482.26629638671875,3.131216287612915,10.499332427978516,505.4148254394531,599.4993896484375,111.5572509765625,102.61697387695312,3.420060634613037,4.76876163482666,571.9739379882812,579.0274047851562
2566431872,419,10.483999999999469,2,3266,2,3266,1,5080,,,,,,0,,,,,,,,,,0,2,0,-39.328582763671875,-40.34748840332031,-16.138994216918945,-0.2874349057674408,0.03999999910593033,0.02199999988079071,1428.573486328125,1445.0,,700.0,,,,,,,0,0,0,1,1,6,6,7,6,2,0,231,1428,1428,4.782432556152344,13.347488403320312,-0.02739332616329193,0.16024552285671234,482.052978515625,3.5239405632019043,8.47018051147461,508.48858642578125,495.263671875,114.04864501953125,100.22213745117188,2.8512561321258545,4.482359409332275,570.9740600585938,654.6472778320312
2566431872,422,10.483999999999469,2,3267,2,3267,1,5080,,,,,,0,,,,,,,,,,0,2,0,-40.34748840332031,-40.52362823486328,-16.209449768066406,-0.05677152797579765,0.03999999910593033,0.02199999988079071,1428.7337646484375,1445.0,,700.0,,,,,,,0,0,0,1,1,6,6,7,6,2,0,231,1428,1428,4.72894287109375,13.523628234863281,-0.029496781527996063,0.15948091447353363,481.9818115234375,3.5777015686035156,8.318153381347656,502.6436767578125,496.8067626953125,110.37042236328125,103.35020446777344,3.1907522678375244,4.465287208557129,582.968505859375,658.219482421875
2566431872,427,10.483999999999469,2,3268,2,3268,1,5065,,,,,,0,,,,,,,,,,0,2,0,-40.52362823486328,-39.68860626220703,-15.875441551208496,0.2370385080575943,0.03999999910593033,0.02199999988079071,1429.361572265625,1445.0,,700.0,,,,,,,0,0,0,1,1,6,6,7,5,2,0,230,1429,1429,4.8050689697265625,12.688606262207031,-0.028234537690877914,0.1661292314529419,482.06158447265625,3.1853504180908203,8.241349220275879,504.555419921875,496.517822265625,110.9742431640625,102.11123657226562,2.996915578842163,4.157003402709961,576.1649169921875,501.79010009765625
2566431872,430,10.483999999999469,2,3269,2,3269,1,5096,,,,,,0,,,,,,,,,,0,2,0,-39.68860626220703,-40.731468200683594,-16.292585372924805,-0.3362356126308441,0.03999999910593033,0.02199999988079071,1428.3712158203125,1445.0,,700.0,,,,,,,0,0,0,1,1,6,6,7,7,2,0,233,1428,1428,5.383293151855469,13.731468200683594,-0.02762356959283352,0.15872713923454285,482.0323486328125,3.1591618061065674,7.81239128112793,510.3865661621094,496.061279296875,112.7447509765625,104.17738342285156,3.3954896926879883,4.559969902038574,579.3756103515625,743.1668090820312
2566431872,433,10.75,2,3270,2,3270,1,5097,,,,,,0,,,,,,,,,,0,2,0,-40.731468200683594,-40.89344787597656,-16.357378005981445,-0.05212324112653732,0.03999999910593033,0.02199999988079071,1428.5904541015625,1445.0,,700.0,,,,,,,0,0,0,1,1,6,6,7,7,2,0,231,1428,1428,5.2055511474609375,13.893447875976562,-0.026722099632024765,0.16379359364509583,481.98907470703125,3.6745941638946533,7.694604396820068,502.4512939453125,496.3517761230469,112.3011474609375,103.25369262695312,3.2119901180267334,3.5122647285461426,573.49658203125,591.2025146484375
2566431872,436,10.75,2,3271,2,3271,1,5109,,,,,,0,,,,,,,,,,0,2,0,-40.89344787597656,-41.29583740234375,-16.518333435058594,-0.11409100890159607,0.03999999910593033,0.02199999988079071,1428.3675537109375,1445.0,,700.0,,,,,,,0,0,0,1,1,6,6,7,7,2,0,232,1428,1428,5.109748840332031,14.29583740234375,-0.027251483872532845,0.15612293779850006,481.99609375,2.9759161472320557,8.100608825683594,503.95758056640625,506.4041442871094,113.94317626953125,103.8162841796875,3.6132168769836426,5.2074127197265625,599.3973999023438,634.6668090820312
2566431872,439,10.75,2,3272,2,3272,1,5047,,,,,,0,,,,,,,,,,0,2,0,-41.29583740234375,-39.65216827392578,-15.86086654663086,0.5306894779205322,0.03999999910593033,0.02199999988079071,1429.6697998046875,1445.0,,700.0,,,,,,,0,0,0,1,1,6,6,7,7,2,0,230,1429,1429,5.0030517578125,12.652168273925781,-0.028030257672071457,0.1587727963924408,481.97210693359375,3.3907012939453125,8.126178741455078,505.137939453125,502.6527099609375,111.9202880859375,104.30010986328125,3.4326703548431396,4.142117500305176,592.4874877929688,692.3021850585938
2566431872,442,11.265999999999622,2,3273,2,3273,1,5044,,,,,,0,,,,,,,,,,0,2,0,-39.65216827392578,-40.659278869628906,-16.263710021972656,-0.28384479880332947,0.03999999910593033,0.02199999988079071,1428.4525146484375,1445.0,,700.0,,,,,,,0,0,0,1,1,6,6,7,6,2,0,229,1428,1428,5.040809631347656,13.659278869628906,-0.027123603969812393,0.15998965501785278,481.93963623046875,3.938455581665039,8.176053047180176,500.1047058105469,501.5171813964844,108.3453369140625,101.96917724609375,3.6081137657165527,4.015900135040283,587.441162109375,578.3825073242188
2566431872,446,11.265999999999622,2,3274,2,3274,1,5072,,,,,,0,,,,,,,,,,0,2,0,-40.659278869628906,-41.31865692138672,-16.527462005615234,-0.21369712054729462,0.03999999910593033,0.02199999988079071,1428.2587890625,1445.0,,700.0,,,,,,,0,0,0,1,1,6,7,7,6,2,0,230,1428,1428,6.792823791503906,14.318656921386719,-0.010814704932272434,0.16112282872200012,482.7337341308594,3.930762529373169,10.768101692199707,506.94854736328125,593.6563720703125,111.913818359375,102.292724609375,2.527770519256592,3.961257219314575,566.6214599609375,588.1211547851562
2566431872,449,11.265999999999622,2,3275,2,3275,1,5085,,,,,,0,,,,,,,,,,0,2,0,-41.31865692138672,-40.244171142578125,-16.097667694091797,0.3034491240978241,0.03999999910593033,0.02199999988079071,1429.205810546875,1445.0,,700.0,,,,,,,0,0,0,1,1,6,6,7,6,2,0,231,1429,1429,4.7921142578125,13.244171142578125,-0.03082624264061451,0.16212652623653412,482.48443603515625,3.351839542388916,8.398693084716797,505.94549560546875,495.57354736328125,111.21661376953125,101.79940795898438,2.4377522468566895,4.339385509490967,570.099853515625,643.6056518554688
2566431872,452,11.265999999999622,2,3276,2,3276,1,5085,,,,,,0,,,,,,,,,,0,2,0,-40.244171142578125,-40.83380126953125,-16.333518981933594,-0.19077977538108826,0.03999999910593033,0.02199999988079071,1428.4757080078125,1445.0,,700.0,,,,,,,0,0,0,1,1,6,6,7,6,2,0,231,1428,1428,5.3255615234375,13.83380126953125,-0.02806282974779606,0.15683504939079285,482.4117736816406,3.1443049907684326,8.085864067077637,502.25750732421875,495.2762451171875,109.29840087890625,104.4261474609375,3.8642921447753906,4.543325901031494,594.9140625,655.8167724609375
2566431872,456,11.265999999999622,2,3277,2,3277,1,5146,,,,,,0,,,,,,,,,,0,2,0,-40.83380126953125,-40.00608825683594,-16.00243377685547,0.23351480066776276,0.03999999910593033,0.02199999988079071,1429.2310791015625,1445.0,,700.0,,,,,,,0,0,0,1,1,6,7,7,5,2,0,230,1429,1429,6.524688720703125,13.006088256835938,-0.013042154721915722,0.16470694541931152,483.056396484375,3.2449629306793213,10.486517906188965,500.7905578613281,601.6984252929688,111.12347412109375,104.39828491210938,3.9475083351135254,4.0360236167907715,585.258056640625,498.643798828125
2566431872,459,11.265999999999622,2,3278,2,3278,1,5075,,,,,,0,,,,,,,,,,0,2,0,-40.00608825683594,-39.43994140625,-15.775975227355957,0.18264898657798767,0.03999999910593033,0.02199999988079071,1429.4066162109375,1445.0,,700.0,,,,,,,0,0,0,1,1,6,6,6,5,2,0,228,1429,1429,5.30181884765625,12.43994140625,-0.026005830615758896,0.16941198706626892,482.8433532714844,3.5125832557678223,8.323602676391602,509.9351806640625,495.94598388671875,113.6053466796875,101.96038818359375,3.361111879348755,4.0343241691589355,488.70831298828125,500.8572998046875
2566431872,462,11.265999999999622,2,3279,2,3279,1,5136,,,,,,0,,,,,,,,,,0,2,0,-39.43994140625,-39.76799774169922,-15.907197952270508,-0.09245964884757996,0.03999999910593033,0.02199999988079071,1429.0003662109375,1445.0,,700.0,,,,,,,0,0,0,1,1,6,6,7,5,2,0,230,1429,1429,5.0840606689453125,12.767997741699219,-0.026912303641438484,0.1638546884059906,482.5169677734375,3.488762855529785,8.32884407043457,508.49462890625,495.2744140625,114.5587158203125,100.28302001953125,3.6390137672424316,4.125282287597656,578.5254516601562,494.81475830078125
2566431872,467,11.844000000000051,2,3280,2,3280,1,5158,,,,,,0,,,,,,,,,,0,2,0,-39.76799774169922,-40.35414123535156,-16.14165496826172,-0.19005754590034485,0.03999999910593033,0.02199999988079071,1428.6683349609375,1445.0,,700.0,,,,,,,0,0,0,1,1,6,6,7,6,2,0,231,1428,1428,4.990379333496094,13.354141235351562,-0.030491376295685768,0.16176752746105194,482.5476379394531,3.492492437362671,8.058857917785645,504.40777587890625,489.71746826171875,111.08319091796875,103.92893981933594,3.1367383003234863,4.335878372192383,574.205078125,633.1800537109375
2566431872,470,11.844000000000051,2,3281,2,3281,1,5119,,,,,,0,,,,,,,,,,0,2,0,-40.35414123535156,-40.113365173339844,-16.045345306396484,0.077644944190979,0.03999999910593033,0.02199999988079071,1429.0323486328125,1445.0,,700.0,,,,,,,0,0,0,1,1,6,6,7,5,2,0,230,1429,1429,5.270721435546875,13.113365173339844,-0.02905741147696972,0.16146114468574524,482.41455078125,3.4295132160186768,8.53372859954834,504.0289306640625,505.3948059082031,112.43206787109375,109.06707763671875,3.7950735092163086,4.229258060455322,595.554931640625,492.69110107421875
2566431872,473,11.844000000000051,2,3282,2,3282,1,5113,,,,,,0,,,,,,,,,,0,2,0,-40.113365173339844,-40.056243896484375,-16.022497177124023,0.0161909107118845,0.03999999910593033,0.02199999988079071,1428.9937744140625,1445.0,,700.0,,,,,,,0,0,0,1,1,6,6,7,5,2,0,230,1428,1428,5.0674896240234375,13.056243896484375,-0.028614971786737442,0.1659192591905594,482.6019592285156,3.1641042232513428,8.423913955688477,503.69097900390625,498.94622802734375,108.5648193359375,102.878173828125,2.3256044387817383,4.237879276275635,572.7114868164062,498.244384765625
2566431872,476,11.844000000000051,2,3283,2,3283,1,5173,,,,,,0,,,,,,,,,,0,2,0,-40.056243896484375,-40.105804443359375,-16.042320251464844,-0.01598217897117138,0.03999999910593033,0.02199999988079071,1428.941650390625,1445.0,,700.0,,,,,,,0,0,0,1,1,7,6,7,6,2,0,231,1428,1428,6.010009765625,13.105804443359375,-0.019418321549892426,0.15825465321540833,482.1920471191406,5.96483039855957,8.008952140808105,599.9381713867188,506.1241149902344,113.96923828125,107.6201171875,3.335763454437256,4.518650054931641,594.592529296875,634.7653198242188
2566431872,479,11.844000000000051,2,3284,2,3284,1,5109,,,,,,0,,,,,,,,,,0,2,0,-40.105804443359375,-39.976318359375,-15.99052619934082,0.03661273792386055,0.03999999910593033,0.02199999988079071,1429.046142578125,1445.0,,700.0,,,,,,,0,0,0,1,1,6,6,7,6,2,0,231,1429,1429,5.3268585205078125,12.976318359375,-0.03096369281411171,0.1579284816980362,482.34228515625,3.256235122680664,8.232166290283203,505.3768005371094,498.30352783203125,112.58697509765625,104.118896484375,2.965343952178955,4.3405842781066895,569.1205444335938,613.4719848632812
2566431872,482,11.844000000000051,2,3285,2,3285,1,5101,,,,,,0,,,,,,,,,,0,2,0,-39.976318359375,-40.273765563964844,-16.10950469970703,-0.09633763134479523,0.03999999910593033,0.02199999988079071,1428.794189453125,1445.0,,700.0,,,,,,,0,0,0,1,1,6,6,7,8,2,0,231,1428,1428,5.148765563964844,13.273765563964844,-0.028387442231178284,0.16361327469348907,482.4382629394531,3.216607093811035,8.226412773132324,506.10284423828125,506.455078125,113.17486572265625,103.07086181640625,3.2047760486602783,4.887091636657715,569.6229248046875,693.3564453125
2566431872,486,12.390999999999622,2,3286,2,3286,1,5048,,,,,,0,,,,,,,,,,0,2,0,-40.273765563964844,-40.61701965332031,-16.246807098388672,-0.09694819152355194,0.03999999910593033,0.02199999988079071,1428.65625,1445.0,,700.0,,,,,,,0,0,0,1,1,6,7,6,6,2,0,230,1428,1428,6.7559051513671875,13.617019653320312,-0.01634499430656433,0.1680515855550766,483.38714599609375,3.5208051204681396,9.97890853881836,505.33331298828125,588.4820556640625,108.4700927734375,106.52423095703125,2.8607656955718994,4.942562580108643,496.11492919921875,511.36663818359375
2566431872,489,12.390999999999622,2,3287,2,3287,1,5069,,,,,,0,,,,,,,,,,0,2,0,-40.61701965332031,-40.34820556640625,-16.139280319213867,0.0864991620182991,0.03999999910593033,0.02199999988079071,1428.947265625,1445.0,,700.0,,,,,,,0,0,0,1,1,6,6,7,6,2,0,231,1428,1428,5.316261291503906,13.34820556640625,-0.028962047770619392,0.1603131890296936,483.40185546875,3.997016191482544,7.2948994636535645,504.69183349609375,494.705810546875,112.32281494140625,105.89431762695312,4.088094234466553,3.7819700241088867,595.086669921875,584.6491088867188
2566431872,492,12.390999999999622,2,3288,2,3288,1,5011,,,,,,0,,,,,,,,,,0,2,0,-40.34820556640625,-40.57817840576172,-16.23126983642578,-0.06502506881952286,0.03999999910593033,0.02199999988079071,1428.70361328125,1445.0,,700.0,,,,,,,0,0,0,1,1,6,6,7,5,2,0,230,1428,1428,5.7227935791015625,13.578178405761719,-0.02885260432958603,0.16508087515830994,483.32635498046875,3.3436107635498047,7.807041168212891,503.3902587890625,490.762939453125,112.92169189453125,101.08378601074219,2.949418306350708,4.090856075286865,571.2002563476562,505.204345703125
2566431872,495,12.390999999999622,2,3289,2,3289,1,5087,,,,,,0,,,,,,,,,,0,2,0,-40.57817840576172,-41.32373809814453,-16.52949333190918,-0.24175459146499634,0.03999999910593033,0.02199999988079071,1428.228759765625,1445.0,,700.0,,,,,,,0,0,0,1,1,6,6,7,6,2,0,231,1428,1428,5.872161865234375,14.323738098144531,-0.027148542925715446,0.15774419903755188,483.41912841796875,3.348642587661743,7.8360819816589355,501.05340576171875,501.40966796875,112.85882568359375,102.33152770996094,3.535856246948242,4.608664512634277,586.7765502929688,653.0756225585938
2566431872,498,12.390999999999622,2,3290,2,3290,1,5132,,,,,,0,,,,,,,,,,0,2,0,-41.32373809814453,-41.57561492919922,-16.630245208740234,-0.08109033107757568,0.03999999910593033,0.02199999988079071,1428.2886962890625,1445.0,,700.0,,,,,,,0,0,0,1,1,6,7,7,7,2,0,232,1428,1428,6.87841796875,14.575614929199219,-0.015788862481713295,0.160719633102417,484.1495056152344,3.640012264251709,10.290517807006836,503.39447021484375,588.9029541015625,108.66021728515625,102.49641418457031,3.3368115425109863,5.436725616455078,573.192138671875,635.1953125
2566431872,501,12.390999999999622,2,3291,2,3291,1,5091,,,,,,0,,,,,,,,,,0,2,0,-41.57561492919922,-40.63452911376953,-16.25381088256836,0.2672188878059387,0.03999999910593033,0.02199999988079071,1429.013427734375,1445.0,,700.0,,,,,,,0,0,0,1,1,6,7,7,6,2,0,230,1429,1429,6.964241027832031,13.634529113769531,-0.01570770889520645,0.16231410205364227,484.77728271484375,3.247814655303955,10.244827270507812,503.05120849609375,587.498779296875,109.25396728515625,99.73060607910156,2.8264074325561523,4.302579402923584,572.063720703125,599.6795654296875
2566431872,506,12.390999999999622,2,3292,2,3292,1,5061,,,,,,0,,,,,,,,,,0,2,0,-40.63452911376953,-40.26994323730469,-16.10797691345215,0.11758285760879517,0.03999999910593033,0.02199999988079071,1429.009521484375,1445.0,,700.0,,,,,,,0,0,0,1,1,6,6,7,6,2,0,229,1429,1429,5.484336853027344,13.269943237304688,-0.028807029128074646,0.15881769359111786,484.513427734375,3.345651865005493,7.337066650390625,505.1779479980469,495.822509765625,114.88543701171875,102.611083984375,4.114896774291992,4.166629314422607,618.6014404296875,579.0535278320312
2566431872,509,12.95299999999952,2,3293,2,3293,1,5100,,,,,,0,,,,,,,,,,0,2,0,-40.26994323730469,-40.4710693359375,-16.188426971435547,-0.05676141008734703,0.03999999910593033,0.02199999988079071,1428.7547607421875,1445.0,,700.0,,,,,,,0,0,0,1,1,6,6,7,7,2,0,231,1428,1428,5.693946838378906,13.4710693359375,-0.031198378652334213,0.15917006134986877,484.1841125488281,2.955383777618408,7.4436235427856445,505.41522216796875,495.76025390625,113.5201416015625,102.601318359375,3.5237441062927246,4.020277976989746,595.1215209960938,581.8427734375
2566431872,512,12.95299999999952,2,3294,2,3294,1,5040,,,,,,0,,,,,,,,,,0,2,0,-40.4710693359375,-40.286766052246094,-16.11470603942871,0.05971458554267883,0.03999999910593033,0.02199999988079071,1428.9449462890625,1445.0,,700.0,,,,,,,0,0,0,1,1,6,6,6,6,2,0,230,1428,1428,5.61907958984375,13.286766052246094,-0.02933436632156372,0.16526386141777039,484.0109558105469,3.3830275535583496,8.641719818115234,505.23486328125,500.70770263671875,111.658447265625,103.9649658203125,2.6386468410491943,4.124207496643066,484.972900390625,612.724853515625
2566431872,515,12.95299999999952,2,3295,2,3295,1,5031,,,,,,0,,,,,,,,,,0,2,0,-40.286766052246094,-40.900543212890625,-16.36021614074707,-0.17309926450252533,0.03999999910593033,0.02199999988079071,1428.4666748046875,1445.0,,700.0,,,,,,,0,0,0,1,1,6,7,7,5,2,0,229,1428,1428,6.997306823730469,13.900543212890625,-0.014613494277000427,0.15888652205467224,484.6507568359375,3.569216728210449,10.38171100616455,503.6001892089844,587.7582397460938,109.4586181640625,100.90545654296875,3.6766717433929443,4.003332614898682,597.482666015625,500.295654296875
2566431872,518,12.95299999999952,2,3296,2,3296,1,5090,,,,,,0,,,,,,,,,,0,2,0,-40.900543212890625,-41.186668395996094,-16.474666595458984,-0.09211405366659164,0.03999999910593033,0.02199999988079071,1428.4332275390625,1445.0,,700.0,,,,,,,0,0,0,1,1,6,7,7,6,2,0,230,1428,1428,6.8995513916015625,14.186668395996094,-0.012434019707143307,0.1588253229856491,485.0225830078125,3.374561309814453,10.598800659179688,502.66180419921875,591.5657348632812,113.32476806640625,101.15263366699219,3.424931526184082,4.118904113769531,583.3900756835938,633.6064453125
2566431872,521,12.95299999999952,2,3297,2,3297,1,5103,,,,,,0,,,,,,,,,,0,2,0,-41.186668395996094,-40.48638153076172,-16.194551467895508,0.19865292310714722,0.03999999910593033,0.02199999988079071,1429.0040283203125,1445.0,,700.0,,,,,,,0,0,0,1,1,6,7,7,7,2,0,232,1429,1429,6.827850341796875,13.486381530761719,-0.016410337761044502,0.16131635010242462,485.4876403808594,3.6152634620666504,10.487229347229004,503.7413330078125,604.0602416992188,109.9227294921875,106.33038330078125,2.735138177871704,4.09873104095459,573.8349609375,641.0037841796875
2566431872,525,12.95299999999952,2,3298,2,3298,1,5076,,,,,,0,,,,,,,,,,0,2,0,-40.48638153076172,-41.460906982421875,-16.584362030029297,-0.3140787184238434,0.03999999910593033,0.02199999988079071,1428.1015625,1445.0,,700.0,,,,,,,0,0,0,1,1,6,7,7,6,2,0,230,1428,1428,6.86383056640625,14.460906982421875,-0.012407335452735424,0.15982671082019806,485.50677490234375,3.425408124923706,10.28243350982666,500.2958984375,590.2139282226562,111.47662353515625,101.46707153320312,2.8522109985351562,4.155385971069336,577.6526489257812,598.448486328125
2566431872,528,12.95299999999952,2,3299,2,3299,1,5023,,,,,,0,,,,,,,,,,0,2,0,-41.460906982421875,-41.151405334472656,-16.460561752319336,0.08746696263551712,0.03999999910593033,0.02199999988079071,1428.626953125,1445.0,,700.0,,,,,,,0,0,0,1,1,6,7,6,6,2,0,229,1428,1428,6.8107147216796875,14.151405334472656,-0.013630646280944347,0.1634087711572647,485.78509521484375,3.7750182151794434,10.80624008178711,503.3231506347656,590.7413330078125,112.093505859375,101.13722229003906,2.9584548473358154,4.356668949127197,493.52813720703125,512.3648681640625
2566431872,531,13.5,2,3300,2,3300,1,5020,,,,,,0,,,,,,,,,,0,2,0,-41.151405334472656,-40.28539276123047,-16.11415672302246,0.28105026483535767,0.03999999910593033,0.02199999988079071,1429.1668701171875,1445.0,,700.0,,,,,,,0,0,0,1,1,6,7,6,6,2,0,229,1429,1429,6.819023132324219,13.285392761230469,-0.014072244986891747,0.16497023403644562,485.83697509765625,3.2732608318328857,9.819477081298828,502.804931640625,588.0914306640625,112.78448486328125,103.10531616210938,2.935638904571533,4.340312957763672,487.1700439453125,592.2543334960938
2566431872,534,13.5,2,3301,2,3301,1,5047,,,,,,0,,,,,,,,,,0,2,0,-40.28539276123047,-40.433868408203125,-16.173545837402344,-0.04790086671710014,0.03999999910593033,0.02199999988079071,1428.778564453125,1445.0,,700.0,,,,,,,0,0,0,1,1,7,7,7,5,2,0,229,1428,1428,7.7331695556640625,13.433868408203125,-0.004093650728464127,0.16041390597820282,485.4180908203125,5.96887731552124,10.262214660644531,599.562744140625,588.3894653320312,113.24395751953125,101.42330932617188,3.1938488483428955,3.758138418197632,595.7717895507812,525.31103515625
2566431872,538,13.5,2,3302,2,3302,1,5124,,,,,,0,,,,,,,,,,0,2,0,-40.433868408203125,-39.84147644042969,-15.936589241027832,0.16709235310554504,0.03999999910593033,0.02199999988079071,1429.23046875,1445.0,,700.0,,,,,,,0,0,0,1,1,6,6,7,5,2,0,231,1429,1429,5.428184509277344,12.841476440429688,-0.031015224754810333,0.16633594036102295,484.9608459472656,3.3820791244506836,8.233997344970703,504.67584228515625,492.15576171875,110.05364990234375,100.96736145019531,3.208017587661743,3.8430535793304443,571.7881469726562,511.7789306640625
2566431872,541,13.5,2,3303,2,3303,1,5200,,,,,,0,,,,,,,,,,0,2,0,-39.84147644042969,-41.410400390625,-16.564159393310547,-0.5074242949485779,0.03999999910593033,0.02199999988079071,1427.9283447265625,1445.0,,700.0,,,,,,,0,0,0,1,1,7,6,7,7,2,0,233,1427,1427,6.515617370605469,14.410400390625,-0.019294150173664093,0.16049262881278992,484.17828369140625,5.91733455657959,7.910558700561523,596.2732543945312,497.8977355957031,110.3468017578125,102.25086975097656,3.1781930923461914,5.1460418701171875,574.843017578125,640.527099609375
2566431872,546,13.5,2,3304,2,3304,1,5115,,,,,,0,,,,,,,,,,0,2,0,-41.410400390625,-41.21581268310547,-16.486324310302734,0.05496213957667351,0.03999999910593033,0.02199999988079071,1428.568603515625,1445.0,,700.0,,,,,,,0,0,0,1,1,6,7,7,5,2,0,228,1428,1428,6.988250732421875,14.215812683105469,-0.014315180480480194,0.16222846508026123,484.6554870605469,3.645130157470703,10.52842903137207,501.7877197265625,588.6845092773438,112.8623046875,102.38621520996094,3.5571072101593018,4.158139705657959,586.5477905273438,540.93408203125
2566431872,549,13.5,2,3305,2,3305,1,5116,,,,,,0,,,,,,,,,,0,2,0,-41.21581268310547,-40.49726867675781,-16.19890594482422,0.2313488870859146,0.03999999910593033,0.02199999988079071,1429.032470703125,1445.0,,700.0,,,,,,,0,0,0,1,1,6,6,7,5,2,0,230,1429,1429,5.52996826171875,13.497268676757812,-0.027744024991989136,0.1628415882587433,484.3121337890625,3.2259938716888428,8.357036590576172,502.5253601074219,492.59710693359375,112.76739501953125,100.72772216796875,3.406062126159668,4.154451370239258,582.5065307617188,505.98138427734375
2566431872,552,14.07799999999952,2,3306,2,3306,1,5014,,,,,,0,,,,,,,,,,0,2,0,-40.49726867675781,-39.733306884765625,-15.893321990966797,0.2172785848379135,0.03999999910593033,0.02199999988079071,1429.323974609375,1445.0,,700.0,,,,,,,0,0,0,1,1,6,6,6,6,2,0,229,1429,1429,5.451774597167969,12.733306884765625,-0.030042311176657677,0.1655515730381012,483.95672607421875,3.165475845336914,7.8760480880737305,504.369873046875,495.8307800292969,113.15716552734375,100.59063720703125,2.9365487098693848,3.609839916229248,492.1202392578125,464.4661865234375
2566431872,555,14.07799999999952,2,3307,2,3307,1,5091,,,,,,0,,,,,,,,,,0,2,0,-39.733306884765625,-40.265838623046875,-16.106334686279297,-0.17155256867408752,0.03999999910593033,0.02199999988079071,1428.72216796875,1445.0,,700.0,,,,,,,0,0,0,1,1,6,6,7,5,2,0,230,1428,1428,5.944648742675781,13.265838623046875,-0.028124120086431503,0.16458657383918762,483.5867614746094,3.8508715629577637,7.414564609527588,508.49298095703125,488.76483154296875,112.72998046875,104.34603881835938,3.5335748195648193,4.0176615715026855,577.3385009765625,509.00518798828125
2566431872,558,14.07799999999952,2,3308,2,3308,1,5180,,,,,,0,,,,,,,,,,0,2,0,-40.265838623046875,-40.7701416015625,-16.308055877685547,-0.1620337963104248,0.03999999910593033,0.02199999988079071,1428.5299072265625,1445.0,,700.0,,,,,,,0,0,0,1,1,6,6,7,7,2,0,232,1428,1428,5.4860687255859375,13.7701416015625,-0.02813580632209778,0.15650786459445953,483.476318359375,3.709388494491577,7.708066940307617,504.50823974609375,497.0457763671875,111.84844970703125,104.41220092773438,4.226947784423828,4.012218952178955,595.6748046875,745.2709350585938
2566431872,561,14.07799999999952,2,3309,2,3309,1,5104,,,,,,0,,,,,,,,,,0,2,0,-40.7701416015625,-40.404937744140625,-16.16197395324707,0.10379188507795334,0.03999999910593033,0.02199999988079071,1428.9417724609375,1445.0,,700.0,,,,,,,0,0,0,1,1,6,7,7,6,2,0,231,1428,1428,6.464958190917969,13.404937744140625,-0.015569604001939297,0.15662634372711182,483.9111328125,3.3624649047851562,10.833086013793945,502.6243896484375,598.8753662109375,107.1539306640625,103.9190673828125,3.6010870933532715,4.506516456604004,594.5551147460938,655.0787353515625
2566431872,565,14.07799999999952,2,3310,2,3310,1,5137,,,,,,0,,,,,,,,,,0,2,0,-40.404937744140625,-40.239967346191406,-16.095985412597656,0.05310521274805069,0.03999999910593033,0.02199999988079071,1428.9571533203125,1445.0,,700.0,,,,,,,0,0,0,1,1,6,6,7,8,2,0,232,1428,1428,4.743644714355469,13.239967346191406,-0.029574599117040634,0.1619546115398407,483.6130676269531,3.4252216815948486,8.381356239318848,504.1724853515625,502.1452331542969,109.26123046875,107.44656372070312,2.7354862689971924,4.587267875671387,575.3565673828125,692.5486450195312
2566431872,568,14.07799999999952,2,3311,2,3311,1,5046,,,,,,0,,,,,,,,,,0,2,0,-40.239967346191406,-40.08988952636719,-16.03595542907715,0.042381614446640015,0.03999999910593033,0.02199999988079071,1429.00634765625,1445.0,,700.0,,,,,,,0,0,0,1,1,6,7,7,5,2,0,230,1429,1429,6.2313385009765625,13.089889526367188,-0.013562815263867378,0.16134223341941833,483.93695068359375,3.1459691524505615,10.846077919006348,504.88775634765625,601.113037109375,115.00445556640625,103.88958740234375,3.487123727798462,4.215913772583008,595.4644775390625,501.9385986328125
2566431872,571,14.07799999999952,2,3312,2,3312,1,5055,,,,,,0,,,,,,,,,,0,2,0,-40.08988952636719,-39.497398376464844,-15.798958778381348,0.19222912192344666,0.03999999910593033,0.02199999988079071,1429.393310546875,1445.0,,700.0,,,,,,,0,0,0,1,1,6,6,7,5,2,0,231,1429,1429,5.12359619140625,12.497398376464844,-0.028199577704072,0.16707828640937805,483.8167724609375,2.984896421432495,8.033122062683105,506.45147705078125,491.15087890625,109.033203125,104.29226684570312,3.2926788330078125,4.126293659210205,569.80322265625,506.3565673828125
2566431872,574,14.640999999999622,2,3313,2,3313,1,5084,,,,,,0,,,,,,,,,,0,2,0,-39.497398376464844,-39.59095001220703,-15.836379051208496,-0.026409320533275604,0.03999999910593033,0.02199999988079071,1429.13720703125,1445.0,,700.0,,,,,,,0,0,0,1,1,6,7,7,6,2,0,230,1429,1429,6.485145568847656,12.590950012207031,-0.014692983590066433,0.16111581027507782,484.0268859863281,3.0475564002990723,10.44239330291748,504.09552001953125,596.323974609375,112.2091064453125,102.46844482421875,3.118976354598999,4.147494316101074,571.9329833984375,578.7839965820312
2566431872,577,14.640999999999622,2,3314,2,3314,1,5026,,,,,,0,,,,,,,,,,0,2,0,-39.59095001220703,-40.379417419433594,-16.151765823364258,-0.2550923824310303,0.03999999910593033,0.02199999988079071,1428.5931396484375,1445.0,,700.0,,,,,,,0,0,0,1,1,6,6,7,6,2,0,230,1428,1428,4.880035400390625,13.379417419433594,-0.028151338919997215,0.15909363329410553,483.7416076660156,3.5256707668304443,8.080341339111328,504.27252197265625,494.8692321777344,112.2132568359375,102.73638916015625,3.688728094100952,3.79158091545105,596.1854248046875,581.9894409179688
2566431872,580,14.640999999999622,2,3315,2,3315,1,5056,,,,,,0,,,,,,,,,,0,2,0,-40.379417419433594,-40.02229309082031,-16.0089168548584,0.10092426836490631,0.03999999910593033,0.02199999988079071,1429.092041015625,1445.0,,700.0,,,,,,,0,0,0,1,1,6,7,7,5,2,0,229,1429,1429,6.554344177246094,13.022293090820312,-0.015241051092743874,0.16640308499336243,484.4097595214844,3.557586431503296,10.620529174804688,505.85601806640625,590.5097045898438,112.02923583984375,102.93316650390625,3.186272382736206,4.123045921325684,570.2722778320312,506.8021240234375
2566431872,585,14.640999999999622,2,3316,2,3316,1,5098,,,,,,0,,,,,,,,,,0,2,0,-40.02229309082031,-40.4705810546875,-16.188230514526367,-0.14460717141628265,0.03999999910593033,0.02199999988079071,1428.6671142578125,1445.0,,700.0,,,,,,,0,0,0,1,1,7,6,7,7,2,0,230,1428,1428,6.012031555175781,13.4705810546875,-0.019652511924505234,0.15955378115177155,483.5268249511719,6.0164103507995605,7.938207149505615,598.586181640625,496.45745849609375,112.3251953125,102.195068359375,4.174741268157959,3.8044776916503906,596.7791137695312,672.8308715820312
2566431872,588,14.640999999999622,2,3317,2,3317,1,5048,,,,,,0,,,,,,,,,,0,2,0,-40.4705810546875,-40.71575927734375,-16.28630256652832,-0.06915437430143356,0.03999999910593033,0.02199999988079071,1428.64453125,1445.0,,700.0,,,,,,,0,0,0,1,1,6,6,7,5,2,0,230,1428,1428,5.567070007324219,13.71575927734375,-0.02780447155237198,0.16298986971378326,483.3237609863281,3.520284414291382,8.558910369873047,501.07275390625,500.9911804199219,113.075927734375,104.40290832519531,4.067316055297852,3.966897964477539,589.2453002929688,499.49371337890625
2566431872,591,14.640999999999622,2,3318,2,3318,1,5065,,,,,,0,,,,,,,,,,0,2,0,-40.71575927734375,-40.583099365234375,-16.233238220214844,0.042980391532182693,0.03999999910593033,0.02199999988079071,1428.8096923828125,1445.0,,700.0,,,,,,,0,0,0,1,1,6,7,7,6,2,0,229,1428,1428,6.771781921386719,13.583099365234375,-0.014291832223534584,0.1652231216430664,483.96881103515625,3.341717481613159,10.232659339904785,504.6021728515625,587.3388671875,113.37493896484375,99.67153930664062,3.768169403076172,3.5267274379730225,584.0858154296875,495.9466552734375
2566431872,594,14.640999999999622,2,3319,2,3319,1,5076,,,,,,0,,,,,,,,,,0,2,0,-40.583099365234375,-40.04224395751953,-16.016897201538086,0.17420294880867004,0.03999999910593033,0.02199999988079071,1429.1573486328125,1445.0,,700.0,,,,,,,0,0,0,1,1,6,6,7,5,2,0,230,1429,1429,5.383735656738281,13.042243957519531,-0.029430091381072998,0.16180482506752014,483.61651611328125,3.088742971420288,8.1167573928833,504.86639404296875,499.7874755859375,114.05633544921875,103.71199035644531,3.217583417892456,4.01213264465332,593.204833984375,500.62030029296875
2566431872,597,15.20299999999952,2,3320,2,3320,1,5056,,,,,,0,,,,,,,,,,0,2,0,-40.04224395751953,-40.00556945800781,-16.002225875854492,0.010399158112704754,0.03999999910593033,0.02199999988079071,1429.0081787109375,1445.0,,700.0,,,,,,,0,0,0,1,1,6,6,7,7,2,0,230,1429,1429,5.0063018798828125,13.005569458007812,-0.03009352833032608,0.16229838132858276,483.5169677734375,3.530665636062622,8.044605255126953,504.991943359375,494.7059631347656,110.0693359375,103.81903076171875,3.23701548576355,4.295970916748047,570.5343017578125,742.7948608398438
2566431872,600,15.20299999999952,2,3321,2,3321,1,5058,,,,,,0,,,,,,,,,,0,2,0,-40.00556945800781,-40.978271484375,-16.391307830810547,-0.3136548697948456,0.03999999910593033,0.02199999988079071,1428.2950439453125,1445.0,,700.0,,,,,,,0,0,0,1,1,6,6,7,6,2,0,230,1428,1428,5.5651092529296875,13.978271484375,-0.026805315166711807,0.16041700541973114,483.4223937988281,3.039034366607666,7.905665874481201,502.1260070800781,491.41241455078125,111.722900390625,101.28030395507812,3.1938815116882324,4.013422012329102,582.747802734375,569.2259521484375
2566431872,604,15.20299999999952,2,3322,2,3322,1,4993,,,,,,0,,,,,,,,,,0,2,0,-40.978271484375,-39.568153381347656,-15.82726001739502,0.39794299006462097,0.03999999910593033,0.02199999988079071,1429.5706787109375,1445.0,,700.0,,,,,,,0,0,0,1,1,6,6,6,5,2,0,229,1429,1429,5.112037658691406,12.568153381347656,-0.029193775728344917,0.16775017976760864,483.411865234375,3.1686391830444336,8.107471466064453,502.1060791015625,495.7777099609375,109.46295166015625,103.53598022460938,2.7359795570373535,4.406269073486328,486.80120849609375,493.8270263671875
2566431872,607,15.20299999999952,2,3323,2,3323,1,5070,,,,,,0,,,,,,,,,,0,2,0,-39.568153381347656,-40.0767822265625,-16.030712127685547,-0.16478607058525085,0.03999999910593033,0.02199999988079071,1428.804443359375,1445.0,,700.0,,,,,,,0,0,0,1,1,6,7,7,5,2,0,230,1428,1428,6.405265808105469,13.0767822265625,-0.014450857415795326,0.16111381351947784,483.9625244140625,3.6061489582061768,10.682828903198242,502.64599609375,604.322509765625,111.5291748046875,106.77264404296875,3.3961987495422363,4.347527980804443,596.7003784179688,501.6351318359375
2566431872,610,15.20299999999952,2,3324,2,3324,1,5080,,,,,,0,,,,,,,,,,0,2,0,-40.0767822265625,-39.70360565185547,-15.881441116333008,0.10541593283414841,0.03999999910593033,0.02199999988079071,1429.2239990234375,1445.0,,700.0,,,,,,,0,0,0,1,1,6,7,7,6,2,0,230,1429,1429,6.120903015136719,12.703605651855469,-0.01618845760822296,0.16616526246070862,484.2375183105469,3.6049773693084717,10.807259559631348,504.0406799316406,599.67236328125,110.97735595703125,104.16455078125,3.0115087032318115,5.009128093719482,572.9402465820312,488.2646484375
2566431872,613,15.20299999999952,2,3325,2,3325,1,5112,,,,,,0,,,,,,,,,,0,2,0,-39.70360565185547,-41.64146423339844,-16.656583786010742,-0.6254426836967468,0.03999999910593033,0.02199999988079071,1427.7178955078125,1445.0,,700.0,,,,,,,0,0,0,1,1,6,7,7,7,2,0,231,1427,1427,6.623954772949219,14.641464233398438,-0.01379726454615593,0.16006886959075928,484.61712646484375,3.026252269744873,10.727821350097656,504.6373596191406,589.8175659179688,110.17333984375,101.17819213867188,3.771914005279541,5.094420909881592,584.5396728515625,643.6193237304688
2566431872,617,15.20299999999952,2,3326,2,3326,1,5174,,,,,,0,,,,,,,,,,0,2,0,-41.64146423339844,-42.280181884765625,-16.912071228027344,-0.1801009327173233,0.03999999910593033,0.02199999988079071,1427.9078369140625,1445.0,,700.0,,,,,,,0,0,0,1,1,6,7,7,7,2,0,232,1427,1427,6.702606201171875,15.280181884765625,-0.013260357081890106,0.15578927099704742,485.0240478515625,3.3882651329040527,10.369553565979004,502.50048828125,588.947265625,110.47265625,103.33601379394531,3.7031586170196533,5.201353549957275,599.5703125,644.489501953125
2566431872,620,15.765999999999622,2,3327,2,3327,1,5136,,,,,,0,,,,,,,,,,0,2,0,-42.280181884765625,-41.544761657714844,-16.617902755737305,0.23861968517303467,0.03999999910593033,0.02199999988079071,1428.6207275390625,1445.0,,700.0,,,,,,,0,0,0,1,1,6,7,7,6,2,0,230,1428,1428,6.5821685791015625,14.544761657714844,-0.014844278804957867,0.16473019123077393,485.25286865234375,3.2317206859588623,10.681819915771484,503.08770751953125,591.0728149414062,107.763427734375,101.02714538574219,2.5243875980377197,5.334786415100098,572.0665283203125,524.0467529296875
2566431872,625,15.765999999999622,2,3328,2,3328,1,5182,,,,,,0,,,,,,,,,,0,2,0,-41.544761657714844,-40.909263610839844,-16.363704681396484,0.20436877012252808,0.03999999910593033,0.02199999988079071,1428.8406982421875,1445.0,,700.0,,,,,,,0,0,0,1,1,6,6,7,8,2,0,231,1428,1428,5.1633453369140625,13.909263610839844,-0.02842475101351738,0.16135045886039734,484.70025634765625,3.7358527183532715,8.840157508850098,501.80523681640625,508.92694091796875,108.16632080078125,104.47283935546875,3.1388731002807617,4.86596155166626,577.8060913085938,733.3989868164062
2566431872,628,15.765999999999622,2,3329,2,3329,1,5128,,,,,,0,,,,,,,,,,0,2,0,-40.909263610839844,-40.786903381347656,-16.314760208129883,0.034581638872623444,0.03999999910593033,0.02199999988079071,1428.7197265625,1445.0,,700.0,,,,,,,0,0,0,1,1,6,6,7,5,2,0,230,1428,1428,5.8326568603515625,13.786903381347656,-0.028090868145227432,0.16250275075435638,484.28033447265625,3.4058938026428223,7.338629722595215,508.5089111328125,489.2049865722656,114.03106689453125,100.99070739746094,3.3076236248016357,4.087131023406982,578.5249633789062,519.0040893554688
2566431872,631,15.765999999999622,2,3330,2,3330,1,5151,,,,,,0,,,,,,,,,,0,2,0,-40.786903381347656,-40.89097595214844,-16.35638999938965,-0.03376379981637001,0.03999999910593033,0.02199999988079071,1428.6097412109375,1445.0,,700.0,,,,,,,0,0,0,1,1,7,7,7,7,2,0,230,1428,1428,7.599609375,13.890975952148438,-0.0035261507146060467,0.1610807180404663,484.5032653808594,6.114241123199463,10.632216453552246,599.004150390625,591.1005859375,103.60699462890625,106.110595703125,2.878023862838745,3.870337724685669,578.2281494140625,722.58544921875
2566431872,634,15.765999999999622,2,3331,2,3331,1,5087,,,,,,0,,,,,,,,,,0,2,0,-40.89097595214844,-40.62017059326172,-16.24806785583496,0.07645344734191895,0.03999999910593033,0.02199999988079071,1428.828369140625,1445.0,,700.0,,,,,,,0,0,0,1,1,7,6,7,7,2,0,230,1428,1428,6.545433044433594,13.620170593261719,-0.018461408093571663,0.16240651905536652,483.76605224609375,5.95591926574707,8.269049644470215,598.900390625,498.2508544921875,111.63995361328125,103.04904174804688,3.024513006210327,3.922849178314209,572.7069091796875,741.5188598632812
2566431872,637,15.765999999999622,2,3332,2,3332,1,5141,,,,,,0,,,,,,,,,,0,2,0,-40.62017059326172,-40.64923858642578,-16.259695053100586,-0.00941157154738903,0.03999999910593033,0.02199999988079071,1428.73095703125,1445.0,,700.0,,,,,,,0,0,0,1,1,6,7,7,6,2,0,231,1428,1428,7.069725036621094,13.649238586425781,-0.014835251495242119,0.16343066096305847,484.41815185546875,3.7888882160186768,10.355490684509277,503.44085693359375,599.6971435546875,110.2491455078125,101.18916320800781,3.4224085807800293,4.254688262939453,574.5394287109375,611.3607788085938
2566431872,640,16.29699999999957,2,3333,2,3333,1,5042,,,,,,0,,,,,,,,,,0,2,0,-40.64923858642578,-40.2265625,-16.09062385559082,0.1193973571062088,0.03999999910593033,0.02199999988079071,1429.02880859375,1445.0,,700.0,,,,,,,0,0,0,1,1,6,6,7,5,2,0,231,1429,1429,5.803428649902344,13.2265625,-0.02816043794155121,0.16309721767902374,484.05401611328125,3.204944610595703,8.08477783203125,503.18731689453125,492.29449462890625,111.05352783203125,103.01826477050781,3.4582607746124268,3.9985454082489014,584.143310546875,504.719970703125
2566431872,644,16.29699999999957,2,3334,2,3334,1,5037,,,,,,0,,,,,,,,,,0,2,0,-40.2265625,-40.21161651611328,-16.084646224975586,0.004814777988940477,0.03999999910593033,0.02199999988079071,1428.920166015625,1445.0,,700.0,,,,,,,0,0,0,1,1,6,6,6,6,2,0,229,1428,1428,5.8080291748046875,13.211616516113281,-0.02978416159749031,0.16347618401050568,484.031494140625,3.297842264175415,8.075003623962402,504.56695556640625,500.1725769042969,111.30902099609375,104.17434692382812,2.592515707015991,3.9487826824188232,490.989013671875,593.7532958984375
2566431872,647,16.29699999999957,2,3335,2,3335,1,5040,,,,,,0,,,,,,,,,,0,2,0,-40.21161651611328,-40.573974609375,-16.229589462280273,-0.10288488119840622,0.03999999910593033,0.02199999988079071,1428.66748046875,1445.0,,700.0,,,,,,,0,0,0,1,1,6,6,7,6,2,0,230,1428,1428,6.084053039550781,13.573974609375,-0.030264023691415787,0.16027095913887024,483.97003173828125,3.4659197330474854,8.478424072265625,504.37396240234375,499.9248352050781,110.37249755859375,100.53334045410156,3.161454916000366,3.981588363647461,571.94677734375,574.5643310546875
2566431872,650,16.29699999999957,2,3336,2,3336,1,5065,,,,,,0,,,,,,,,,,0,2,0,-40.573974609375,-40.66606140136719,-16.26642417907715,-0.02968459762632847,0.03999999910593033,0.02199999988079071,1428.703857421875,1445.0,,700.0,,,,,,,0,0,0,1,1,6,7,7,6,2,0,230,1428,1428,7.382476806640625,13.666061401367188,-0.017123807221651077,0.1620253622531891,484.6298828125,3.183934211730957,10.012772560119629,501.98681640625,588.9224853515625,108.87286376953125,100.545166015625,2.9576361179351807,4.308765888214111,575.235595703125,599.8616333007812
2566431872,653,16.29699999999957,2,3337,2,3337,1,5064,,,,,,0,,,,,,,,,,0,2,0,-40.66606140136719,-40.87946319580078,-16.351783752441406,-0.06872624903917313,0.03999999910593033,0.02199999988079071,1428.5794677734375,1445.0,,700.0,,,,,,,0,0,0,1,1,6,6,7,6,2,0,230,1428,1428,5.9148406982421875,13.879463195800781,-0.029752034693956375,0.1618748903274536,484.6561279296875,3.3287386894226074,8.093093872070312,504.58905029296875,493.3245849609375,110.39910888671875,102.34902954101562,3.442392349243164,4.1913018226623535,574.0158081054688,645.1826171875
2566431872,656,16.29699999999957,2,3338,2,3338,1,5100,,,,,,0,,,,,,,,,,0,2,0,-40.87946319580078,-41.036293029785156,-16.41451644897461,-0.04444513097405434,0.03999999910593033,0.02199999988079071,1428.541015625,1445.0,,700.0,,,,,,,0,0,0,1,1,6,7,7,7,2,0,232,1428,1428,7.033866882324219,14.036293029785156,-0.014136020094156265,0.16075995564460754,484.77545166015625,3.339776039123535,10.932373046875,509.114990234375,603.956298828125,114.989501953125,107.95928955078125,2.125291585922241,3.9706268310546875,564.4635620117188,643.6103515625
2566431872,659,16.29699999999957,2,3339,2,3339,1,5094,,,,,,0,,,,,,,,,,0,2,0,-41.036293029785156,-41.098060607910156,-16.43922233581543,-0.019900666549801826,0.03999999910593033,0.02199999988079071,1428.5408935546875,1445.0,,700.0,,,,,,,0,0,0,1,1,7,6,7,7,2,0,232,1428,1428,6.483848571777344,14.098060607910156,-0.019329363480210304,0.1604711264371872,483.9945068359375,5.987556457519531,7.045198917388916,592.8290405273438,488.9103088378906,114.71563720703125,103.81089782714844,2.699713706970215,4.3082380294799805,567.3231811523438,651.00341796875
2566431872,664,16.875,2,3340,2,3340,1,5087,,,,,,0,,,,,,,,,,0,2,0,-41.098060607910156,-41.44092559814453,-16.57636833190918,-0.09681344032287598,0.03999999910593033,0.02199999988079071,1428.3267822265625,1445.0,,700.0,,,,,,,0,0,0,1,1,6,7,7,6,2,0,231,1428,1428,7.513572692871094,14.440925598144531,-0.01404268853366375,0.1589750349521637,484.5162353515625,3.5518367290496826,10.70592975616455,508.6566162109375,592.1578369140625,114.4896240234375,102.17256164550781,2.9681649208068848,4.128582954406738,578.7896118164062,599.8236694335938
2566431872,667,16.875,2,3341,2,3341,1,5068,,,,,,0,,,,,,,,,,0,2,0,-41.44092559814453,-40.57445526123047,-16.229780197143555,0.2808709740638733,0.03999999910593033,0.02199999988079071,1429.0511474609375,1445.0,,700.0,,,,,,,0,0,0,1,1,6,6,7,6,2,0,230,1429,1429,5.8455352783203125,13.574455261230469,-0.028603460639715195,0.16221441328525543,484.53814697265625,2.9406797885894775,8.051433563232422,505.9573974609375,493.82696533203125,113.39483642578125,103.48870849609375,2.6981005668640137,4.072417259216309,569.05126953125,631.437255859375
2566431872,670,16.875,2,3342,2,3342,1,5060,,,,,,0,,,,,,,,,,0,2,0,-40.57445526123047,-41.147544860839844,-16.459016799926758,-0.16186802089214325,0.03999999910593033,0.02199999988079071,1428.379150390625,1445.0,,700.0,,,,,,,0,0,0,1,1,6,7,7,6,2,0,231,1428,1428,7.043281555175781,14.147544860839844,-0.014700443483889103,0.1655295342206955,485.3040771484375,3.27744197845459,10.597941398620605,505.1761474609375,600.2008056640625,110.88037109375,105.36041259765625,2.9482901096343994,5.112818717956543,570.8577880859375,511.21295166015625
2566431872,673,16.875,2,3343,2,3343,1,5069,,,,,,0,,,,,,,,,,0,2,0,-41.147544860839844,-40.594390869140625,-16.237754821777344,0.1780599057674408,0.03999999910593033,0.02199999988079071,1428.9403076171875,1445.0,,700.0,,,,,,,0,0,0,1,1,6,7,7,5,2,0,230,1428,1428,7.290000915527344,13.594390869140625,-0.016377562656998634,0.16001947224140167,485.6265563964844,3.2137157917022705,9.837465286254883,505.73577880859375,590.2650756835938,113.602783203125,103.92198181152344,3.4494826793670654,4.090430736541748,594.9121704101562,504.38494873046875
2566431872,676,16.875,2,3344,2,3344,1,5107,,,,,,0,,,,,,,,,,0,2,0,-40.594390869140625,-41.269187927246094,-16.507673263549805,-0.19133417308330536,0.03999999910593033,0.02199999988079071,1428.301025390625,1445.0,,700.0,,,,,,,0,0,0,1,1,6,6,7,6,2,0,232,1428,1428,5.421112060546875,14.269187927246094,-0.029339103028178215,0.1616687923669815,485.0714416503906,3.479102373123169,8.191126823425293,502.765625,491.1190185546875,109.45501708984375,100.9512939453125,2.847440004348755,4.562155246734619,574.295654296875,659.0797119140625
2566431872,679,16.875,2,3345,2,3345,1,5072,,,,,,0,,,,,,,,,,0,2,0,-41.269187927246094,-42.23387908935547,-16.893550872802734,-0.3112025856971741,0.03999999910593033,0.02199999988079071,1427.7952880859375,1445.0,,700.0,,,,,,,0,0,0,1,1,6,7,7,6,2,0,230,1427,1427,7.595390319824219,15.233879089355469,-0.013199439272284508,0.1620524823665619,485.3359375,3.8504505157470703,10.006864547729492,507.9306640625,589.5679321289062,112.02685546875,101.35818481445312,3.303194999694824,5.3465962409973145,579.7373046875,509.77142333984375
2566431872,683,16.875,2,3346,2,3346,1,5044,,,,,,0,,,,,,,,,,0,2,0,-42.23387908935547,-40.197845458984375,-16.079137802124023,0.5749260187149048,0.03999999910593033,0.02199999988079071,1429.495849609375,1445.0,,700.0,,,,,,,0,0,0,1,1,7,6,7,5,2,0,229,1429,1429,6.4184722900390625,13.197845458984375,-0.01947619765996933,0.16290682554244995,484.6534423828125,5.730224132537842,8.123255729675293,592.1817626953125,501.781982421875,106.458251953125,102.82383728027344,3.204693078994751,3.8440070152282715,601.5240478515625,461.72857666015625
2566431872,686,17.42199999999957,2,3347,2,3347,1,4979,,,,,,0,,,,,,,,,,0,2,0,-40.197845458984375,-41.309783935546875,-16.52391242980957,-0.36108848452568054,0.03999999910593033,0.02199999988079071,1428.114990234375,1445.0,,700.0,,,,,,,0,0,0,1,1,6,6,6,5,2,0,229,1428,1428,6.385032653808594,14.309783935546875,-0.028915416449308395,0.16593189537525177,484.5834045410156,3.172414541244507,8.103432655334473,503.1236572265625,495.39068603515625,114.1435546875,102.66311645507812,2.298736333847046,4.444774627685547,487.79498291015625,516.8893432617188
2566431872,689,17.42199999999957,2,3348,2,3348,1,5060,,,,,,0,,,,,,,,,,0,2,0,-41.309783935546875,-41.7823486328125,-16.71293830871582,-0.1521008461713791,0.03999999910593033,0.02199999988079071,1428.135009765625,1445.0,,700.0,,,,,,,0,0,0,1,1,6,6,7,5,2,0,230,1428,1428,5.749992370605469,14.7823486328125,-0.029474589973688126,0.16196054220199585,484.5543212890625,3.7979190349578857,8.398015975952148,504.8870849609375,496.99188232421875,111.8870849609375,103.76072692871094,3.943607807159424,4.504975318908691,608.3772583007812,515.4749755859375
2566431872,693,17.42199999999957,2,3349,2,3349,1,5163,,,,,,0,,,,,,,,,,0,2,0,-41.7823486328125,-41.76734924316406,-16.706937789916992,0.004230880178511143,0.03999999910593033,0.02199999988079071,1428.29736328125,1445.0,,700.0,,,,,,,0,0,0,1,1,6,6,7,7,2,0,231,1428,1428,6.024879455566406,14.767349243164062,-0.03164856508374214,0.16162315011024475,484.4817810058594,3.4926538467407227,8.403168678283691,504.524169921875,493.18408203125,114.19512939453125,102.00503540039062,2.8651747703552246,4.189570426940918,572.2383422851562,644.1796875
2566431872,695,17.42199999999957,2,3350,2,3350,1,5073,,,,,,0,,,,,,,,,,0,2,0,-41.76734924316406,-41.86791229248047,-16.747163772583008,-0.032615598291158676,0.03999999910593033,0.02199999988079071,1428.22021484375,1445.0,,700.0,,,,,,,0,0,0,1,1,6,6,7,7,2,0,231,1428,1428,6.1881866455078125,14.867912292480469,-0.02590421587228775,0.1595117598772049,484.64996337890625,3.4041733741760254,7.850852966308594,502.201904296875,498.81512451171875,111.29400634765625,103.6881103515625,3.2608823776245117,3.960709571838379,578.9679565429688,639.34423828125
2566431872,699,17.42199999999957,2,3351,2,3351,1,5155,,,,,,0,,,,,,,,,,0,2,0,-41.86791229248047,-40.69551086425781,-16.2782039642334,0.3309355676174164,0.03999999910593033,0.02199999988079071,1429.052734375,1445.0,,700.0,,,,,,,0,0,0,1,1,6,7,7,6,2,0,230,1429,1429,7.305305480957031,13.695510864257812,-0.01517227478325367,0.16273635625839233,485.4737548828125,3.5323615074157715,10.322060585021973,506.1423645019531,595.5077514648438,112.3773193359375,102.00164794921875,2.7971010208129883,4.2916669845581055,568.4027099609375,643.24609375
2566431872,704,17.42199999999957,2,3352,2,3352,1,5097,,,,,,0,,,,,,,,,,0,2,0,-40.69551086425781,-39.95648956298828,-15.98259449005127,0.23810558021068573,0.03999999910593033,0.02199999988079071,1429.255615234375,1445.0,,700.0,,,,,,,0,0,0,1,1,6,6,7,5,2,0,230,1429,1429,5.817390441894531,12.956489562988281,-0.0315757691860199,0.16565881669521332,485.13568115234375,3.0507848262786865,7.863104820251465,504.6961669921875,488.7367858886719,109.14208984375,101.82281494140625,2.9281005859375,3.9783308506011963,572.665771484375,508.17279052734375
2566431872,707,17.98399999999947,2,3353,2,3353,1,5182,,,,,,0,,,,,,,,,,0,2,0,-39.95648956298828,-42.90399932861328,-17.161598205566406,-0.834764301776886,0.03999999910593033,0.02199999988079071,1427.003662109375,1445.0,,700.0,,,,,,,0,0,0,1,1,6,7,7,7,2,0,231,1427,1427,7.687965393066406,15.903999328613281,-0.012412325479090214,0.15730130672454834,485.582275390625,3.2539403438568115,10.673439025878906,502.56549072265625,600.5625610351562,110.5693359375,106.8671875,3.565546751022339,5.367965221405029,585.9089965820312,643.8076171875
2566431872,710,17.98399999999947,2,3354,2,3354,1,5198,,,,,,0,,,,,,,,,,0,2,0,-42.90399932861328,-40.57145690917969,-16.22858238220215,0.7521357536315918,0.03999999910593033,0.02199999988079071,1429.5234375,1445.0,,700.0,,,,,,,0,0,0,1,1,6,6,7,6,2,0,232,1429,1429,5.6095123291015625,13.571456909179688,-0.02983849123120308,0.1643073707818985,485.1800231933594,3.617690086364746,8.26143741607666,505.2196044921875,490.59759521484375,110.31072998046875,100.31387329101562,3.159951686859131,4.212613582611084,574.8138427734375,562.487060546875
2566431872,713,17.98399999999947,2,3355,2,3355,1,5064,,,,,,0,,,,,,,,,,0,2,0,-40.57145690917969,-42.37268829345703,-16.949073791503906,-0.508924663066864,0.03999999910593033,0.02199999988079071,1427.5419921875,1445.0,,700.0,,,,,,,0,0,0,1,1,6,6,7,6,2,0,229,1427,1427,6.507133483886719,15.372688293457031,-0.02703559771180153,0.16008922457695007,484.92889404296875,3.546199083328247,8.110967636108398,508.61700439453125,494.8994140625,114.27178955078125,102.07901000976562,2.4543511867523193,4.540128231048584,569.8410034179688,642.5435791015625
2566431872,716,17.98399999999947,2,3356,2,3356,1,5062,,,,,,0,,,,,,,,,,0,2,0,-42.37268829345703,-40.071189880371094,-16.028474807739258,0.7460716962814331,0.03999999910593033,0.02199999988079071,1429.7176513671875,1445.0,,700.0,,,,,,,0,0,0,1,1,6,7,7,5,2,0,230,1429,1429,6.887687683105469,13.071189880371094,-0.0140333641320467,0.1615549623966217,485.0126647949219,3.2100186347961426,10.764742851257324,503.86932373046875,601.8838500976562,110.3685302734375,102.08673095703125,3.80076003074646,4.1983137130737305,593.7342529296875,496.35540771484375
2566431872,719,17.98399999999947,2,3357,2,3357,1,5125,,,,,,0,,,,,,,,,,0,2,0,-40.071189880371094,-41.138511657714844,-16.45540428161621,-0.34328189492225647,0.03999999910593033,0.02199999988079071,1428.2012939453125,1445.0,,700.0,,,,,,,0,0,0,1,1,6,7,7,7,2,0,231,1428,1428,6.245246887207031,14.138511657714844,-0.014954512007534504,0.15591615438461304,485.067138671875,3.104694366455078,10.447709083557129,504.08551025390625,597.938232421875,110.85333251953125,102.15573120117188,3.385043144226074,5.232507705688477,597.8154907226562,638.3817138671875
2566431872,723,17.98399999999947,2,3358,2,3358,1,5092,,,,,,0,,,,,,,,,,0,2,0,-41.138511657714844,-40.619895935058594,-16.247957229614258,0.14721333980560303,0.03999999910593033,0.02199999988079071,1428.8992919921875,1445.0,,700.0,,,,,,,0,0,0,1,1,6,7,7,6,2,0,232,1428,1428,5.8527984619140625,13.619895935058594,-0.009718317538499832,0.15939153730869293,484.77239990234375,3.7749381065368652,10.70687198638916,509.5317077636719,601.1697998046875,109.5684814453125,106.66748046875,3.255101442337036,4.750442981719971,575.7545166015625,655.30419921875
2566431872,726,17.98399999999947,2,3359,2,3359,1,5047,,,,,,0,,,,,,,,,,0,2,0,-40.619895935058594,-38.82879638671875,-15.53151798248291,0.5771484971046448,0.03999999910593033,0.02199999988079071,1430.045654296875,1445.0,,700.0,,,,,,,0,0,0,1,1,6,6,7,5,2,0,231,1430,1430,4.5455780029296875,11.82879638671875,-0.030351117253303528,0.1650242656469345,483.96917724609375,3.1224679946899414,8.139533042907715,505.46368408203125,501.6998291015625,109.9595947265625,103.93719482421875,2.9208102226257324,4.501575469970703,572.088623046875,523.4213256835938
2566431872,729,18.54699999999957,2,3360,2,3360,1,5096,,,,,,0,,,,,,,,,,0,2,0,-38.82879638671875,-41.13896942138672,-16.45558738708496,-0.6518997550010681,0.03999999910593033,0.02199999988079071,1427.892578125,1445.0,,700.0,,,,,,,0,0,0,1,1,6,6,7,6,2,0,231,1427,1427,5.862876892089844,14.138969421386719,-0.026576515287160873,0.1579560935497284,483.7947692871094,3.5938682556152344,7.689442157745361,509.93463134765625,499.3709411621094,113.83917236328125,102.40419006347656,3.251366376876831,4.55971622467041,580.5151977539062,653.5449829101562
2566431872,732,18.54699999999957,2,3361,2,3361,1,5094,,,,,,0,,,,,,,,,,0,2,0,-41.13896942138672,-40.929962158203125,-16.371984481811523,0.06773606687784195,0.03999999910593033,0.02199999988079071,1428.69580078125,1445.0,,700.0,,,,,,,0,0,0,1,1,6,7,7,6,2,0,230,1428,1428,7.360176086425781,13.929962158203125,-0.01511320285499096,0.1672038584947586,484.73284912109375,3.590313196182251,10.588783264160156,503.59259033203125,600.235595703125,107.42742919921875,108.91986083984375,2.9806811809539795,4.0049591064453125,572.9415283203125,502.2899169921875
2566431872,735,18.54699999999957,2,3362,2,3362,1,5113,,,,,,0,,,,,,,,,,0,2,0,-40.929962158203125,-42.25843048095703,-16.903371810913086,-0.37517303228378296,0.03999999910593033,0.02199999988079071,1427.7215576171875,1445.0,,700.0,,,,,,,0,0,0,1,1,6,7,7,8,2,0,230,1427,1427,8.039352416992188,15.258430480957031,-0.016778981313109398,0.16152295470237732,485.75164794921875,3.3599116802215576,10.74511432647705,504.1877746582031,593.600341796875,112.01727294921875,103.48980712890625,2.582575559616089,4.846920967102051,573.1298828125,720.6559448242188
2566431872,738,18.54699999999957,2,3363,2,3363,1,5102,,,,,,0,,,,,,,,,,0,2,0,-42.25843048095703,-42.17200469970703,-16.86880111694336,0.027805188670754433,0.03999999910593033,0.02199999988079071,1428.1590576171875,1445.0,,700.0,,,,,,,0,0,0,1,1,6,6,7,7,2,0,231,1428,1428,6.7070770263671875,15.172004699707031,-0.030481789261102676,0.1627315729856491,486.0316467285156,3.4118664264678955,8.091670989990234,505.58819580078125,496.21588134765625,111.9176025390625,104.038818359375,2.4277737140655518,5.23307466506958,568.2887573242188,597.0958862304688
2566431872,743,18.54699999999957,2,3364,2,3364,1,5050,,,,,,0,,,,,,,,,,0,2,0,-42.17200469970703,-41.382347106933594,-16.55293846130371,0.2242111712694168,0.03999999910593033,0.02199999988079071,1428.6712646484375,1445.0,,700.0,,,,,,,0,0,0,1,1,6,7,6,7,2,0,230,1428,1428,8.175521850585938,14.382347106933594,-0.01566212624311447,0.16401703655719757,486.81402587890625,3.1753156185150146,10.535103797912598,503.46405029296875,596.3538208007812,107.04791259765625,104.6953125,3.0592870712280273,3.9683196544647217,500.61505126953125,719.0722045898438
2566431872,746,18.54699999999957,2,3365,2,3365,1,5051,,,,,,0,,,,,,,,,,0,2,0,-41.382347106933594,-42.12898254394531,-16.851591110229492,-0.24070283770561218,0.03999999910593033,0.02199999988079071,1427.90771484375,1445.0,,700.0,,,,,,,0,0,0,1,1,6,7,7,6,2,0,229,1427,1427,8.0294189453125,15.128982543945312,-0.013648035004734993,0.1601925790309906,487.30352783203125,3.3361806869506836,10.470081329345703,502.60931396484375,591.5548706054688,111.97601318359375,104.66184997558594,3.5328867435455322,4.026707649230957,584.3746337890625,581.6895751953125
2566431872,749,18.54699999999957,2,3366,2,3366,1,5041,,,,,,0,,,,,,,,,,0,2,0,-42.12898254394531,-41.767333984375,-16.706932067871094,0.10198525339365005,0.03999999910593033,0.02199999988079071,1428.39501953125,1445.0,,700.0,,,,,,,0,0,0,1,1,6,6,6,6,2,0,230,1428,1428,7.32733154296875,14.767333984375,-0.029212750494480133,0.1646806299686432,487.2818298339844,3.203766345977783,7.85739803314209,503.4886474609375,504.35009765625,111.9996337890625,108.8033447265625,2.8191723823547363,5.004156112670898,488.1004638671875,506.31024169921875
2566431872,752,19.10899999999947,2,3367,2,3367,1,5060,,,,,,0,,,,,,,,,,0,2,0,-41.767333984375,-42.663360595703125,-17.065343856811523,-0.29065290093421936,0.03999999910593033,0.02199999988079071,1427.64404296875,1445.0,,700.0,,,,,,,0,0,0,1,1,6,7,7,7,2,0,230,1427,1427,8.521514892578125,15.663360595703125,-0.01273717638105154,0.15822523832321167,487.75909423828125,2.8691446781158447,10.556685447692871,501.8310852050781,590.8451538085938,111.5201416015625,103.38906860351562,3.389207363128662,3.6943557262420654,584.6123657226562,671.8983764648438
2566431872,755,19.10899999999947,2,3368,2,3368,1,5108,,,,,,0,,,,,,,,,,0,2,0,-42.663360595703125,-43.27203369140625,-17.308813095092773,-0.19579444825649261,0.03999999910593033,0.02199999988079071,1427.495361328125,1445.0,,700.0,,,,,,,0,0,0,1,1,6,7,7,7,2,0,231,1427,1427,8.746376037597656,16.27203369140625,-0.015724577009677887,0.15993154048919678,488.1944274902344,3.588731288909912,10.553274154663086,501.1977233886719,595.7764282226562,112.0426025390625,104.83984375,2.774290084838867,5.004402160644531,577.1863403320312,626.303466796875
2566431872,758,19.10899999999947,2,3369,2,3369,1,5068,,,,,,0,,,,,,,,,,0,2,0,-43.27203369140625,-43.042869567871094,-17.217145919799805,0.06506399810314178,0.03999999910593033,0.02199999988079071,1427.847900390625,1445.0,,700.0,,,,,,,0,0,0,1,1,7,7,7,7,2,0,230,1427,1427,9.382881164550781,16.042869567871094,-0.003164607333019376,0.16105011105537415,488.26312255859375,6.360358715057373,10.230029106140137,599.162109375,592.073486328125,108.1231689453125,109.07766723632812,2.5034446716308594,4.344860076904297,572.4833374023438,678.350830078125
2566431872,762,19.10899999999947,2,3370,2,3370,1,5095,,,,,,0,,,,,,,,,,0,2,0,-43.042869567871094,-42.289093017578125,-16.91563606262207,0.24280081689357758,0.03999999910593033,0.02199999988079071,1428.3271484375,1445.0,,700.0,,,,,,,0,0,0,1,1,6,7,7,6,2,0,231,1428,1428,8.794952392578125,15.289093017578125,-0.014989892952144146,0.15684713423252106,488.68939208984375,2.988267660140991,10.792296409606934,504.0720520019531,603.336181640625,111.6619873046875,104.7652587890625,3.324946165084839,4.318239212036133,593.8977661132812,573.6776733398438
2566431872,765,19.10899999999947,2,3371,2,3371,1,5029,,,,,,0,,,,,,,,,,0,2,0,-42.289093017578125,-42.074371337890625,-16.829748153686523,0.06071821227669716,0.03999999910593033,0.02199999988079071,1428.23095703125,1445.0,,700.0,,,,,,,0,0,0,1,1,6,7,7,6,2,0,230,1428,1428,8.507064819335938,15.074371337890625,-0.01291732583194971,0.16063976287841797,488.8045349121094,3.0865445137023926,10.144726753234863,506.60308837890625,592.49658203125,113.1485595703125,102.36822509765625,3.1858160495758057,4.047292709350586,578.7330322265625,586.6036376953125
2566431872,768,19.10899999999947,2,3372,2,3372,1,5072,,,,,,0,,,,,,,,,,0,2,0,-42.074371337890625,-42.412620544433594,-16.96504783630371,-0.10951759666204453,0.03999999910593033,0.02199999988079071,1427.9254150390625,1445.0,,700.0,,,,,,,0,0,0,1,1,7,7,7,6,2,0,232,1427,1427,9.177619934082031,15.412620544433594,-0.002685350365936756,0.15927298367023468,488.339599609375,5.4707722663879395,10.825935363769531,600.4325561523438,598.9364624023438,113.0474853515625,108.7274169921875,3.887798547744751,3.911947250366211,588.051025390625,599.1459350585938
2566431872,772,19.10899999999947,2,3373,2,3373,1,5172,,,,,,0,,,,,,,,,,0,2,0,-42.412620544433594,-42.30143737792969,-16.920574188232422,0.03138454630970955,0.03999999910593033,0.02199999988079071,1428.11083984375,1445.0,,700.0,,,,,,,0,0,0,1,1,6,7,7,7,2,0,232,1428,1428,7.723243713378906,15.301437377929688,-0.013641664758324623,0.16127024590969086,488.4095764160156,3.5251059532165527,10.30465316772461,503.83856201171875,590.3712768554688,111.3353271484375,102.33651733398438,2.600883960723877,4.032135486602783,572.5903930664062,708.2594604492188
2566431872,775,19.67199999999957,2,3374,2,3374,1,5132,,,,,,0,,,,,,,,,,0,2,0,-42.30143737792969,-41.61164855957031,-16.6446590423584,0.22243312001228333,0.03999999910593033,0.02199999988079071,1428.5777587890625,1445.0,,700.0,,,,,,,0,0,0,1,1,6,7,7,6,2,0,230,1428,1428,7.6920318603515625,14.611648559570312,-0.014215199276804924,0.16277599334716797,487.97802734375,3.56882643699646,10.684112548828125,508.53582763671875,598.9278564453125,112.4349365234375,106.217529296875,3.3546335697174072,5.141750812530518,579.3238525390625,508.6998291015625
2566431872,778,19.67199999999957,2,3375,2,3375,1,5148,,,,,,0,,,,,,,,,,0,2,0,-41.61164855957031,-41.03083038330078,-16.412330627441406,0.16369277238845825,0.03999999910593033,0.02199999988079071,1428.7513427734375,1445.0,,700.0,,,,,,,0,0,0,1,1,7,7,7,7,2,0,229,1428,1428,7.752220153808594,14.030830383300781,-0.003998681902885437,0.15965023636817932,486.8805236816406,5.675985336303711,10.291749000549316,598.6520385742188,586.6359252929688,113.0694580078125,106.1378173828125,3.3070483207702637,4.1337175369262695,578.5994873046875,722.0232543945312
2566431872,783,19.67199999999957,2,3376,2,3376,1,5135,,,,,,0,,,,,,,,,,0,2,0,-41.03083038330078,-40.48485565185547,-16.193941116333008,0.17704185843467712,0.03999999910593033,0.02199999988079071,1428.9830322265625,1445.0,,700.0,,,,,,,0,0,0,1,1,6,6,7,5,2,0,230,1428,1428,4.736122131347656,13.484855651855469,-0.0283503420650959,0.16254356503486633,485.4923095703125,3.705833673477173,8.443818092346191,509.681884765625,493.85748291015625,114.5028076171875,101.00285339355469,3.195129871368408,4.073506832122803,580.8500366210938,496.687255859375
2566431872,786,19.67199999999957,2,3377,2,3377,1,5139,,,,,,0,,,,,,,,,,0,2,0,-40.48485565185547,-39.49195098876953,-15.79677963256836,0.3197862505912781,0.03999999910593033,0.02199999988079071,1429.5230712890625,1445.0,,700.0,,,,,,,0,0,0,1,1,6,7,7,5,2,0,230,1429,1429,6.046974182128906,12.491950988769531,-0.013126544654369354,0.1670747995376587,485.17608642578125,3.347860336303711,11.028010368347168,503.13885498046875,601.829345703125,111.867919921875,105.42755126953125,3.144655704498291,4.101373195648193,572.0732421875,501.2923583984375
2566431872,789,19.67199999999957,2,3378,2,3378,1,5125,,,,,,0,,,,,,,,,,0,2,0,-39.49195098876953,-39.745391845703125,-15.89815616607666,-0.07195176929235458,0.03999999910593033,0.02199999988079071,1429.0299072265625,1445.0,,700.0,,,,,,,0,0,0,1,1,6,7,7,5,2,0,230,1429,1429,6.205863952636719,12.745391845703125,-0.014537336304783821,0.16075552999973297,485.1223449707031,3.822009563446045,10.149965286254883,503.7561950683594,598.1851806640625,112.7979736328125,101.71856689453125,3.7076690196990967,4.194952011108398,594.7344970703125,488.50006103515625
2566431872,792,19.67199999999957,2,3379,2,3379,1,5106,,,,,,0,,,,,,,,,,0,2,0,-39.745391845703125,-40.00990295410156,-16.00395965576172,-0.08528049290180206,0.03999999910593033,0.02199999988079071,1428.9107666015625,1445.0,,700.0,,,,,,,0,0,0,1,1,6,6,7,5,2,0,229,1428,1428,5.077842712402344,13.009902954101562,-0.029110101982951164,0.16607576608657837,484.5470886230469,3.355074882507324,8.17280387878418,503.296142578125,489.15875244140625,113.81378173828125,102.32041931152344,3.051762580871582,4.1132988929748535,572.73876953125,506.166015625
2566431872,795,20.25,2,3380,2,3380,1,5063,,,,,,0,,,,,,,,,,0,2,0,-40.00990295410156,-38.498748779296875,-15.39949893951416,0.427079975605011,0.03999999910593033,0.02199999988079071,1430.027587890625,1445.0,,700.0,,,,,,,0,0,0,1,1,6,6,7,5,2,0,231,1430,1430,4.81988525390625,11.498748779296875,-0.03077356144785881,0.16472268104553223,484.13555908203125,3.536628484725952,7.785362243652344,506.0939636230469,497.5762939453125,111.34429931640625,101.76800537109375,3.3305859565734863,4.446963787078857,569.2791137695312,595.6866455078125
2566431872,798,20.25,2,3381,2,3381,1,5110,,,,,,0,,,,,,,,,,0,2,0,-38.498748779296875,-41.101715087890625,-16.440685272216797,-0.8419638872146606,0.03999999910593033,0.02199999988079071,1427.7174072265625,1445.0,,700.0,,,,,,,0,0,0,1,1,6,6,7,6,2,0,230,1427,1427,5.0637359619140625,14.101715087890625,-0.027704572305083275,0.16438469290733337,483.5726013183594,3.502012014389038,7.807245254516602,502.1304931640625,493.3389892578125,111.25634765625,102.04071044921875,2.930349588394165,4.990589141845703,578.3599243164062,507.82373046875
2566431872,802,20.25,2,3382,2,3382,1,5094,,,,,,0,,,,,,,,,,0,2,0,-41.101715087890625,-40.09925079345703,-16.03969955444336,0.28292614221572876,0.03999999910593033,0.02199999988079071,1429.2432861328125,1445.0,,700.0,,,,,,,0,0,0,1,1,6,6,7,7,2,0,231,1429,1429,5.047126770019531,13.099250793457031,-0.0300475861877203,0.15899455547332764,483.192138671875,3.1023144721984863,8.230984687805176,503.113525390625,494.83026123046875,109.904541015625,104.81622314453125,3.526123285293579,4.302110195159912,584.7966918945312,747.1030883789062
2566431872,805,20.25,2,3383,2,3383,1,5047,,,,,,0,,,,,,,,,,0,2,0,-40.09925079345703,-40.04646301269531,-16.018583297729492,0.017024407163262367,0.03999999910593033,0.02199999988079071,1428.9984130859375,1445.0,,700.0,,,,,,,0,0,0,1,1,6,6,6,6,2,0,229,1428,1428,4.691688537597656,13.046463012695312,-0.02845175936818123,0.1649126261472702,482.70538330078125,3.269576072692871,8.104752540588379,503.08331298828125,495.4443664550781,112.323974609375,101.71157836914062,2.9390947818756104,4.408595561981201,488.309326171875,628.9336547851562
2566431872,808,20.25,2,3384,2,3384,1,5045,,,,,,0,,,,,,,,,,0,2,0,-40.04646301269531,-39.981346130371094,-15.992537498474121,0.018487488850951195,0.03999999910593033,0.02199999988079071,1429.02587890625,1445.0,,700.0,,,,,,,0,0,0,1,1,6,6,7,5,2,0,230,1429,1429,4.6183013916015625,12.981346130371094,-0.0278475284576416,0.16589239239692688,482.35333251953125,3.381176471710205,8.470097541809082,504.66094970703125,494.88238525390625,113.7490234375,101.86221313476562,2.7845675945281982,4.38048791885376,572.8917236328125,498.3963623046875
2566431872,811,20.25,2,3385,2,3385,1,5054,,,,,,0,,,,,,,,,,0,2,0,-39.981346130371094,-39.06819152832031,-15.627275466918945,0.29444584250450134,0.03999999910593033,0.02199999988079071,1429.6671142578125,1445.0,,700.0,,,,,,,0,0,0,1,1,6,6,7,5,2,0,230,1429,1429,4.158729553222656,12.068191528320312,-0.027623839676380157,0.16361375153064728,481.82305908203125,3.257385730743408,8.063796997070312,503.2725524902344,503.27276611328125,113.65924072265625,106.23583984375,3.0923690795898438,3.9371261596679688,582.209716796875,497.86761474609375
2566431872,814,20.25,2,3386,2,3386,1,5087,,,,,,0,,,,,,,,,,0,2,0,-39.06819152832031,-38.403778076171875,-15.361510276794434,0.21378175914287567,0.03999999910593033,0.02199999988079071,1429.852294921875,1445.0,,700.0,,,,,,,0,0,0,1,1,6,6,7,6,2,0,230,1429,1429,4.003623962402344,11.403778076171875,-0.028322022408246994,0.16054043173789978,481.3623962402344,3.253675937652588,7.850419521331787,505.22265625,498.7217712402344,114.40985107421875,102.74185180664062,3.373927354812622,4.00346040725708,580.2891235351562,602.906494140625
2566431872,817,20.79699999999957,2,3387,2,3387,1,5037,,,,,,0,,,,,,,,,,0,2,0,-38.403778076171875,-37.37678527832031,-14.950713157653809,0.291324257850647,0.03999999910593033,0.02199999988079071,1430.3406982421875,1445.0,,700.0,,,,,,,0,0,0,1,1,6,6,7,5,2,0,229,1430,1430,3.5739898681640625,10.376785278320312,-0.02752949856221676,0.1648986041545868,481.1846618652344,3.2651569843292236,8.577417373657227,505.9176025390625,505.00299072265625,112.83349609375,109.03363037109375,2.936648368835449,3.8344671726226807,544.2227172851562,474.4317626953125
2566431872,822,20.79699999999957,2,3388,2,3388,1,5102,,,,,,0,,,,,,,,,,0,2,0,-37.37678527832031,-39.268226623535156,-15.707289695739746,-0.6096215844154358,0.03999999910593033,0.02199999988079071,1428.68310546875,1445.0,,700.0,,,,,,,0,0,0,1,1,7,6,7,6,2,0,231,1428,1428,4.522621154785156,12.268226623535156,-0.020173968747258186,0.1545507311820984,480.4483642578125,6.18527364730835,7.853379726409912,598.8291015625,496.6019287109375,110.2969970703125,102.40335083007812,4.576543807983398,4.606569766998291,631.5451049804688,591.7691650390625
2566431872,825,20.79699999999957,2,3389,2,3389,1,5092,,,,,,0,,,,,,,,,,0,2,0,-39.268226623535156,-38.878379821777344,-15.551350593566895,0.11006476730108261,0.03999999910593033,0.02199999988079071,1429.5587158203125,1445.0,,700.0,,,,,,,0,0,0,1,1,6,7,7,6,2,0,231,1429,1429,5.4664306640625,11.878379821777344,-0.015734311193227768,0.16271638870239258,481.4052429199219,3.7497689723968506,10.596789360046387,504.52081298828125,599.1942749023438,110.9644775390625,104.18035888671875,3.343925714492798,4.50938606262207,571.2611694335938,644.3359375
2566431872,828,20.79699999999957,2,3390,2,3390,1,5100,,,,,,0,,,,,,,,,,0,2,0,-38.878379821777344,-41.379783630371094,-16.551912307739258,-0.8101271986961365,0.03999999910593033,0.02199999988079071,1427.637939453125,1445.0,,700.0,,,,,,,0,0,0,1,1,7,6,7,7,2,0,232,1427,1427,5.896026611328125,14.379783630371094,-0.01784059964120388,0.1534288078546524,481.2596130371094,5.63948392868042,8.54169750213623,599.595703125,509.97235107421875,111.846923828125,111.51654052734375,3.635389804840088,5.166504859924316,596.6680297851562,631.017333984375
2566431872,831,20.79699999999957,2,3391,2,3391,1,5057,,,,,,0,,,,,,,,,,0,2,0,-41.379783630371094,-41.48228454589844,-16.592912673950195,-0.02895958721637726,0.03999999910593033,0.02199999988079071,1428.378173828125,1445.0,,700.0,,,,,,,0,0,0,1,1,6,7,7,6,2,0,229,1428,1428,7.332893371582031,14.482284545898438,-0.015332088805735111,0.1645292341709137,482.615478515625,3.7033543586730957,10.09448528289795,502.82440185546875,588.8890991210938,111.6295166015625,103.05543518066406,3.2373504638671875,5.319429874420166,572.6797485351562,543.565673828125
2566431872,834,20.79699999999957,2,3392,2,3392,1,5067,,,,,,0,,,,,,,,,,0,2,0,-41.48228454589844,-41.34138488769531,-16.53655242919922,0.045575857162475586,0.03999999910593033,0.02199999988079071,1428.509033203125,1445.0,,700.0,,,,,,,0,0,0,1,1,6,7,6,7,2,0,230,1428,1428,7.1326141357421875,14.341384887695312,-0.01618940383195877,0.16260486841201782,483.8780517578125,2.9901089668273926,9.85997200012207,504.79986572265625,588.62548828125,110.41253662109375,103.02845764160156,2.6928930282592773,5.558365821838379,485.63739013671875,632.5484619140625
2566431872,837,20.79699999999957,2,3393,2,3393,1,5081,,,,,,0,,,,,,,,,,0,2,0,-41.34138488769531,-41.67857360839844,-16.671428680419922,-0.0951395183801651,0.03999999910593033,0.02199999988079071,1428.2335205078125,1445.0,,700.0,,,,,,,0,0,0,1,1,6,7,7,6,2,0,231,1428,1428,7.81024169921875,14.678573608398438,-0.011076537892222404,0.16228161752223969,484.70404052734375,3.3164496421813965,10.397394180297852,507.78973388671875,595.139892578125,115.138916015625,101.99296569824219,2.775484800338745,4.1572980880737305,569.1165161132812,597.8240356445312
2566431872,841,21.15599999999995,2,3394,2,3394,1,5057,,,,,,0,,,,,,,,,,0,2,0,-41.67857360839844,-40.234840393066406,-16.093935012817383,0.46486690640449524,0.03999999910593033,0.02199999988079071,1429.370849609375,1445.0,,700.0,,,,,,,0,0,0,1,1,6,6,7,5,2,0,230,1429,1429,5.54449462890625,13.234840393066406,-0.029332727193832397,0.16558508574962616,484.3605651855469,3.708906650543213,8.0584716796875,502.4676513671875,499.0635986328125,110.9310302734375,102.003173828125,3.202455997467041,4.123341083526611,573.144775390625,500.57177734375
2566431872,844,21.15599999999995,2,3395,2,3395,1,5047,,,,,,0,,,,,,,,,,0,2,0,-40.234840393066406,-39.833106994628906,-15.933241844177246,0.11413009464740753,0.03999999910593033,0.02199999988079071,1429.180908203125,1445.0,,700.0,,,,,,,0,0,0,1,1,6,6,7,5,2,0,230,1429,1429,5.263359069824219,12.833106994628906,-0.0287212822586298,0.16385847330093384,483.9576110839844,3.292872190475464,7.967625141143799,501.45562744140625,498.4764404296875,112.860107421875,101.42861938476562,3.633683443069458,3.892564058303833,582.7949829101562,496.01953125
2566431872,847,21.15599999999995,2,3396,2,3396,1,5068,,,,,,0,,,,,,,,,,0,2,0,-39.833106994628906,-38.37462615966797,-15.349849700927734,0.4705437123775482,0.03999999910593033,0.02199999988079071,1430.1207275390625,1445.0,,700.0,,,,,,,0,0,0,1,1,6,6,7,5,2,0,230,1430,1430,3.996490478515625,11.374626159667969,-0.0300101637840271,0.1638491302728653,483.1414794921875,3.2904903888702393,8.113097190856934,503.2196044921875,500.1673889160156,108.32757568359375,104.4957275390625,3.66927170753479,3.563933849334717,585.0064086914062,485.02471923828125
2566431872,850,21.15599999999995,2,3397,2,3397,1,5059,,,,,,0,,,,,,,,,,0,2,0,-38.37462615966797,-39.53997039794922,-15.815987586975098,-0.3754722774028778,0.03999999910593033,0.02199999988079071,1428.8084716796875,1445.0,,700.0,,,,,,,0,0,0,1,1,6,7,7,6,2,0,231,1428,1428,5.9287261962890625,12.539970397949219,-0.01462881825864315,0.16011828184127808,483.0962829589844,3.449434518814087,10.966480255126953,509.1419372558594,597.4260864257812,114.6326904296875,109.63555908203125,3.2310664653778076,4.3169708251953125,578.2952880859375,634.0908203125
2566431872,854,21.561999999999898,2,3398,2,3398,1,5144,,,,,,0,,,,,,,,,,0,2,0,-39.53997039794922,-39.674232482910156,-15.869691848754883,-0.03806484863162041,0.03999999910593033,0.02199999988079071,1429.0921630859375,1445.0,,700.0,,,,,,,0,0,0,1,1,6,7,7,7,2,0,231,1429,1429,5.706153869628906,12.674232482910156,-0.015001014806330204,0.15829703211784363,483.44720458984375,3.1785130500793457,10.27799129486084,505.056884765625,594.3690185546875,111.78399658203125,106.26193237304688,3.5213301181793213,3.9430108070373535,595.883544921875,693.9987182617188
2566431872,857,21.561999999999898,2,3399,2,3399,1,5184,,,,,,0,,,,,,,,,,0,2,0,-39.674232482910156,-40.94886016845703,-16.37954330444336,-0.41026005148887634,0.03999999910593033,0.02199999988079071,1428.210205078125,1445.0,,700.0,,,,,,,0,0,0,1,1,6,6,7,7,2,0,232,1428,1428,4.694664001464844,13.948860168457031,-0.02803916111588478,0.1579563170671463,482.97137451171875,3.6225366592407227,8.239665985107422,503.31787109375,495.6304931640625,114.485107421875,101.91668701171875,3.6269588470458984,4.100321292877197,585.1538696289062,654.342529296875
2566431872,862,21.561999999999898,2,3400,2,3400,1,5132,,,,,,0,,,,,,,,,,0,2,0,-40.94886016845703,-40.411949157714844,-16.164777755737305,0.1517256796360016,0.03999999910593033,0.02199999988079071,1428.9869384765625,1445.0,,700.0,,,,,,,0,0,0,1,1,6,6,6,6,2,0,230,1428,1428,4.61297607421875,13.411949157714844,-0.02580421045422554,0.16355982422828674,482.8576965332031,3.2504563331604004,8.476815223693848,502.45703125,495.8768005371094,108.08123779296875,101.44888305664062,2.7477457523345947,4.357154369354248,487.18865966796875,627.3280029296875
2566431872,865,21.561999999999898,2,3401,2,3401,1,5130,,,,,,0,,,,,,,,,,0,2,0,-40.411949157714844,-40.744850158691406,-16.29793930053711,-0.1078190729022026,0.03999999910593033,0.02199999988079071,1428.59423828125,1445.0,,700.0,,,,,,,0,0,0,1,1,6,7,7,6,2,0,231,1428,1428,6.215507507324219,13.744850158691406,-0.011418472975492477,0.15768687427043915,483.237548828125,3.8180081844329834,10.746899604797363,507.60809326171875,602.5596313476562,111.58013916015625,104.94091796875,3.1833655834198,4.388745307922363,579.4733276367188,650.0382690429688
2566431872,868,21.561999999999898,2,3402,2,3402,1,5050,,,,,,0,,,,,,,,,,0,2,0,-40.744850158691406,-39.65065002441406,-15.860259056091309,0.3093827962875366,0.03999999910593033,0.02199999988079071,1429.4490966796875,1445.0,,700.0,,,,,,,0,0,0,1,1,6,6,7,6,2,0,229,1429,1429,4.640129089355469,12.650650024414062,-0.02917802333831787,0.16531948745250702,483.05462646484375,3.4058125019073486,8.139830589294434,501.5784912109375,500.2171630859375,106.5850830078125,103.04385375976562,2.75506854057312,3.9109034538269043,575.343505859375,591.29150390625
2566431872,871,22.09400000000005,2,3403,2,3403,1,5153,,,,,,0,,,,,,,,,,0,2,0,-39.65065002441406,-41.34727478027344,-16.538908004760742,-0.5447285175323486,0.03999999910593033,0.02199999988079071,1427.9163818359375,1445.0,,700.0,,,,,,,0,0,0,1,1,6,7,7,7,2,0,232,1427,1427,6.0025482177734375,14.347274780273438,-0.011886687017977238,0.16176307201385498,483.2200622558594,3.6200404167175293,10.81078052520752,507.9312744140625,595.796875,112.49053955078125,103.35235595703125,2.9781551361083984,5.247273921966553,569.5143432617188,610.928955078125
2566431872,874,22.09400000000005,2,3404,2,3404,1,5099,,,,,,0,,,,,,,,,,0,2,0,-41.34727478027344,-40.104896545410156,-16.04195785522461,0.35282155871391296,0.03999999910593033,0.02199999988079071,1429.310791015625,1445.0,,700.0,,,,,,,0,0,0,1,1,6,6,7,7,2,0,231,1429,1429,4.999656677246094,13.104896545410156,-0.02776273339986801,0.16031520068645477,483.28314208984375,3.3732876777648926,8.21723461151123,504.47174072265625,508.48052978515625,110.99017333984375,105.61782836914062,2.516937017440796,3.988943338394165,571.41455078125,747.2045288085938
2566431872,877,22.09400000000005,2,3405,2,3405,1,5101,,,,,,0,,,,,,,,,,0,2,0,-40.104896545410156,-39.73192596435547,-15.892769813537598,0.12009717524051666,0.03999999910593033,0.02199999988079071,1429.227294921875,1445.0,,700.0,,,,,,,0,0,0,1,1,6,6,7,7,2,0,231,1429,1429,4.720252990722656,12.731925964355469,-0.028766468167304993,0.16307763755321503,483.24969482421875,3.597433090209961,7.854037761688232,504.8363037109375,502.8275451660156,110.86895751953125,104.7650146484375,2.7448675632476807,4.196657180786133,571.2114868164062,693.035400390625
2566431872,881,22.09400000000005,2,3406,2,3406,1,5074,,,,,,0,,,,,,,,,,0,2,0,-39.73192596435547,-39.60173034667969,-15.840691566467285,0.036764055490493774,0.03999999910593033,0.02199999988079071,1429.196044921875,1445.0,,700.0,,,,,,,0,0,0,1,1,6,7,7,5,2,0,231,1429,1429,5.93280029296875,12.601730346679688,-0.014840126037597656,0.16609139740467072,483.62750244140625,2.951447010040283,10.45650577545166,504.7203674316406,595.8649291992188,109.81683349609375,108.51422119140625,2.4734644889831543,4.142609119415283,573.6495361328125,511.43365478515625
2566431872,884,22.09400000000005,2,3407,2,3407,1,5024,,,,,,0,,,,,,,,,,0,2,0,-39.60173034667969,-40.38948059082031,-16.155790328979492,-0.25553351640701294,0.03999999910593033,0.02199999988079071,1428.5887451171875,1445.0,,700.0,,,,,,,0,0,0,1,1,6,6,7,5,2,0,231,1428,1428,5.339591979980469,13.389480590820312,-0.027964355424046516,0.16095688939094543,483.5836181640625,3.6484901905059814,7.844396591186523,504.9706726074219,492.45391845703125,113.81915283203125,103.80282592773438,3.4943249225616455,4.07627010345459,595.6512451171875,511.85406494140625
2566431872,887,22.09400000000005,2,3408,2,3408,1,5071,,,,,,0,,,,,,,,,,0,2,0,-40.38948059082031,-39.682373046875,-15.87294864654541,0.2281631976366043,0.03999999910593033,0.02199999988079071,1429.355224609375,1445.0,,700.0,,,,,,,0,0,0,1,1,6,6,7,7,2,0,232,1429,1429,5.015380859375,12.682373046875,-0.02992835082113743,0.1648336797952652,483.454833984375,2.990018367767334,8.332412719726562,506.3347473144531,496.6497802734375,111.23858642578125,103.83346557617188,2.70261812210083,3.595965623855591,569.195556640625,585.3368530273438
2566431872,890,22.09400000000005,2,3409,2,3409,1,5024,,,,,,0,,,,,,,,,,0,2,0,-39.682373046875,-40.82025146484375,-16.328100204467773,-0.32111188769340515,0.03999999910593033,0.02199999988079071,1428.3507080078125,1445.0,,700.0,,,,,,,0,0,0,1,1,7,7,7,5,2,0,229,1428,1428,8.172927856445312,13.82025146484375,-0.005246514454483986,0.1641814410686493,483.859130859375,6.016220569610596,10.165602684020996,599.0729370117188,588.7514038085938,106.3699951171875,102.36723327636719,2.806269645690918,4.232876777648926,575.8701171875,524.609619140625
2566431872,893,22.65599999999995,2,3410,2,3410,1,5074,,,,,,0,,,,,,,,,,0,2,0,-40.82025146484375,-42.04652404785156,-16.8186092376709,-0.3972788453102112,0.03999999910593033,0.02199999988079071,1427.7840576171875,1445.0,,700.0,,,,,,,0,0,0,1,1,7,6,7,6,2,0,230,1427,1427,6.790130615234375,15.046524047851562,-0.020462926477193832,0.16159866750240326,483.7914733886719,6.14262056350708,8.284638404846191,599.2451782226562,495.97869873046875,112.22760009765625,103.596923828125,3.521824836730957,5.049636363983154,583.9114379882812,524.4541625976562
2566431872,896,22.65599999999995,2,3411,2,3411,1,5096,,,,,,0,,,,,,,,,,0,2,0,-42.04652404785156,-42.23284912109375,-16.893138885498047,-0.05256905034184456,0.03999999910593033,0.02199999988079071,1428.05419921875,1445.0,,700.0,,,,,,,0,0,0,1,1,6,7,7,7,2,0,231,1428,1428,7.9504547119140625,15.23284912109375,-0.015219103544950485,0.16257520020008087,485.0783386230469,3.24617075920105,10.47815227508545,503.1934814453125,595.5257568359375,110.06256103515625,103.40516662597656,3.2345058917999268,4.830049991607666,574.6920166015625,607.9017333984375
2566431872,901,22.65599999999995,2,3412,2,3412,1,5027,,,,,,0,,,,,,,,,,0,2,0,-42.23284912109375,-42.035247802734375,-16.814098358154297,0.06397974491119385,0.03999999910593033,0.02199999988079071,1428.2498779296875,1445.0,,700.0,,,,,,,0,0,0,1,1,6,7,6,7,2,0,229,1428,1428,7.819244384765625,15.035247802734375,-0.016519375145435333,0.16498300433158875,485.848876953125,3.146049976348877,10.431889533996582,505.856201171875,593.2369995117188,111.69482421875,102.4102783203125,2.157377243041992,5.148190498352051,483.6444091796875,626.96484375
2566431872,904,22.65599999999995,2,3413,2,3413,1,5094,,,,,,0,,,,,,,,,,0,2,0,-42.035247802734375,-40.2303466796875,-16.092138290405273,0.5093870162963867,0.03999999910593033,0.02199999988079071,1429.417236328125,1445.0,,700.0,,,,,,,0,0,0,1,1,6,6,7,6,2,0,231,1429,1429,5.37567138671875,13.2303466796875,-0.030257361009716988,0.1618204116821289,485.1780700683594,3.0328636169433594,7.92105770111084,505.7229919433594,498.42578125,110.76715087890625,102.65237426757812,2.7301416397094727,4.3682332038879395,573.6026000976562,642.9454956054688
2566431872,907,22.65599999999995,2,3414,2,3414,1,5091,,,,,,0,,,,,,,,,,0,2,0,-40.2303466796875,-39.85261535644531,-15.941044807434082,0.1216549202799797,0.03999999910593033,0.02199999988079071,1429.1806640625,1445.0,,700.0,,,,,,,0,0,0,1,1,6,6,7,6,2,0,231,1429,1429,4.6694488525390625,12.852615356445312,-0.02609369345009327,0.1598496437072754,484.2369689941406,3.059457302093506,8.505813598632812,502.4107360839844,507.57086181640625,111.04034423828125,110.38616943359375,3.4313626289367676,4.403923511505127,582.512451171875,644.5404052734375
2566431872,910,22.65599999999995,2,3415,2,3415,1,5035,,,,,,0,,,,,,,,,,0,2,0,-39.85261535644531,-37.827674865722656,-15.13106918334961,0.5751702785491943,0.03999999910593033,0.02199999988079071,1430.444091796875,1445.0,,700.0,,,,,,,0,0,0,1,1,6,7,7,6,2,0,230,1430,1430,4.284637451171875,10.827674865722656,-0.013084765523672104,0.16670702397823334,483.7455749511719,3.0574731826782227,10.496220588684082,504.8746032714844,596.8442993164062,111.559326171875,103.72787475585938,3.051861524581909,3.729231595993042,570.7354736328125,578.0811157226562
2566431872,913,23.23399999999947,2,3416,2,3416,1,5024,,,,,,0,,,,,,,,,,0,2,0,-37.827674865722656,-37.99028015136719,-15.196110725402832,-0.0524325929582119,0.03999999910593033,0.02199999988079071,1429.7513427734375,1445.0,,700.0,,,,,,,0,0,0,1,1,6,6,7,5,2,0,229,1429,1429,3.38482666015625,10.990280151367188,-0.029942121356725693,0.16423849761486053,482.7554931640625,3.2912583351135254,8.320578575134277,502.43896484375,500.8315734863281,108.31134033203125,108.76165771484375,3.5189356803894043,4.437730312347412,575.5205688476562,493.1978759765625
2566431872,916,23.23399999999947,2,3417,2,3417,1,5079,,,,,,0,,,,,,,,,,0,2,0,-37.99028015136719,-39.43022155761719,-15.772088050842285,-0.4633451998233795,0.03999999910593033,0.02199999988079071,1428.7645263671875,1445.0,,700.0,,,,,,,0,0,0,1,1,6,6,7,6,2,0,231,1428,1428,4.418800354003906,12.430221557617188,-0.028742250055074692,0.16210885345935822,482.6358947753906,3.33463716506958,8.694058418273926,507.55828857421875,505.45843505859375,112.47613525390625,105.9664306640625,2.8720614910125732,4.3483452796936035,569.7113647460938,647.8064575195312
2566431872,920,23.23399999999947,2,3418,2,3418,1,5071,,,,,,0,,,,,,,,,,0,2,0,-39.43022155761719,-40.91100311279297,-16.36440086364746,-0.42029431462287903,0.03999999910593033,0.02199999988079071,1428.21533203125,1445.0,,700.0,,,,,,,0,0,0,1,1,6,6,7,6,2,0,230,1428,1428,5.7595367431640625,13.911003112792969,-0.029029523953795433,0.15733684599399567,483.04779052734375,3.3791370391845703,8.061188697814941,502.4009704589844,500.4246826171875,110.1312255859375,103.97064208984375,3.262294054031372,4.326712131500244,596.5869750976562,652.7325439453125
2566431872,923,23.23399999999947,2,3419,2,3419,1,5028,,,,,,0,,,,,,,,,,0,2,0,-40.91100311279297,-42.229576110839844,-16.891828536987305,-0.4254763424396515,0.03999999910593033,0.02199999988079071,1427.6826171875,1445.0,,700.0,,,,,,,0,0,0,1,1,6,7,7,5,2,0,230,1427,1427,7.979705810546875,15.229576110839844,-0.014632705599069595,0.16103899478912354,484.31951904296875,3.5144810676574707,10.430264472961426,502.92596435546875,588.1514892578125,112.1998291015625,102.04922485351562,4.089012145996094,4.861929893493652,600.913818359375,530.3068237304688
2566431872,926,23.23399999999947,2,3420,2,3420,1,5032,,,,,,0,,,,,,,,,,0,2,0,-42.229576110839844,-41.74364471435547,-16.69745635986328,0.1372840851545334,0.03999999910593033,0.02199999988079071,1428.4398193359375,1445.0,,700.0,,,,,,,0,0,0,1,1,6,7,7,7,2,0,230,1428,1428,7.94122314453125,14.743644714355469,-0.014445317909121513,0.16176779568195343,485.51904296875,3.6844699382781982,10.812438011169434,504.28857421875,601.361083984375,112.12127685546875,104.33401489257812,2.794473886489868,3.808028221130371,575.0473022460938,675.0376586914062
2566431872,929,23.23399999999947,2,3421,2,3421,1,5065,,,,,,0,,,,,,,,,,0,2,0,-41.74364471435547,-41.45176696777344,-16.580705642700195,0.09448298811912537,0.03999999910593033,0.02199999988079071,1428.5137939453125,1445.0,,700.0,,,,,,,0,0,0,1,1,6,7,7,6,2,0,231,1428,1428,7.1822052001953125,14.451766967773438,-0.014663697220385075,0.16078093647956848,485.9906005859375,2.9605228900909424,10.639472961425781,502.89837646484375,601.462646484375,109.3514404296875,105.18316650390625,4.049713611602783,4.381038188934326,612.5965576171875,528.5068359375
2566431872,933,23.23399999999947,2,3422,2,3422,1,5172,,,,,,0,,,,,,,,,,0,2,0,-41.45176696777344,-40.488975524902344,-16.195589065551758,0.27158379554748535,0.03999999910593033,0.02199999988079071,1429.0760498046875,1445.0,,700.0,,,,,,,0,0,0,1,1,6,6,7,6,2,0,231,1429,1429,5.375633239746094,13.488975524902344,-0.03035670891404152,0.16074052453041077,485.1232604980469,3.3341221809387207,8.068501472473145,503.472412109375,495.1966247558594,108.4298095703125,102.57017517089844,2.8113701343536377,4.326767444610596,576.169677734375,642.1676635742188
2566431872,936,23.76599999999962,2,3423,2,3423,1,5174,,,,,,0,,,,,,,,,,0,2,0,-40.488975524902344,-40.38951873779297,-16.155805587768555,0.031995125114917755,0.03999999910593033,0.02199999988079071,1428.876220703125,1445.0,,700.0,,,,,,,0,0,0,1,1,6,6,7,7,2,0,232,1428,1428,4.871177673339844,13.389518737792969,-0.030879568308591843,0.15831732749938965,484.5386047363281,3.1895408630371094,8.329379081726074,506.0848388671875,497.87713623046875,111.91510009765625,102.41522216796875,3.491990089416504,4.506605625152588,591.3831787109375,653.2473754882812
2566431872,941,23.76599999999962,2,3424,2,3424,1,5143,,,,,,0,,,,,,,,,,0,2,0,-40.38951873779297,-40.95970153808594,-16.383878707885742,-0.1617494374513626,0.03999999910593033,0.02199999988079071,1428.454345703125,1445.0,,700.0,,,,,,,0,0,0,1,1,6,7,7,7,2,0,230,1428,1428,6.661277770996094,13.959701538085938,-0.012723359279334545,0.1599137783050537,484.82635498046875,3.9222042560577393,10.392038345336914,508.71197509765625,588.9500122070312,112.2196044921875,107.60269165039062,3.315973997116089,3.9923393726348877,575.5357055664062,718.8124389648438
2566431872,944,23.76599999999962,2,3425,2,3425,1,5134,,,,,,0,,,,,,,,,,0,2,0,-40.95970153808594,-39.634559631347656,-15.853822708129883,0.42750874161720276,0.03999999910593033,0.02199999988079071,1429.5736083984375,1445.0,,700.0,,,,,,,0,0,0,1,1,7,7,7,6,2,0,231,1429,1429,6.890968322753906,12.634559631347656,-0.004750505089759827,0.16586048901081085,484.744140625,6.080053329467773,10.800193786621094,599.7009887695312,601.1032104492188,106.04443359375,106.19921875,2.729947566986084,3.862484931945801,577.6796875,592.3314819335938
2566431872,947,23.76599999999962,2,3426,2,3426,1,5073,,,,,,0,,,,,,,,,,0,2,0,-39.634559631347656,-41.30706024169922,-16.522823333740234,-0.47202563285827637,0.03999999910593033,0.02199999988079071,1428.005126953125,1445.0,,700.0,,,,,,,0,0,0,1,1,6,7,7,8,2,0,231,1428,1428,6.0631256103515625,14.307060241699219,-0.014641746878623962,0.15407629311084747,484.6605224609375,3.4094483852386475,10.451379776000977,504.99981689453125,597.3045043945312,109.01763916015625,105.07839965820312,4.407666206359863,4.950103282928467,631.1371459960938,688.583984375
2566431872,950,23.76599999999962,2,3427,2,3427,1,5114,,,,,,0,,,,,,,,,,0,2,0,-41.30706024169922,-40.712623596191406,-16.28504753112793,0.19248265027999878,0.03999999910593033,0.02199999988079071,1428.907470703125,1445.0,,700.0,,,,,,,0,0,0,1,1,6,7,7,7,2,0,231,1428,1428,5.613883972167969,13.712623596191406,-0.013768243603408337,0.15779340267181396,484.5216369628906,3.2927181720733643,10.2337007522583,501.7188720703125,595.9976806640625,112.52685546875,102.7132568359375,3.3420655727386475,5.455928802490234,583.7433471679688,644.072509765625
2566431872,953,23.76599999999962,2,3428,2,3428,1,5085,,,,,,0,,,,,,,,,,0,2,0,-40.712623596191406,-39.376441955566406,-15.75057601928711,0.43090546131134033,0.03999999910593033,0.02199999988079071,1429.6802978515625,1445.0,,700.0,,,,,,,0,0,0,1,1,6,7,7,6,2,0,231,1429,1429,5.8417510986328125,12.376441955566406,-0.01701309345662594,0.15701359510421753,484.55322265625,3.550063371658325,10.443995475769043,503.767822265625,595.1939697265625,111.4166259765625,103.05809020996094,3.734056234359741,4.384938716888428,597.4817504882812,694.0750122070312
2566431872,956,23.76599999999962,2,3429,2,3429,1,5069,,,,,,0,,,,,,,,,,0,2,0,-39.376441955566406,-40.431739807128906,-16.17269515991211,-0.2979370653629303,0.03999999910593033,0.02199999988079071,1428.529296875,1445.0,,700.0,,,,,,,0,0,0,1,1,6,6,7,5,2,0,231,1428,1428,5.4167938232421875,13.431739807128906,-0.02642161399126053,0.16451670229434967,484.029052734375,3.8278393745422363,8.43934154510498,509.5693054199219,502.0465087890625,113.06561279296875,101.32093811035156,2.4003560543060303,4.4489288330078125,568.2611694335938,505.190673828125
2566431872,960,24.23399999999947,2,3430,2,3430,1,5039,,,,,,0,,,,,,,,,,0,2,0,-40.431739807128906,-40.160499572753906,-16.064199447631836,0.08800853788852692,0.03999999910593033,0.02199999988079071,1429.0238037109375,1445.0,,700.0,,,,,,,0,0,0,1,1,6,7,7,5,2,0,231,1429,1429,7.3728485107421875,13.160499572753906,-0.014758867211639881,0.16461312770843506,484.7279968261719,3.4458398818969727,10.071956634521484,512.25048828125,589.646240234375,115.98260498046875,102.19290161132812,2.909510374069214,4.082939147949219,573.3992309570312,507.7298583984375
2566431872,963,24.23399999999947,2,3431,2,3431,1,5052,,,,,,0,,,,,,,,,,0,2,0,-40.160499572753906,-41.44567108154297,-16.57826805114746,-0.36253681778907776,0.03999999910593033,0.02199999988079071,1428.0592041015625,1445.0,,700.0,,,,,,,0,0,0,1,1,6,7,7,5,2,0,230,1428,1428,7.701179504394531,14.445671081542969,-0.009966089390218258,0.16522511839866638,485.5144348144531,3.314976692199707,10.834989547729492,508.1625671386719,602.3545532226562,112.38299560546875,102.68310546875,2.643359661102295,3.8816375732421875,563.7330932617188,504.22918701171875
2566431872,966,24.23399999999947,2,3432,2,3432,1,5050,,,,,,0,,,,,,,,,,0,2,0,-41.44567108154297,-41.35150146484375,-16.540599822998047,0.030506430193781853,0.03999999910593033,0.02199999988079071,1428.4898681640625,1445.0,,700.0,,,,,,,0,0,0,1,1,6,6,7,7,2,0,230,1428,1428,6.396034240722656,14.35150146484375,-0.02896907925605774,0.1615891456604004,485.6064147949219,3.6643717288970947,8.165230751037598,504.13177490234375,495.42193603515625,109.833740234375,103.36483764648438,3.4904706478118896,4.041845321655273,575.585205078125,701.5757446289062
2566431872,969,24.23399999999947,2,3433,2,3433,1,5051,,,,,,0,,,,,,,,,,0,2,0,-41.35150146484375,-41.365150451660156,-16.546058654785156,-0.0038565502036362886,0.03999999910593033,0.02199999988079071,1428.4500732421875,1445.0,,700.0,,,,,,,0,0,0,1,1,6,6,7,7,2,0,232,1428,1428,6.289436340332031,14.365150451660156,-0.030277859419584274,0.15653587877750397,485.54473876953125,3.617520570755005,8.068373680114746,505.322021484375,501.759765625,111.08111572265625,105.34677124023438,3.382906198501587,4.048038959503174,596.76318359375,744.8621215820312
2566431872,972,24.23399999999947,2,3434,2,3434,1,5041,,,,,,0,,,,,,,,,,0,2,0,-41.365150451660156,-40.35723114013672,-16.14289093017578,0.32518500089645386,0.03999999910593033,0.02199999988079071,1429.1822509765625,1445.0,,700.0,,,,,,,0,0,0,1,1,6,6,7,5,2,0,230,1429,1429,6.153541564941406,13.357231140136719,-0.03009995073080063,0.16076236963272095,485.1761474609375,3.2752223014831543,7.797903060913086,505.8282470703125,492.04119873046875,116.26776123046875,103.12098693847656,3.5183722972869873,4.0444183349609375,592.3994140625,506.76507568359375
2566431872,975,24.75,2,3435,2,3435,1,5007,,,,,,0,,,,,,,,,,0,2,0,-40.35723114013672,-40.39643859863281,-16.1585750579834,-0.01105592492967844,0.03999999910593033,0.02199999988079071,1428.830322265625,1445.0,,700.0,,,,,,,0,0,0,1,1,6,6,7,5,2,0,230,1428,1428,5.955726623535156,13.396438598632812,-0.03023557737469673,0.16119110584259033,484.82647705078125,3.0953164100646973,7.6392974853515625,505.6228332519531,491.20166015625,114.33587646484375,102.07353210449219,3.401629686355591,4.025999069213867,597.7536010742188,518.5532836914062
2566431872,980,24.75,2,3436,2,3436,1,5088,,,,,,0,,,,,,,,,,0,2,0,-40.39643859863281,-41.59142303466797,-16.636568069458008,-0.3875095248222351,0.03999999910593033,0.02199999988079071,1427.9759521484375,1445.0,,700.0,,,,,,,0,0,0,1,1,6,6,7,6,2,0,233,1427,1427,6.0715484619140625,14.591423034667969,-0.02965012937784195,0.15702757239341736,484.61920166015625,3.8740789890289307,7.970374584197998,503.92816162109375,492.1019287109375,111.0479736328125,102.17778015136719,3.8373031616210938,4.380105972290039,597.2938232421875,661.7999267578125
2566431872,983,24.75,2,3437,2,3437,1,5090,,,,,,0,,,,,,,,,,0,2,0,-41.59142303466797,-42.68194580078125,-17.072776794433594,-0.35155293345451355,0.03999999910593033,0.02199999988079071,1427.57568359375,1445.0,,700.0,,,,,,,0,0,0,1,1,6,7,7,7,2,0,231,1427,1427,7.624809265136719,15.68194580078125,-0.012189850211143494,0.15717849135398865,484.9393005371094,3.665414810180664,10.60328483581543,506.72845458984375,589.1278076171875,112.7239990234375,100.87457275390625,3.509949207305908,5.115320205688477,579.1588134765625,631.6223754882812
2566431872,986,24.75,2,3438,2,3438,1,5108,,,,,,0,,,,,,,,,,0,2,0,-42.68194580078125,-41.6727294921875,-16.669090270996094,0.2846507430076599,0.03999999910593033,0.02199999988079071,1428.6156005859375,1445.0,,700.0,,,,,,,0,0,0,1,1,6,7,7,6,2,0,231,1428,1428,7.4792633056640625,14.6727294921875,-0.015750909224152565,0.15825065970420837,485.4378967285156,3.37812876701355,10.334320068359375,503.72491455078125,591.284423828125,115.6287841796875,103.9166259765625,3.057955503463745,4.086171627044678,587.0186767578125,630.3609619140625
2566431872,989,24.75,2,3439,2,3439,1,5074,,,,,,0,,,,,,,,,,0,2,0,-41.6727294921875,-41.03253936767578,-16.413015365600586,0.20758488774299622,0.03999999910593033,0.02199999988079071,1428.794677734375,1445.0,,700.0,,,,,,,0,0,0,1,1,6,6,7,5,2,0,232,1428,1428,6.2022705078125,14.032539367675781,-0.02936399355530739,0.16057714819908142,485.2348937988281,3.613161087036133,8.26083755493164,503.96307373046875,495.51763916015625,113.3658447265625,104.93679809570312,3.4691457748413086,4.280444145202637,596.4237060546875,531.3966064453125
2566431872,992,24.75,2,3440,2,3440,1,5124,,,,,,0,,,,,,,,,,0,2,0,-41.03253936767578,-42.40552520751953,-16.962209701538086,-0.38766732811927795,0.03999999910593033,0.02199999988079071,1427.650146484375,1445.0,,700.0,,,,,,,0,0,0,1,1,6,7,7,7,2,0,231,1427,1427,7.6301422119140625,15.405525207519531,-0.013504212722182274,0.15678252279758453,485.7098388671875,2.9186742305755615,10.612730026245117,501.0306396484375,595.3771362304688,109.0675048828125,102.66081237792969,3.6763601303100586,4.900841236114502,597.4775390625,571.831298828125
2566431872,995,24.75,2,3441,2,3441,1,5017,,,,,,0,,,,,,,,,,0,2,0,-42.40552520751953,-41.776145935058594,-16.71045684814453,0.20391735434532166,0.03999999910593033,0.02199999988079071,1428.493408203125,1445.0,,700.0,,,,,,,0,0,0,1,1,6,6,7,5,2,0,230,1428,1428,6.558021545410156,14.776145935058594,-0.028175394982099533,0.161594957113266,485.63104248046875,3.439195156097412,7.977834701538086,502.0914306640625,493.3065185546875,113.00299072265625,102.90130615234375,3.2777068614959717,4.540053367614746,584.8359985351562,529.2476196289062
2566431872,999,25.32799999999952,2,3442,2,3442,1,5098,,,,,,0,,,,,,,,,,0,2,0,-41.776145935058594,-40.57318878173828,-16.22927474975586,0.33959847688674927,0.03999999910593033,0.02199999988079071,1429.1103515625,1445.0,,700.0,,,,,,,0,0,0,1,1,6,6,7,6,2,0,231,1429,1429,6.439521789550781,13.573188781738281,-0.030273020267486572,0.16077309846878052,485.489990234375,2.8594348430633545,7.811805725097656,504.2546081542969,492.49371337890625,112.59429931640625,105.18058776855469,2.9762227535247803,4.0297441482543945,571.6076049804688,596.4425048828125
2566431872,1002,25.32799999999952,2,3443,2,3443,1,5045,,,,,,0,,,,,,,,,,0,2,0,-40.57318878173828,-41.059173583984375,-16.423667907714844,-0.15674731135368347,0.03999999910593033,0.02199999988079071,1428.4195556640625,1445.0,,700.0,,,,,,,0,0,0,1,1,6,7,7,6,2,0,231,1428,1428,7.87432861328125,14.059173583984375,-0.0156842190772295,0.16096316277980804,485.9222412109375,3.543341875076294,10.259923934936523,502.5697021484375,590.0748291015625,115.73077392578125,104.67662048339844,3.6976284980773926,4.216330051422119,565.3622436523438,596.9608764648438
2566431872,1006,25.32799999999952,2,3444,2,3444,1,5089,,,,,,0,,,,,,,,,,0,2,0,-41.059173583984375,-40.42363739013672,-16.16945457458496,0.17934177815914154,0.03999999910593033,0.02199999988079071,1429.0098876953125,1445.0,,700.0,,,,,,,0,0,0,1,1,6,7,7,5,2,0,229,1429,1429,7.532218933105469,13.423637390136719,-0.01481213141232729,0.16557419300079346,486.44927978515625,3.23553466796875,9.995965003967285,505.3543701171875,593.2984008789062,110.52508544921875,103.25030517578125,3.3238651752471924,3.9366703033447266,575.7623901367188,514.3654174804688
2566431872,1009,25.32799999999952,2,3445,2,3445,1,5104,,,,,,0,,,,,,,,,,0,2,0,-40.42363739013672,-40.40813446044922,-16.163251876831055,0.005026709754019976,0.03999999910593033,0.02199999988079071,1428.841796875,1445.0,,700.0,,,,,,,0,0,0,1,1,6,6,6,6,2,0,229,1428,1428,5.8001251220703125,13.408134460449219,-0.031810909509658813,0.16543103754520416,485.95068359375,3.2364678382873535,8.115217208862305,502.64697265625,489.09979248046875,111.1888427734375,100.54641723632812,3.002183675765991,4.145140647888184,487.4261474609375,623.4049682617188
2566431872,1011,25.32799999999952,2,3446,2,3446,1,5078,,,,,,0,,,,,,,,,,0,2,0,-40.40813446044922,-42.12450408935547,-16.84980010986328,-0.553575873374939,0.03999999910593033,0.02199999988079071,1427.5965576171875,1445.0,,700.0,,,,,,,0,0,0,1,1,7,6,7,6,2,0,231,1427,1427,7.21917724609375,15.124504089355469,-0.020094240084290504,0.15527614951133728,485.27423095703125,5.785924434661865,7.928832054138184,599.2146606445312,492.7983703613281,112.5478515625,102.13851928710938,4.522243976593018,5.0283026695251465,632.51123046875,503.4959716796875
2566431872,1015,25.32799999999952,2,3447,2,3447,1,5122,,,,,,0,,,,,,,,,,0,2,0,-42.12450408935547,-42.279876708984375,-16.911949157714844,-0.044010959565639496,0.03999999910593033,0.02199999988079071,1428.0439453125,1445.0,,700.0,,,,,,,0,0,0,1,1,6,6,7,6,2,0,229,1428,1428,6.8931732177734375,15.279876708984375,-0.02766628935933113,0.161889910697937,485.4579162597656,3.2703115940093994,8.430113792419434,504.9066162109375,502.4024963378906,113.601318359375,103.0,2.583878993988037,4.087968826293945,574.8479614257812,625.3004760742188
2566431872,1020,25.85899999999947,2,3448,2,3448,1,5144,,,,,,0,,,,,,,,,,0,2,0,-42.279876708984375,-41.56885528564453,-16.627540588378906,0.2291543036699295,0.03999999910593033,0.02199999988079071,1428.6015625,1445.0,,700.0,,,,,,,0,0,0,1,1,6,7,7,7,2,0,230,1428,1428,7.7561798095703125,14.568855285644531,-0.011053129099309444,0.161372572183609,485.96746826171875,3.637047529220581,10.722238540649414,509.044921875,597.3389892578125,114.777587890625,105.2213134765625,3.168692111968994,4.074348449707031,568.0399780273438,641.7197265625
2566431872,1023,25.85899999999947,2,3449,2,3449,1,5182,,,,,,0,,,,,,,,,,0,2,0,-41.56885528564453,-42.61448669433594,-17.045793533325195,-0.294944703578949,0.03999999910593033,0.02199999988079071,1427.6593017578125,1445.0,,700.0,,,,,,,0,0,0,1,1,6,7,7,7,2,0,231,1427,1427,7.5976409912109375,15.614486694335938,-0.014951590448617935,0.15536321699619293,486.427734375,3.6645374298095703,10.654540061950684,503.0837097167969,590.512451171875,112.76666259765625,101.00643920898438,3.9415476322174072,5.174533367156982,595.1978149414062,630.6539306640625
2566431872,1026,25.85899999999947,2,3450,2,3450,1,5134,,,,,,0,,,,,,,,,,0,2,0,-42.61448669433594,-41.89051818847656,-16.756206512451172,0.23442597687244415,0.03999999910593033,0.02199999988079071,1428.4781494140625,1445.0,,700.0,,,,,,,0,0,0,1,1,6,7,7,6,2,0,229,1428,1428,8.127059936523438,14.890518188476562,-0.010246052406728268,0.1605251431465149,486.9900207519531,3.578948497772217,10.358394622802734,509.7900695800781,600.316162109375,113.609375,101.84770202636719,3.4903149604797363,4.249794960021973,577.9224853515625,573.8617553710938
2566431872,1029,25.85899999999947,2,3451,2,3451,1,5062,,,,,,0,,,,,,,,,,0,2,0,-41.89051818847656,-41.857444763183594,-16.742977142333984,0.009348099119961262,0.03999999910593033,0.02199999988079071,1428.2664794921875,1445.0,,700.0,,,,,,,0,0,0,1,1,6,7,7,6,2,0,230,1428,1428,8.337867736816406,14.857444763183594,-0.014270996674895287,0.1569797247648239,487.62274169921875,2.974379777908325,10.839944839477539,504.80841064453125,601.3584594726562,110.54052734375,102.00631713867188,3.4592652320861816,4.324978828430176,591.8521118164062,635.57568359375
2566431872,1032,25.85899999999947,2,3452,2,3452,1,5060,,,,,,0,,,,,,,,,,0,2,0,-41.857444763183594,-42.3377685546875,-16.93510627746582,-0.15463559329509735,0.03999999910593033,0.02199999988079071,1427.9102783203125,1445.0,,700.0,,,,,,,0,0,0,1,1,6,7,7,6,2,0,229,1427,1427,8.420196533203125,15.3377685546875,-0.012093973346054554,0.15869952738285065,487.9271240234375,3.2736401557922363,10.304407119750977,503.1102294921875,597.97998046875,111.509033203125,103.69293212890625,3.5114898681640625,4.16060733795166,584.5604248046875,644.1932983398438
2566431872,1035,25.85899999999947,2,3453,2,3453,1,5042,,,,,,0,,,,,,,,,,0,2,0,-42.3377685546875,-41.90058898925781,-16.760234832763672,0.12391627579927444,0.03999999910593033,0.02199999988079071,1428.3636474609375,1445.0,,700.0,,,,,,,0,0,0,1,1,6,6,7,6,2,0,230,1428,1428,6.56610107421875,14.900588989257812,-0.02870255522429943,0.15675252676010132,487.4479064941406,3.491603136062622,8.162370681762695,504.99700927734375,496.5277099609375,107.9874267578125,102.94091796875,3.5980188846588135,3.8942344188690186,595.0866088867188,613.9999389648438
2566431872,1039,25.85899999999947,2,3454,2,3454,1,5012,,,,,,0,,,,,,,,,,0,2,0,-41.90058898925781,-41.575645446777344,-16.63025665283203,0.10485926270484924,0.03999999910593033,0.02199999988079071,1428.474609375,1445.0,,700.0,,,,,,,0,0,0,1,1,6,7,7,5,2,0,229,1428,1428,8.186820983886719,14.575645446777344,-0.0117507204413414,0.16358903050422668,487.72723388671875,3.0275306701660156,10.760754585266113,502.80975341796875,603.326416015625,110.47784423828125,106.05303955078125,3.5843870639801025,3.9657223224639893,582.1573486328125,479.4620361328125
2566431872,1042,26.42199999999957,2,3455,2,3455,1,5043,,,,,,0,,,,,,,,,,0,2,0,-41.575645446777344,-41.17442321777344,-16.469768524169922,0.11318165063858032,0.03999999910593033,0.02199999988079071,1428.6434326171875,1445.0,,700.0,,,,,,,0,0,0,1,1,6,7,7,6,2,0,230,1428,1428,7.724029541015625,14.174423217773438,-0.01758558675646782,0.16324342787265778,487.775634765625,3.5940370559692383,10.4877290725708,504.1364440917969,590.0154418945312,112.91656494140625,104.90133666992188,3.2187414169311523,3.619401454925537,571.78076171875,569.8054809570312
2566431872,1045,26.42199999999957,2,3456,2,3456,1,5071,,,,,,0,,,,,,,,,,0,2,0,-41.17442321777344,-40.644981384277344,-16.257991790771484,0.1718217432498932,0.03999999910593033,0.02199999988079071,1428.9139404296875,1445.0,,700.0,,,,,,,0,0,0,1,1,6,7,7,6,2,0,231,1428,1428,7.2111663818359375,13.644981384277344,-0.017513681203126907,0.1624664068222046,487.6712646484375,3.158026695251465,10.559367179870605,506.80230712890625,586.7971801757812,111.464111328125,101.19564819335938,3.2787039279937744,4.252878665924072,582.953369140625,630.5739135742188
2566431872,1048,26.42199999999957,2,3457,2,3457,1,5041,,,,,,0,,,,,,,,,,0,2,0,-40.644981384277344,-41.26172637939453,-16.504690170288086,-0.19895252585411072,0.03999999910593033,0.02199999988079071,1428.29638671875,1445.0,,700.0,,,,,,,0,0,0,1,1,6,7,7,5,2,0,230,1428,1428,7.705780029296875,14.261726379394531,-0.014066423289477825,0.16489741206169128,487.7795104980469,3.2500269412994385,11.103392601013184,502.9715576171875,601.7017822265625,111.6484375,106.25494384765625,2.9031314849853516,4.572904586791992,576.1640625,516.5252075195312
2566431872,1051,26.42199999999957,2,3458,2,3458,1,5025,,,,,,0,,,,,,,,,,0,2,0,-41.26172637939453,-41.972190856933594,-16.788875579833984,-0.20040977001190186,0.03999999910593033,0.02199999988079071,1428.0107421875,1445.0,,700.0,,,,,,,0,0,0,1,1,6,6,7,6,2,0,229,1428,1428,6.857551574707031,14.972190856933594,-0.028191447257995605,0.16051405668258667,487.0733642578125,3.914952516555786,8.091066360473633,511.04473876953125,492.85211181640625,113.66058349609375,104.30712890625,3.2310032844543457,3.887895345687866,578.9835815429688,617.949951171875
2566431872,1054,26.42199999999957,2,3459,2,3459,1,5090,,,,,,0,,,,,,,,,,0,2,0,-41.972190856933594,-41.91602325439453,-16.766408920288086,0.018190713599324226,0.03999999910593033,0.02199999988079071,1428.2518310546875,1445.0,,700.0,,,,,,,0,0,0,1,1,6,6,7,6,2,0,230,1428,1428,7.204994201660156,14.916023254394531,-0.02741425111889839,0.16027839481830597,486.7768859863281,3.249755620956421,7.998930931091309,505.5430908203125,504.081787109375,112.2178955078125,106.2630615234375,3.353996515274048,4.031185150146484,581.5719604492188,573.5299072265625
2566431872,1059,26.42199999999957,2,3460,2,3460,1,5073,,,,,,0,,,,,,,,,,0,2,0,-41.91602325439453,-41.038673400878906,-16.415468215942383,0.2477642446756363,0.03999999910593033,0.02199999988079071,1428.832275390625,1445.0,,700.0,,,,,,,0,0,0,1,1,6,7,7,6,2,0,232,1428,1428,7.376960754394531,14.038673400878906,-0.018515007570385933,0.16298788785934448,487.1468505859375,3.338118553161621,10.421716690063477,497.8990478515625,590.517333984375,102.039306640625,104.8114013671875,3.497903823852539,4.117354869842529,582.6752319335938,630.4312744140625
2566431872,1062,26.42199999999957,2,3461,2,3461,1,5086,,,,,,0,,,,,,,,,,0,2,0,-41.038673400878906,-41.284820556640625,-16.513927459716797,-0.07971331477165222,0.03999999910593033,0.02199999988079071,1428.4063720703125,1445.0,,700.0,,,,,,,0,0,0,1,1,6,7,7,6,2,0,231,1428,1428,7.6953887939453125,14.284820556640625,-0.016178015619516373,0.16463953256607056,487.38031005859375,3.284054756164551,9.783045768737793,502.41741943359375,589.2755126953125,111.0587158203125,102.59727478027344,3.5098631381988525,5.020039081573486,583.9569091796875,491.81689453125
2566431872,1065,27.0,2,3462,2,3462,1,5116,,,,,,0,,,,,,,,,,0,2,0,-41.284820556640625,-42.61302185058594,-17.045207977294922,-0.37481725215911865,0.03999999910593033,0.02199999988079071,1427.5799560546875,1445.0,,700.0,,,,,,,0,0,0,1,1,7,7,7,7,2,0,231,1427,1427,8.758087158203125,15.613021850585938,-0.0039366064593195915,0.1614937037229538,487.1322021484375,6.106845855712891,10.256391525268555,600.0653686523438,590.0355224609375,113.574462890625,101.4368896484375,2.8323230743408203,4.959664344787598,566.45654296875,661.134033203125
2566431872,1068,27.0,2,3463,2,3463,1,5004,,,,,,0,,,,,,,,,,0,2,0,-42.61302185058594,-40.359466552734375,-16.14378547668457,0.7268884778022766,0.03999999910593033,0.02199999988079071,1429.5831298828125,1445.0,,700.0,,,,,,,0,0,0,1,1,6,6,6,5,2,0,229,1429,1429,6.270050048828125,13.359466552734375,-0.030213916674256325,0.16927765309810638,486.5931396484375,3.2679853439331055,7.820431232452393,502.32208251953125,494.9066162109375,108.9921875,103.92649841308594,3.156222105026245,3.8452301025390625,488.11871337890625,476.6866455078125
2566431872,1071,27.0,2,3464,2,3464,1,5100,,,,,,0,,,,,,,,,,0,2,0,-40.359466552734375,-42.71941375732422,-17.087764739990234,-0.6673596501350403,0.03999999910593033,0.02199999988079071,1427.244873046875,1445.0,,700.0,,,,,,,0,0,0,1,1,6,6,7,8,2,0,231,1427,1427,6.218849182128906,15.719413757324219,-0.029584424570202827,0.155267134308815,486.3462219238281,3.5992584228515625,7.854440689086914,505.3250732421875,491.51885986328125,110.76348876953125,104.07046508789062,4.827389717102051,5.006650447845459,631.8360595703125,650.1973876953125
2566431872,1074,27.0,2,3465,2,3465,1,5073,,,,,,0,,,,,,,,,,0,2,0,-42.71941375732422,-41.82715606689453,-16.73086166381836,0.2884244918823242,0.03999999910593033,0.02199999988079071,1428.5576171875,1445.0,,700.0,,,,,,,0,0,0,1,1,6,7,7,7,2,0,229,1428,1428,8.1976318359375,14.827156066894531,-0.012122636660933495,0.16125640273094177,486.8007507324219,3.5127367973327637,10.806217193603516,509.421630859375,596.9674682617188,114.86700439453125,103.22259521484375,2.8594374656677246,3.598595380783081,564.6619262695312,737.5999145507812
2566431872,1078,27.0,2,3466,2,3466,1,5103,,,,,,0,,,,,,,,,,0,2,0,-41.82715606689453,-41.946067810058594,-16.778425216674805,-0.03824841231107712,0.03999999910593033,0.02199999988079071,1428.183349609375,1445.0,,700.0,,,,,,,0,0,0,1,1,6,7,7,8,2,0,231,1428,1428,7.700508117675781,14.946067810058594,-0.01456480287015438,0.1587863266468048,487.1332702636719,3.338528871536255,10.39362907409668,503.6015625,597.70166015625,113.93524169921875,104.98876953125,3.3954765796661377,4.869786739349365,581.5636596679688,721.033203125
2566431872,1081,27.0,2,3467,2,3467,1,5028,,,,,,0,,,,,,,,,,0,2,0,-41.946067810058594,-40.88035583496094,-16.352140426635742,0.30316758155822754,0.03999999910593033,0.02199999988079071,1428.9510498046875,1445.0,,700.0,,,,,,,0,0,0,1,1,6,6,7,5,2,0,230,1428,1428,6.3956451416015625,13.880355834960938,-0.03041265532374382,0.16228094696998596,486.5103759765625,3.1929962635040283,7.763820171356201,502.02978515625,493.9706726074219,111.72747802734375,105.13059997558594,3.834289312362671,3.825420618057251,599.0535278320312,479.87548828125
2566431872,1084,27.0,2,3468,2,3468,1,4995,,,,,,0,,,,,,,,,,0,2,0,-40.88035583496094,-41.78852081298828,-16.71540641784668,-0.29310593008995056,0.03999999910593033,0.02199999988079071,1427.991455078125,1445.0,,700.0,,,,,,,0,0,0,1,1,6,7,7,5,2,0,229,1427,1427,8.030036926269531,14.788520812988281,-0.009044665843248367,0.16263049840927124,486.831298828125,3.132066488265991,10.691569328308105,509.09759521484375,601.036865234375,114.966064453125,104.3804931640625,3.885094404220581,3.746472120285034,589.582763671875,488.34063720703125
2566431872,1088,27.561999999999898,2,3469,2,3469,1,5142,,,,,,0,,,,,,,,,,0,2,0,-41.78852081298828,-41.508140563964844,-16.603254318237305,0.0790296271443367,0.03999999910593033,0.02199999988079071,1428.4757080078125,1445.0,,700.0,,,,,,,0,0,0,1,1,6,7,7,6,2,0,230,1428,1428,7.854606628417969,14.508140563964844,-0.016354478895664215,0.16247370839118958,487.2192077636719,3.325413227081299,10.375429153442383,503.04180908203125,596.3519287109375,108.56158447265625,103.25563049316406,3.4449942111968994,4.694339275360107,583.1284790039062,528.9835205078125
2566431872,1091,27.561999999999898,2,3470,2,3470,1,5134,,,,,,0,,,,,,,,,,0,2,0,-41.508140563964844,-41.238075256347656,-16.495229721069336,0.08741207420825958,0.03999999910593033,0.02199999988079071,1428.5921630859375,1445.0,,700.0,,,,,,,0,0,0,1,1,6,7,7,6,2,0,230,1428,1428,7.8311309814453125,14.238075256347656,-0.014667841605842113,0.1635175198316574,487.64111328125,3.432274580001831,10.71875286102295,505.3078918457031,591.37646484375,111.2098388671875,101.0341796875,3.3529460430145264,3.99660062789917,571.2197265625,580.0521850585938
2566431872,1094,27.561999999999898,2,3471,2,3471,1,5133,,,,,,0,,,,,,,,,,0,2,0,-41.238075256347656,-40.91212463378906,-16.364849090576172,0.09197375178337097,0.03999999910593033,0.02199999988079071,1428.72705078125,1445.0,,700.0,,,,,,,0,0,0,1,1,6,6,7,5,2,0,230,1428,1428,6.851127624511719,13.912124633789062,-0.03002282604575157,0.16655409336090088,487.05633544921875,3.2523131370544434,7.80739688873291,501.0671691894531,490.2366027832031,110.31878662109375,103.31985473632812,3.2676990032196045,3.8996529579162598,575.4285278320312,477.80126953125
2566431872,1099,27.561999999999898,2,3472,2,3472,1,5170,,,,,,0,,,,,,,,,,0,2,0,-40.91212463378906,-42.33428955078125,-16.933713912963867,-0.4576600193977356,0.03999999910593033,0.02199999988079071,1427.608642578125,1445.0,,700.0,,,,,,,0,0,0,1,1,6,6,7,8,2,0,232,1427,1427,6.768989562988281,15.33428955078125,-0.027960531413555145,0.157814621925354,486.77001953125,3.4589290618896484,8.337760925292969,502.09454345703125,497.516845703125,112.20361328125,103.86679077148438,3.735116958618164,3.8221795558929443,586.8296508789062,733.3847045898438
2566431872,1102,27.561999999999898,2,3473,2,3473,1,5108,,,,,,0,,,,,,,,,,0,2,0,-42.33428955078125,-41.12046813964844,-16.44818687438965,0.34461116790771484,0.03999999910593033,0.02199999988079071,1428.8963623046875,1445.0,,700.0,,,,,,,0,0,0,1,1,6,6,7,5,2,0,230,1428,1428,6.509254455566406,14.120468139648438,-0.029501600190997124,0.1625244915485382,486.3643798828125,3.029585599899292,8.179277420043945,503.8307800292969,497.3638610839844,112.685791015625,103.64471435546875,3.102031946182251,4.1070427894592285,582.3204956054688,526.829345703125
2566431872,1105,27.561999999999898,2,3474,2,3474,1,5106,,,,,,0,,,,,,,,,,0,2,0,-41.12046813964844,-40.47615051269531,-16.190458297729492,0.20770932734012604,0.03999999910593033,0.02199999988079071,1429.017333984375,1445.0,,700.0,,,,,,,0,0,0,1,1,6,7,7,5,2,0,230,1429,1429,7.5342254638671875,13.476150512695312,-0.017287196591496468,0.16573698818683624,486.740966796875,3.2268238067626953,10.350647926330566,505.865234375,589.686767578125,110.87841796875,102.25480651855469,2.9370100498199463,4.013310432434082,573.7250366210938,517.8170166015625
2566431872,1108,28.125,2,3475,2,3475,1,5172,,,,,,0,,,,,,,,,,0,2,0,-40.47615051269531,-40.88627624511719,-16.354509353637695,-0.13188664615154266,0.03999999910593033,0.02199999988079071,1428.513671875,1445.0,,700.0,,,,,,,0,0,0,1,1,6,6,7,6,2,0,232,1428,1428,6.486671447753906,13.886276245117188,-0.030749008059501648,0.16298136115074158,486.44549560546875,3.1023151874542236,7.775218486785889,506.31787109375,494.1712341308594,110.8502197265625,104.60348510742188,3.3515121936798096,3.948199510574341,577.185791015625,595.5584106445312
2566431872,1111,28.125,2,3476,2,3476,1,5098,,,,,,0,,,,,,,,,,0,2,0,-40.88627624511719,-40.85095977783203,-16.340383529663086,0.010039964690804482,0.03999999910593033,0.02199999988079071,1428.669677734375,1445.0,,700.0,,,,,,,0,0,0,1,1,6,7,7,6,2,0,232,1428,1428,7.8630828857421875,13.850959777832031,-0.017866503447294235,0.16259942948818207,486.8687744140625,3.469233751296997,10.378154754638672,504.67877197265625,587.9223022460938,111.5521240234375,107.5540771484375,3.2260868549346924,4.567224502563477,572.3639526367188,647.3104248046875
2566431872,1114,28.125,2,3477,2,3477,1,5067,,,,,,0,,,,,,,,,,0,2,0,-40.85095977783203,-41.650962829589844,-16.660383224487305,-0.25793394446372986,0.03999999910593033,0.02199999988079071,1428.0816650390625,1445.0,,700.0,,,,,,,0,0,0,1,1,6,7,7,7,2,0,231,1428,1428,8.093955993652344,14.650962829589844,-0.013816255144774914,0.1595979481935501,487.1373291015625,2.817620038986206,10.805856704711914,502.80303955078125,603.2174072265625,112.20513916015625,104.0894775390625,3.8833558559417725,3.879575252532959,585.2551879882812,637.2412109375
2566431872,1118,28.125,2,3478,2,3478,1,5071,,,,,,0,,,,,,,,,,0,2,0,-41.650962829589844,-42.68871307373047,-17.075483322143555,-0.29242169857025146,0.03999999910593033,0.02199999988079071,1427.632080078125,1445.0,,700.0,,,,,,,0,0,0,1,1,6,6,7,7,2,0,230,1427,1427,6.8597259521484375,15.688713073730469,-0.027252040803432465,0.15840180218219757,486.9681701660156,3.669870376586914,8.114297866821289,502.1676025390625,501.3440856933594,111.3848876953125,103.67317199707031,3.2984437942504883,4.689230918884277,587.0687255859375,671.0775146484375
2566431872,1121,28.125,2,3479,2,3479,1,5075,,,,,,0,,,,,,,,,,0,2,0,-42.68871307373047,-42.12323760986328,-16.849294662475586,0.18352057039737701,0.03999999910593033,0.02199999988079071,1428.334228515625,1445.0,,700.0,,,,,,,0,0,0,1,1,6,7,7,7,2,0,231,1428,1428,7.83355712890625,15.123237609863281,-0.015208987519145012,0.15539011359214783,487.1413879394531,2.802729368209839,10.220210075378418,505.2969970703125,593.2914428710938,113.99005126953125,103.56727600097656,3.6594948768615723,5.1907057762146,595.7194213867188,632.7381591796875
2566431872,1124,28.125,2,3480,2,3480,1,5090,,,,,,0,,,,,,,,,,0,2,0,-42.12323760986328,-41.699951171875,-16.67997932434082,0.11945240944623947,0.03999999910593033,0.02199999988079071,1428.4395751953125,1445.0,,700.0,,,,,,,0,0,0,1,1,6,6,7,6,2,0,231,1428,1428,6.262687683105469,14.699951171875,-0.029908008873462677,0.1614355742931366,486.5550537109375,3.440474510192871,7.9714579582214355,503.7529296875,490.186279296875,113.94403076171875,103.68267822265625,3.7263638973236084,4.7509050369262695,595.655517578125,520.010009765625
2566431872,1127,28.125,2,3481,2,3481,1,5055,,,,,,0,,,,,,,,,,0,2,0,-41.699951171875,-41.87529754638672,-16.750118255615234,-0.05656983703374863,0.03999999910593033,0.02199999988079071,1428.193359375,1445.0,,700.0,,,,,,,0,0,0,1,1,6,6,7,8,2,0,230,1428,1428,6.452079772949219,14.875297546386719,-0.029777944087982178,0.15992221236228943,486.33587646484375,3.1355419158935547,7.928316593170166,503.7113342285156,491.6636657714844,109.24468994140625,103.30686950683594,3.5910227298736572,4.88074254989624,582.5452270507812,659.2365112304688
2566431872,1130,28.686999999999898,2,3482,2,3482,1,5063,,,,,,0,,,,,,,,,,0,2,0,-41.87529754638672,-42.46159362792969,-16.984636306762695,-0.16632980108261108,0.03999999910593033,0.02199999988079071,1427.8489990234375,1445.0,,700.0,,,,,,,0,0,0,1,1,6,7,7,6,2,0,230,1427,1427,8.336647033691406,15.461593627929688,-0.010750244371592999,0.15894919633865356,486.762451171875,3.3567473888397217,10.207385063171387,508.40673828125,594.5030517578125,113.8358154296875,102.76434326171875,3.979994058609009,4.138401508331299,589.915283203125,629.8532104492188
2566431872,1133,28.686999999999898,2,3483,2,3483,1,5071,,,,,,0,,,,,,,,,,0,2,0,-42.46159362792969,-41.56434631347656,-16.6257381439209,0.28964880108833313,0.03999999910593033,0.02199999988079071,1428.6639404296875,1445.0,,700.0,,,,,,,0,0,0,1,1,6,7,7,6,2,0,230,1428,1428,7.76678466796875,14.564346313476562,-0.012813590466976166,0.1600779891014099,486.9983215332031,3.5922904014587402,10.707145690917969,507.6433410644531,601.4111328125,113.624267578125,105.9283447265625,3.3031585216522217,4.161888122558594,578.3447265625,600.4598388671875
2566431872,1138,28.686999999999898,2,3484,2,3484,1,5082,,,,,,0,,,,,,,,,,0,2,0,-41.56434631347656,-42.14740753173828,-16.85896110534668,-0.1883821040391922,0.03999999910593033,0.02199999988079071,1427.95263671875,1445.0,,700.0,,,,,,,0,0,0,1,1,6,6,7,7,2,0,231,1427,1427,6.943550109863281,15.147407531738281,-0.027441401034593582,0.1579272449016571,486.9089660644531,4.0545525550842285,8.400861740112305,503.21405029296875,503.09735107421875,109.77587890625,104.81019592285156,4.0875654220581055,4.075148582458496,586.2583618164062,731.6013793945312
2566431872,1141,28.686999999999898,2,3485,2,3485,1,5082,,,,,,0,,,,,,,,,,0,2,0,-42.14740753173828,-41.57475280761719,-16.629899978637695,0.16176506876945496,0.03999999910593033,0.02199999988079071,1428.5318603515625,1445.0,,700.0,,,,,,,0,0,0,1,1,6,6,7,6,2,0,233,1428,1428,6.813789367675781,14.574752807617188,-0.031025998294353485,0.15949037671089172,486.35784912109375,3.1415317058563232,7.768733501434326,502.32293701171875,493.080322265625,111.3934326171875,104.36155700683594,3.9228262901306152,4.4800896644592285,588.8193969726562,658.7039184570312
2566431872,1144,28.686999999999898,2,3486,2,3486,1,5065,,,,,,0,,,,,,,,,,0,2,0,-41.57475280761719,-42.00140380859375,-16.800559997558594,-0.1375066339969635,0.03999999910593033,0.02199999988079071,1428.06201171875,1445.0,,700.0,,,,,,,0,0,0,1,1,6,6,7,6,2,0,230,1428,1428,6.6627197265625,15.00140380859375,-0.027756355702877045,0.15937528014183044,486.2525634765625,3.4418420791625977,8.253201484680176,503.00616455078125,498.6249694824219,112.5418701171875,102.54344177246094,3.6948251724243164,4.5052313804626465,583.2628173828125,637.6139526367188
2566431872,1147,28.686999999999898,2,3487,2,3487,1,5069,,,,,,0,,,,,,,,,,0,2,0,-42.00140380859375,-40.40666961669922,-16.16266632080078,0.4516446590423584,0.03999999910593033,0.02199999988079071,1429.2889404296875,1445.0,,700.0,,,,,,,0,0,0,1,1,6,6,7,5,2,0,233,1429,1429,5.985076904296875,13.406669616699219,-0.03253930062055588,0.16662496328353882,486.02362060546875,3.2506473064422607,7.86493444442749,505.5793151855469,492.7662353515625,111.2281494140625,103.61604309082031,3.0654823780059814,4.160088539123535,573.4862670898438,519.04736328125
2566431872,1150,28.686999999999898,2,3488,2,3488,1,5070,,,,,,0,,,,,,,,,,0,2,0,-40.40666961669922,-40.91682434082031,-16.366727828979492,-0.16476772725582123,0.03999999910593033,0.02199999988079071,1428.468505859375,1445.0,,700.0,,,,,,,0,0,0,1,1,6,6,7,6,2,0,232,1428,1428,6.279876708984375,13.916824340820312,-0.03128774091601372,0.1598251760005951,485.7099609375,2.8977224826812744,8.013591766357422,498.1650390625,495.8880615234375,106.7313232421875,102.26806640625,3.8510444164276123,4.133947372436523,602.3737182617188,628.33984375
2566431872,1153,29.26599999999962,2,3489,2,3489,1,5069,,,,,,0,,,,,,,,,,0,2,0,-40.91682434082031,-42.04113006591797,-16.816450119018555,-0.3171507716178894,0.03999999910593033,0.02199999988079071,1427.866455078125,1445.0,,700.0,,,,,,,0,0,0,1,1,6,6,7,6,2,0,230,1427,1427,6.191291809082031,15.041130065917969,-0.028467299416661263,0.16158080101013184,485.60650634765625,4.0135064125061035,7.97514009475708,502.2314453125,491.18206787109375,111.01324462890625,103.03619384765625,3.815730094909668,4.82567834854126,584.2186279296875,530.4729614257812
2566431872,1157,29.26599999999962,2,3490,2,3490,1,5068,,,,,,0,,,,,,,,,,0,2,0,-42.04113006591797,-40.718894958496094,-16.28755760192871,0.42825841903686523,0.03999999910593033,0.02199999988079071,1429.140625,1445.0,,700.0,,,,,,,0,0,0,1,1,6,7,7,6,2,0,230,1429,1429,7.21002197265625,13.718894958496094,-0.01689387485384941,0.16300514340400696,486.2965393066406,3.6471707820892334,10.188078880310059,504.74908447265625,585.3991088867188,108.45782470703125,101.96896362304688,2.9499316215515137,3.9609146118164062,576.30615234375,595.7823486328125
2566431872,1160,29.26599999999962,2,3491,2,3491,1,5085,,,,,,0,,,,,,,,,,0,2,0,-40.718894958496094,-41.84858703613281,-16.73943328857422,-0.3192360997200012,0.03999999910593033,0.02199999988079071,1427.94140625,1445.0,,700.0,,,,,,,0,0,0,1,1,6,7,7,6,2,0,231,1427,1427,8.213584899902344,14.848587036132812,-0.014948021620512009,0.16435186564922333,486.98541259765625,3.0695149898529053,10.61283016204834,503.2972412109375,591.70751953125,110.73193359375,101.95304870605469,2.8734638690948486,4.030923366546631,561.0084228515625,617.58544921875
2566431872,1163,29.26599999999962,2,3492,2,3492,1,5024,,,,,,0,,,,,,,,,,0,2,0,-41.84858703613281,-40.275390625,-16.11015510559082,0.5082928538322449,0.03999999910593033,0.02199999988079071,1429.398193359375,1445.0,,700.0,,,,,,,0,0,0,1,1,6,7,7,5,2,0,229,1429,1429,7.356422424316406,13.275390625,-0.016571801155805588,0.16549748182296753,487.0231628417969,3.1813361644744873,10.218557357788086,504.98590087890625,586.7506103515625,113.497802734375,102.06321716308594,2.3942158222198486,3.9355335235595703,571.66455078125,522.4905395507812
2566431872,1167,29.26599999999962,2,3493,2,3493,1,5132,,,,,,0,,,,,,,,,,0,2,0,-40.275390625,-41.281471252441406,-16.51258659362793,-0.28353872895240784,0.03999999910593033,0.02199999988079071,1428.203857421875,1445.0,,700.0,,,,,,,0,0,0,1,1,6,6,6,6,2,0,230,1428,1428,6.185356140136719,14.281471252441406,-0.030590251088142395,0.16272716224193573,486.66229248046875,3.964021921157837,7.806181907653809,504.76409912109375,494.7469482421875,114.07843017578125,102.30126953125,2.6750612258911133,4.221017360687256,483.39959716796875,642.6890869140625
2566431872,1170,29.26599999999962,2,3494,2,3494,1,5111,,,,,,0,,,,,,,,,,0,2,0,-41.281471252441406,-41.11219024658203,-16.444875717163086,0.05490640550851822,0.03999999910593033,0.02199999988079071,1428.610107421875,1445.0,,700.0,,,,,,,0,0,0,1,1,7,7,7,6,2,0,231,1428,1428,8.483901977539062,14.112190246582031,-0.005634265951812267,0.16457650065422058,486.63006591796875,5.82808256149292,10.610477447509766,599.4153442382812,588.9718627929688,107.40924072265625,103.48605346679688,2.911322593688965,3.8055481910705566,574.2914428710938,606.883544921875
2566431872,1173,29.79699999999957,2,3495,2,3495,1,5149,,,,,,0,,,,,,,,,,0,2,0,-41.11219024658203,-41.607521057128906,-16.643007278442383,-0.1594020426273346,0.03999999910593033,0.02199999988079071,1428.197509765625,1445.0,,700.0,,,,,,,0,0,0,1,1,6,7,7,8,2,0,230,1428,1428,7.7440338134765625,14.607521057128906,-0.019063686951994896,0.16290020942687988,487.25775146484375,3.098690986633301,9.838973045349121,506.20068359375,588.23486328125,113.09765625,105.61077880859375,2.3117337226867676,4.88437557220459,569.6322631835938,718.4099731445312
2566431872,1178,29.79699999999957,2,3496,2,3496,1,5171,,,,,,0,,,,,,,,,,0,2,0,-41.607521057128906,-42.519195556640625,-17.00767707824707,-0.25839492678642273,0.03999999910593033,0.02199999988079071,1427.73388671875,1445.0,,700.0,,,,,,,0,0,0,1,1,7,6,7,7,2,0,232,1427,1427,7.493865966796875,15.519195556640625,-0.0196093562990427,0.15733930468559265,486.38800048828125,6.120380401611328,8.24356746673584,600.7161865234375,495.2368469238281,112.1171875,101.00227355957031,3.2311439514160156,5.20290470123291,592.6068115234375,596.1715698242188
2566431872,1181,29.79699999999957,2,3497,2,3497,1,5121,,,,,,0,,,,,,,,,,0,2,0,-42.519195556640625,-41.886192321777344,-16.75447654724121,0.20410870015621185,0.03999999910593033,0.02199999988079071,1428.4495849609375,1445.0,,700.0,,,,,,,0,0,0,1,1,6,7,7,5,2,0,230,1428,1428,8.381271362304688,14.886192321777344,-0.012992648407816887,0.16454535722732544,486.84661865234375,3.7555484771728516,10.303263664245605,509.356201171875,590.231201171875,114.66986083984375,104.54719543457031,2.5373342037200928,3.950186014175415,565.4656982421875,541.3858642578125
2566431872,1184,29.79699999999957,2,3498,2,3498,1,5079,,,,,,0,,,,,,,,,,0,2,0,-41.886192321777344,-41.81666564941406,-16.726665496826172,0.019656982272863388,0.03999999910593033,0.02199999988079071,1428.29296875,1445.0,,700.0,,,,,,,0,0,0,1,1,6,7,7,6,2,0,230,1428,1428,8.190818786621094,14.816665649414062,-0.012830066494643688,0.1589174121618271,487.3153076171875,3.490098476409912,11.249092102050781,502.98553466796875,601.0030517578125,113.6986083984375,103.51805114746094,3.565497636795044,3.7574262619018555,583.7977294921875,637.8056030273438
2566431872,1187,29.79699999999957,2,3499,2,3499,1,5122,,,,,,0,,,,,,,,,,0,2,0,-41.81666564941406,-41.79087829589844,-16.716350555419922,0.008338063023984432,0.03999999910593033,0.02199999988079071,1428.2919921875,1445.0,,700.0,,,,,,,0,0,0,1,1,6,7,7,6,2,0,230,1428,1428,7.651054382324219,14.790878295898438,-0.01358931977301836,0.16053719818592072,487.4354248046875,2.6736016273498535,10.538666725158691,503.36773681640625,601.5795288085938,112.69610595703125,107.803955078125,3.3699591159820557,5.343765735626221,594.7847290039062,526.8309326171875
2566431872,1190,29.79699999999957,2,3500,2,3500,1,5067,,,,,,0,,,,,,,,,,0,2,0,-41.79087829589844,-41.25989532470703,-16.503957748413086,0.14998513460159302,0.03999999910593033,0.02199999988079071,1428.6461181640625,1445.0,,700.0,,,,,,,0,0,0,1,1,6,7,7,6,2,0,232,1428,1428,7.540596008300781,14.259895324707031,-0.016101989895105362,0.16256652772426605,487.66461181640625,3.5643601417541504,9.810708045959473,502.33453369140625,587.473876953125,108.8890380859375,102.9754638671875,2.9250941276550293,4.096097469329834,571.7747802734375,630.468017578125
2566431872,1193,29.79699999999957,2,3501,2,3501,1,5048,,,,,,0,,,,,,,,,,0,2,0,-41.25989532470703,-41.39945983886719,-16.559782028198242,-0.04498639702796936,0.03999999910593033,0.02199999988079071,1428.3951416015625,1445.0,,700.0,,,,,,,0,0,0,1,1,6,7,7,6,2,0,230,1428,1428,7.986045837402344,14.399459838867188,-0.01602960377931595,0.15833932161331177,487.8759460449219,3.329690456390381,10.387231826782227,505.16021728515625,593.2177734375,112.9384765625,101.71702575683594,3.563328742980957,3.9364426136016846,593.9574584960938,616.3623657226562
2566431872,1197,30.35899999999947,2,3502,2,3502,1,5056,,,,,,0,,,,,,,,,,0,2,0,-41.39945983886719,-42.09362030029297,-16.837446212768555,-0.19704094529151917,0.03999999910593033,0.02199999988079071,1427.965576171875,1445.0,,700.0,,,,,,,0,0,0,1,1,6,7,7,5,2,0,229,1427,1427,8.075920104980469,15.093620300292969,-0.011951553635299206,0.1636529564857483,488.149169921875,3.517371892929077,10.737853050231934,504.4298095703125,600.224853515625,109.8944091796875,102.52935791015625,3.794522523880005,4.455559730529785,585.1461791992188,481.144287109375
2566431872,1200,30.35899999999947,2,3503,2,3503,1,5031,,,,,,0,,,,,,,,,,0,2,0,-42.09362030029297,-39.89177703857422,-15.956709861755371,0.7105981707572937,0.03999999910593033,0.02199999988079071,1429.75390625,1445.0,,700.0,,,,,,,0,0,0,1,1,6,6,7,5,2,0,231,1429,1429,6.033805847167969,12.891777038574219,-0.03250676766037941,0.16409695148468018,487.47979736328125,3.0991551876068115,8.595985412597656,499.9959716796875,497.9096374511719,105.83404541015625,101.08108520507812,3.594362258911133,4.038424015045166,588.1696166992188,501.67681884765625
2566431872,1203,30.35899999999947,2,3504,2,3504,1,5059,,,,,,0,,,,,,,,,,0,2,0,-39.89177703857422,-42.34510803222656,-16.93804168701172,-0.7900271415710449,0.03999999910593033,0.02199999988079071,1427.27197265625,1445.0,,700.0,,,,,,,0,0,0,1,1,7,7,7,7,2,0,231,1427,1427,8.197074890136719,15.345108032226562,-0.0070116836577653885,0.1595740020275116,487.1638488769531,6.038106918334961,9.705416679382324,597.92919921875,578.321044921875,103.723876953125,103.99955749511719,2.8411307334899902,5.11646842956543,581.0763549804688,655.6201171875
2566431872,1206,30.35899999999947,2,3505,2,3505,1,5068,,,,,,0,,,,,,,,,,0,2,0,-42.34510803222656,-40.39582061767578,-16.158327102661133,0.5509291291236877,0.03999999910593033,0.02199999988079071,1429.392578125,1445.0,,700.0,,,,,,,0,0,0,1,1,6,7,7,6,2,0,231,1429,1429,7.272010803222656,13.395820617675781,-0.017970547080039978,0.16053873300552368,487.3409423828125,3.3655970096588135,10.604854583740234,506.91522216796875,589.3202514648438,110.888916015625,102.05868530273438,3.7875232696533203,4.39638090133667,582.676025390625,629.5562744140625
2566431872,1209,30.35899999999947,2,3506,2,3506,1,5103,,,,,,0,,,,,,,,,,0,2,0,-40.39582061767578,-41.1719970703125,-16.46879768371582,-0.25157594680786133,0.03999999910593033,0.02199999988079071,1428.2796630859375,1445.0,,700.0,,,,,,,0,0,0,1,1,6,7,7,6,2,0,231,1428,1428,7.717857360839844,14.1719970703125,-0.018074078485369682,0.15548844635486603,487.50286865234375,3.414245843887329,10.157496452331543,504.67608642578125,590.6845092773438,110.74505615234375,104.00807189941406,4.565551280975342,4.1436381340026855,633.8828125,598.3770751953125
2566431872,1212,30.35899999999947,2,3507,2,3507,1,5088,,,,,,0,,,,,,,,,,0,2,0,-41.1719970703125,-41.43634796142578,-16.57453727722168,-0.07454222440719604,0.03999999910593033,0.02199999988079071,1428.350830078125,1445.0,,700.0,,,,,,,0,0,0,1,1,6,7,7,6,2,0,231,1428,1428,7.921638488769531,14.436347961425781,-0.01304278988391161,0.16072489321231842,487.4808349609375,3.443319797515869,10.153609275817871,508.6133728027344,590.792236328125,113.14013671875,105.09654235839844,3.0715348720550537,4.318746566772461,568.0592041015625,657.492431640625
2566431872,1217,30.35899999999947,2,3508,2,3508,1,5130,,,,,,0,,,,,,,,,,0,2,0,-41.43634796142578,-42.19560241699219,-16.87824058532715,-0.24577002227306366,0.03999999910593033,0.02199999988079071,1427.8759765625,1445.0,,700.0,,,,,,,0,0,0,1,1,6,7,7,8,2,0,232,1427,1427,7.761177062988281,15.195602416992188,-0.016196876764297485,0.15653976798057556,487.6598205566406,3.150733470916748,10.282868385314941,505.4600830078125,594.5128173828125,112.71795654296875,101.6947021484375,3.7491588592529297,4.894160270690918,596.6029663085938,734.8528442382812
2566431872,1220,30.90599999999995,2,3509,2,3509,1,5086,,,,,,0,,,,,,,,,,0,2,0,-42.19560241699219,-41.85296630859375,-16.741186141967773,0.09680067002773285,0.03999999910593033,0.02199999988079071,1428.3555908203125,1445.0,,700.0,,,,,,,0,0,0,1,1,6,7,6,7,2,0,230,1428,1428,7.885368347167969,14.85296630859375,-0.016268940642476082,0.16083234548568726,487.73583984375,3.4223594665527344,10.555463790893555,505.90423583984375,596.7843627929688,111.10675048828125,104.40628051757812,2.874549627304077,5.062232494354248,492.67742919921875,633.487548828125
2566431872,1223,30.90599999999995,2,3510,2,3510,1,5057,,,,,,0,,,,,,,,,,0,2,0,-41.85296630859375,-42.06842041015625,-16.827367782592773,-0.06941547244787216,0.03999999910593033,0.02199999988079071,1428.1031494140625,1445.0,,700.0,,,,,,,0,0,0,1,1,6,6,7,6,2,0,231,1428,1428,6.8312530517578125,15.06842041015625,-0.02907116711139679,0.1560225486755371,487.113037109375,3.7036900520324707,8.562346458435059,504.662353515625,500.12530517578125,110.834716796875,101.18350219726562,4.129600524902344,4.297243595123291,598.0160522460938,639.980712890625
2566431872,1226,30.90599999999995,2,3511,2,3511,1,5110,,,,,,0,,,,,,,,,,0,2,0,-42.06842041015625,-42.167518615722656,-16.867006301879883,-0.028070630505681038,0.03999999910593033,0.02199999988079071,1428.1048583984375,1445.0,,700.0,,,,,,,0,0,0,1,1,6,7,7,7,2,0,230,1428,1428,7.715362548828125,15.167518615722656,-0.015092797577381134,0.15770657360553741,487.5439453125,3.017786741256714,10.353549003601074,498.23663330078125,597.2681274414062,107.50811767578125,103.19265747070312,2.601891040802002,5.311078071594238,552.8400268554688,631.8469848632812
2566431872,1229,30.90599999999995,2,3512,2,3512,1,5071,,,,,,0,,,,,,,,,,0,2,0,-42.167518615722656,-41.453819274902344,-16.581525802612305,0.2302754819393158,0.03999999910593033,0.02199999988079071,1428.648681640625,1445.0,,700.0,,,,,,,0,0,0,1,1,6,7,7,6,2,0,230,1428,1428,7.581764221191406,14.453819274902344,-0.01469823531806469,0.16164878010749817,487.6302490234375,3.4683899879455566,10.616572380065918,503.62103271484375,594.05908203125,113.826416015625,101.56709289550781,4.067323207855225,5.011402130126953,592.5084228515625,478.09222412109375
2566431872,1232,30.90599999999995,2,3513,2,3513,1,5002,,,,,,0,,,,,,,,,,0,2,0,-41.453819274902344,-40.49169158935547,-16.19667625427246,0.2716691792011261,0.03999999910593033,0.02199999988079071,1429.0750732421875,1445.0,,700.0,,,,,,,0,0,0,1,1,6,7,6,5,2,0,229,1429,1429,7.620231628417969,13.491691589355469,-0.017273573204874992,0.16794659197330475,487.7401123046875,3.389726400375366,10.387724876403809,503.341796875,588.8584594726562,110.510498046875,103.85923767089844,2.8907241821289062,4.145576000213623,486.964599609375,517.6700439453125
2566431872,1236,30.90599999999995,2,3514,2,3514,1,5045,,,,,,0,,,,,,,,,,0,2,0,-40.49169158935547,-41.05701446533203,-16.42280387878418,-0.18327589333057404,0.03999999910593033,0.02199999988079071,1428.3939208984375,1445.0,,700.0,,,,,,,0,0,0,1,1,6,6,7,6,2,0,230,1428,1428,6.1924896240234375,14.057014465332031,-0.029901226982474327,0.16187745332717896,487.29400634765625,3.250598907470703,7.8268280029296875,503.39459228515625,493.62408447265625,108.10833740234375,101.825439453125,3.0330677032470703,4.498647689819336,571.4846801757812,643.289794921875
2566431872,1239,30.90599999999995,2,3515,2,3515,1,5054,,,,,,0,,,,,,,,,,0,2,0,-41.05701446533203,-41.26366424560547,-16.505464553833008,-0.06667226552963257,0.03999999910593033,0.02199999988079071,1428.4278564453125,1445.0,,700.0,,,,,,,0,0,0,1,1,6,6,7,6,2,0,231,1428,1428,6.5594482421875,14.263664245605469,-0.03014545328915119,0.1588585376739502,486.68572998046875,3.229732036590576,7.819081783294678,503.9998779296875,491.7852478027344,114.84429931640625,101.21795654296875,3.776702642440796,4.121074199676514,595.1886596679688,632.5185546875
2566431872,1242,31.48399999999947,2,3516,2,3516,1,5055,,,,,,0,,,,,,,,,,0,2,0,-41.26366424560547,-42.032501220703125,-16.812999725341797,-0.21659791469573975,0.03999999910593033,0.02199999988079071,1427.970458984375,1445.0,,700.0,,,,,,,0,0,0,1,1,6,6,7,6,2,0,230,1427,1427,6.5255126953125,15.032501220703125,-0.028254300355911255,0.16234001517295837,486.28680419921875,3.7107768058776855,7.876469612121582,503.3914794921875,492.535400390625,110.811767578125,101.78279113769531,3.522634506225586,4.94410514831543,582.4517211914062,515.633544921875
2566431872,1245,31.48399999999947,2,3517,2,3517,1,5045,,,,,,0,,,,,,,,,,0,2,0,-42.032501220703125,-40.563232421875,-16.225292205810547,0.4769802689552307,0.03999999910593033,0.02199999988079071,1429.2515869140625,1445.0,,700.0,,,,,,,0,0,0,1,1,6,7,7,5,2,0,230,1429,1429,7.711952209472656,13.563232421875,-0.017480796203017235,0.1628004014492035,486.624267578125,2.952746868133545,10.351109504699707,505.1522216796875,589.6392211914062,112.60186767578125,103.26020812988281,3.320504665374756,3.7637953758239746,596.6464233398438,482.3292236328125
2566431872,1249,31.48399999999947,2,3518,2,3518,1,5133,,,,,,0,,,,,,,,,,0,2,0,-40.563232421875,-42.21074676513672,-16.88429832458496,-0.4646369218826294,0.03999999910593033,0.02199999988079071,1427.651123046875,1445.0,,700.0,,,,,,,0,0,0,1,1,6,6,7,6,2,0,230,1427,1427,6.281013488769531,15.210746765136719,-0.028643909841775894,0.1629374921321869,486.15545654296875,3.7794816493988037,8.134526252746582,502.540283203125,494.9261474609375,112.0750732421875,103.86813354492188,3.5444436073303223,4.708162784576416,585.0779418945312,507.2037353515625
2566431872,1252,31.48399999999947,2,3519,2,3519,1,5115,,,,,,0,,,,,,,,,,0,2,0,-42.21074676513672,-41.776512145996094,-16.710603713989258,0.13972294330596924,0.03999999910593033,0.02199999988079071,1428.42919921875,1445.0,,700.0,,,,,,,0,0,0,1,1,7,7,7,6,2,0,230,1428,1428,9.078330993652344,14.776512145996094,-0.0017221196321770549,0.16123412549495697,486.1847229003906,5.65908670425415,10.928961753845215,598.420166015625,601.5006103515625,115.2337646484375,105.36756896972656,3.0725367069244385,4.414468288421631,568.7736206054688,607.4120483398438
2566431872,1257,31.48399999999947,2,3520,2,3520,1,5118,,,,,,0,,,,,,,,,,0,2,0,-41.776512145996094,-40.84820556640625,-16.33928108215332,0.26344242691993713,0.03999999910593033,0.02199999988079071,1428.9241943359375,1445.0,,700.0,,,,,,,0,0,0,1,1,6,6,7,5,2,0,229,1428,1428,6.43902587890625,13.84820556640625,-0.029548771679401398,0.16178357601165771,486.00482177734375,2.7946877479553223,7.760522842407227,503.92413330078125,492.77508544921875,111.7860107421875,101.05856323242188,3.7922775745391846,4.122666358947754,588.457275390625,520.6636962890625
2566431872,1260,31.48399999999947,2,3521,2,3521,1,5092,,,,,,0,,,,,,,,,,0,2,0,-40.84820556640625,-41.602577209472656,-16.641029357910156,-0.24355995655059814,0.03999999910593033,0.02199999988079071,1428.115478515625,1445.0,,700.0,,,,,,,0,0,0,1,1,6,6,7,5,2,0,229,1428,1428,6.685203552246094,14.602577209472656,-0.028696147724986076,0.16270355880260468,486.0726623535156,3.5231316089630127,8.711630821228027,502.91644287109375,500.95672607421875,110.0223388671875,103.28742980957031,3.388829231262207,4.537359237670898,582.2769775390625,521.1434326171875
2566431872,1263,31.98399999999947,2,3522,2,3522,1,5054,,,,,,0,,,,,,,,,,0,2,0,-41.602577209472656,-40.4249267578125,-16.16996955871582,0.3322170674800873,0.03999999910593033,0.02199999988079071,1429.162353515625,1445.0,,700.0,,,,,,,0,0,0,1,1,6,6,7,5,2,0,231,1429,1429,6.188026428222656,13.4249267578125,-0.030177991837263107,0.16618883609771729,485.88006591796875,3.2921600341796875,7.807953834533691,506.3420715332031,497.05267333984375,110.09796142578125,106.07733154296875,2.8836965560913086,3.8504583835601807,574.4009399414062,514.792724609375
2566431872,1266,31.98399999999947,2,3523,2,3523,1,5059,,,,,,0,,,,,,,,,,0,2,0,-40.4249267578125,-42.25261688232422,-16.901044845581055,-0.5925694108009338,0.03999999910593033,0.02199999988079071,1427.5064697265625,1445.0,,700.0,,,,,,,0,0,0,1,1,6,6,7,6,2,0,230,1427,1427,6.545051574707031,15.252616882324219,-0.028636127710342407,0.1606263369321823,485.66900634765625,3.55664324760437,8.136266708374023,503.2398986816406,494.63031005859375,112.30413818359375,102.062744140625,3.704277753829956,4.815280437469482,584.9263305664062,524.0466918945312
2566431872,1269,31.98399999999947,2,3524,2,3524,1,5031,,,,,,0,,,,,,,,,,0,2,0,-42.25261688232422,-41.65309143066406,-16.661235809326172,0.19316133856773376,0.03999999910593033,0.02199999988079071,1428.5318603515625,1445.0,,700.0,,,,,,,0,0,0,1,1,6,7,7,5,2,0,230,1428,1428,7.997932434082031,14.653091430664062,-0.012429135851562023,0.16504725813865662,486.5528869628906,3.125392198562622,10.589576721191406,503.86187744140625,603.2875366210938,110.62744140625,103.28720092773438,2.6534924507141113,4.039763927459717,572.0127563476562,536.7779541015625
2566431872,1272,31.98399999999947,2,3525,2,3525,1,5036,,,,,,0,,,,,,,,,,0,2,0,-41.65309143066406,-41.33513641357422,-16.534053802490234,0.09022580087184906,0.03999999910593033,0.02199999988079071,1428.55615234375,1445.0,,700.0,,,,,,,0,0,0,1,1,6,7,7,5,2,0,230,1428,1428,7.7912750244140625,14.335136413574219,-0.014169263653457165,0.1664203703403473,487.2093200683594,3.2688260078430176,9.958541870117188,505.24530029296875,586.0759887695312,110.40228271484375,102.1502685546875,2.919862747192383,4.318056106567383,570.9710083007812,541.04638671875
2566431872,1276,31.98399999999947,2,3526,2,3526,1,5038,,,,,,0,,,,,,,,,,0,2,0,-41.33513641357422,-40.531227111816406,-16.21249008178711,0.25899866223335266,0.03999999910593033,0.02199999988079071,1429.0465087890625,1445.0,,700.0,,,,,,,0,0,0,1,1,6,6,7,5,2,0,231,1429,1429,6.194038391113281,13.531227111816406,-0.029889587312936783,0.163305401802063,486.7298889160156,3.3377413749694824,8.205916404724121,504.812255859375,495.5362548828125,113.50250244140625,103.74745178222656,3.823422908782959,3.951223373413086,595.4785766601562,475.6866455078125
2566431872,1279,31.98399999999947,2,3527,2,3527,1,5047,,,,,,0,,,,,,,,,,0,2,0,-40.531227111816406,-41.47381591796875,-16.58952522277832,-0.2661580741405487,0.03999999910593033,0.02199999988079071,1428.1444091796875,1445.0,,700.0,,,,,,,0,0,0,1,1,6,6,7,6,2,0,229,1428,1428,6.744102478027344,14.47381591796875,-0.030041957274079323,0.16385206580162048,486.47540283203125,3.2613253593444824,8.533758163452148,505.33758544921875,500.1125183105469,110.8712158203125,102.57015991210938,3.307607650756836,4.635599613189697,571.4336547851562,577.5028686523438
