session,param_revision,sample_seq,host_t,sample_us,encoder_raw,motor_pwm,speed_float,target_float,motor_integral,motor_prelimit,motor_flags,encoder_signed
328705300,0,7904,0.8599999999996726,79032414,29,62,10.763636589050293,10.0,135.92710876464844,62.152278900146484,7,29
328705300,0,7905,0.8599999999996726,79042414,30,62,10.690909385681152,10.0,135.2362060546875,62.42155075073242,7,30
328705300,0,7906,0.8599999999996726,79052414,29,62,10.690909385681152,10.0,134.54530334472656,62.07265090942383,7,29
328705300,0,7907,0.8599999999996726,79062414,30,61,10.763636589050293,10.0,133.7816619873047,61.06882858276367,7,30
328705300,0,7908,0.8599999999996726,79072414,29,61,10.690909385681152,10.0,133.09075927734375,61.33810043334961,7,29
328705300,0,7909,0.8599999999996726,79082414,29,60,10.690909385681152,10.0,132.3998565673828,60.989192962646484,7,29
328705300,0,7910,0.8599999999996726,79092414,30,60,10.690909385681152,10.0,131.70895385742188,60.64029312133789,7,30
328705300,0,7911,0.8599999999996726,79102414,30,59,10.763636589050293,10.0,130.9453125,59.636470794677734,7,30
328705300,0,7912,0.8599999999996726,79112414,28,60,10.618182182312012,10.0,130.32713317871094,60.56065368652344,7,28
328705300,0,7913,0.8599999999996726,79122414,28,60,10.545454978942871,10.0,129.78167724609375,60.90338134765625,7,28
328705300,0,7914,0.8599999999996726,79132414,28,61,10.472726821899414,10.0,129.30894470214844,61.282840728759766,7,28
328705300,0,7915,0.8599999999996726,79142414,28,62,10.327272415161133,10.0,128.98167419433594,62.35392761230469,7,28
328705300,0,7916,0.8599999999996726,79152414,27,64,10.109090805053711,10.0,128.87258911132812,64.15338897705078,7,27
328705300,0,7917,0.8599999999996726,79162414,28,64,10.109090805053711,10.0,128.7635040283203,64.09829711914062,7,28
328705300,0,7918,0.8599999999996726,79172414,28,64,10.109090805053711,10.0,128.6544189453125,64.043212890625,7,28
328705300,0,7919,0.8599999999996726,79182414,27,64,10.03636360168457,10.0,128.61805725097656,64.64302825927734,7,27
328705300,0,7920,0.8599999999996726,79192414,27,65,9.96363639831543,10.0,128.6544189453125,65.27957153320312,7,27
328705300,0,7921,0.8599999999996726,79202414,27,65,9.96363639831543,10.0,128.69078063964844,65.29793548583984,7,27
328705300,0,7922,0.8599999999996726,79212414,28,65,9.96363639831543,10.0,128.72714233398438,65.31629943847656,7,28
328705300,0,7923,0.8599999999996726,79222414,28,65,9.96363639831543,10.0,128.7635040283203,65.33465576171875,7,28
328705300,0,7924,0.8599999999996726,79232414,28,64,10.03636360168457,10.0,128.72714233398438,64.6981201171875,7,28
328705300,0,7925,0.8599999999996726,79242414,28,64,10.109090805053711,10.0,128.61805725097656,64.02484893798828,7,28
328705300,0,7926,0.8599999999996726,79252414,28,63,10.181818008422852,10.0,128.4362335205078,63.31484603881836,7,28
328705300,0,7927,0.8599999999996726,79262414,28,63,10.181818008422852,10.0,128.25440979003906,63.223026275634766,7,28
328705300,0,7928,0.8599999999996726,79272414,27,63,10.109090805053711,10.0,128.14532470703125,63.78611373901367,7,27
328705300,0,7929,0.8599999999996726,79282414,28,63,10.109090805053711,10.0,128.03623962402344,63.73102951049805,7,28
328705300,0,7930,0.8599999999996726,79292414,29,63,10.181818008422852,10.0,127.85442352294922,63.02103042602539,7,29
328705300,0,7931,0.8599999999996726,79302414,28,62,10.181818008422852,10.0,127.672607421875,62.9292106628418,7,28
328705300,0,7932,0.8599999999996726,79312414,28,62,10.181818008422852,10.0,127.49079132080078,62.837398529052734,7,28
328705300,0,7933,0.8599999999996726,79322414,28,62,10.254545211791992,10.0,127.23624420166016,62.090667724609375,7,28
328705300,0,7934,0.8599999999996726,79332414,28,61,10.254545211791992,10.0,126.98169708251953,61.962120056152344,7,28
328705300,0,7935,0.8599999999996726,79342414,28,62,10.181818008422852,10.0,126.79988098144531,62.48848342895508,7,28
328705300,0,7936,0.8599999999996726,79352414,28,62,10.181818008422852,10.0,126.6180648803711,62.396671295166016,7,28
328705300,0,7937,0.8599999999996726,79362414,28,62,10.181818008422852,10.0,126.43624877929688,62.30485153198242,7,28
328705300,0,7938,0.8599999999996726,79372414,29,61,10.254545211791992,10.0,126.18170166015625,61.55812454223633,7,29
328705300,0,7939,0.8599999999996726,79382414,30,60,10.399999618530273,10.0,125.78170013427734,60.11975860595703,7,30
328705300,0,7940,0.8599999999996726,79392414,30,58,10.545454978942871,10.0,125.23624420166016,58.607933044433594,7,30
328705300,0,7941,0.8599999999996726,79402414,31,56,10.763636589050293,10.0,124.47261047363281,56.367759704589844,7,31
328705300,0,7942,0.8599999999996726,79412414,29,55,10.836363792419434,10.0,123.63624572753906,55.32720947265625,7,29
328705300,0,7943,0.8599999999996726,79422414,30,54,10.909090995788574,10.0,122.72715759277344,54.249942779541016,7,30
328705300,0,7944,0.8599999999996726,79432416,29,54,10.836363792419434,10.0,121.89079284667969,54.44575881958008,7,29
328705300,0,7945,0.8599999999996726,79442414,28,55,10.690909385681152,10.0,121.19988250732422,55.33320999145508,7,28
328705300,0,7946,0.8599999999996726,79452414,28,56,10.472726821899414,10.0,120.72715759277344,56.94903564453125,7,28
328705300,0,7947,0.8599999999996726,79462414,30,56,10.545454978942871,10.0,120.18170166015625,56.055389404296875,7,30
328705300,0,7948,0.8599999999996726,79472414,30,55,10.545454978942871,10.0,119.63624572753906,55.77993392944336,7,30
328705300,0,7949,0.8599999999996726,79482414,30,54,10.618182182312012,10.0,119.01806640625,54.84957504272461,7,30
328705300,0,7950,0.8599999999996726,79492414,30,53,10.763636589050293,10.0,118.25443267822266,53.227577209472656,7,30
328705300,0,7951,0.8599999999996726,79502414,28,52,10.763636589050293,10.0,117.49079895019531,52.841941833496094,7,28
328705300,0,7952,1.4529999999995198,79512414,28,53,10.618182182312012,10.0,116.87261962890625,53.7661247253418,7,28
328705300,0,7953,1.4529999999995198,79522414,28,54,10.472726821899414,10.0,116.39989471435547,54.763771057128906,7,28
328705300,0,7954,1.4529999999995198,79532414,29,55,10.399999618530273,10.0,115.99989318847656,55.17994689941406,7,29
328705300,0,7955,1.4529999999995198,79542414,30,54,10.399999618530273,10.0,115.59989166259766,54.97794723510742,7,30
328705300,0,7956,1.4529999999995198,79552414,30,53,10.545454978942871,10.0,115.05443572998047,53.466121673583984,7,30
328705300,0,7957,1.4529999999995198,79562414,30,51,10.690909385681152,10.0,114.363525390625,51.8808479309082,7,30
328705300,0,7958,1.4529999999995198,79572414,29,50,10.763636589050293,10.0,113.59989166259766,50.877037048339844,7,29
328705300,0,7959,1.4529999999995198,79582414,30,49,10.836363792419434,10.0,112.7635269165039,49.83648681640625,7,30
328705300,0,7960,1.4529999999995198,79592414,29,50,10.763636589050293,10.0,111.99989318847656,50.069034576416016,7,29
328705300,0,7961,1.4529999999995198,79602414,29,50,10.690909385681152,10.0,111.3089828491211,50.33830642700195,7,29
328705300,0,7962,1.4529999999995198,79612414,28,51,10.545454978942871,10.0,110.7635269165039,51.29921340942383,7,28
328705300,0,7963,1.4529999999995198,79622414,28,51,10.472726821899414,10.0,110.29080200195312,51.67867660522461,7,28
328705300,0,7964,1.4529999999995198,79632414,29,52,10.399999618530273,10.0,109.89080047607422,52.09485626220703,7,29
328705300,0,7965,1.4529999999995198,79642414,28,52,10.327272415161133,10.0,109.56352996826172,52.547767639160156,7,28
328705300,0,7966,1.4529999999995198,79652414,29,52,10.327272415161133,10.0,109.23625946044922,52.38249588012695,7,29
328705300,0,7967,1.4529999999995198,79662414,29,51,10.399999618530273,10.0,108.83625793457031,51.562313079833984,7,29
328705300,0,7968,1.4529999999995198,79672414,29,50,10.472726821899414,10.0,108.36353302001953,50.705406188964844,7,29
328705300,0,7969,1.4529999999995198,79682414,28,51,10.399999618530273,10.0,107.96353149414062,51.121585845947266,7,28
328705300,1,7970,1.4529999999995198,79692414,29,50,10.472726821899414,10.0,107.49080657958984,50.264678955078125,7,29
328705300,1,7971,1.4529999999995198,79702414,29,50,10.472726821899414,10.0,107.01808166503906,50.02595520019531,7,29
328705300,1,7972,1.4529999999995198,79712414,30,49,10.545454978942871,10.0,106.47262573242188,49.13230895996094,7,30
328705300,1,7973,1.4529999999995198,79722414,28,49,10.472726821899414,10.0,105.9999008178711,49.51177215576172,7,28
328705300,1,7974,1.4529999999995198,79732414,28,49,10.472726821899414,10.0,105.52717590332031,49.27304458618164,7,28
328705300,1,7975,1.4529999999995198,79742414,28,49,10.399999618530273,10.0,105.1271743774414,49.68922424316406,7,28
328705300,1,7976,1.4529999999995198,79752414,28,50,10.327272415161133,10.0,104.7999038696289,50.14213562011719,7,28
328705300,1,7977,1.4529999999995198,79762414,28,51,10.181818008422852,10.0,104.61808776855469,51.28668212890625,7,28
328705300,1,7978,1.4529999999995198,79772414,28,51,10.181818008422852,10.0,104.43627166748047,51.19486618041992,7,28
328705300,1,7979,1.4529999999995198,79782414,28,51,10.181818008422852,10.0,104.25445556640625,51.10304641723633,7,28
328705300,1,7980,1.4529999999995198,79792414,24,53,9.890909194946289,10.0,104.3635482788086,53.630863189697266,7,24
328705300,1,7981,1.4529999999995198,79802414,24,56,9.600000381469727,10.0,104.7635498046875,56.30559158325195,7,24
328705300,1,7982,1.4529999999995198,79812414,25,58,9.381817817687988,10.0,105.38172912597656,58.472320556640625,7,25
328705300,1,7983,1.4529999999995198,79822414,24,61,9.090909004211426,10.0,106.29081726074219,61.40413284301758,7,24
328705300,1,7984,1.4529999999995198,79832414,23,65,8.727272987365723,10.0,107.56354522705078,65.13777160644531,7,23
328705300,1,7985,1.4529999999995198,79842414,23,66,8.654545783996582,10.0,108.90899658203125,66.4354019165039,7,23
328705300,1,7986,1.4529999999995198,79852414,21,69,8.436363220214844,10.0,110.4726333618164,69.07958984375,7,21
328705300,1,7987,1.4529999999995198,79862414,20,73,8.07272720336914,10.0,112.39990234375,73.14376831054688,7,20
328705300,1,7988,1.4529999999995198,79872414,22,75,7.927272796630859,10.0,114.47262573242188,75.4268569946289,7,22
328705300,1,7989,1.4529999999995198,79882414,22,77,7.854545593261719,10.0,116.61808013916016,77.12849426269531,7,22
328705300,1,7990,1.4529999999995198,79892414,23,78,7.854545593261719,10.0,118.76353454589844,78.21194458007812,7,23
328705300,1,7991,1.4529999999995198,79902414,24,77,8.07272720336914,10.0,120.69081115722656,77.33068084716797,7,24
328705300,1,7992,1.4529999999995198,79912414,25,75,8.436363220214844,10.0,122.25444793701172,75.02940368652344,7,25
328705300,1,7993,1.4529999999995198,79922414,24,74,8.581818580627441,10.0,123.6726303100586,74.50921630859375,7,24
328705300,1,7994,1.4529999999995198,79932414,22,75,8.581818580627441,10.0,125.09081268310547,75.22540283203125,7,22
328705300,1,7995,1.4529999999995198,79942414,21,77,8.436363220214844,10.0,126.65444946289062,77.25140380859375,7,21
328705300,1,7996,1.4529999999995198,79952414,21,80,8.218181610107422,10.0,128.43626403808594,80.00576782226562,7,21
328705300,1,7997,1.4529999999995198,79962414,20,84,7.854545593261719,10.0,130.58172607421875,84.18013000488281,7,20
328705300,1,7998,1.4529999999995198,79972414,22,86,7.709090709686279,10.0,132.8726348876953,86.57341003417969,7,22
328705300,1,7999,1.4529999999995198,79982414,24,86,7.854545593261719,10.0,135.01809692382812,86.42050170898438,7,24
328705300,1,8000,1.4529999999995198,79992414,26,84,8.218181610107422,10.0,136.79991149902344,84.22940826416016,7,26
328705300,1,8001,1.4529999999995198,80002414,27,81,8.654545783996582,10.0,138.14537048339844,81.19977569580078,7,27
328705300,1,8002,1.4529999999995198,80012414,27,77,9.163636207580566,10.0,138.9817352294922,77.29486846923828,7,27
328705300,1,8003,1.4529999999995198,80022414,26,75,9.454545021057129,10.0,139.52719116210938,75.09759521484375,7,26
328705300,1,8004,1.4529999999995198,80032414,24,75,9.454545021057129,10.0,140.07264709472656,75.37305450439453,7,24
328705300,1,8005,1.4529999999995198,80042414,24,76,9.309090614318848,10.0,140.7635498046875,76.95832061767578,7,24
328705300,1,8006,1.4529999999995198,80052414,24,79,9.090909004211426,10.0,141.67263793945312,79.2719497680664,7,24
328705300,1,8007,1.4529999999995198,80062414,24,81,8.872727394104004,10.0,142.79991149902344,81.69577026367188,7,24
328705300,1,8008,1.4529999999995198,80072414,25,82,8.800000190734863,10.0,143.99990844726562,82.91995239257812,7,25
328705300,1,8009,1.4529999999995198,80082414,27,81,9.018181800842285,10.0,144.98171997070312,81.56121826171875,7,27
328705300,1,8010,1.9219999999995707,80092414,25,81,9.090909004211426,10.0,145.89080810546875,81.40213012695312,7,25
328705300,1,8011,1.9219999999995707,80102414,26,80,9.236363410949707,10.0,146.65444946289062,80.55140686035156,7,26
328705300,1,8012,1.9219999999995707,80112414,25,80,9.309090614318848,10.0,147.34535217285156,80.2821273803711,7,25
328705300,1,8013,1.9219999999995707,80122414,24,81,9.236363410949707,10.0,148.10899353027344,81.28595733642578,7,24
328705300,1,8014,1.9219999999995707,80132414,22,84,8.872727394104004,10.0,149.23626708984375,84.94612884521484,7,22
328705300,1,8015,1.9219999999995707,80142414,22,87,8.654545783996582,10.0,150.58172607421875,87.48013305664062,7,22
328705300,1,8016,1.9219999999995707,80152414,24,89,8.5090913772583,10.0,152.0726318359375,89.46939849853516,7,24
328705300,1,8017,1.9219999999995707,80162414,24,90,8.436363220214844,10.0,153.63626098632812,90.87722778320312,7,24
328705300,1,8018,1.9219999999995707,80172414,24,91,8.436363220214844,10.0,155.19989013671875,91.66685485839844,7,24
328705300,1,8019,1.9219999999995707,80182414,24,91,8.581818580627441,10.0,156.61807250976562,91.14666748046875,7,24
328705300,1,8020,1.9219999999995707,80192414,26,89,8.872727394104004,10.0,157.74534606933594,89.24321746826172,7,26
328705300,1,8021,1.9219999999995707,80202414,26,88,9.018181800842285,10.0,158.72715759277344,88.50267028808594,7,26
328705300,1,8022,1.9219999999995707,80212414,28,86,9.309090614318848,10.0,159.41806030273438,86.37884521484375,7,28
328705300,1,8023,1.9219999999995707,80222414,27,84,9.527273178100586,10.0,159.8907928466797,84.76303100585938,7,27
328705300,1,8024,1.9219999999995707,80232414,25,84,9.600000381469727,10.0,160.29078674316406,84.34683990478516,7,25
328705300,1,8025,1.9219999999995707,80242414,26,84,9.600000381469727,10.0,160.69078063964844,84.54883575439453,7,26
328705300,1,8026,1.9219999999995707,80252414,24,86,9.454545021057129,10.0,161.23623657226562,86.0606689453125,7,24
328705300,1,8027,1.9219999999995707,80262414,25,88,9.236363410949707,10.0,161.9998779296875,88.30084991455078,7,25
328705300,1,8028,1.9219999999995707,80272414,24,90,9.018181800842285,10.0,162.981689453125,90.65121459960938,7,24
328705300,1,8029,1.9219999999995707,80282414,26,90,9.090909004211426,10.0,163.89077758789062,90.49211120605469,7,26
328705300,1,8030,1.9219999999995707,80292414,27,90,9.163636207580566,10.0,164.72714233398438,90.29629516601562,7,27
328705300,1,8031,1.9219999999995707,80302414,26,89,9.309090614318848,10.0,165.4180450439453,89.4088363647461,7,26
328705300,1,8032,1.9219999999995707,80312414,26,89,9.381817817687988,10.0,166.03622436523438,89.10283660888672,7,26
328705300,1,8033,1.9219999999995707,80322414,27,87,9.600000381469727,10.0,166.43621826171875,87.45028686523438,7,27
328705300,1,8034,1.9219999999995707,80332414,27,86,9.672727584838867,10.0,166.76348876953125,86.99737548828125,7,27
328705300,1,8035,1.9219999999995707,80342414,28,86,9.745454788208008,10.0,167.01803588867188,86.50774383544922,7,28
328705300,1,8036,1.9219999999995707,80352414,28,85,9.890909194946289,10.0,167.1271209716797,85.32646179199219,7,28
328705300,1,8037,1.9219999999995707,80362414,28,84,10.03636360168457,10.0,167.09075927734375,84.07173919677734,7,28
328705300,1,8038,1.9219999999995707,80372414,27,84,10.03636360168457,10.0,167.0543975830078,84.05338287353516,7,27
328705300,1,8039,1.9219999999995707,80382414,27,84,10.03636360168457,10.0,167.01803588867188,84.03501892089844,7,27
328705300,1,8040,1.9219999999995707,80392414,26,85,9.890909194946289,10.0,167.1271209716797,85.32646179199219,7,26
328705300,1,8041,1.9219999999995707,80402414,26,86,9.745454788208008,10.0,167.3816680908203,86.69137573242188,7,26
328705300,1,8042,1.9219999999995707,80412414,25,88,9.527273178100586,10.0,167.85440063476562,88.78465270996094,7,25
328705300,1,8043,1.9219999999995707,80422414,26,89,9.454545021057129,10.0,168.3998565673828,89.67829132080078,7,26
328705300,1,8044,1.9219999999995707,80432414,26,90,9.381817817687988,10.0,169.01803588867188,90.60865783691406,7,26
328705300,1,8045,1.9219999999995707,80442414,27,90,9.454545021057129,10.0,169.56349182128906,90.26593017578125,7,27
328705300,1,8046,1.9219999999995707,80452414,28,89,9.600000381469727,10.0,169.96348571777344,89.23155212402344,7,28
328705300,1,8047,1.9219999999995707,80462414,28,87,9.818181991577148,10.0,170.1453094482422,87.46883392333984,7,28
328705300,1,8048,1.9219999999995707,80472414,28,86,9.96363639831543,10.0,170.18167114257812,86.2508316040039,7,28
328705300,1,8049,1.9219999999995707,80482414,26,86,9.96363639831543,10.0,170.21803283691406,86.26919555664062,7,26
328705300,1,8050,1.9219999999995707,80492414,26,86,9.890909194946289,10.0,170.32711791992188,86.94245910644531,7,26
328705300,1,8051,1.9219999999995707,80502414,26,88,9.745454788208008,10.0,170.5816650390625,88.307373046875,7,26
328705300,1,8052,1.9219999999995707,80512414,27,89,9.672727584838867,10.0,170.908935546875,89.09082794189453,7,27
328705300,1,8053,1.9219999999995707,80522414,28,89,9.672727584838867,10.0,171.2362060546875,89.25609588623047,7,28
328705300,1,8054,1.9219999999995707,80532414,29,87,9.890909194946289,10.0,171.3452911376953,87.4566421508789,7,29
328705300,1,8055,1.9219999999995707,80542414,29,85,10.109090805053711,10.0,171.2362060546875,85.54701232910156,7,29
328705300,1,8056,1.9219999999995707,80552414,29,83,10.327272415161133,10.0,170.908935546875,83.5271987915039,7,29
328705300,1,8057,1.9219999999995707,80562414,27,83,10.327272415161133,10.0,170.5816650390625,83.36192321777344,7,27
328705300,1,8058,2.469000000000051,80572414,26,84,10.181818008422852,10.0,170.39984130859375,84.50646209716797,7,26
328705300,1,8059,2.469000000000051,80582414,25,87,9.890909194946289,10.0,170.50892639160156,87.0342788696289,7,25
328705300,1,8060,2.469000000000051,80592414,24,90,9.527273178100586,10.0,170.98165893554688,90.3639144897461,7,24
328705300,1,8061,2.469000000000051,80602414,24,93,9.163636207580566,10.0,171.81802368164062,93.877197265625,7,24
328705300,1,8062,2.469000000000051,80612414,24,96,8.945454597473145,10.0,172.87257385253906,96.26428985595703,7,24
328705300,1,8063,2.469000000000051,80622414,26,96,8.945454597473145,10.0,173.9271240234375,96.79683685302734,7,26
328705300,1,8064,2.469000000000051,80632414,27,96,9.090909004211426,10.0,174.83621215820312,96.01956176757812,7,27
328705300,1,8065,2.469000000000051,80642414,29,93,9.454545021057129,10.0,175.3816680908203,93.20410919189453,7,29
328705300,1,8066,2.469000000000051,80652414,30,89,9.890909194946289,10.0,175.49075317382812,89.55010223388672,7,30
328705300,1,8067,2.469000000000051,80662414,30,85,10.327272415161133,10.0,175.16348266601562,85.67574310302734,7,30
328705300,1,8068,2.469000000000051,80672414,28,84,10.472726821899414,10.0,174.6907501220703,84.20064544677734,7,28
328705300,1,8069,2.469000000000051,80682414,28,83,10.545454978942871,10.0,174.14529418945312,83.3070068359375,7,28
328705300,1,8070,2.469000000000051,80692414,27,84,10.399999618530273,10.0,173.74530029296875,84.34138488769531,7,27
328705300,1,8071,2.469000000000051,80702414,27,86,10.181818008422852,10.0,173.5634765625,86.10409545898438,7,27
328705300,1,8072,2.469000000000051,80712414,28,87,10.03636360168457,10.0,173.52711486816406,87.32210540771484,7,28
328705300,1,8073,2.469000000000051,80722414,29,86,10.109090805053711,10.0,173.41802978515625,86.64883422851562,7,29
328705300,1,8074,2.469000000000051,80732414,28,86,10.109090805053711,10.0,173.30894470214844,86.59375,7,28
328705300,1,8075,2.469000000000051,80742414,27,86,10.109090805053711,10.0,173.19985961914062,86.53865814208984,7,27
328705300,1,8076,2.469000000000051,80752414,26,87,10.03636360168457,10.0,173.1634979248047,87.13847351074219,7,26
328705300,1,8077,2.469000000000051,80762414,28,87,10.03636360168457,10.0,173.12713623046875,87.12010955810547,7,28
328705300,1,8078,2.469000000000051,80772414,26,89,9.818181991577148,10.0,173.3089599609375,89.06648254394531,7,26
328705300,1,8079,2.469000000000051,80782414,28,89,9.818181991577148,10.0,173.49078369140625,89.1583023071289,7,28
328705300,1,8080,2.469000000000051,80792414,30,87,10.03636360168457,10.0,173.4544219970703,87.28539276123047,7,30
328705300,1,8081,2.469000000000051,80802414,29,85,10.254545211791992,10.0,173.1998748779297,85.30229949951172,7,29
328705300,1,8082,2.469000000000051,80812414,31,83,10.472726821899414,10.0,172.72714233398438,83.20902252197266,7,31
328705300,1,8083,2.469000000000051,80822414,28,81,10.618182182312012,10.0,172.1089630126953,81.66047668457031,7,28
328705300,1,8084,2.469000000000051,80832414,28,81,10.618182182312012,10.0,171.49078369140625,81.34829711914062,7,28
328705300,1,8085,2.469000000000051,80842414,27,83,10.399999618530273,10.0,171.09078979492188,83.0008544921875,7,27
328705300,1,8086,2.469000000000051,80852414,27,84,10.254545211791992,10.0,170.83624267578125,84.1086654663086,7,27
328705300,1,8087,2.469000000000051,80862414,27,86,9.96363639831543,10.0,170.8726043701172,86.5997543334961,7,27
328705300,1,8088,2.469000000000051,80872414,29,85,10.03636360168457,10.0,170.83624267578125,85.96321105957031,7,29
328705300,1,8089,2.469000000000051,80882414,29,85,10.109090805053711,10.0,170.72715759277344,85.28994750976562,7,29
328705300,1,8090,2.469000000000051,80892414,29,83,10.254545211791992,10.0,170.4726104736328,83.92503356933594,7,29
328705300,1,8091,2.469000000000051,80902414,30,81,10.472726821899414,10.0,169.9998779296875,81.83175659179688,7,30
328705300,1,8092,2.469000000000051,80912414,29,80,10.618182182312012,10.0,169.38169860839844,80.28321075439453,7,29
328705300,1,8093,2.469000000000051,80922414,28,80,10.545454978942871,10.0,168.83624267578125,80.62593078613281,7,28
328705300,1,8094,2.469000000000051,80932414,26,82,10.327272415161133,10.0,168.50897216796875,82.31521606445312,7,26
328705300,1,8095,2.469000000000051,80942414,27,83,10.181818008422852,10.0,168.3271484375,83.45975494384766,7,27
328705300,1,8096,2.469000000000051,80952414,25,86,9.818181991577148,10.0,168.50897216796875,86.64248657226562,7,25
328705300,1,8097,2.469000000000051,80962414,28,87,9.745454788208008,10.0,168.76351928710938,87.38921356201172,7,28
328705300,1,8098,2.469000000000051,80972414,30,86,9.890909194946289,10.0,168.8726043701172,86.20793151855469,7,30
328705300,1,8099,2.469000000000051,80982414,32,82,10.327272415161133,10.0,168.5453338623047,82.33358001708984,7,32
328705300,1,8100,2.469000000000051,80992414,33,78,10.763636589050293,10.0,167.7816925048828,78.23883819580078,7,33
328705300,1,8101,2.469000000000051,81002414,36,70,11.563636779785156,10.0,166.21804809570312,70.64920043945312,7,36
328705300,1,8102,2.469000000000051,81012414,36,64,12.145455360412598,10.0,164.0725860595703,64.62028503417969,7,36
328705300,1,8103,2.469000000000051,81022414,37,58,12.654545783996582,10.0,161.4180450439453,58.952476501464844,7,37
328705300,1,8104,2.469000000000051,81032414,37,54,13.018181800842285,10.0,158.3998565673828,54.33738327026367,7,37
328705300,1,8105,2.469000000000051,81042414,37,50,13.309089660644531,10.0,155.09075927734375,50.19356918334961,7,37
328705300,1,8106,2.469000000000051,81052414,36,48,13.309089660644531,10.0,151.78167724609375,48.52248764038086,7,36
328705300,1,8107,2.469000000000051,81062414,35,47,13.236364364624023,10.0,148.54531860351562,47.506290435791016,7,35
328705300,1,8108,2.469000000000051,81072414,34,47,13.018181800842285,10.0,145.52713012695312,47.8366584777832,7,34
328705300,1,8109,2.469000000000051,81082414,35,47,12.87272834777832,10.0,142.65440368652344,47.622283935546875,7,35
328705300,1,8110,2.469000000000051,81092414,33,48,12.581817626953125,10.0,140.0725860595703,48.79120635986328,7,33
328705300,1,8111,2.469000000000051,81102414,34,48,12.436363220214844,10.0,137.63623046875,48.79720687866211,7,34
328705300,1,8112,2.469000000000051,81112414,33,48,12.290908813476562,10.0,135.34532165527344,48.87666320800781,7,33
328705300,1,8113,2.469000000000051,81122414,33,48,12.218180656433105,10.0,133.12713623046875,48.374664306640625,7,33
328705300,1,8114,2.469000000000051,81132414,33,48,12.07272720336914,10.0,131.05441284179688,48.564300537109375,7,33
328705300,1,8115,2.469000000000051,81142414,34,46,12.145455360412598,10.0,128.90895080566406,46.86265182495117,7,34
328705300,1,8116,2.469000000000051,81152414,33,46,12.07272720336914,10.0,126.83622741699219,46.434112548828125,7,33
328705300,1,8117,2.469000000000051,81162413,32,46,12.0,10.0,124.83622741699219,46.042293548583984,7,32
328705300,1,8118,2.469000000000051,81172414,34,44,12.07272720336914,10.0,122.76350402832031,44.37738800048828,7,34
328705300,1,8119,2.469000000000051,81182413,32,43,12.0,10.0,120.76350402832031,43.98556900024414,7,32
328705300,1,8120,2.469000000000051,81192414,33,43,11.92727279663086,10.0,118.83622741699219,43.63047790527344,7,33
328705300,1,8121,2.469000000000051,81202414,31,43,11.781819343566895,10.0,117.05440521240234,43.967010498046875,7,31
328705300,1,8122,3.094000000000051,81212414,31,43,11.709091186523438,10.0,115.3453140258789,43.72210693359375,7,31
328705300,1,8123,3.094000000000051,81222414,31,44,11.4909086227417,10.0,113.85440826416016,44.823753356933594,7,31
328705300,1,8124,3.094000000000051,81232414,29,46,11.272727012634277,10.0,112.58168029785156,46.03556823730469,7,29
328705300,1,8125,3.094000000000051,81242414,31,46,11.127272605895996,10.0,111.45440673828125,46.70265579223633,7,31
328705300,1,8126,3.094000000000051,81252414,30,46,11.054545402526855,10.0,110.39986419677734,46.788291931152344,7,30
328705300,1,8127,3.094000000000051,81262414,30,46,10.981818199157715,10.0,109.41804504394531,46.9106559753418,7,30
328705300,1,8128,3.094000000000051,81272414,30,47,10.909090995788574,10.0,108.50895690917969,47.06975173950195,7,30
328705300,1,8129,3.094000000000051,81282414,30,45,10.981818199157715,10.0,107.52713775634766,45.95574951171875,7,30
328705300,1,8130,3.094000000000051,81292414,31,45,10.981818199157715,10.0,106.54531860351562,45.459930419921875,7,31
328705300,1,8131,3.094000000000051,81302414,30,44,10.981818199157715,10.0,105.5634994506836,44.964111328125,7,30
328705300,1,8132,3.094000000000051,81312414,30,44,10.981818199157715,10.0,104.58168029785156,44.468292236328125,7,30
328705300,1,8133,3.094000000000051,81322414,29,44,10.909090995788574,10.0,103.67259216308594,44.62738800048828,7,29
328705300,1,8134,3.094000000000051,81332414,30,44,10.909090995788574,10.0,102.76350402832031,44.168296813964844,7,30
328705300,1,8135,3.094000000000051,81342414,30,44,10.836363792419434,10.0,101.92713928222656,44.364112854003906,7,30
328705300,1,8136,3.094000000000051,81352414,29,44,10.763636589050293,10.0,101.16350555419922,44.59666061401367,7,29
328705300,1,8137,3.094000000000051,81362414,29,44,10.690909385681152,10.0,100.47259521484375,44.865928649902344,7,29
328705300,1,8138,3.094000000000051,81372414,30,43,10.763636589050293,10.0,99.7089614868164,43.86211395263672,7,30
328705300,1,8139,3.094000000000051,81382414,28,44,10.618182182312012,10.0,99.09078216552734,44.78629684448242,7,28
328705300,1,8140,3.094000000000051,81392414,28,45,10.472726821899414,10.0,98.61805725097656,45.78394317626953,7,28
328705300,1,8141,3.094000000000051,81402414,29,45,10.472726821899414,10.0,98.14533233642578,45.54521560668945,7,29
328705300,1,8142,3.094000000000051,81412414,28,45,10.399999618530273,10.0,97.74533081054688,45.961395263671875,7,28
328705300,1,8143,3.094000000000051,81422414,29,46,10.327272415161133,10.0,97.41806030273438,46.414306640625,7,29
328705300,1,8144,3.094000000000051,81432414,29,45,10.399999618530273,10.0,97.01805877685547,45.594120025634766,7,29
328705300,1,8145,3.094000000000051,81442414,29,44,10.472726821899414,10.0,96.54533386230469,44.73721694946289,7,29
328705300,1,8146,3.094000000000051,81452414,30,43,10.545454978942871,10.0,95.9998779296875,43.843570709228516,7,30
328705300,1,8147,3.094000000000051,81462414,29,42,10.618182182312012,10.0,95.38169860839844,42.913211822509766,7,29
328705300,1,8148,3.094000000000051,81472414,29,42,10.618182182312012,10.0,94.76351928710938,42.60102844238281,7,29
328705300,1,8149,3.094000000000051,81482414,28,42,10.545454978942871,10.0,94.21806335449219,42.94375228881836,7,28
328705300,1,8150,3.094000000000051,81492414,29,42,10.545454978942871,10.0,93.672607421875,42.668296813964844,7,29
328705300,1,8151,3.094000000000051,81502414,29,43,10.472726821899414,10.0,93.19988250732422,43.04776382446289,7,29
328705300,1,8152,3.094000000000051,81512414,28,43,10.399999618530273,10.0,92.79988098144531,43.46394348144531,7,28
328705300,1,8153,3.094000000000051,81522414,29,43,10.399999618530273,10.0,92.3998794555664,43.261940002441406,7,29
328705300,1,8154,3.094000000000051,81532414,29,42,10.472726821899414,10.0,91.92715454101562,42.40503692626953,7,29
328705300,1,8155,3.094000000000051,81542414,28,42,10.399999618530273,10.0,91.52715301513672,42.82121276855469,7,28
328705300,1,8156,3.094000000000051,81552414,29,42,10.399999618530273,10.0,91.12715148925781,42.61921310424805,7,29
328705300,1,8157,3.094000000000051,81562414,29,41,10.472726821899414,10.0,90.65442657470703,41.762306213378906,7,29
328705300,1,8158,3.094000000000051,81572414,28,42,10.399999618530273,10.0,90.25442504882812,42.17848587036133,7,28
328705300,1,8159,3.094000000000051,81582414,28,42,10.327272415161133,10.0,89.92715454101562,42.63139724731445,7,28
328705300,1,8160,3.094000000000051,81592414,28,42,10.327272415161133,10.0,89.59988403320312,42.46612548828125,7,28
328705300,1,8161,3.094000000000051,81602414,28,42,10.254545211791992,10.0,89.3453369140625,42.95576095581055,7,28
328705300,1,8162,3.094000000000051,81612414,27,44,10.109090805053711,10.0,89.23624420166016,44.13703155517578,7,27
328705300,1,8163,3.094000000000051,81622414,27,44,10.03636360168457,10.0,89.19988250732422,44.73685073852539,7,27
328705300,1,8164,3.094000000000051,81632414,28,44,10.03636360168457,10.0,89.16352081298828,44.71848678588867,7,28
328705300,1,8165,3.094000000000051,81642414,28,44,10.03636360168457,10.0,89.12715911865234,44.70012664794922,7,28
328705300,1,8166,3.094000000000051,81652414,28,44,10.03636360168457,10.0,89.0907974243164,44.6817626953125,7,28
328705300,1,8167,3.094000000000051,81662414,29,43,10.181818008422852,10.0,88.90898132324219,43.35358428955078,7,29
328705300,1,8168,3.094000000000051,81672414,29,41,10.327272415161133,10.0,88.58171081542969,41.95195007324219,7,29
328705300,1,8169,3.094000000000051,81682414,28,41,10.327272415161133,10.0,88.25444030761719,41.786678314208984,7,28
328705300,1,8170,3.094000000000051,81692414,28,41,10.327272415161133,10.0,87.92716979980469,41.62140655517578,7,28
328705300,1,8171,3.094000000000051,81702414,28,41,10.327272415161133,10.0,87.59989929199219,41.45613479614258,7,28
328705300,1,8172,3.094000000000051,81712414,27,42,10.181818008422852,10.0,87.41808319091797,42.60068130493164,7,27
328705300,1,8173,3.094000000000051,81722414,27,43,10.03636360168457,10.0,87.38172149658203,43.81867980957031,7,27
328705300,1,8174,3.094000000000051,81732414,28,43,10.03636360168457,10.0,87.3453598022461,43.800315856933594,7,28
328705300,1,8175,3.094000000000051,81742414,28,43,10.03636360168457,10.0,87.30899810791016,43.78195571899414,7,28
328705300,1,8176,3.094000000000051,81752414,27,44,9.96363639831543,10.0,87.3453598022461,44.418495178222656,7,27
328705300,1,8177,3.094000000000051,81762414,27,44,9.96363639831543,10.0,87.38172149658203,44.436859130859375,7,27
328705300,1,8178,3.4849999999996726,81772414,28,43,10.03636360168457,10.0,87.3453598022461,43.800315856933594,7,28
328705300,1,8179,3.4849999999996726,81782414,28,43,10.03636360168457,10.0,87.30899810791016,43.78195571899414,7,28
328705300,1,8180,3.4849999999996726,81792414,28,43,10.03636360168457,10.0,87.27263641357422,43.76359176635742,7,28
328705300,1,8181,3.4849999999996726,81802414,28,43,10.109090805053711,10.0,87.16354370117188,43.09031677246094,7,28
328705300,1,8182,3.4849999999996726,81812414,28,42,10.181818008422852,10.0,86.98172760009766,42.38032150268555,7,28
328705300,1,8183,3.4849999999996726,81822414,29,41,10.254545211791992,10.0,86.72718048095703,41.63359069824219,7,29
328705300,1,8184,3.4849999999996726,81832414,28,41,10.254545211791992,10.0,86.4726333618164,41.505043029785156,7,28
328705300,1,8185,3.4849999999996726,81842414,28,41,10.254545211791992,10.0,86.21808624267578,41.37649917602539,7,28
328705300,1,8186,3.4849999999996726,81852414,28,41,10.254545211791992,10.0,85.96353912353516,41.24795150756836,7,28
328705300,1,8187,3.4849999999996726,81862414,28,41,10.254545211791992,10.0,85.70899200439453,41.11940383911133,7,28
328705300,1,8188,3.4849999999996726,81872414,27,42,10.109090805053711,10.0,85.59989929199219,42.30067443847656,7,27
328705300,1,8189,3.4849999999996726,81882414,28,42,10.109090805053711,10.0,85.49080657958984,42.245582580566406,7,28
328705300,1,8190,3.4849999999996726,81892414,28,42,10.109090805053711,10.0,85.3817138671875,42.19049072265625,7,28
328705300,1,8191,3.4849999999996726,81902414,28,42,10.109090805053711,10.0,85.27262115478516,42.135398864746094,7,28
328705300,1,8192,3.4849999999996726,81912414,28,42,10.109090805053711,10.0,85.16352844238281,42.08030700683594,7,28
328705300,1,8193,3.4849999999996726,81922414,28,41,10.181818008422852,10.0,84.9817123413086,41.37031173706055,7,28
328705300,1,8194,3.4849999999996726,81932414,27,41,10.109090805053711,10.0,84.87261962890625,41.93339920043945,7,27
328705300,1,8195,3.4849999999996726,81942414,28,41,10.109090805053711,10.0,84.7635269165039,41.8783073425293,7,28
328705300,1,8196,3.4849999999996726,81952414,27,42,10.03636360168457,10.0,84.72716522216797,42.478126525878906,7,27
328705300,1,8197,3.4849999999996726,81962414,28,42,10.03636360168457,10.0,84.69080352783203,42.45976638793945,7,28
328705300,1,8198,3.4849999999996726,81972414,28,42,10.03636360168457,10.0,84.6544418334961,42.441402435302734,7,28
328705300,1,8199,3.4849999999996726,81982414,28,41,10.109090805053711,10.0,84.54534912109375,41.76812744140625,7,28
328705300,1,8200,3.4849999999996726,81992414,28,41,10.109090805053711,10.0,84.4362564086914,41.713035583496094,7,28
328705300,1,8201,3.4849999999996726,82002414,28,41,10.181818008422852,10.0,84.25444030761719,41.0030403137207,7,28
328705300,1,8202,3.4849999999996726,82012414,27,41,10.109090805053711,10.0,84.14534759521484,41.56612777709961,7,27
328705300,1,8203,3.4849999999996726,82022414,27,42,10.03636360168457,10.0,84.1089859008789,42.16594696044922,7,27
328705300,1,8204,3.4849999999996726,82032414,28,42,10.03636360168457,10.0,84.07262420654297,42.147586822509766,7,28
328705300,1,8205,3.4849999999996726,82042414,28,42,10.03636360168457,10.0,84.03626251220703,42.12922286987305,7,28
328705300,1,8206,3.4849999999996726,82052414,27,42,9.96363639831543,10.0,84.07262420654297,42.76576614379883,7,27
328705300,1,8207,3.4849999999996726,82062414,28,42,10.03636360168457,10.0,84.03626251220703,42.12922286987305,7,28
328705300,1,8208,3.4849999999996726,82072414,27,42,10.03636360168457,10.0,83.9999008178711,42.11085891723633,7,27
328705300,1,8209,3.4849999999996726,82082414,28,42,10.03636360168457,10.0,83.96353912353516,42.092498779296875,7,28
328705300,1,8210,3.4849999999996726,82092414,27,42,9.96363639831543,10.0,83.9999008178711,42.72903823852539,7,27
328705300,1,8211,3.4849999999996726,82102414,27,42,9.96363639831543,10.0,84.03626251220703,42.74740219116211,7,27
328705300,1,8212,3.4849999999996726,82112414,26,44,9.818181991577148,10.0,84.21807861328125,44.07558059692383,7,26
328705300,1,8213,3.4849999999996726,82122414,28,43,9.890909194946289,10.0,84.3271713256836,43.51249313354492,7,28
328705300,1,8214,3.4849999999996726,82132414,26,44,9.745454788208008,10.0,84.58171844482422,44.877403259277344,7,26
328705300,1,8215,3.4849999999996726,82142414,28,44,9.818181991577148,10.0,84.76353454589844,44.351036071777344,7,28
328705300,1,8216,3.4849999999996726,82152414,27,44,9.818181991577148,10.0,84.94535064697266,44.44285202026367,7,27
328705300,1,8217,3.4849999999996726,82162414,28,43,9.96363639831543,10.0,84.9817123413086,43.224853515625,7,28
328705300,1,8218,4.063000000000102,82172414,28,43,9.96363639831543,10.0,85.01807403564453,43.24321746826172,7,28
328705300,1,8219,4.063000000000102,82182414,29,41,10.181818008422852,10.0,84.83625793457031,41.29685592651367,7,29
328705300,1,8220,4.063000000000102,82192414,28,41,10.181818008422852,10.0,84.6544418334961,41.205039978027344,7,28
328705300,1,8221,4.063000000000102,82202414,28,40,10.254545211791992,10.0,84.39989471435547,40.45831298828125,7,28
328705300,1,8222,4.063000000000102,82212414,29,39,10.327272415161133,10.0,84.07262420654297,39.674861907958984,7,29
328705300,1,8223,4.063000000000102,82222414,27,40,10.254545211791992,10.0,83.81807708740234,40.164493560791016,7,27
328705300,1,8224,4.063000000000102,82232414,28,40,10.181818008422852,10.0,83.63626098632812,40.690860748291016,7,28
328705300,1,8225,4.063000000000102,82242414,28,40,10.181818008422852,10.0,83.4544448852539,40.59904098510742,7,28
328705300,1,8226,4.063000000000102,82252414,27,41,10.109090805053711,10.0,83.34535217285156,41.16212844848633,7,27
328705300,1,8227,4.063000000000102,82262414,27,42,9.96363639831543,10.0,83.3817138671875,42.41685485839844,7,27
328705300,1,8228,4.063000000000102,82272414,28,41,10.03636360168457,10.0,83.34535217285156,41.780311584472656,7,28
328705300,1,8229,4.063000000000102,82282414,27,42,9.96363639831543,10.0,83.3817138671875,42.41685485839844,7,27
328705300,1,8230,4.063000000000102,82292414,27,43,9.890909194946289,10.0,83.49080657958984,43.09012985229492,7,27
328705300,1,8231,4.063000000000102,82302414,26,43,9.818181991577148,10.0,83.67262268066406,43.80012512207031,7,26
328705300,1,8232,4.063000000000102,82312414,28,43,9.890909194946289,10.0,83.7817153930664,43.237037658691406,7,28
328705300,1,8233,4.063000000000102,82322414,27,43,9.818181991577148,10.0,83.96353149414062,43.94703674316406,7,27
328705300,1,8234,4.063000000000102,82332414,27,44,9.818181991577148,10.0,84.14534759521484,44.03885269165039,7,27
328705300,1,8235,4.063000000000102,82342414,27,44,9.818181991577148,10.0,84.32716369628906,44.13066864013672,7,27
328705300,1,8236,4.063000000000102,82352414,28,42,9.96363639831543,10.0,84.363525390625,42.91267013549805,7,28
328705300,1,8237,4.063000000000102,82362414,27,43,9.890909194946289,10.0,84.47261810302734,43.58594512939453,7,27
328705300,1,8238,4.063000000000102,82372414,28,42,9.96363639831543,10.0,84.50897979736328,42.98612594604492,7,28
328705300,1,8239,4.063000000000102,82382414,28,42,10.03636360168457,10.0,84.47261810302734,42.34958267211914,7,28
328705300,1,8240,4.063000000000102,82392414,28,41,10.109090805053711,10.0,84.363525390625,41.676307678222656,7,28
328705300,1,8241,4.063000000000102,82402414,27,42,10.03636360168457,10.0,84.32716369628906,42.276126861572266,7,27
328705300,1,8242,4.063000000000102,82412414,27,42,10.03636360168457,10.0,84.29080200195312,42.25776672363281,7,27
328705300,1,8243,4.063000000000102,82422414,28,42,10.03636360168457,10.0,84.25444030761719,42.239402770996094,7,28
328705300,1,8244,4.063000000000102,82432414,28,42,10.03636360168457,10.0,84.21807861328125,42.221038818359375,7,28
328705300,1,8245,4.063000000000102,82442414,27,42,9.96363639831543,10.0,84.25444030761719,42.857582092285156,7,27
328705300,1,8246,4.063000000000102,82452414,28,42,10.03636360168457,10.0,84.21807861328125,42.221038818359375,7,28
328705300,1,8247,4.063000000000102,82462414,27,42,10.03636360168457,10.0,84.18171691894531,42.20267868041992,7,27
328705300,1,8248,4.063000000000102,82472414,28,42,10.03636360168457,10.0,84.14535522460938,42.1843147277832,7,28
328705300,1,8249,4.063000000000102,82482414,28,42,10.03636360168457,10.0,84.10899353027344,42.165950775146484,7,28
328705300,1,8250,4.063000000000102,82492414,26,42,9.96363639831543,10.0,84.14535522460938,42.802494049072266,7,26
328705300,1,8251,4.063000000000102,82502414,28,42,9.96363639831543,10.0,84.18171691894531,42.820858001708984,7,28
328705300,1,8252,4.063000000000102,82512414,27,42,9.96363639831543,10.0,84.21807861328125,42.83921813964844,7,27
328705300,1,8253,4.063000000000102,82522414,27,43,9.890909194946289,10.0,84.3271713256836,43.51249313354492,7,27
328705300,1,8254,4.063000000000102,82532414,28,43,9.890909194946289,10.0,84.43626403808594,43.56758499145508,7,28
328705300,1,8255,4.063000000000102,82542414,28,42,10.03636360168457,10.0,84.39990234375,42.312862396240234,7,28
328705300,1,8256,4.063000000000102,82552414,28,42,10.03636360168457,10.0,84.36354064941406,42.294498443603516,7,28
328705300,1,8257,4.063000000000102,82562414,28,41,10.109090805053711,10.0,84.25444793701172,41.62122344970703,7,28
328705300,1,8258,4.063000000000102,82572414,28,40,10.181818008422852,10.0,84.0726318359375,40.91122817993164,7,28
328705300,1,8259,4.063000000000102,82582414,28,40,10.181818008422852,10.0,83.89081573486328,40.81940841674805,7,28
328705300,1,8260,4.063000000000102,82592414,28,40,10.181818008422852,10.0,83.70899963378906,40.72759246826172,7,28
328705300,1,8261,4.063000000000102,82602414,27,41,10.109090805053711,10.0,83.59990692138672,41.290679931640625,7,27
328705300,1,8262,4.063000000000102,82612414,27,41,10.03636360168457,10.0,83.56354522705078,41.890499114990234,7,27
328705300,1,8263,4.063000000000102,82622414,27,42,9.96363639831543,10.0,83.59990692138672,42.527042388916016,7,27
328705300,1,8264,4.063000000000102,82632414,27,43,9.890909194946289,10.0,83.70899963378906,43.2003173828125,7,27
328705300,1,8265,4.063000000000102,82642414,28,43,9.890909194946289,10.0,83.8180923461914,43.255409240722656,7,28
328705300,1,8266,4.063000000000102,82652414,28,42,9.96363639831543,10.0,83.85445404052734,42.65559005737305,7,28
328705300,1,8267,4.063000000000102,82662414,27,42,9.96363639831543,10.0,83.89081573486328,42.6739501953125,7,27
328705300,1,8268,4.063000000000102,82672414,27,42,9.96363639831543,10.0,83.92717742919922,42.69231414794922,7,27
328705300,1,8269,4.063000000000102,82682414,27,42,9.96363639831543,10.0,83.96353912353516,42.71067810058594,7,27
328705300,1,8270,4.063000000000102,82692414,27,43,9.890909194946289,10.0,84.0726318359375,43.38395309448242,7,27
328705300,1,8271,4.063000000000102,82702414,24,46,9.600000381469727,10.0,84.4726333618164,46.058677673339844,7,24
328705300,1,8272,4.063000000000102,82712414,25,47,9.454545021057129,10.0,85.0180892944336,47.57050323486328,7,25
328705300,1,8273,4.063000000000102,82722414,24,49,9.236363410949707,10.0,85.78172302246094,49.8106803894043,7,24
328705300,1,8274,4.655999999999949,82732414,23,52,8.945454597473145,10.0,86.83626556396484,52.815948486328125,7,23
328705300,1,8275,4.655999999999949,82742414,23,55,8.654545783996582,10.0,88.18171691894531,55.96812438964844,7,23
328705300,1,8276,4.655999999999949,82752414,21,58,8.436363220214844,10.0,89.74535369873047,58.6123161315918,7,21
328705300,1,8277,4.655999999999949,82762414,22,61,8.218181610107422,10.0,91.52717590332031,61.366676330566406,7,22
328705300,1,8278,4.655999999999949,82772413,21,64,8.0,10.0,93.52717590332031,64.2312240600586,7,21
328705300,1,8279,4.655999999999949,82782414,20,67,7.781818389892578,10.0,95.745361328125,67.20594787597656,7,20
328705300,1,8280,4.655999999999949,82792414,20,70,7.563636302947998,10.0,98.18172454833984,70.29086303710938,7,20
328705300,1,8281,4.655999999999949,82802414,19,72,7.418181896209717,10.0,100.76354217529297,72.83103942871094,7,19
328705300,1,8282,4.655999999999949,82812414,19,76,7.1999993324279785,10.0,103.56354522705078,76.09959411621094,7,19
328705300,1,8283,4.655999999999949,82822414,19,78,7.0545454025268555,10.0,106.50900268554688,78.82341003417969,7,19
328705300,1,8284,4.655999999999949,82832414,17,82,6.836363315582275,10.0,109.67263793945312,82.27558898925781,7,17
328705300,1,8285,4.655999999999949,82842414,17,85,6.618182182312012,10.0,113.05445861816406,85.83795166015625,7,17
328705300,1,8286,4.655999999999949,82852414,16,89,6.400000095367432,10.0,116.65445709228516,89.510498046875,7,16
328705300,1,8287,4.655999999999949,82862414,16,93,6.181818008422852,10.0,120.47264099121094,93.29322814941406,7,16
328705300,1,8288,4.655999999999949,82872414,15,97,5.890909671783447,10.0,124.58173370361328,97.84104919433594,7,15
328705300,1,8289,4.655999999999949,82882414,15,100,5.74545431137085,10.0,128.83627319335938,101.2259521484375,7,15
328705300,1,8290,4.655999999999949,82892414,12,100,5.3818182945251465,10.0,133.45445251464844,106.6490478515625,7,12
328705300,1,8291,4.655999999999949,82902414,14,100,5.236363410949707,10.0,138.2180938720703,110.29104614257812,7,14
328705300,1,8292,4.655999999999949,82912414,12,100,4.9454545974731445,10.0,143.27264404296875,115.31631469726562,7,12
328705300,1,8293,4.655999999999949,82922414,12,100,4.7272725105285645,10.0,148.5453643798828,119.8335952758789,7,12
328705300,1,8294,4.655999999999949,82932414,11,100,4.436363697052002,10.0,154.10899353027344,125.11595153808594,7,11
328705300,1,8295,4.655999999999949,82942414,11,100,4.363636493682861,10.0,159.745361328125,128.58050537109375,7,11
328705300,1,8296,4.655999999999949,82952414,10,100,4.072727203369141,10.0,165.67263793945312,134.0465087890625,7,10
328705300,1,8297,4.655999999999949,82962414,10,100,3.9272727966308594,10.0,171.745361328125,138.34957885742188,7,10
328705300,1,8298,4.655999999999949,82972414,8,100,3.6363637447357178,10.0,178.10899353027344,144.03594970703125,7,8
328705300,1,8299,4.655999999999949,82982414,9,100,3.4909093379974365,10.0,184.6180877685547,148.5594024658203,7,9
328705300,1,8300,4.655999999999949,82992414,8,100,3.2727272510528564,10.0,191.34536743164062,153.8112335205078,7,8
328705300,1,8301,4.655999999999949,83002414,7,100,3.0545451641082764,10.0,198.2908172607422,159.17323303222656,7,7
328705300,1,8302,4.655999999999949,83012414,8,100,2.909090995788574,10.0,200.0,161.27273559570312,7,8
328705300,1,8303,4.655999999999949,83022414,7,100,2.8363635540008545,10.0,200.0,161.89089965820312,7,7
328705300,1,8304,4.655999999999949,83032414,5,100,2.545454502105713,10.0,200.0,164.36363220214844,7,5
328705300,1,8305,4.655999999999949,83042414,6,100,2.4000000953674316,10.0,200.0,165.60000610351562,7,6
328705300,1,8306,4.655999999999949,83052414,5,100,2.2545454502105713,10.0,200.0,166.83636474609375,7,5
328705300,1,8307,4.655999999999949,83062414,4,100,1.9636363983154297,10.0,200.0,169.30908203125,7,4
328705300,1,8308,4.655999999999949,83072414,4,100,1.7454546689987183,10.0,200.0,171.16363525390625,7,4
328705300,1,8309,4.655999999999949,83082414,3,100,1.600000023841858,10.0,200.0,172.39999389648438,7,3
328705300,1,8310,4.655999999999949,83092414,2,100,1.3090908527374268,10.0,200.0,174.8727264404297,7,2
328705300,1,8311,4.655999999999949,83102414,3,100,1.163636326789856,10.0,200.0,176.10910034179688,7,3
328705300,1,8312,4.655999999999949,83112414,1,100,0.9454545378684998,10.0,200.0,177.96363830566406,7,1
328705300,1,8313,4.655999999999949,83122414,1,100,0.7272727489471436,10.0,200.0,179.81817626953125,7,1
328705300,1,8314,4.655999999999949,83132414,0,100,0.5090909004211426,10.0,200.0,181.6727294921875,7,0
328705300,1,8315,4.655999999999949,83142414,0,100,0.3636363744735718,10.0,200.0,182.90908813476562,7,0
328705300,1,8316,4.655999999999949,83152414,65535,100,0.072727270424366,10.0,200.0,185.38182067871094,7,-1
328705300,1,8317,4.655999999999949,83162409,0,100,0.0,10.0,200.0,186.0,7,0
328705300,1,8318,4.655999999999949,83172414,0,100,-0.072727270424366,10.0,200.0,186.61817932128906,7,0
328705300,1,8319,4.655999999999949,83182414,0,100,-0.072727270424366,10.0,200.0,186.61817932128906,7,0
328705300,1,8320,4.655999999999949,83192414,0,100,-0.072727270424366,10.0,200.0,186.61817932128906,7,0
328705300,1,8321,4.655999999999949,83202409,0,100,0.0,10.0,200.0,186.0,7,0
328705300,1,8322,4.655999999999949,83212409,0,100,0.0,10.0,200.0,186.0,7,0
328705300,1,8323,4.655999999999949,83222409,0,100,0.0,10.0,200.0,186.0,7,0
328705300,1,8324,4.655999999999949,83232409,0,100,0.0,10.0,200.0,186.0,7,0
328705300,1,8325,4.655999999999949,83242409,0,100,0.0,10.0,200.0,186.0,7,0
328705300,1,8326,4.655999999999949,83252409,0,100,0.0,10.0,200.0,186.0,7,0
328705300,1,8327,4.655999999999949,83262409,0,100,0.0,10.0,200.0,186.0,7,0
328705300,1,8328,4.655999999999949,83272409,0,100,0.0,10.0,200.0,186.0,7,0
328705300,1,8329,4.655999999999949,83282409,0,100,0.0,10.0,200.0,186.0,7,0
328705300,1,8330,4.655999999999949,83292409,0,100,0.0,10.0,200.0,186.0,7,0
328705300,1,8331,4.655999999999949,83302409,0,100,0.0,10.0,200.0,186.0,7,0
328705300,1,8332,4.655999999999949,83312409,0,100,0.0,10.0,200.0,186.0,7,0
328705300,1,8333,4.655999999999949,83322409,0,100,0.0,10.0,200.0,186.0,7,0
328705300,1,8334,4.655999999999949,83332409,0,100,0.0,10.0,200.0,186.0,7,0
328705300,1,8335,4.655999999999949,83342409,0,100,0.0,10.0,200.0,186.0,7,0
328705300,1,8336,4.655999999999949,83352409,0,100,0.0,10.0,200.0,186.0,7,0
328705300,1,8337,4.655999999999949,83362409,0,100,0.0,10.0,200.0,186.0,7,0
328705300,1,8338,5.265999999999622,83372409,0,100,0.0,10.0,200.0,186.0,7,0
328705300,1,8339,5.265999999999622,83382409,0,100,0.0,10.0,200.0,186.0,7,0
328705300,1,8340,5.265999999999622,83392409,0,100,0.0,10.0,200.0,186.0,7,0
328705300,1,8341,5.265999999999622,83402409,0,100,0.0,10.0,200.0,186.0,7,0
328705300,1,8342,5.265999999999622,83412409,0,100,0.0,10.0,200.0,186.0,7,0
328705300,1,8343,5.265999999999622,83422409,0,100,0.0,10.0,200.0,186.0,7,0
328705300,1,8344,5.265999999999622,83432409,0,100,0.0,10.0,200.0,186.0,7,0
328705300,1,8345,5.265999999999622,83442409,0,100,0.0,10.0,200.0,186.0,7,0
328705300,1,8346,5.265999999999622,83452409,0,100,0.0,10.0,200.0,186.0,7,0
328705300,1,8347,5.265999999999622,83462409,0,100,0.0,10.0,200.0,186.0,7,0
328705300,1,8348,5.265999999999622,83472409,0,100,0.0,10.0,200.0,186.0,7,0
328705300,1,8349,5.265999999999622,83482409,0,100,0.0,10.0,200.0,186.0,7,0
328705300,1,8350,5.265999999999622,83492409,0,100,0.0,10.0,200.0,186.0,7,0
328705300,1,8351,5.265999999999622,83502409,0,100,0.0,10.0,200.0,186.0,7,0
328705300,1,8352,5.265999999999622,83512409,0,100,0.0,10.0,200.0,186.0,7,0
328705300,1,8353,5.265999999999622,83522409,0,100,0.0,10.0,200.0,186.0,7,0
328705300,1,8354,5.265999999999622,83532409,0,100,0.0,10.0,200.0,186.0,7,0
328705300,1,8355,5.265999999999622,83542409,0,100,0.0,10.0,200.0,186.0,7,0
328705300,1,8356,5.265999999999622,83552409,0,100,0.0,10.0,200.0,186.0,7,0
328705300,1,8357,5.265999999999622,83562409,0,100,0.0,10.0,200.0,186.0,7,0
328705300,1,8358,5.265999999999622,83572409,0,100,0.0,10.0,200.0,186.0,7,0
328705300,1,8359,5.265999999999622,83582409,0,100,0.0,10.0,200.0,186.0,7,0
328705300,1,8360,5.265999999999622,83592409,0,100,0.0,10.0,200.0,186.0,7,0
328705300,1,8361,5.265999999999622,83602409,0,100,0.0,10.0,200.0,186.0,7,0
328705300,1,8362,5.265999999999622,83612409,0,100,0.0,10.0,200.0,186.0,7,0
328705300,1,8363,5.265999999999622,83622409,0,100,0.0,10.0,200.0,186.0,7,0
328705300,1,8364,5.265999999999622,83632409,0,100,0.0,10.0,200.0,186.0,7,0
328705300,1,8365,5.265999999999622,83642409,0,100,0.0,10.0,200.0,186.0,7,0
328705300,1,8366,5.265999999999622,83652409,0,100,0.0,10.0,200.0,186.0,7,0
328705300,1,8367,5.265999999999622,83662409,0,100,0.0,10.0,200.0,186.0,7,0
328705300,1,8368,5.265999999999622,83672409,0,100,0.0,10.0,200.0,186.0,7,0
328705300,1,8369,5.265999999999622,83682409,0,100,0.0,10.0,200.0,186.0,7,0
328705300,1,8370,5.265999999999622,83692409,0,100,0.0,10.0,200.0,186.0,7,0
328705300,1,8371,5.265999999999622,83702409,0,100,0.0,10.0,200.0,186.0,7,0
328705300,1,8372,5.265999999999622,83712409,0,100,0.0,10.0,200.0,186.0,7,0
328705300,1,8373,5.265999999999622,83722409,0,100,0.0,10.0,200.0,186.0,7,0
328705300,1,8374,5.265999999999622,83732409,0,100,0.0,10.0,200.0,186.0,7,0
328705300,1,8375,5.265999999999622,83742409,0,100,0.0,10.0,200.0,186.0,7,0
328705300,1,8376,5.265999999999622,83752409,0,100,0.0,10.0,200.0,186.0,7,0
328705300,1,8377,5.265999999999622,83762409,0,100,0.0,10.0,200.0,186.0,7,0
328705300,1,8378,5.265999999999622,83772409,0,100,0.0,10.0,200.0,186.0,7,0
328705300,1,8379,5.265999999999622,83782409,0,100,0.0,10.0,200.0,186.0,7,0
328705300,1,8380,5.265999999999622,83792409,0,100,0.0,10.0,200.0,186.0,7,0
328705300,1,8381,5.265999999999622,83802409,0,100,0.0,10.0,200.0,186.0,7,0
328705300,1,8382,5.265999999999622,83812409,0,100,0.0,10.0,200.0,186.0,7,0
328705300,1,8383,5.265999999999622,83822409,0,100,0.0,10.0,200.0,186.0,7,0
328705300,1,8384,5.265999999999622,83832409,0,100,0.0,10.0,200.0,186.0,7,0
328705300,1,8385,5.265999999999622,83842409,0,100,0.0,10.0,200.0,186.0,7,0
328705300,1,8386,5.265999999999622,83852409,0,100,0.0,10.0,200.0,186.0,7,0
328705300,1,8387,5.265999999999622,83862409,0,100,0.0,10.0,200.0,186.0,7,0
328705300,1,8388,5.265999999999622,83872409,0,100,0.0,10.0,200.0,186.0,7,0
328705300,1,8389,5.265999999999622,83882409,0,100,0.0,10.0,200.0,186.0,7,0
328705300,1,8390,5.265999999999622,83892409,0,100,0.0,10.0,200.0,186.0,7,0
328705300,1,8391,5.265999999999622,83902409,0,100,0.0,10.0,200.0,186.0,7,0
328705300,1,8392,5.265999999999622,83912409,0,100,0.0,10.0,200.0,186.0,7,0
328705300,1,8393,5.265999999999622,83922409,0,100,0.0,10.0,200.0,186.0,7,0
328705300,1,8394,5.813000000000102,83932409,0,100,0.0,10.0,200.0,186.0,7,0
328705300,1,8395,5.813000000000102,83942409,0,100,0.0,10.0,200.0,186.0,7,0
328705300,1,8396,5.813000000000102,83952409,0,100,0.0,10.0,200.0,186.0,7,0
328705300,1,8397,5.813000000000102,83962409,0,100,0.0,10.0,200.0,186.0,7,0
328705300,1,8398,5.813000000000102,83972409,0,100,0.0,10.0,200.0,186.0,7,0
328705300,1,8399,5.813000000000102,83982409,0,100,0.0,10.0,200.0,186.0,7,0
328705300,1,8400,5.813000000000102,83992409,0,100,0.0,10.0,200.0,186.0,7,0
328705300,1,8401,5.813000000000102,84002409,0,100,0.0,10.0,200.0,186.0,7,0
328705300,1,8402,5.813000000000102,84012409,0,100,0.0,10.0,200.0,186.0,7,0
328705300,1,8403,5.813000000000102,84022409,0,100,0.0,10.0,200.0,186.0,7,0
328705300,1,8404,5.813000000000102,84032409,0,100,0.0,10.0,200.0,186.0,7,0
328705300,1,8405,5.813000000000102,84042409,0,100,0.0,10.0,200.0,186.0,7,0
328705300,1,8406,5.813000000000102,84052409,0,100,0.0,10.0,200.0,186.0,7,0
328705300,1,8407,5.813000000000102,84062409,0,100,0.0,10.0,200.0,186.0,7,0
328705300,1,8408,5.813000000000102,84072409,0,100,0.0,10.0,200.0,186.0,7,0
328705300,1,8409,5.813000000000102,84082409,0,100,0.0,10.0,200.0,186.0,7,0
328705300,1,8410,5.813000000000102,84092409,0,100,0.0,10.0,200.0,186.0,7,0
328705300,1,8411,5.813000000000102,84102409,0,100,0.0,10.0,200.0,186.0,7,0
328705300,1,8412,5.813000000000102,84112409,0,100,0.0,10.0,200.0,186.0,7,0
328705300,1,8413,5.813000000000102,84122409,0,100,0.0,10.0,200.0,186.0,7,0
328705300,1,8414,5.813000000000102,84132409,0,100,0.0,10.0,200.0,186.0,7,0
328705300,1,8415,5.813000000000102,84142409,0,100,0.0,10.0,200.0,186.0,7,0
328705300,1,8416,5.813000000000102,84152409,0,100,0.0,10.0,200.0,186.0,7,0
328705300,1,8417,5.813000000000102,84162409,0,100,0.0,10.0,200.0,186.0,7,0
328705300,1,8418,5.813000000000102,84172409,0,100,0.0,10.0,200.0,186.0,7,0
328705300,1,8419,5.813000000000102,84182409,0,100,0.0,10.0,200.0,186.0,7,0
328705300,1,8420,5.813000000000102,84192409,0,100,0.0,10.0,200.0,186.0,7,0
328705300,1,8421,5.813000000000102,84202409,0,100,0.0,10.0,200.0,186.0,7,0
328705300,1,8422,5.813000000000102,84212409,0,100,0.0,10.0,200.0,186.0,7,0
328705300,1,8423,5.813000000000102,84222409,0,100,0.0,10.0,200.0,186.0,7,0
328705300,1,8424,5.813000000000102,84232409,0,100,0.0,10.0,200.0,186.0,7,0
328705300,1,8425,5.813000000000102,84242410,0,100,0.0,10.0,200.0,186.0,7,0
328705300,1,8426,5.813000000000102,84252409,0,100,0.0,10.0,200.0,186.0,7,0
328705300,1,8427,5.813000000000102,84262409,0,100,0.0,10.0,200.0,186.0,7,0
328705300,1,8428,5.813000000000102,84272409,0,100,0.0,10.0,200.0,186.0,7,0
328705300,1,8429,5.813000000000102,84282409,0,100,0.0,10.0,200.0,186.0,7,0
328705300,1,8430,5.813000000000102,84292409,0,100,0.0,10.0,200.0,186.0,7,0
328705300,1,8431,5.813000000000102,84302409,0,100,0.0,10.0,200.0,186.0,7,0
328705300,1,8432,5.813000000000102,84312409,0,100,0.0,10.0,200.0,186.0,7,0
328705300,1,8433,5.813000000000102,84322409,0,100,0.0,10.0,200.0,186.0,7,0
328705300,1,8434,5.813000000000102,84332409,0,100,0.0,10.0,200.0,186.0,7,0
328705300,1,8435,5.813000000000102,84342409,0,100,0.0,10.0,200.0,186.0,7,0
328705300,1,8436,5.813000000000102,84352409,0,100,0.0,10.0,200.0,186.0,7,0
328705300,1,8437,5.813000000000102,84362409,0,100,0.0,10.0,200.0,186.0,7,0
328705300,1,8438,5.813000000000102,84372409,0,100,0.0,10.0,200.0,186.0,7,0
328705300,1,8439,5.813000000000102,84382409,0,100,0.0,10.0,200.0,186.0,7,0
328705300,1,8440,5.813000000000102,84392409,0,100,0.0,10.0,200.0,186.0,7,0
328705300,1,8441,5.813000000000102,84402409,0,100,0.0,10.0,200.0,186.0,7,0
328705300,1,8442,5.813000000000102,84412409,0,100,0.0,10.0,200.0,186.0,7,0
328705300,1,8443,5.813000000000102,84422409,0,100,0.0,10.0,200.0,186.0,7,0
328705300,1,8444,5.813000000000102,84432410,0,100,0.0,10.0,200.0,186.0,7,0
328705300,1,8445,5.813000000000102,84442409,0,100,0.0,10.0,200.0,186.0,7,0
328705300,1,8446,5.813000000000102,84452409,0,100,0.0,10.0,200.0,186.0,7,0
328705300,1,8447,5.813000000000102,84462409,0,100,0.0,10.0,200.0,186.0,7,0
328705300,1,8448,5.813000000000102,84472409,0,100,0.0,10.0,200.0,186.0,7,0
328705300,1,8449,5.813000000000102,84482409,0,100,0.0,10.0,200.0,186.0,7,0
328705300,1,8450,5.905999999999949,84492409,0,100,0.0,10.0,200.0,186.0,7,0
328705300,1,8451,5.905999999999949,84502409,0,100,0.0,10.0,200.0,186.0,7,0
328705300,1,8452,5.905999999999949,84512409,0,100,0.0,10.0,200.0,186.0,7,0
328705300,1,8453,5.905999999999949,84522409,0,100,0.0,10.0,200.0,186.0,7,0
328705300,1,8454,5.905999999999949,84532409,0,100,0.0,10.0,200.0,186.0,7,0
328705300,1,8455,5.905999999999949,84542409,0,100,0.0,10.0,200.0,186.0,7,0
328705300,1,8456,5.905999999999949,84552409,0,100,0.0,10.0,200.0,186.0,7,0
328705300,1,8457,5.905999999999949,84562409,0,100,0.0,10.0,200.0,186.0,7,0
328705300,1,8458,6.469000000000051,84572409,0,100,0.0,10.0,200.0,186.0,7,0
328705300,1,8459,6.469000000000051,84582409,0,100,0.0,10.0,200.0,186.0,7,0
328705300,1,8460,6.469000000000051,84592409,0,100,0.0,10.0,200.0,186.0,7,0
328705300,1,8461,6.469000000000051,84602414,0,100,0.0,10.0,200.0,186.0,7,0
328705300,1,8462,6.469000000000051,84612409,0,100,0.0,10.0,200.0,186.0,7,0
328705300,1,8463,6.469000000000051,84622409,0,100,0.0,10.0,200.0,186.0,7,0
328705300,1,8464,6.469000000000051,84632409,0,100,0.0,10.0,200.0,186.0,7,0
328705300,1,8465,6.469000000000051,84642409,0,100,0.0,10.0,200.0,186.0,7,0
328705300,1,8466,6.469000000000051,84652409,0,100,0.0,10.0,200.0,186.0,7,0
328705300,1,8467,6.469000000000051,84662409,0,100,0.0,10.0,200.0,186.0,7,0
328705300,1,8468,6.469000000000051,84672409,0,100,0.0,10.0,200.0,186.0,7,0
328705300,1,8469,6.469000000000051,84682409,0,100,0.0,10.0,200.0,186.0,7,0
328705300,1,8470,6.469000000000051,84692409,0,100,0.0,10.0,200.0,186.0,7,0
328705300,1,8471,6.469000000000051,84702409,0,100,0.0,10.0,200.0,186.0,7,0
328705300,1,8472,6.469000000000051,84712409,0,100,0.0,10.0,200.0,186.0,7,0
328705300,1,8473,6.469000000000051,84722409,0,100,0.0,10.0,200.0,186.0,7,0
328705300,1,8474,6.469000000000051,84732409,0,100,0.0,10.0,200.0,186.0,7,0
328705300,1,8475,6.469000000000051,84742409,0,100,0.0,10.0,200.0,186.0,7,0
328705300,1,8476,6.469000000000051,84752409,0,100,0.0,10.0,200.0,186.0,7,0
328705300,1,8477,6.469000000000051,84762409,0,100,0.0,10.0,200.0,186.0,7,0
328705300,1,8478,6.469000000000051,84772409,0,100,0.0,10.0,200.0,186.0,7,0
328705300,1,8479,6.469000000000051,84782409,0,100,0.0,10.0,200.0,186.0,7,0
328705300,1,8480,6.469000000000051,84792409,0,100,0.0,10.0,200.0,186.0,7,0
328705300,1,8481,6.469000000000051,84802409,0,100,0.0,10.0,200.0,186.0,7,0
328705300,1,8482,6.469000000000051,84812409,0,100,0.0,10.0,200.0,186.0,7,0
328705300,1,8483,6.469000000000051,84822409,0,100,0.0,10.0,200.0,186.0,7,0
328705300,1,8484,6.469000000000051,84832409,0,100,0.0,10.0,200.0,186.0,7,0
328705300,1,8485,6.469000000000051,84842409,0,100,0.0,10.0,200.0,186.0,7,0
328705300,1,8486,6.469000000000051,84852409,0,100,0.0,10.0,200.0,186.0,7,0
328705300,1,8487,6.469000000000051,84862409,0,100,0.0,10.0,200.0,186.0,7,0
328705300,1,8488,6.469000000000051,84872409,0,100,0.0,10.0,200.0,186.0,7,0
328705300,1,8489,6.469000000000051,84882409,0,100,0.0,10.0,200.0,186.0,7,0
328705300,1,8490,6.469000000000051,84892409,0,100,0.0,10.0,200.0,186.0,7,0
328705300,1,8491,6.469000000000051,84902409,0,100,0.0,10.0,200.0,186.0,7,0
328705300,1,8492,6.469000000000051,84912409,0,100,0.0,10.0,200.0,186.0,7,0
328705300,1,8493,6.469000000000051,84922409,0,100,0.0,10.0,200.0,186.0,7,0
328705300,1,8494,6.469000000000051,84932409,0,100,0.0,10.0,200.0,186.0,7,0
328705300,1,8495,6.469000000000051,84942409,0,100,0.0,10.0,200.0,186.0,7,0
328705300,1,8496,6.469000000000051,84952409,0,100,0.0,10.0,200.0,186.0,7,0
328705300,1,8497,6.469000000000051,84962409,0,100,0.0,10.0,200.0,186.0,7,0
328705300,1,8498,6.469000000000051,84972409,0,100,0.0,10.0,200.0,186.0,7,0
328705300,1,8499,6.469000000000051,84982409,0,100,0.0,10.0,200.0,186.0,7,0
328705300,1,8500,6.469000000000051,84992409,0,100,0.0,10.0,200.0,186.0,7,0
328705300,1,8501,6.469000000000051,85002409,0,100,0.0,10.0,200.0,186.0,7,0
328705300,1,8502,6.469000000000051,85012409,0,100,0.0,10.0,200.0,186.0,7,0
328705300,1,8503,6.469000000000051,85022409,0,100,0.0,10.0,200.0,186.0,7,0
328705300,1,8504,6.469000000000051,85032409,0,100,0.0,10.0,200.0,186.0,7,0
328705300,1,8505,6.469000000000051,85042409,0,100,0.0,10.0,200.0,186.0,7,0
328705300,1,8506,6.469000000000051,85052409,0,100,0.0,10.0,200.0,186.0,7,0
328705300,1,8507,6.469000000000051,85062409,0,100,0.0,10.0,200.0,186.0,7,0
328705300,1,8508,6.469000000000051,85072409,0,100,0.0,10.0,200.0,186.0,7,0
328705300,1,8509,6.469000000000051,85082409,0,100,0.0,10.0,200.0,186.0,7,0
328705300,1,8510,6.469000000000051,85092409,0,100,0.0,10.0,200.0,186.0,7,0
328705300,1,8511,6.469000000000051,85102409,0,100,0.0,10.0,200.0,186.0,7,0
328705300,1,8512,6.469000000000051,85112409,0,100,0.0,10.0,200.0,186.0,7,0
328705300,1,8513,6.469000000000051,85122409,0,100,0.0,10.0,200.0,186.0,7,0
328705300,1,8514,7.046999999999571,85132409,0,100,0.0,10.0,200.0,186.0,7,0
328705300,1,8515,7.046999999999571,85142409,0,100,0.0,10.0,200.0,186.0,7,0
328705300,1,8516,7.046999999999571,85152409,0,100,0.0,10.0,200.0,186.0,7,0
328705300,1,8517,7.046999999999571,85162409,0,100,0.0,10.0,200.0,186.0,7,0
328705300,1,8518,7.046999999999571,85172409,0,100,0.0,10.0,200.0,186.0,7,0
328705300,1,8519,7.046999999999571,85182409,0,100,0.0,10.0,200.0,186.0,7,0
328705300,1,8520,7.046999999999571,85192409,0,100,0.0,10.0,200.0,186.0,7,0
328705300,1,8521,7.046999999999571,85202409,0,100,0.0,10.0,200.0,186.0,7,0
328705300,1,8522,7.046999999999571,85212409,0,100,0.0,10.0,200.0,186.0,7,0
328705300,1,8523,7.046999999999571,85222409,0,100,0.0,10.0,200.0,186.0,7,0
328705300,1,8524,7.046999999999571,85232409,0,100,0.0,10.0,200.0,186.0,7,0
328705300,1,8525,7.046999999999571,85242409,0,100,0.0,10.0,200.0,186.0,7,0
328705300,1,8526,7.046999999999571,85252409,0,100,0.0,10.0,200.0,186.0,7,0
328705300,1,8527,7.046999999999571,85262409,0,100,0.0,10.0,200.0,186.0,7,0
328705300,1,8528,7.046999999999571,85272409,0,100,0.0,10.0,200.0,186.0,7,0
328705300,1,8529,7.046999999999571,85282409,0,100,0.0,10.0,200.0,186.0,7,0
328705300,1,8530,7.046999999999571,85292409,0,100,0.0,10.0,200.0,186.0,7,0
328705300,1,8531,7.046999999999571,85302409,0,100,0.0,10.0,200.0,186.0,7,0
328705300,1,8532,7.046999999999571,85312409,0,100,0.0,10.0,200.0,186.0,7,0
328705300,1,8533,7.046999999999571,85322409,0,100,0.0,10.0,200.0,186.0,7,0
328705300,1,8534,7.046999999999571,85332409,0,100,0.0,10.0,200.0,186.0,7,0
328705300,1,8535,7.046999999999571,85342409,0,100,0.0,10.0,200.0,186.0,7,0
328705300,1,8536,7.046999999999571,85352409,0,100,0.0,10.0,200.0,186.0,7,0
328705300,1,8537,7.046999999999571,85362409,0,100,0.0,10.0,200.0,186.0,7,0
328705300,1,8538,7.046999999999571,85372409,0,100,0.0,10.0,200.0,186.0,7,0
328705300,1,8539,7.046999999999571,85382409,0,100,0.0,10.0,200.0,186.0,7,0
328705300,1,8540,7.046999999999571,85392409,0,100,0.0,10.0,200.0,186.0,7,0
328705300,1,8541,7.046999999999571,85402409,0,100,0.0,10.0,200.0,186.0,7,0
328705300,1,8542,7.046999999999571,85412409,0,100,0.0,10.0,200.0,186.0,7,0
328705300,1,8543,7.046999999999571,85422410,0,100,0.0,10.0,200.0,186.0,7,0
328705300,1,8544,7.046999999999571,85432409,0,100,0.0,10.0,200.0,186.0,7,0
328705300,1,8545,7.046999999999571,85442409,0,100,0.0,10.0,200.0,186.0,7,0
328705300,1,8546,7.046999999999571,85452409,0,100,0.0,10.0,200.0,186.0,7,0
328705300,1,8547,7.046999999999571,85462409,0,100,0.0,10.0,200.0,186.0,7,0
328705300,1,8548,7.046999999999571,85472409,0,100,0.0,10.0,200.0,186.0,7,0
328705300,1,8549,7.046999999999571,85482409,0,100,0.0,10.0,200.0,186.0,7,0
328705300,1,8550,7.046999999999571,85492409,0,100,0.0,10.0,200.0,186.0,7,0
328705300,1,8551,7.046999999999571,85502409,0,100,0.0,10.0,200.0,186.0,7,0
328705300,1,8552,7.046999999999571,85512409,0,100,0.0,10.0,200.0,186.0,7,0
328705300,1,8553,7.046999999999571,85522409,0,100,0.0,10.0,200.0,186.0,7,0
328705300,1,8554,7.046999999999571,85532409,0,100,0.0,10.0,200.0,186.0,7,0
328705300,1,8555,7.046999999999571,85542409,0,100,0.0,10.0,200.0,186.0,7,0
328705300,1,8556,7.046999999999571,85552409,0,100,0.0,10.0,200.0,186.0,7,0
328705300,1,8557,7.046999999999571,85562409,0,100,0.0,10.0,200.0,186.0,7,0
328705300,1,8558,7.046999999999571,85572410,0,100,0.0,10.0,200.0,186.0,7,0
328705300,1,8559,7.046999999999571,85582409,0,100,0.0,10.0,200.0,186.0,7,0
328705300,1,8560,7.046999999999571,85592409,0,100,0.0,10.0,200.0,186.0,7,0
328705300,1,8561,7.046999999999571,85602409,0,100,0.0,10.0,200.0,186.0,7,0
328705300,1,8562,7.046999999999571,85612409,0,100,0.0,10.0,200.0,186.0,7,0
328705300,1,8563,7.046999999999571,85622409,0,100,0.0,10.0,200.0,186.0,7,0
328705300,1,8564,7.046999999999571,85632409,0,100,0.0,10.0,200.0,186.0,7,0
328705300,1,8565,7.046999999999571,85642409,0,100,0.0,10.0,200.0,186.0,7,0
328705300,1,8566,7.046999999999571,85652409,0,100,0.0,10.0,200.0,186.0,7,0
328705300,1,8567,7.046999999999571,85662409,0,100,0.0,10.0,200.0,186.0,7,0
328705300,1,8568,7.046999999999571,85672409,0,100,0.0,10.0,200.0,186.0,7,0
328705300,1,8569,7.046999999999571,85682409,0,100,0.0,10.0,200.0,186.0,7,0
328705300,1,8570,7.046999999999571,85692409,0,100,0.0,10.0,200.0,186.0,7,0
328705300,1,8571,7.046999999999571,85702409,0,100,0.0,10.0,200.0,186.0,7,0
328705300,1,8572,7.046999999999571,85712409,0,100,0.0,10.0,200.0,186.0,7,0
328705300,1,8573,7.046999999999571,85722409,0,100,0.0,10.0,200.0,186.0,7,0
328705300,1,8574,7.046999999999571,85732409,0,100,0.0,10.0,200.0,186.0,7,0
328705300,1,8575,7.046999999999571,85742409,0,100,0.0,10.0,200.0,186.0,7,0
328705300,1,8576,7.046999999999571,85752409,0,100,0.0,10.0,200.0,186.0,7,0
328705300,1,8577,7.046999999999571,85762409,0,100,0.0,10.0,200.0,186.0,7,0
328705300,1,8578,7.469000000000051,85772409,0,100,0.0,10.0,200.0,186.0,7,0
328705300,1,8579,7.469000000000051,85782409,0,100,0.0,10.0,200.0,186.0,7,0
328705300,1,8580,7.469000000000051,85792409,0,100,0.0,10.0,200.0,186.0,7,0
328705300,1,8581,7.469000000000051,85802409,0,100,0.0,10.0,200.0,186.0,7,0
328705300,1,8582,7.469000000000051,85812409,0,100,0.0,10.0,200.0,186.0,7,0
328705300,1,8583,7.469000000000051,85822409,0,100,0.0,10.0,200.0,186.0,7,0
328705300,1,8584,7.469000000000051,85832409,0,100,0.0,10.0,200.0,186.0,7,0
328705300,1,8585,7.469000000000051,85842409,0,100,0.0,10.0,200.0,186.0,7,0
328705300,1,8586,7.469000000000051,85852409,0,100,0.0,10.0,200.0,186.0,7,0
328705300,1,8587,7.469000000000051,85862409,0,100,0.0,10.0,200.0,186.0,7,0
328705300,1,8588,7.469000000000051,85872409,0,100,0.0,10.0,200.0,186.0,7,0
328705300,1,8589,7.469000000000051,85882409,0,100,0.0,10.0,200.0,186.0,7,0
328705300,1,8590,7.469000000000051,85892409,0,100,0.0,10.0,200.0,186.0,7,0
328705300,1,8591,7.469000000000051,85902409,0,100,0.0,10.0,200.0,186.0,7,0
328705300,1,8592,7.469000000000051,85912409,0,100,0.0,10.0,200.0,186.0,7,0
328705300,1,8593,7.469000000000051,85922409,0,100,0.0,10.0,200.0,186.0,7,0
328705300,1,8594,7.469000000000051,85932409,0,100,0.0,10.0,200.0,186.0,7,0
328705300,1,8595,7.469000000000051,85942409,0,100,0.0,10.0,200.0,186.0,7,0
328705300,1,8596,7.469000000000051,85952409,0,100,0.0,10.0,200.0,186.0,7,0
328705300,1,8597,7.469000000000051,85962409,0,100,0.0,10.0,200.0,186.0,7,0
328705300,1,8598,7.469000000000051,85972409,0,100,0.0,10.0,200.0,186.0,7,0
328705300,1,8599,7.469000000000051,85982409,0,100,0.0,10.0,200.0,186.0,7,0
328705300,1,8600,7.469000000000051,85992409,0,100,0.0,10.0,200.0,186.0,7,0
328705300,1,8601,7.469000000000051,86002409,0,100,0.0,10.0,200.0,186.0,7,0
328705300,1,8602,7.469000000000051,86012419,0,100,0.0,10.0,200.0,186.0,7,0
328705300,1,8603,7.469000000000051,86022409,0,100,0.0,10.0,200.0,186.0,7,0
328705300,1,8604,7.469000000000051,86032409,0,100,0.0,10.0,200.0,186.0,7,0
328705300,1,8605,7.469000000000051,86042409,0,100,0.0,10.0,200.0,186.0,7,0
328705300,1,8606,7.469000000000051,86052409,0,100,0.0,10.0,200.0,186.0,7,0
328705300,1,8607,7.469000000000051,86062409,0,100,0.0,10.0,200.0,186.0,7,0
328705300,1,8608,7.469000000000051,86072409,0,100,0.0,10.0,200.0,186.0,7,0
328705300,1,8609,7.469000000000051,86082409,0,100,0.0,10.0,200.0,186.0,7,0
328705300,1,8610,7.469000000000051,86092409,0,100,0.0,10.0,200.0,186.0,7,0
328705300,1,8611,7.469000000000051,86102409,0,100,0.0,10.0,200.0,186.0,7,0
328705300,1,8612,7.469000000000051,86112409,0,100,0.0,10.0,200.0,186.0,7,0
328705300,1,8613,7.469000000000051,86122409,0,100,0.0,10.0,200.0,186.0,7,0
328705300,1,8614,7.469000000000051,86132409,0,100,0.0,10.0,200.0,186.0,7,0
328705300,1,8615,7.469000000000051,86142409,0,100,0.0,10.0,200.0,186.0,7,0
328705300,1,8616,7.469000000000051,86152409,0,100,0.0,10.0,200.0,186.0,7,0
328705300,1,8617,7.469000000000051,86162409,0,100,0.0,10.0,200.0,186.0,7,0
328705300,1,8618,8.07799999999952,86172409,0,100,0.0,10.0,200.0,186.0,7,0
328705300,1,8619,8.07799999999952,86182409,0,100,0.0,10.0,200.0,186.0,7,0
328705300,1,8620,8.07799999999952,86192409,0,100,0.0,10.0,200.0,186.0,7,0
328705300,1,8621,8.07799999999952,86202409,0,100,0.0,10.0,200.0,186.0,7,0
328705300,1,8622,8.07799999999952,86212409,0,100,0.0,10.0,200.0,186.0,7,0
328705300,1,8623,8.07799999999952,86222409,0,100,0.0,10.0,200.0,186.0,7,0
328705300,1,8624,8.07799999999952,86232409,0,100,0.0,10.0,200.0,186.0,7,0
328705300,1,8625,8.07799999999952,86242409,0,100,0.0,10.0,200.0,186.0,7,0
328705300,1,8626,8.07799999999952,86252409,0,100,0.0,10.0,200.0,186.0,7,0
328705300,1,8627,8.07799999999952,86262409,0,100,0.0,10.0,200.0,186.0,7,0
328705300,1,8628,8.07799999999952,86272409,0,100,0.0,10.0,200.0,186.0,7,0
328705300,1,8629,8.07799999999952,86282409,0,100,0.0,10.0,200.0,186.0,7,0
328705300,1,8630,8.07799999999952,86292409,0,100,0.0,10.0,200.0,186.0,7,0
328705300,1,8631,8.07799999999952,86302409,0,100,0.0,10.0,200.0,186.0,7,0
328705300,1,8632,8.07799999999952,86312409,0,100,0.0,10.0,200.0,186.0,7,0
328705300,1,8633,8.07799999999952,86322409,0,100,0.0,10.0,200.0,186.0,7,0
328705300,1,8634,8.07799999999952,86332409,0,100,0.0,10.0,200.0,186.0,7,0
328705300,1,8635,8.07799999999952,86342409,0,100,0.0,10.0,200.0,186.0,7,0
328705300,1,8636,8.07799999999952,86352409,0,100,0.0,10.0,200.0,186.0,7,0
328705300,1,8637,8.07799999999952,86362409,0,100,0.0,10.0,200.0,186.0,7,0
328705300,1,8638,8.07799999999952,86372409,0,100,0.0,10.0,200.0,186.0,7,0
328705300,1,8639,8.07799999999952,86382409,0,100,0.0,10.0,200.0,186.0,7,0
328705300,1,8640,8.07799999999952,86392409,0,100,0.0,10.0,200.0,186.0,7,0
328705300,1,8641,8.07799999999952,86402409,0,100,0.0,10.0,200.0,186.0,7,0
328705300,1,8642,8.07799999999952,86412409,0,100,0.0,10.0,200.0,186.0,7,0
328705300,1,8643,8.07799999999952,86422409,0,100,0.0,10.0,200.0,186.0,7,0
328705300,1,8644,8.07799999999952,86432409,0,100,0.0,10.0,200.0,186.0,7,0
328705300,1,8645,8.07799999999952,86442409,0,100,0.0,10.0,200.0,186.0,7,0
328705300,1,8646,8.07799999999952,86452409,0,100,0.0,10.0,200.0,186.0,7,0
328705300,1,8647,8.07799999999952,86462409,0,100,0.0,10.0,200.0,186.0,7,0
328705300,1,8648,8.07799999999952,86472409,0,100,0.0,10.0,200.0,186.0,7,0
328705300,1,8649,8.07799999999952,86482409,0,100,0.0,10.0,200.0,186.0,7,0
328705300,1,8650,8.07799999999952,86492409,0,100,0.0,10.0,200.0,186.0,7,0
328705300,1,8651,8.07799999999952,86502409,0,100,0.0,10.0,200.0,186.0,7,0
328705300,1,8652,8.07799999999952,86512409,0,100,0.0,10.0,200.0,186.0,7,0
328705300,1,8653,8.07799999999952,86522409,0,100,0.0,10.0,200.0,186.0,7,0
328705300,1,8654,8.07799999999952,86532409,0,100,0.0,10.0,200.0,186.0,7,0
328705300,1,8655,8.07799999999952,86542409,0,100,0.0,10.0,200.0,186.0,7,0
328705300,1,8656,8.07799999999952,86552409,0,100,0.0,10.0,200.0,186.0,7,0
328705300,1,8657,8.07799999999952,86562409,0,100,0.0,10.0,200.0,186.0,7,0
328705300,1,8658,8.07799999999952,86572409,0,100,0.0,10.0,200.0,186.0,7,0
328705300,1,8659,8.07799999999952,86582409,0,100,0.0,10.0,200.0,186.0,7,0
328705300,1,8660,8.07799999999952,86592409,0,100,0.0,10.0,200.0,186.0,7,0
328705300,1,8661,8.07799999999952,86602409,0,100,0.0,10.0,200.0,186.0,7,0
328705300,1,8662,8.07799999999952,86612409,0,100,0.0,10.0,200.0,186.0,7,0
328705300,1,8663,8.07799999999952,86622409,0,100,0.0,10.0,200.0,186.0,7,0
328705300,1,8664,8.07799999999952,86632409,0,100,0.0,10.0,200.0,186.0,7,0
328705300,1,8665,8.07799999999952,86642409,0,100,0.0,10.0,200.0,186.0,7,0
328705300,1,8666,8.07799999999952,86652409,0,100,0.0,10.0,200.0,186.0,7,0
328705300,1,8667,8.07799999999952,86662409,0,100,0.0,10.0,200.0,186.0,7,0
328705300,1,8668,8.07799999999952,86672409,0,100,0.0,10.0,200.0,186.0,7,0
328705300,1,8669,8.07799999999952,86682409,0,100,0.0,10.0,200.0,186.0,7,0
328705300,1,8670,8.07799999999952,86692409,0,100,0.0,10.0,200.0,186.0,7,0
328705300,1,8671,8.07799999999952,86702409,0,100,0.0,10.0,200.0,186.0,7,0
328705300,1,8672,8.07799999999952,86712409,0,100,0.0,10.0,200.0,186.0,7,0
328705300,1,8673,8.07799999999952,86722409,0,100,0.0,10.0,200.0,186.0,7,0
328705300,1,8674,8.469000000000051,86732409,0,100,0.0,10.0,200.0,186.0,7,0
328705300,1,8675,8.469000000000051,86742409,0,100,0.0,10.0,200.0,186.0,7,0
328705300,1,8676,8.469000000000051,86752409,0,100,0.0,10.0,200.0,186.0,7,0
328705300,1,8677,8.469000000000051,86762409,0,100,0.0,10.0,200.0,186.0,7,0
328705300,1,8678,8.469000000000051,86772409,0,100,0.0,10.0,200.0,186.0,7,0
328705300,1,8679,8.469000000000051,86782409,0,100,0.0,10.0,200.0,186.0,7,0
328705300,1,8680,8.469000000000051,86792409,0,100,0.0,10.0,200.0,186.0,7,0
328705300,1,8681,8.469000000000051,86802409,0,100,0.0,10.0,200.0,186.0,7,0
328705300,1,8682,8.469000000000051,86812409,0,100,0.0,10.0,200.0,186.0,7,0
328705300,1,8683,8.469000000000051,86822409,0,100,0.0,10.0,200.0,186.0,7,0
328705300,1,8684,8.469000000000051,86832409,0,100,0.0,10.0,200.0,186.0,7,0
328705300,1,8685,8.469000000000051,86842409,0,100,0.0,10.0,200.0,186.0,7,0
328705300,1,8686,8.469000000000051,86852409,0,100,0.0,10.0,200.0,186.0,7,0
328705300,1,8687,8.469000000000051,86862409,0,100,0.0,10.0,200.0,186.0,7,0
328705300,1,8688,8.469000000000051,86872409,0,100,0.0,10.0,200.0,186.0,7,0
328705300,1,8689,8.469000000000051,86882409,0,100,0.0,10.0,200.0,186.0,7,0
328705300,1,8690,8.469000000000051,86892409,0,100,0.0,10.0,200.0,186.0,7,0
328705300,1,8691,8.469000000000051,86902409,0,100,0.0,10.0,200.0,186.0,7,0
328705300,1,8692,8.469000000000051,86912409,0,100,0.0,10.0,200.0,186.0,7,0
328705300,1,8693,8.469000000000051,86922409,0,100,0.0,10.0,200.0,186.0,7,0
328705300,1,8694,8.469000000000051,86932409,0,100,0.0,10.0,200.0,186.0,7,0
328705300,1,8695,8.469000000000051,86942409,0,100,0.0,10.0,200.0,186.0,7,0
328705300,1,8696,8.469000000000051,86952409,0,100,0.0,10.0,200.0,186.0,7,0
328705300,1,8697,8.469000000000051,86962409,0,100,0.0,10.0,200.0,186.0,7,0
328705300,1,8698,8.469000000000051,86972409,0,100,0.0,10.0,200.0,186.0,7,0
328705300,1,8699,8.469000000000051,86982409,0,100,0.0,10.0,200.0,186.0,7,0
328705300,1,8700,8.469000000000051,86992409,0,100,0.0,10.0,200.0,186.0,7,0
328705300,1,8701,8.469000000000051,87002409,0,100,0.0,10.0,200.0,186.0,7,0
328705300,1,8702,8.469000000000051,87012409,0,100,0.0,10.0,200.0,186.0,7,0
328705300,1,8703,8.469000000000051,87022409,0,100,0.0,10.0,200.0,186.0,7,0
328705300,1,8704,8.469000000000051,87032409,0,100,0.0,10.0,200.0,186.0,7,0
328705300,1,8705,8.469000000000051,87042409,0,100,0.0,10.0,200.0,186.0,7,0
328705300,1,8706,8.469000000000051,87052410,0,100,0.0,10.0,200.0,186.0,7,0
328705300,1,8707,8.469000000000051,87062409,0,100,0.0,10.0,200.0,186.0,7,0
328705300,1,8708,8.469000000000051,87072409,0,100,0.0,10.0,200.0,186.0,7,0
328705300,1,8709,8.469000000000051,87082409,0,100,0.0,10.0,200.0,186.0,7,0
328705300,1,8710,8.469000000000051,87092409,0,100,0.0,10.0,200.0,186.0,7,0
328705300,1,8711,8.469000000000051,87102409,0,100,0.0,10.0,200.0,186.0,7,0
328705300,1,8712,8.469000000000051,87112409,0,100,0.0,10.0,200.0,186.0,7,0
328705300,1,8713,8.469000000000051,87122409,0,100,0.0,10.0,200.0,186.0,7,0
328705300,1,8714,9.04699999999957,87132409,0,100,0.0,10.0,200.0,186.0,7,0
328705300,1,8715,9.04699999999957,87142409,0,100,0.0,10.0,200.0,186.0,7,0
328705300,1,8716,9.04699999999957,87152409,0,100,0.0,10.0,200.0,186.0,7,0
328705300,1,8717,9.04699999999957,87162409,0,100,0.0,10.0,200.0,186.0,7,0
328705300,1,8718,9.04699999999957,87172409,0,100,0.0,10.0,200.0,186.0,7,0
328705300,1,8719,9.04699999999957,87182409,0,100,0.0,10.0,200.0,186.0,7,0
328705300,1,8720,9.04699999999957,87192409,0,100,0.0,10.0,200.0,186.0,7,0
328705300,1,8721,9.04699999999957,87202409,0,100,0.0,10.0,200.0,186.0,7,0
328705300,1,8722,9.04699999999957,87212409,0,100,0.0,10.0,200.0,186.0,7,0
328705300,1,8723,9.04699999999957,87222409,0,100,0.0,10.0,200.0,186.0,7,0
328705300,1,8724,9.04699999999957,87232409,0,100,0.0,10.0,200.0,186.0,7,0
328705300,1,8725,9.04699999999957,87242409,0,100,0.0,10.0,200.0,186.0,7,0
328705300,1,8726,9.04699999999957,87252409,0,100,0.0,10.0,200.0,186.0,7,0
328705300,1,8727,9.04699999999957,87262409,0,100,0.0,10.0,200.0,186.0,7,0
328705300,1,8728,9.04699999999957,87272409,0,100,0.0,10.0,200.0,186.0,7,0
328705300,1,8729,9.04699999999957,87282409,0,100,0.0,10.0,200.0,186.0,7,0
328705300,1,8730,9.04699999999957,87292409,0,100,0.0,10.0,200.0,186.0,7,0
328705300,1,8731,9.04699999999957,87302409,0,100,0.0,10.0,200.0,186.0,7,0
328705300,1,8732,9.04699999999957,87312409,0,100,0.0,10.0,200.0,186.0,7,0
328705300,1,8733,9.04699999999957,87322409,0,100,0.0,10.0,200.0,186.0,7,0
328705300,1,8734,9.04699999999957,87332409,0,100,0.0,10.0,200.0,186.0,7,0
328705300,1,8735,9.04699999999957,87342409,0,100,0.0,10.0,200.0,186.0,7,0
328705300,1,8736,9.04699999999957,87352409,0,100,0.0,10.0,200.0,186.0,7,0
328705300,1,8737,9.04699999999957,87362409,0,100,0.0,10.0,200.0,186.0,7,0
328705300,1,8738,9.04699999999957,87372409,0,100,0.0,10.0,200.0,186.0,7,0
328705300,1,8739,9.04699999999957,87382409,0,100,0.0,10.0,200.0,186.0,7,0
328705300,1,8740,9.04699999999957,87392409,0,100,0.0,10.0,200.0,186.0,7,0
328705300,1,8741,9.04699999999957,87402409,0,100,0.0,10.0,200.0,186.0,7,0
328705300,1,8742,9.04699999999957,87412409,0,100,0.0,10.0,200.0,186.0,7,0
328705300,1,8743,9.04699999999957,87422409,0,100,0.0,10.0,200.0,186.0,7,0
328705300,1,8744,9.04699999999957,87432409,0,100,0.0,10.0,200.0,186.0,7,0
328705300,1,8745,9.04699999999957,87442409,0,100,0.0,10.0,200.0,186.0,7,0
328705300,1,8746,9.04699999999957,87452409,0,100,0.0,10.0,200.0,186.0,7,0
328705300,1,8747,9.04699999999957,87462409,0,100,0.0,10.0,200.0,186.0,7,0
328705300,1,8748,9.04699999999957,87472409,0,100,0.0,10.0,200.0,186.0,7,0
328705300,1,8749,9.04699999999957,87482409,0,100,0.0,10.0,200.0,186.0,7,0
328705300,1,8750,9.04699999999957,87492409,0,100,0.0,10.0,200.0,186.0,7,0
328705300,1,8751,9.04699999999957,87502409,0,100,0.0,10.0,200.0,186.0,7,0
328705300,1,8752,9.04699999999957,87512409,0,100,0.0,10.0,200.0,186.0,7,0
328705300,1,8753,9.04699999999957,87522409,0,100,0.0,10.0,200.0,186.0,7,0
328705300,1,8754,9.04699999999957,87532409,0,100,0.0,10.0,200.0,186.0,7,0
328705300,1,8755,9.04699999999957,87542409,0,100,0.0,10.0,200.0,186.0,7,0
328705300,1,8756,9.04699999999957,87552409,0,100,0.0,10.0,200.0,186.0,7,0
328705300,1,8757,9.04699999999957,87562409,0,100,0.0,10.0,200.0,186.0,7,0
328705300,1,8758,9.04699999999957,87572409,0,100,0.0,10.0,200.0,186.0,7,0
328705300,1,8759,9.04699999999957,87582409,0,100,0.0,10.0,200.0,186.0,7,0
328705300,1,8760,9.04699999999957,87592409,0,100,0.0,10.0,200.0,186.0,7,0
328705300,1,8761,9.04699999999957,87602409,0,100,0.0,10.0,200.0,186.0,7,0
328705300,1,8762,9.04699999999957,87612409,0,100,0.0,10.0,200.0,186.0,7,0
328705300,1,8763,9.04699999999957,87622409,0,100,0.0,10.0,200.0,186.0,7,0
328705300,1,8764,9.04699999999957,87632409,0,100,0.0,10.0,200.0,186.0,7,0
328705300,1,8765,9.04699999999957,87642409,0,100,0.0,10.0,200.0,186.0,7,0
328705300,1,8766,9.04699999999957,87652409,0,100,0.0,10.0,200.0,186.0,7,0
328705300,1,8767,9.04699999999957,87662409,0,100,0.0,10.0,200.0,186.0,7,0
328705300,1,8768,9.04699999999957,87672409,0,100,0.0,10.0,200.0,186.0,7,0
328705300,1,8769,9.04699999999957,87682409,0,100,0.0,10.0,200.0,186.0,7,0
328705300,1,8770,9.5,87692409,0,100,0.0,10.0,200.0,186.0,7,0
328705300,1,8771,9.5,87702409,0,100,0.0,10.0,200.0,186.0,7,0
328705300,1,8772,9.5,87712409,0,100,0.0,10.0,200.0,186.0,7,0
328705300,1,8773,9.5,87722409,0,100,0.0,10.0,200.0,186.0,7,0
328705300,1,8774,9.5,87732409,0,100,0.0,10.0,200.0,186.0,7,0
328705300,1,8775,9.5,87742409,0,100,0.0,10.0,200.0,186.0,7,0
328705300,1,8776,9.5,87752409,0,100,0.0,10.0,200.0,186.0,7,0
328705300,1,8777,9.5,87762409,0,100,0.0,10.0,200.0,186.0,7,0
328705300,1,8778,9.5,87772409,0,100,0.0,10.0,200.0,186.0,7,0
328705300,1,8779,9.5,87782409,0,100,0.0,10.0,200.0,186.0,7,0
328705300,1,8780,9.5,87792409,0,100,0.0,10.0,200.0,186.0,7,0
328705300,1,8781,9.5,87802409,0,100,0.0,10.0,200.0,186.0,7,0
328705300,1,8782,9.5,87812409,0,100,0.0,10.0,200.0,186.0,7,0
328705300,1,8783,9.5,87822409,0,100,0.0,10.0,200.0,186.0,7,0
328705300,1,8784,9.5,87832409,0,100,0.0,10.0,200.0,186.0,7,0
328705300,1,8785,9.5,87842409,0,100,0.0,10.0,200.0,186.0,7,0
328705300,1,8786,9.5,87852409,0,100,0.0,10.0,200.0,186.0,7,0
328705300,1,8787,9.5,87862409,0,100,0.0,10.0,200.0,186.0,7,0
328705300,1,8788,9.5,87872409,0,100,0.0,10.0,200.0,186.0,7,0
328705300,1,8789,9.5,87882409,0,100,0.0,10.0,200.0,186.0,7,0
328705300,1,8790,9.5,87892409,0,100,0.0,10.0,200.0,186.0,7,0
328705300,1,8791,9.5,87902409,0,100,0.0,10.0,200.0,186.0,7,0
328705300,1,8792,9.5,87912409,0,100,0.0,10.0,200.0,186.0,7,0
328705300,1,8793,9.5,87922409,0,100,0.0,10.0,200.0,186.0,7,0
328705300,1,8794,9.5,87932409,0,100,0.0,10.0,200.0,186.0,7,0
328705300,1,8795,9.5,87942409,0,100,0.0,10.0,200.0,186.0,7,0
328705300,1,8796,9.5,87952409,0,100,0.0,10.0,200.0,186.0,7,0
328705300,1,8797,9.5,87962409,0,100,0.0,10.0,200.0,186.0,7,0
328705300,1,8798,9.5,87972409,0,100,0.0,10.0,200.0,186.0,7,0
328705300,1,8799,9.5,87982409,0,100,0.0,10.0,200.0,186.0,7,0
328705300,1,8800,9.5,87992409,0,100,0.0,10.0,200.0,186.0,7,0
328705300,1,8801,9.5,88002409,0,100,0.0,10.0,200.0,186.0,7,0
328705300,1,8802,9.5,88012409,0,100,0.0,10.0,200.0,186.0,7,0
328705300,1,8803,9.5,88022409,0,100,0.0,10.0,200.0,186.0,7,0
328705300,1,8804,9.5,88032409,0,100,0.0,10.0,200.0,186.0,7,0
328705300,1,8805,9.5,88042409,0,100,0.0,10.0,200.0,186.0,7,0
328705300,1,8806,9.5,88052409,0,100,0.0,10.0,200.0,186.0,7,0
328705300,1,8807,9.5,88062409,0,100,0.0,10.0,200.0,186.0,7,0
328705300,1,8808,9.5,88072409,0,100,0.0,10.0,200.0,186.0,7,0
328705300,1,8809,9.5,88082409,0,100,0.0,10.0,200.0,186.0,7,0
328705300,1,8810,9.5,88092409,0,100,0.0,10.0,200.0,186.0,7,0
328705300,1,8811,9.5,88102409,0,100,0.0,10.0,200.0,186.0,7,0
328705300,1,8812,9.5,88112409,0,100,0.0,10.0,200.0,186.0,7,0
328705300,1,8813,9.5,88122409,0,100,0.0,10.0,200.0,186.0,7,0
328705300,1,8814,9.5,88132409,0,100,0.0,10.0,200.0,186.0,7,0
328705300,1,8815,9.5,88142409,0,100,0.0,10.0,200.0,186.0,7,0
328705300,1,8816,9.5,88152409,0,100,0.0,10.0,200.0,186.0,7,0
328705300,1,8817,9.5,88162409,0,100,0.0,10.0,200.0,186.0,7,0
328705300,1,8818,10.063000000000102,88172409,0,100,0.0,10.0,200.0,186.0,7,0
328705300,1,8819,10.063000000000102,88182409,0,100,0.0,10.0,200.0,186.0,7,0
328705300,1,8820,10.063000000000102,88192409,0,100,0.0,10.0,200.0,186.0,7,0
328705300,1,8821,10.063000000000102,88202409,0,100,0.0,10.0,200.0,186.0,7,0
328705300,1,8822,10.063000000000102,88212409,0,100,0.0,10.0,200.0,186.0,7,0
328705300,1,8823,10.063000000000102,88222409,0,100,0.0,10.0,200.0,186.0,7,0
328705300,1,8824,10.063000000000102,88232409,0,100,0.0,10.0,200.0,186.0,7,0
328705300,1,8825,10.063000000000102,88242409,0,100,0.0,10.0,200.0,186.0,7,0
328705300,1,8826,10.063000000000102,88252409,0,100,0.0,10.0,200.0,186.0,7,0
328705300,1,8827,10.063000000000102,88262409,0,100,0.0,10.0,200.0,186.0,7,0
328705300,1,8828,10.063000000000102,88272409,0,100,0.0,10.0,200.0,186.0,7,0
328705300,1,8829,10.063000000000102,88282409,0,100,0.0,10.0,200.0,186.0,7,0
328705300,1,8830,10.063000000000102,88292409,0,100,0.0,10.0,200.0,186.0,7,0
328705300,1,8831,10.063000000000102,88302409,0,100,0.0,10.0,200.0,186.0,7,0
328705300,1,8832,10.063000000000102,88312409,0,100,0.0,10.0,200.0,186.0,7,0
328705300,1,8833,10.063000000000102,88322409,0,100,0.0,10.0,200.0,186.0,7,0
328705300,1,8834,10.063000000000102,88332409,0,100,0.0,10.0,200.0,186.0,7,0
328705300,1,8835,10.063000000000102,88342409,0,100,0.0,10.0,200.0,186.0,7,0
328705300,1,8836,10.063000000000102,88352409,0,100,0.0,10.0,200.0,186.0,7,0
328705300,1,8837,10.063000000000102,88362409,0,100,0.0,10.0,200.0,186.0,7,0
328705300,1,8838,10.063000000000102,88372409,0,100,0.0,10.0,200.0,186.0,7,0
328705300,1,8839,10.063000000000102,88382409,0,100,0.0,10.0,200.0,186.0,7,0
328705300,1,8840,10.063000000000102,88392409,0,100,0.0,10.0,200.0,186.0,7,0
328705300,1,8841,10.063000000000102,88402409,0,100,0.0,10.0,200.0,186.0,7,0
328705300,1,8842,10.063000000000102,88412409,0,100,0.0,10.0,200.0,186.0,7,0
328705300,1,8843,10.063000000000102,88422409,0,100,0.0,10.0,200.0,186.0,7,0
328705300,1,8844,10.063000000000102,88432409,0,100,0.0,10.0,200.0,186.0,7,0
328705300,1,8845,10.063000000000102,88442409,0,100,0.0,10.0,200.0,186.0,7,0
328705300,1,8846,10.063000000000102,88452409,0,100,0.0,10.0,200.0,186.0,7,0
328705300,1,8847,10.063000000000102,88462409,0,100,0.0,10.0,200.0,186.0,7,0
328705300,1,8848,10.063000000000102,88472409,0,100,0.0,10.0,200.0,186.0,7,0
328705300,1,8849,10.063000000000102,88482409,0,100,0.0,10.0,200.0,186.0,7,0
328705300,1,8850,10.063000000000102,88492409,0,100,0.0,10.0,200.0,186.0,7,0
328705300,1,8851,10.063000000000102,88502409,0,100,0.0,10.0,200.0,186.0,7,0
328705300,1,8852,10.063000000000102,88512409,0,100,0.0,10.0,200.0,186.0,7,0
328705300,1,8853,10.063000000000102,88522409,0,100,0.0,10.0,200.0,186.0,7,0
328705300,1,8854,10.063000000000102,88532410,0,100,0.0,10.0,200.0,186.0,7,0
328705300,1,8855,10.063000000000102,88542409,0,100,0.0,10.0,200.0,186.0,7,0
328705300,1,8856,10.063000000000102,88552409,0,100,0.0,10.0,200.0,186.0,7,0
328705300,1,8857,10.063000000000102,88562409,0,100,0.0,10.0,200.0,186.0,7,0
328705300,1,8858,10.063000000000102,88572409,0,100,0.0,10.0,200.0,186.0,7,0
328705300,1,8859,10.063000000000102,88582409,0,100,0.0,10.0,200.0,186.0,7,0
328705300,1,8860,10.063000000000102,88592409,0,100,0.0,10.0,200.0,186.0,7,0
328705300,1,8861,10.063000000000102,88602409,0,100,0.0,10.0,200.0,186.0,7,0
328705300,1,8862,10.063000000000102,88612409,0,100,0.0,10.0,200.0,186.0,7,0
328705300,1,8863,10.063000000000102,88622409,0,100,0.0,10.0,200.0,186.0,7,0
328705300,1,8864,10.063000000000102,88632409,0,100,0.0,10.0,200.0,186.0,7,0
328705300,1,8865,10.063000000000102,88642409,0,100,0.0,10.0,200.0,186.0,7,0
328705300,1,8866,10.063000000000102,88652409,0,100,0.0,10.0,200.0,186.0,7,0
328705300,1,8867,10.063000000000102,88662409,0,100,0.0,10.0,200.0,186.0,7,0
328705300,1,8868,10.063000000000102,88672409,0,100,0.0,10.0,200.0,186.0,7,0
328705300,1,8869,10.063000000000102,88682409,0,100,0.0,10.0,200.0,186.0,7,0
328705300,1,8870,10.063000000000102,88692409,0,100,0.0,10.0,200.0,186.0,7,0
328705300,1,8871,10.063000000000102,88702409,0,100,0.0,10.0,200.0,186.0,7,0
328705300,1,8872,10.063000000000102,88712409,0,100,0.0,10.0,200.0,186.0,7,0
328705300,1,8873,10.063000000000102,88722409,0,100,0.0,10.0,200.0,186.0,7,0
328705300,1,8874,10.640999999999622,88732409,0,100,0.0,10.0,200.0,186.0,7,0
328705300,1,8875,10.640999999999622,88742409,0,100,0.0,10.0,200.0,186.0,7,0
328705300,1,8876,10.640999999999622,88752409,0,100,0.0,10.0,200.0,186.0,7,0
328705300,1,8877,10.640999999999622,88762409,0,100,0.0,10.0,200.0,186.0,7,0
328705300,1,8878,10.640999999999622,88772409,0,100,0.0,10.0,200.0,186.0,7,0
328705300,1,8879,10.640999999999622,88782409,0,100,0.0,10.0,200.0,186.0,7,0
328705300,1,8880,10.640999999999622,88792409,0,100,0.0,10.0,200.0,186.0,7,0
328705300,1,8881,10.640999999999622,88802409,0,100,0.0,10.0,200.0,186.0,7,0
328705300,1,8882,10.640999999999622,88812409,0,100,0.0,10.0,200.0,186.0,7,0
328705300,1,8883,10.640999999999622,88822409,0,100,0.0,10.0,200.0,186.0,7,0
328705300,1,8884,10.640999999999622,88832409,0,100,0.0,10.0,200.0,186.0,7,0
328705300,1,8885,10.640999999999622,88842409,0,100,0.0,10.0,200.0,186.0,7,0
328705300,1,8886,10.640999999999622,88852409,0,100,0.0,10.0,200.0,186.0,7,0
328705300,1,8887,10.640999999999622,88862409,0,100,0.0,10.0,200.0,186.0,7,0
328705300,1,8888,10.640999999999622,88872409,0,100,0.0,10.0,200.0,186.0,7,0
328705300,1,8889,10.640999999999622,88882409,0,100,0.0,10.0,200.0,186.0,7,0
328705300,1,8890,10.640999999999622,88892409,0,100,0.0,10.0,200.0,186.0,7,0
328705300,1,8891,10.640999999999622,88902409,0,100,0.0,10.0,200.0,186.0,7,0
328705300,1,8892,10.640999999999622,88912409,0,100,0.0,10.0,200.0,186.0,7,0
328705300,1,8893,10.640999999999622,88922409,0,100,0.0,10.0,200.0,186.0,7,0
328705300,1,8894,10.640999999999622,88932409,0,100,0.0,10.0,200.0,186.0,7,0
328705300,1,8895,10.640999999999622,88942409,0,100,0.0,10.0,200.0,186.0,7,0
328705300,1,8896,10.640999999999622,88952409,0,100,0.0,10.0,200.0,186.0,7,0
328705300,1,8897,10.640999999999622,88962409,0,100,0.0,10.0,200.0,186.0,7,0
328705300,1,8898,10.640999999999622,88972409,0,100,0.0,10.0,200.0,186.0,7,0
328705300,1,8899,10.640999999999622,88982409,0,100,0.0,10.0,200.0,186.0,7,0
328705300,1,8900,10.640999999999622,88992409,0,100,0.0,10.0,200.0,186.0,7,0
328705300,1,8901,10.640999999999622,89002409,0,100,0.0,10.0,200.0,186.0,7,0
328705300,1,8902,10.640999999999622,89012409,0,100,0.0,10.0,200.0,186.0,7,0
328705300,1,8903,10.640999999999622,89022409,0,100,0.0,10.0,200.0,186.0,7,0
328705300,1,8904,10.640999999999622,89032409,0,100,0.0,10.0,200.0,186.0,7,0
328705300,1,8905,10.640999999999622,89042409,0,100,0.0,10.0,200.0,186.0,7,0
328705300,1,8906,10.640999999999622,89052409,0,100,0.0,10.0,200.0,186.0,7,0
328705300,1,8907,10.640999999999622,89062409,0,100,0.0,10.0,200.0,186.0,7,0
328705300,1,8908,10.640999999999622,89072409,0,100,0.0,10.0,200.0,186.0,7,0
328705300,1,8909,10.640999999999622,89082409,0,100,0.0,10.0,200.0,186.0,7,0
328705300,1,8910,10.640999999999622,89092409,0,100,0.0,10.0,200.0,186.0,7,0
328705300,1,8911,10.640999999999622,89102409,0,100,0.0,10.0,200.0,186.0,7,0
328705300,1,8912,10.640999999999622,89112409,0,100,0.0,10.0,200.0,186.0,7,0
328705300,1,8913,10.640999999999622,89122409,0,100,0.0,10.0,200.0,186.0,7,0
328705300,1,8914,10.640999999999622,89132409,0,100,0.0,10.0,200.0,186.0,7,0
328705300,1,8915,10.640999999999622,89142409,0,100,0.0,10.0,200.0,186.0,7,0
328705300,1,8916,10.640999999999622,89152409,0,100,0.0,10.0,200.0,186.0,7,0
328705300,1,8917,10.640999999999622,89162409,0,100,0.0,10.0,200.0,186.0,7,0
328705300,1,8918,10.640999999999622,89172409,0,100,0.0,10.0,200.0,186.0,7,0
328705300,1,8919,10.640999999999622,89182409,0,100,0.0,10.0,200.0,186.0,7,0
328705300,1,8920,10.640999999999622,89192409,0,100,0.0,10.0,200.0,186.0,7,0
328705300,1,8921,10.640999999999622,89202409,0,100,0.0,10.0,200.0,186.0,7,0
328705300,1,8922,10.640999999999622,89212409,0,100,0.0,10.0,200.0,186.0,7,0
328705300,1,8923,10.640999999999622,89222409,0,100,0.0,10.0,200.0,186.0,7,0
328705300,1,8924,10.640999999999622,89232409,0,100,0.0,10.0,200.0,186.0,7,0
328705300,1,8925,10.640999999999622,89242409,0,100,0.0,10.0,200.0,186.0,7,0
328705300,1,8926,10.640999999999622,89252409,0,100,0.0,10.0,200.0,186.0,7,0
328705300,1,8927,10.640999999999622,89262409,0,100,0.0,10.0,200.0,186.0,7,0
328705300,1,8928,10.640999999999622,89272409,0,100,0.0,10.0,200.0,186.0,7,0
328705300,1,8929,10.640999999999622,89282409,0,100,0.0,10.0,200.0,186.0,7,0
328705300,1,8930,10.640999999999622,89292409,0,100,0.0,10.0,200.0,186.0,7,0
328705300,1,8931,10.640999999999622,89302409,0,100,0.0,10.0,200.0,186.0,7,0
328705300,1,8932,10.640999999999622,89312409,0,100,0.0,10.0,200.0,186.0,7,0
328705300,1,8933,10.640999999999622,89322409,0,100,0.0,10.0,200.0,186.0,7,0
328705300,1,8934,10.640999999999622,89332409,0,100,0.0,10.0,200.0,186.0,7,0
328705300,1,8935,10.640999999999622,89342409,0,100,0.0,10.0,200.0,186.0,7,0
328705300,1,8936,10.640999999999622,89352409,0,100,0.0,10.0,200.0,186.0,7,0
328705300,1,8937,10.640999999999622,89362409,0,100,0.0,10.0,200.0,186.0,7,0
328705300,1,8938,11.280999999999949,89372409,0,100,0.0,10.0,200.0,186.0,7,0
328705300,1,8939,11.280999999999949,89382409,0,100,0.0,10.0,200.0,186.0,7,0
328705300,1,8940,11.280999999999949,89392409,0,100,0.0,10.0,200.0,186.0,7,0
328705300,1,8941,11.280999999999949,89402409,0,100,0.0,10.0,200.0,186.0,7,0
328705300,1,8942,11.280999999999949,89412409,0,100,0.0,10.0,200.0,186.0,7,0
328705300,1,8943,11.280999999999949,89422409,0,100,0.0,10.0,200.0,186.0,7,0
328705300,1,8944,11.280999999999949,89432409,0,100,0.0,10.0,200.0,186.0,7,0
328705300,1,8945,11.280999999999949,89442409,0,100,0.0,10.0,200.0,186.0,7,0
328705300,1,8946,11.280999999999949,89452409,0,100,0.0,10.0,200.0,186.0,7,0
328705300,1,8947,11.280999999999949,89462409,0,100,0.0,10.0,200.0,186.0,7,0
328705300,1,8948,11.280999999999949,89472409,0,100,0.0,10.0,200.0,186.0,7,0
328705300,1,8949,11.280999999999949,89482409,0,100,0.0,10.0,200.0,186.0,7,0
328705300,1,8950,11.280999999999949,89492409,0,100,0.0,10.0,200.0,186.0,7,0
328705300,1,8951,11.280999999999949,89502409,0,100,0.0,10.0,200.0,186.0,7,0
328705300,1,8952,11.280999999999949,89512409,0,100,0.0,10.0,200.0,186.0,7,0
328705300,1,8953,11.280999999999949,89522409,0,100,0.0,10.0,200.0,186.0,7,0
328705300,1,8954,11.280999999999949,89532409,0,100,0.0,10.0,200.0,186.0,7,0
328705300,1,8955,11.280999999999949,89542409,0,100,0.0,10.0,200.0,186.0,7,0
328705300,1,8956,11.280999999999949,89552409,0,100,0.0,10.0,200.0,186.0,7,0
328705300,1,8957,11.280999999999949,89562409,0,100,0.0,10.0,200.0,186.0,7,0
328705300,1,8958,11.280999999999949,89572409,0,100,0.0,10.0,200.0,186.0,7,0
328705300,1,8959,11.280999999999949,89582409,0,100,0.0,10.0,200.0,186.0,7,0
328705300,1,8960,11.280999999999949,89592409,0,100,0.0,10.0,200.0,186.0,7,0
328705300,1,8961,11.280999999999949,89602409,0,100,0.0,10.0,200.0,186.0,7,0
328705300,1,8962,11.280999999999949,89612409,0,100,0.0,10.0,200.0,186.0,7,0
328705300,1,8963,11.280999999999949,89622409,0,100,0.0,10.0,200.0,186.0,7,0
328705300,1,8964,11.280999999999949,89632409,0,100,0.0,10.0,200.0,186.0,7,0
328705300,1,8965,11.280999999999949,89642409,0,100,0.0,10.0,200.0,186.0,7,0
328705300,1,8966,11.280999999999949,89652409,0,100,0.0,10.0,200.0,186.0,7,0
328705300,1,8967,11.280999999999949,89662409,0,100,0.0,10.0,200.0,186.0,7,0
328705300,1,8968,11.280999999999949,89672409,0,100,0.0,10.0,200.0,186.0,7,0
328705300,1,8969,11.280999999999949,89682409,0,100,0.0,10.0,200.0,186.0,7,0
328705300,1,8970,11.280999999999949,89692409,0,100,0.0,10.0,200.0,186.0,7,0
328705300,1,8971,11.280999999999949,89702409,0,100,0.0,10.0,200.0,186.0,7,0
328705300,1,8972,11.280999999999949,89712409,0,100,0.0,10.0,200.0,186.0,7,0
328705300,1,8973,11.280999999999949,89722409,0,100,0.0,10.0,200.0,186.0,7,0
328705300,1,8974,11.280999999999949,89732409,0,100,0.0,10.0,200.0,186.0,7,0
328705300,1,8975,11.280999999999949,89742409,0,100,0.0,10.0,200.0,186.0,7,0
328705300,1,8976,11.280999999999949,89752409,0,100,0.0,10.0,200.0,186.0,7,0
328705300,1,8977,11.280999999999949,89762409,0,100,0.0,10.0,200.0,186.0,7,0
328705300,1,8978,11.280999999999949,89772409,0,100,0.0,10.0,200.0,186.0,7,0
328705300,1,8979,11.280999999999949,89782409,0,100,0.0,10.0,200.0,186.0,7,0
328705300,1,8980,11.280999999999949,89792409,0,100,0.0,10.0,200.0,186.0,7,0
328705300,1,8981,11.280999999999949,89802409,0,100,0.0,10.0,200.0,186.0,7,0
328705300,1,8982,11.280999999999949,89812409,0,100,0.0,10.0,200.0,186.0,7,0
328705300,1,8983,11.280999999999949,89822409,0,100,0.0,10.0,200.0,186.0,7,0
328705300,1,8984,11.280999999999949,89832409,0,100,0.0,10.0,200.0,186.0,7,0
328705300,1,8985,11.280999999999949,89842409,0,100,0.0,10.0,200.0,186.0,7,0
328705300,1,8986,11.280999999999949,89852409,0,100,0.0,10.0,200.0,186.0,7,0
328705300,1,8987,11.280999999999949,89862409,0,100,0.0,10.0,200.0,186.0,7,0
328705300,1,8988,11.280999999999949,89872409,0,100,0.0,10.0,200.0,186.0,7,0
328705300,1,8989,11.280999999999949,89882409,0,100,0.0,10.0,200.0,186.0,7,0
328705300,1,8990,11.280999999999949,89892409,0,100,0.0,10.0,200.0,186.0,7,0
328705300,1,8991,11.280999999999949,89902409,0,100,0.0,10.0,200.0,186.0,7,0
328705300,1,8992,11.280999999999949,89912409,0,100,0.0,10.0,200.0,186.0,7,0
328705300,1,8993,11.280999999999949,89922409,0,100,0.0,10.0,200.0,186.0,7,0
328705300,1,8994,11.82799999999952,89932409,0,100,0.0,10.0,200.0,186.0,7,0
328705300,1,8995,11.82799999999952,89942409,0,100,0.0,10.0,200.0,186.0,7,0
328705300,1,8996,11.82799999999952,89952409,0,100,0.0,10.0,200.0,186.0,7,0
328705300,1,8997,11.82799999999952,89962409,0,100,0.0,10.0,200.0,186.0,7,0
328705300,1,8998,11.82799999999952,89972409,0,100,0.0,10.0,200.0,186.0,7,0
328705300,1,8999,11.82799999999952,89982409,0,100,0.0,10.0,200.0,186.0,7,0
328705300,1,9000,11.82799999999952,89992409,0,100,0.0,10.0,200.0,186.0,7,0
328705300,1,9001,11.82799999999952,90002409,0,100,0.0,10.0,200.0,186.0,7,0
328705300,1,9002,11.82799999999952,90012409,0,100,0.0,10.0,200.0,186.0,7,0
328705300,1,9003,11.82799999999952,90022409,0,100,0.0,10.0,200.0,186.0,7,0
328705300,1,9004,11.82799999999952,90032409,0,100,0.0,10.0,200.0,186.0,7,0
328705300,1,9005,11.82799999999952,90042409,0,100,0.0,10.0,200.0,186.0,7,0
328705300,1,9006,11.82799999999952,90052409,0,100,0.0,10.0,200.0,186.0,7,0
328705300,1,9007,11.82799999999952,90062409,0,100,0.0,10.0,200.0,186.0,7,0
328705300,1,9008,11.82799999999952,90072409,0,100,0.0,10.0,200.0,186.0,7,0
328705300,1,9009,11.82799999999952,90082409,0,100,0.0,10.0,200.0,186.0,7,0
328705300,1,9010,11.82799999999952,90092409,0,100,0.0,10.0,200.0,186.0,7,0
328705300,1,9011,11.82799999999952,90102409,0,100,0.0,10.0,200.0,186.0,7,0
328705300,1,9012,11.82799999999952,90112409,0,100,0.0,10.0,200.0,186.0,7,0
328705300,1,9013,11.82799999999952,90122409,0,100,0.0,10.0,200.0,186.0,7,0
328705300,1,9014,11.82799999999952,90132409,0,100,0.0,10.0,200.0,186.0,7,0
328705300,1,9015,11.82799999999952,90142409,0,100,0.0,10.0,200.0,186.0,7,0
328705300,1,9016,11.82799999999952,90152409,0,100,0.0,10.0,200.0,186.0,7,0
328705300,1,9017,11.82799999999952,90162409,0,100,0.0,10.0,200.0,186.0,7,0
328705300,1,9018,11.82799999999952,90172409,0,100,0.0,10.0,200.0,186.0,7,0
328705300,1,9019,11.82799999999952,90182409,0,100,0.0,10.0,200.0,186.0,7,0
328705300,1,9020,11.82799999999952,90192409,0,100,0.0,10.0,200.0,186.0,7,0
328705300,1,9021,11.82799999999952,90202409,0,100,0.0,10.0,200.0,186.0,7,0
328705300,1,9022,11.82799999999952,90212409,0,100,0.0,10.0,200.0,186.0,7,0
328705300,1,9023,11.82799999999952,90222409,0,100,0.0,10.0,200.0,186.0,7,0
328705300,1,9024,11.82799999999952,90232409,0,100,0.0,10.0,200.0,186.0,7,0
328705300,1,9025,11.82799999999952,90242409,0,100,0.0,10.0,200.0,186.0,7,0
328705300,1,9026,11.82799999999952,90252409,0,100,0.0,10.0,200.0,186.0,7,0
328705300,1,9027,11.82799999999952,90262409,0,100,0.0,10.0,200.0,186.0,7,0
328705300,1,9028,11.82799999999952,90272409,0,100,0.0,10.0,200.0,186.0,7,0
328705300,1,9029,11.82799999999952,90282409,0,100,0.0,10.0,200.0,186.0,7,0
328705300,1,9030,11.82799999999952,90292409,0,100,0.0,10.0,200.0,186.0,7,0
328705300,1,9031,11.82799999999952,90302409,0,100,0.0,10.0,200.0,186.0,7,0
328705300,1,9032,11.82799999999952,90312409,0,100,0.0,10.0,200.0,186.0,7,0
328705300,1,9033,11.82799999999952,90322409,0,100,0.0,10.0,200.0,186.0,7,0
328705300,1,9034,11.82799999999952,90332409,0,100,0.0,10.0,200.0,186.0,7,0
328705300,1,9035,11.82799999999952,90342409,0,100,0.0,10.0,200.0,186.0,7,0
328705300,1,9036,11.82799999999952,90352409,0,100,0.0,10.0,200.0,186.0,7,0
328705300,1,9037,11.82799999999952,90362409,0,100,0.0,10.0,200.0,186.0,7,0
328705300,1,9038,11.82799999999952,90372409,0,100,0.0,10.0,200.0,186.0,7,0
328705300,1,9039,11.82799999999952,90382409,0,100,0.0,10.0,200.0,186.0,7,0
328705300,1,9040,11.82799999999952,90392409,0,100,0.0,10.0,200.0,186.0,7,0
328705300,1,9041,11.82799999999952,90402409,0,100,0.0,10.0,200.0,186.0,7,0
328705300,1,9042,11.82799999999952,90412409,0,100,0.0,10.0,200.0,186.0,7,0
328705300,1,9043,11.82799999999952,90422409,0,100,0.0,10.0,200.0,186.0,7,0
328705300,1,9044,11.82799999999952,90432409,0,100,0.0,10.0,200.0,186.0,7,0
328705300,1,9045,11.82799999999952,90442409,0,100,0.0,10.0,200.0,186.0,7,0
328705300,1,9046,11.82799999999952,90452409,0,100,0.0,10.0,200.0,186.0,7,0
328705300,1,9047,11.82799999999952,90462409,0,100,0.0,10.0,200.0,186.0,7,0
328705300,1,9048,11.82799999999952,90472409,0,100,0.0,10.0,200.0,186.0,7,0
328705300,1,9049,11.82799999999952,90482409,0,100,0.0,10.0,200.0,186.0,7,0
328705300,1,9050,12.42199999999957,90492409,0,100,0.0,10.0,200.0,186.0,7,0
328705300,1,9051,12.42199999999957,90502409,0,100,0.0,10.0,200.0,186.0,7,0
328705300,1,9052,12.42199999999957,90512409,0,100,0.0,10.0,200.0,186.0,7,0
328705300,1,9053,12.42199999999957,90522409,0,100,0.0,10.0,200.0,186.0,7,0
328705300,1,9054,12.42199999999957,90532409,0,100,0.0,10.0,200.0,186.0,7,0
328705300,1,9055,12.42199999999957,90542409,0,100,0.0,10.0,200.0,186.0,7,0
328705300,1,9056,12.42199999999957,90552409,0,100,0.0,10.0,200.0,186.0,7,0
328705300,1,9057,12.42199999999957,90562409,0,100,0.0,10.0,200.0,186.0,7,0
328705300,1,9058,12.42199999999957,90572409,0,100,0.0,10.0,200.0,186.0,7,0
328705300,1,9059,12.42199999999957,90582409,0,100,0.0,10.0,200.0,186.0,7,0
328705300,1,9060,12.42199999999957,90592409,0,100,0.0,10.0,200.0,186.0,7,0
328705300,1,9061,12.42199999999957,90602409,0,100,0.0,10.0,200.0,186.0,7,0
328705300,1,9062,12.42199999999957,90612409,0,100,0.0,10.0,200.0,186.0,7,0
328705300,1,9063,12.42199999999957,90622409,0,100,0.0,10.0,200.0,186.0,7,0
328705300,1,9064,12.42199999999957,90632409,0,100,0.0,10.0,200.0,186.0,7,0
328705300,1,9065,12.42199999999957,90642409,0,100,0.0,10.0,200.0,186.0,7,0
328705300,1,9066,12.42199999999957,90652409,0,100,0.0,10.0,200.0,186.0,7,0
328705300,1,9067,12.42199999999957,90662409,0,100,0.0,10.0,200.0,186.0,7,0
328705300,1,9068,12.42199999999957,90672409,0,100,0.0,10.0,200.0,186.0,7,0
328705300,1,9069,12.42199999999957,90682409,0,100,0.0,10.0,200.0,186.0,7,0
328705300,1,9070,12.42199999999957,90692409,0,100,0.0,10.0,200.0,186.0,7,0
328705300,1,9071,12.42199999999957,90702409,0,100,0.0,10.0,200.0,186.0,7,0
328705300,1,9072,12.42199999999957,90712409,0,100,0.0,10.0,200.0,186.0,7,0
328705300,1,9073,12.42199999999957,90722409,0,100,0.0,10.0,200.0,186.0,7,0
328705300,1,9074,12.42199999999957,90732409,0,100,0.0,10.0,200.0,186.0,7,0
328705300,1,9075,12.42199999999957,90742409,0,100,0.0,10.0,200.0,186.0,7,0
328705300,1,9076,12.42199999999957,90752409,0,100,0.0,10.0,200.0,186.0,7,0
328705300,1,9077,12.42199999999957,90762409,0,100,0.0,10.0,200.0,186.0,7,0
328705300,1,9078,12.42199999999957,90772409,0,100,0.0,10.0,200.0,186.0,7,0
328705300,1,9079,12.42199999999957,90782409,0,100,0.0,10.0,200.0,186.0,7,0
328705300,1,9080,12.42199999999957,90792409,0,100,0.0,10.0,200.0,186.0,7,0
328705300,1,9081,12.42199999999957,90802409,0,100,0.0,10.0,200.0,186.0,7,0
328705300,1,9082,12.42199999999957,90812409,0,100,0.0,10.0,200.0,186.0,7,0
328705300,1,9083,12.42199999999957,90822409,0,100,0.0,10.0,200.0,186.0,7,0
328705300,1,9084,12.42199999999957,90832409,0,100,0.0,10.0,200.0,186.0,7,0
328705300,1,9085,12.42199999999957,90842409,0,100,0.0,10.0,200.0,186.0,7,0
328705300,1,9086,12.42199999999957,90852409,0,100,0.0,10.0,200.0,186.0,7,0
328705300,1,9087,12.42199999999957,90862409,0,100,0.0,10.0,200.0,186.0,7,0
328705300,1,9088,12.42199999999957,90872409,0,100,0.0,10.0,200.0,186.0,7,0
328705300,1,9089,12.42199999999957,90882409,0,100,0.0,10.0,200.0,186.0,7,0
328705300,1,9090,12.42199999999957,90892409,0,100,0.0,10.0,200.0,186.0,7,0
328705300,1,9091,12.42199999999957,90902409,0,100,0.0,10.0,200.0,186.0,7,0
328705300,1,9092,12.42199999999957,90912409,0,100,0.0,10.0,200.0,186.0,7,0
328705300,1,9093,12.42199999999957,90922409,0,100,0.0,10.0,200.0,186.0,7,0
328705300,1,9094,12.42199999999957,90932409,0,100,0.0,10.0,200.0,186.0,7,0
328705300,1,9095,12.42199999999957,90942409,0,100,0.0,10.0,200.0,186.0,7,0
328705300,1,9096,12.42199999999957,90952409,0,100,0.0,10.0,200.0,186.0,7,0
328705300,1,9097,12.42199999999957,90962409,0,100,0.0,10.0,200.0,186.0,7,0
328705300,1,9098,12.42199999999957,90972409,0,100,0.0,10.0,200.0,186.0,7,0
328705300,1,9099,12.42199999999957,90982409,0,100,0.0,10.0,200.0,186.0,7,0
328705300,1,9100,12.42199999999957,90992409,0,100,0.0,10.0,200.0,186.0,7,0
328705300,1,9101,12.42199999999957,91002409,0,100,0.0,10.0,200.0,186.0,7,0
328705300,1,9102,12.42199999999957,91012409,0,100,0.0,10.0,200.0,186.0,7,0
328705300,1,9103,12.42199999999957,91022409,0,100,0.0,10.0,200.0,186.0,7,0
328705300,1,9104,12.42199999999957,91032409,0,100,0.0,10.0,200.0,186.0,7,0
328705300,1,9105,12.42199999999957,91042409,0,100,0.0,10.0,200.0,186.0,7,0
328705300,1,9106,12.42199999999957,91052409,0,100,0.0,10.0,200.0,186.0,7,0
328705300,1,9107,12.42199999999957,91062409,0,100,0.0,10.0,200.0,186.0,7,0
328705300,1,9108,12.42199999999957,91072409,0,100,0.0,10.0,200.0,186.0,7,0
328705300,1,9109,12.42199999999957,91082409,0,100,0.0,10.0,200.0,186.0,7,0
328705300,1,9110,12.42199999999957,91092409,0,100,0.0,10.0,200.0,186.0,7,0
328705300,1,9111,12.42199999999957,91102409,0,100,0.0,10.0,200.0,186.0,7,0
328705300,1,9112,12.42199999999957,91112409,0,100,0.0,10.0,200.0,186.0,7,0
328705300,1,9113,12.42199999999957,91122409,0,100,0.0,10.0,200.0,186.0,7,0
328705300,1,9114,13.030999999999949,91132409,0,100,0.0,10.0,200.0,186.0,7,0
328705300,1,9115,13.030999999999949,91142409,0,100,0.0,10.0,200.0,186.0,7,0
328705300,1,9116,13.030999999999949,91152409,0,100,0.0,10.0,200.0,186.0,7,0
328705300,1,9117,13.030999999999949,91162409,0,100,0.0,10.0,200.0,186.0,7,0
328705300,1,9118,13.030999999999949,91172409,0,100,0.0,10.0,200.0,186.0,7,0
328705300,1,9119,13.030999999999949,91182409,0,100,0.0,10.0,200.0,186.0,7,0
328705300,1,9120,13.030999999999949,91192409,0,100,0.0,10.0,200.0,186.0,7,0
328705300,1,9121,13.030999999999949,91202409,0,100,0.0,10.0,200.0,186.0,7,0
328705300,1,9122,13.030999999999949,91212409,0,100,0.0,10.0,200.0,186.0,7,0
328705300,1,9123,13.030999999999949,91222409,0,100,0.0,10.0,200.0,186.0,7,0
328705300,1,9124,13.030999999999949,91232409,0,100,0.0,10.0,200.0,186.0,7,0
328705300,1,9125,13.030999999999949,91242409,0,100,0.0,10.0,200.0,186.0,7,0
328705300,1,9126,13.030999999999949,91252409,0,100,0.0,10.0,200.0,186.0,7,0
328705300,1,9127,13.030999999999949,91262409,0,100,0.0,10.0,200.0,186.0,7,0
328705300,1,9128,13.030999999999949,91272409,0,100,0.0,10.0,200.0,186.0,7,0
328705300,1,9129,13.030999999999949,91282409,0,100,0.0,10.0,200.0,186.0,7,0
328705300,1,9130,13.030999999999949,91292409,0,100,0.0,10.0,200.0,186.0,7,0
328705300,1,9131,13.030999999999949,91302409,0,100,0.0,10.0,200.0,186.0,7,0
328705300,1,9132,13.030999999999949,91312409,0,100,0.0,10.0,200.0,186.0,7,0
328705300,1,9133,13.030999999999949,91322409,0,100,0.0,10.0,200.0,186.0,7,0
328705300,1,9134,13.030999999999949,91332409,0,100,0.0,10.0,200.0,186.0,7,0
328705300,1,9135,13.030999999999949,91342409,0,100,0.0,10.0,200.0,186.0,7,0
328705300,1,9136,13.030999999999949,91352409,0,100,0.0,10.0,200.0,186.0,7,0
328705300,1,9137,13.030999999999949,91362409,0,100,0.0,10.0,200.0,186.0,7,0
328705300,1,9138,13.030999999999949,91372409,0,100,0.0,10.0,200.0,186.0,7,0
328705300,1,9139,13.030999999999949,91382409,0,100,0.0,10.0,200.0,186.0,7,0
328705300,1,9140,13.030999999999949,91392409,0,100,0.0,10.0,200.0,186.0,7,0
328705300,1,9141,13.030999999999949,91402409,0,100,0.0,10.0,200.0,186.0,7,0
328705300,1,9142,13.030999999999949,91412409,0,100,0.0,10.0,200.0,186.0,7,0
328705300,1,9143,13.030999999999949,91422409,0,100,0.0,10.0,200.0,186.0,7,0
328705300,1,9144,13.030999999999949,91432409,0,100,0.0,10.0,200.0,186.0,7,0
328705300,1,9145,13.030999999999949,91442409,0,100,0.0,10.0,200.0,186.0,7,0
328705300,1,9146,13.030999999999949,91452409,0,100,0.0,10.0,200.0,186.0,7,0
328705300,1,9147,13.030999999999949,91462409,0,100,0.0,10.0,200.0,186.0,7,0
328705300,1,9148,13.030999999999949,91472409,0,100,0.0,10.0,200.0,186.0,7,0
328705300,1,9149,13.030999999999949,91482409,0,100,0.0,10.0,200.0,186.0,7,0
328705300,1,9150,13.030999999999949,91492409,0,100,0.0,10.0,200.0,186.0,7,0
328705300,1,9151,13.030999999999949,91502409,0,100,0.0,10.0,200.0,186.0,7,0
328705300,1,9152,13.030999999999949,91512409,0,100,0.0,10.0,200.0,186.0,7,0
328705300,1,9153,13.030999999999949,91522409,0,100,0.0,10.0,200.0,186.0,7,0
328705300,1,9154,13.030999999999949,91532409,0,100,0.0,10.0,200.0,186.0,7,0
328705300,1,9155,13.030999999999949,91542409,0,100,0.0,10.0,200.0,186.0,7,0
328705300,1,9156,13.030999999999949,91552409,0,100,0.0,10.0,200.0,186.0,7,0
328705300,1,9157,13.030999999999949,91562409,0,100,0.0,10.0,200.0,186.0,7,0
328705300,1,9158,13.030999999999949,91572409,0,100,0.0,10.0,200.0,186.0,7,0
328705300,1,9159,13.030999999999949,91582409,0,100,0.0,10.0,200.0,186.0,7,0
328705300,1,9160,13.030999999999949,91592409,0,100,0.0,10.0,200.0,186.0,7,0
328705300,1,9161,13.030999999999949,91602409,0,100,0.0,10.0,200.0,186.0,7,0
328705300,1,9162,13.030999999999949,91612409,0,100,0.0,10.0,200.0,186.0,7,0
328705300,1,9163,13.030999999999949,91622409,0,100,0.0,10.0,200.0,186.0,7,0
328705300,1,9164,13.030999999999949,91632409,0,100,0.0,10.0,200.0,186.0,7,0
328705300,1,9165,13.030999999999949,91642409,0,100,0.0,10.0,200.0,186.0,7,0
328705300,1,9166,13.030999999999949,91652409,0,100,0.0,10.0,200.0,186.0,7,0
328705300,1,9167,13.030999999999949,91662409,0,100,0.0,10.0,200.0,186.0,7,0
328705300,1,9168,13.030999999999949,91672409,0,100,0.0,10.0,200.0,186.0,7,0
328705300,1,9169,13.030999999999949,91682409,0,100,0.0,10.0,200.0,186.0,7,0
328705300,1,9170,13.609999999999673,91692409,0,100,0.0,10.0,200.0,186.0,7,0
328705300,1,9171,13.609999999999673,91702409,0,100,0.0,10.0,200.0,186.0,7,0
328705300,1,9172,13.609999999999673,91712409,0,100,0.0,10.0,200.0,186.0,7,0
328705300,1,9173,13.609999999999673,91722409,0,100,0.0,10.0,200.0,186.0,7,0
328705300,1,9174,13.609999999999673,91732409,0,100,0.0,10.0,200.0,186.0,7,0
328705300,1,9175,13.609999999999673,91742409,0,100,0.0,10.0,200.0,186.0,7,0
328705300,1,9176,13.609999999999673,91752409,0,100,0.0,10.0,200.0,186.0,7,0
328705300,1,9177,13.609999999999673,91762409,0,100,0.0,10.0,200.0,186.0,7,0
328705300,1,9178,13.609999999999673,91772409,0,100,0.0,10.0,200.0,186.0,7,0
328705300,1,9179,13.609999999999673,91782409,0,100,0.0,10.0,200.0,186.0,7,0
328705300,1,9180,13.609999999999673,91792409,0,100,0.0,10.0,200.0,186.0,7,0
328705300,1,9181,13.609999999999673,91802409,0,100,0.0,10.0,200.0,186.0,7,0
328705300,1,9182,13.609999999999673,91812409,0,100,0.0,10.0,200.0,186.0,7,0
328705300,1,9183,13.609999999999673,91822409,0,100,0.0,10.0,200.0,186.0,7,0
328705300,1,9184,13.609999999999673,91832409,0,100,0.0,10.0,200.0,186.0,7,0
328705300,1,9185,13.609999999999673,91842409,0,100,0.0,10.0,200.0,186.0,7,0
328705300,1,9186,13.609999999999673,91852409,0,100,0.0,10.0,200.0,186.0,7,0
328705300,1,9187,13.609999999999673,91862409,0,100,0.0,10.0,200.0,186.0,7,0
328705300,1,9188,13.609999999999673,91872409,0,100,0.0,10.0,200.0,186.0,7,0
328705300,1,9189,13.609999999999673,91882409,0,100,0.0,10.0,200.0,186.0,7,0
328705300,1,9190,13.609999999999673,91892409,0,100,0.0,10.0,200.0,186.0,7,0
328705300,1,9191,13.609999999999673,91902409,0,100,0.0,10.0,200.0,186.0,7,0
328705300,1,9192,13.609999999999673,91912409,0,100,0.0,10.0,200.0,186.0,7,0
328705300,1,9193,13.609999999999673,91922409,0,100,0.0,10.0,200.0,186.0,7,0
328705300,1,9194,13.609999999999673,91932409,0,100,0.0,10.0,200.0,186.0,7,0
328705300,1,9195,13.609999999999673,91942409,0,100,0.0,10.0,200.0,186.0,7,0
328705300,1,9196,13.609999999999673,91952409,0,100,0.0,10.0,200.0,186.0,7,0
328705300,1,9197,13.609999999999673,91962409,0,100,0.0,10.0,200.0,186.0,7,0
328705300,1,9198,13.609999999999673,91972409,0,100,0.0,10.0,200.0,186.0,7,0
328705300,1,9199,13.609999999999673,91982409,0,100,0.0,10.0,200.0,186.0,7,0
328705300,1,9200,13.609999999999673,91992409,0,100,0.0,10.0,200.0,186.0,7,0
328705300,1,9201,13.609999999999673,92002409,0,100,0.0,10.0,200.0,186.0,7,0
328705300,1,9202,13.609999999999673,92012409,0,100,0.0,10.0,200.0,186.0,7,0
328705300,1,9203,13.609999999999673,92022409,0,100,0.0,10.0,200.0,186.0,7,0
328705300,1,9204,13.609999999999673,92032409,0,100,0.0,10.0,200.0,186.0,7,0
328705300,1,9205,13.609999999999673,92042409,0,100,0.0,10.0,200.0,186.0,7,0
328705300,1,9206,13.609999999999673,92052409,0,100,0.0,10.0,200.0,186.0,7,0
328705300,1,9207,13.609999999999673,92062409,0,100,0.0,10.0,200.0,186.0,7,0
328705300,1,9208,13.609999999999673,92072409,0,100,0.0,10.0,200.0,186.0,7,0
328705300,1,9209,13.609999999999673,92082409,0,100,0.0,10.0,200.0,186.0,7,0
328705300,1,9210,13.609999999999673,92092409,0,100,0.0,10.0,200.0,186.0,7,0
328705300,1,9211,13.609999999999673,92102409,0,100,0.0,10.0,200.0,186.0,7,0
328705300,1,9212,13.609999999999673,92112409,0,100,0.0,10.0,200.0,186.0,7,0
328705300,1,9213,13.609999999999673,92122409,0,100,0.0,10.0,200.0,186.0,7,0
328705300,1,9214,13.609999999999673,92132409,0,100,0.0,10.0,200.0,186.0,7,0
328705300,1,9215,13.609999999999673,92142409,0,100,0.0,10.0,200.0,186.0,7,0
328705300,1,9216,13.609999999999673,92152409,0,100,0.0,10.0,200.0,186.0,7,0
328705300,1,9217,13.609999999999673,92162409,0,100,0.0,10.0,200.0,186.0,7,0
328705300,1,9218,13.609999999999673,92172409,0,100,0.0,10.0,200.0,186.0,7,0
328705300,1,9219,13.609999999999673,92182409,0,100,0.0,10.0,200.0,186.0,7,0
328705300,1,9220,13.609999999999673,92192409,0,100,0.0,10.0,200.0,186.0,7,0
328705300,1,9221,13.609999999999673,92202409,0,100,0.0,10.0,200.0,186.0,7,0
328705300,1,9222,13.609999999999673,92212409,0,100,0.0,10.0,200.0,186.0,7,0
328705300,1,9223,13.609999999999673,92222409,0,100,0.0,10.0,200.0,186.0,7,0
328705300,1,9224,13.609999999999673,92232409,0,100,0.0,10.0,200.0,186.0,7,0
328705300,1,9225,13.609999999999673,92242409,0,100,0.0,10.0,200.0,186.0,7,0
328705300,1,9226,13.609999999999673,92252409,0,100,0.0,10.0,200.0,186.0,7,0
328705300,1,9227,13.609999999999673,92262409,0,100,0.0,10.0,200.0,186.0,7,0
328705300,1,9228,13.609999999999673,92272409,0,100,0.0,10.0,200.0,186.0,7,0
328705300,1,9229,13.609999999999673,92282409,0,100,0.0,10.0,200.0,186.0,7,0
328705300,1,9230,13.609999999999673,92292410,0,100,0.0,10.0,200.0,186.0,7,0
328705300,1,9231,13.609999999999673,92302409,0,100,0.0,10.0,200.0,186.0,7,0
328705300,1,9232,13.609999999999673,92312409,0,100,0.0,10.0,200.0,186.0,7,0
328705300,1,9233,13.609999999999673,92322409,0,100,0.0,10.0,200.0,186.0,7,0
328705300,1,9234,14.219000000000051,92332409,0,100,0.0,10.0,200.0,186.0,7,0
328705300,1,9235,14.219000000000051,92342409,0,100,0.0,10.0,200.0,186.0,7,0
328705300,1,9236,14.219000000000051,92352409,0,100,0.0,10.0,200.0,186.0,7,0
328705300,1,9237,14.219000000000051,92362409,0,100,0.0,10.0,200.0,186.0,7,0
328705300,1,9238,14.219000000000051,92372409,0,100,0.0,10.0,200.0,186.0,7,0
328705300,1,9239,14.219000000000051,92382409,0,100,0.0,10.0,200.0,186.0,7,0
328705300,1,9240,14.219000000000051,92392409,0,100,0.0,10.0,200.0,186.0,7,0
328705300,1,9241,14.219000000000051,92402409,0,100,0.0,10.0,200.0,186.0,7,0
328705300,1,9242,14.219000000000051,92412409,0,100,0.0,10.0,200.0,186.0,7,0
328705300,1,9243,14.219000000000051,92422409,0,100,0.0,10.0,200.0,186.0,7,0
328705300,1,9244,14.219000000000051,92432409,0,100,0.0,10.0,200.0,186.0,7,0
328705300,1,9245,14.219000000000051,92442409,0,100,0.0,10.0,200.0,186.0,7,0
328705300,1,9246,14.219000000000051,92452409,0,100,0.0,10.0,200.0,186.0,7,0
328705300,1,9247,14.219000000000051,92462409,0,100,0.0,10.0,200.0,186.0,7,0
328705300,1,9248,14.219000000000051,92472409,0,100,0.0,10.0,200.0,186.0,7,0
328705300,1,9249,14.219000000000051,92482409,0,100,0.0,10.0,200.0,186.0,7,0
328705300,1,9250,14.219000000000051,92492409,0,100,0.0,10.0,200.0,186.0,7,0
328705300,1,9251,14.219000000000051,92502409,0,100,0.0,10.0,200.0,186.0,7,0
328705300,1,9252,14.219000000000051,92512409,0,100,0.0,10.0,200.0,186.0,7,0
328705300,1,9253,14.219000000000051,92522409,0,100,0.0,10.0,200.0,186.0,7,0
328705300,1,9254,14.219000000000051,92532409,0,100,0.0,10.0,200.0,186.0,7,0
328705300,1,9255,14.219000000000051,92542409,0,100,0.0,10.0,200.0,186.0,7,0
328705300,1,9256,14.219000000000051,92552409,0,100,0.0,10.0,200.0,186.0,7,0
328705300,1,9257,14.219000000000051,92562409,0,100,0.0,10.0,200.0,186.0,7,0
328705300,1,9258,14.219000000000051,92572409,0,100,0.0,10.0,200.0,186.0,7,0
328705300,1,9259,14.219000000000051,92582409,0,100,0.0,10.0,200.0,186.0,7,0
328705300,1,9260,14.219000000000051,92592409,0,100,0.0,10.0,200.0,186.0,7,0
328705300,1,9261,14.219000000000051,92602409,0,100,0.0,10.0,200.0,186.0,7,0
328705300,1,9262,14.219000000000051,92612409,0,100,0.0,10.0,200.0,186.0,7,0
328705300,1,9263,14.219000000000051,92622409,0,100,0.0,10.0,200.0,186.0,7,0
328705300,1,9264,14.219000000000051,92632409,0,100,0.0,10.0,200.0,186.0,7,0
328705300,1,9265,14.219000000000051,92642409,0,100,0.0,10.0,200.0,186.0,7,0
328705300,1,9266,14.219000000000051,92652409,0,100,0.0,10.0,200.0,186.0,7,0
328705300,1,9267,14.219000000000051,92662409,0,100,0.0,10.0,200.0,186.0,7,0
328705300,1,9268,14.219000000000051,92672409,0,100,0.0,10.0,200.0,186.0,7,0
328705300,1,9269,14.219000000000051,92682409,0,100,0.0,10.0,200.0,186.0,7,0
328705300,1,9270,14.219000000000051,92692409,0,100,0.0,10.0,200.0,186.0,7,0
328705300,1,9271,14.219000000000051,92702409,0,100,0.0,10.0,200.0,186.0,7,0
328705300,1,9272,14.219000000000051,92712409,0,100,0.0,10.0,200.0,186.0,7,0
328705300,1,9273,14.219000000000051,92722409,0,100,0.0,10.0,200.0,186.0,7,0
328705300,1,9274,14.219000000000051,92732409,0,100,0.0,10.0,200.0,186.0,7,0
328705300,1,9275,14.219000000000051,92742409,0,100,0.0,10.0,200.0,186.0,7,0
328705300,1,9276,14.219000000000051,92752409,0,100,0.0,10.0,200.0,186.0,7,0
328705300,1,9277,14.219000000000051,92762409,0,100,0.0,10.0,200.0,186.0,7,0
328705300,1,9278,14.219000000000051,92772409,0,100,0.0,10.0,200.0,186.0,7,0
328705300,1,9279,14.219000000000051,92782409,0,100,0.0,10.0,200.0,186.0,7,0
328705300,1,9280,14.219000000000051,92792409,0,100,0.0,10.0,200.0,186.0,7,0
328705300,1,9281,14.219000000000051,92802409,0,100,0.0,10.0,200.0,186.0,7,0
328705300,1,9282,14.219000000000051,92812409,0,100,0.0,10.0,200.0,186.0,7,0
328705300,1,9283,14.219000000000051,92822409,0,100,0.0,10.0,200.0,186.0,7,0
328705300,1,9284,14.219000000000051,92832409,0,100,0.0,10.0,200.0,186.0,7,0
328705300,1,9285,14.219000000000051,92842409,0,100,0.0,10.0,200.0,186.0,7,0
328705300,1,9286,14.219000000000051,92852409,0,100,0.0,10.0,200.0,186.0,7,0
328705300,1,9287,14.219000000000051,92862409,0,100,0.0,10.0,200.0,186.0,7,0
328705300,1,9288,14.219000000000051,92872409,0,100,0.0,10.0,200.0,186.0,7,0
328705300,1,9289,14.219000000000051,92882409,0,100,0.0,10.0,200.0,186.0,7,0
328705300,1,9290,14.780999999999949,92892409,0,100,0.0,10.0,200.0,186.0,7,0
328705300,1,9291,14.780999999999949,92902409,0,100,0.0,10.0,200.0,186.0,7,0
328705300,1,9292,14.780999999999949,92912409,0,100,0.0,10.0,200.0,186.0,7,0
328705300,1,9293,14.780999999999949,92922409,0,100,0.0,10.0,200.0,186.0,7,0
328705300,1,9294,14.780999999999949,92932409,0,100,0.0,10.0,200.0,186.0,7,0
328705300,1,9295,14.780999999999949,92942409,0,100,0.0,10.0,200.0,186.0,7,0
328705300,1,9296,14.780999999999949,92952409,0,100,0.0,10.0,200.0,186.0,7,0
328705300,1,9297,14.780999999999949,92962409,0,100,0.0,10.0,200.0,186.0,7,0
328705300,1,9298,14.780999999999949,92972409,0,100,0.0,10.0,200.0,186.0,7,0
328705300,1,9299,14.780999999999949,92982409,0,100,0.0,10.0,200.0,186.0,7,0
328705300,1,9300,14.780999999999949,92992409,0,100,0.0,10.0,200.0,186.0,7,0
328705300,1,9301,14.780999999999949,93002409,0,100,0.0,10.0,200.0,186.0,7,0
328705300,1,9302,14.780999999999949,93012409,0,100,0.0,10.0,200.0,186.0,7,0
328705300,1,9303,14.780999999999949,93022409,0,100,0.0,10.0,200.0,186.0,7,0
328705300,1,9304,14.780999999999949,93032409,0,100,0.0,10.0,200.0,186.0,7,0
328705300,1,9305,14.780999999999949,93042409,0,100,0.0,10.0,200.0,186.0,7,0
328705300,1,9306,14.780999999999949,93052409,0,100,0.0,10.0,200.0,186.0,7,0
328705300,1,9307,14.780999999999949,93062409,0,100,0.0,10.0,200.0,186.0,7,0
328705300,1,9308,14.780999999999949,93072409,0,100,0.0,10.0,200.0,186.0,7,0
328705300,1,9309,14.780999999999949,93082409,0,100,0.0,10.0,200.0,186.0,7,0
328705300,1,9310,14.780999999999949,93092409,0,100,0.0,10.0,200.0,186.0,7,0
328705300,1,9311,14.780999999999949,93102409,0,100,0.0,10.0,200.0,186.0,7,0
328705300,1,9312,14.780999999999949,93112409,0,100,0.0,10.0,200.0,186.0,7,0
328705300,1,9313,14.780999999999949,93122409,0,100,0.0,10.0,200.0,186.0,7,0
328705300,1,9314,14.780999999999949,93132409,0,100,0.0,10.0,200.0,186.0,7,0
328705300,1,9315,14.780999999999949,93142409,0,100,0.0,10.0,200.0,186.0,7,0
328705300,1,9316,14.780999999999949,93152409,0,100,0.0,10.0,200.0,186.0,7,0
328705300,1,9317,14.780999999999949,93162409,0,100,0.0,10.0,200.0,186.0,7,0
328705300,1,9318,14.780999999999949,93172409,0,100,0.0,10.0,200.0,186.0,7,0
328705300,1,9319,14.780999999999949,93182409,0,100,0.0,10.0,200.0,186.0,7,0
328705300,1,9320,14.780999999999949,93192409,0,100,0.0,10.0,200.0,186.0,7,0
328705300,1,9321,14.780999999999949,93202409,0,100,0.0,10.0,200.0,186.0,7,0
328705300,1,9322,14.780999999999949,93212409,0,100,0.0,10.0,200.0,186.0,7,0
328705300,1,9323,14.780999999999949,93222409,0,100,0.0,10.0,200.0,186.0,7,0
328705300,1,9324,14.780999999999949,93232409,0,100,0.0,10.0,200.0,186.0,7,0
328705300,1,9325,14.780999999999949,93242409,0,100,0.0,10.0,200.0,186.0,7,0
328705300,1,9326,14.780999999999949,93252409,0,100,0.0,10.0,200.0,186.0,7,0
328705300,1,9327,14.780999999999949,93262409,0,100,0.0,10.0,200.0,186.0,7,0
328705300,1,9328,14.780999999999949,93272409,0,100,0.0,10.0,200.0,186.0,7,0
328705300,1,9329,14.780999999999949,93282409,0,100,0.0,10.0,200.0,186.0,7,0
328705300,1,9330,14.780999999999949,93292409,0,100,0.0,10.0,200.0,186.0,7,0
328705300,1,9331,14.780999999999949,93302409,0,100,0.0,10.0,200.0,186.0,7,0
328705300,1,9332,14.780999999999949,93312409,0,100,0.0,10.0,200.0,186.0,7,0
328705300,1,9333,14.780999999999949,93322409,0,100,0.0,10.0,200.0,186.0,7,0
328705300,1,9334,14.780999999999949,93332409,0,100,0.0,10.0,200.0,186.0,7,0
328705300,1,9335,14.780999999999949,93342409,0,100,0.0,10.0,200.0,186.0,7,0
328705300,1,9336,14.780999999999949,93352409,0,100,0.0,10.0,200.0,186.0,7,0
328705300,1,9337,14.780999999999949,93362409,0,100,0.0,10.0,200.0,186.0,7,0
328705300,1,9338,14.780999999999949,93372409,0,100,0.0,10.0,200.0,186.0,7,0
328705300,1,9339,14.780999999999949,93382409,0,100,0.0,10.0,200.0,186.0,7,0
328705300,1,9340,14.780999999999949,93392409,0,100,0.0,10.0,200.0,186.0,7,0
328705300,1,9341,14.780999999999949,93402409,0,100,0.0,10.0,200.0,186.0,7,0
328705300,1,9342,14.780999999999949,93412409,0,100,0.0,10.0,200.0,186.0,7,0
328705300,1,9343,14.780999999999949,93422409,0,100,0.0,10.0,200.0,186.0,7,0
328705300,1,9344,14.780999999999949,93432409,0,100,0.0,10.0,200.0,186.0,7,0
328705300,1,9345,14.780999999999949,93442409,0,100,0.0,10.0,200.0,186.0,7,0
328705300,1,9346,15.155999999999949,93452409,0,100,0.0,10.0,200.0,186.0,7,0
328705300,1,9347,15.155999999999949,93462409,0,100,0.0,10.0,200.0,186.0,7,0
328705300,1,9348,15.155999999999949,93472409,0,100,0.0,10.0,200.0,186.0,7,0
328705300,1,9349,15.155999999999949,93482409,0,100,0.0,10.0,200.0,186.0,7,0
328705300,1,9350,15.155999999999949,93492409,0,100,0.0,10.0,200.0,186.0,7,0
328705300,1,9351,15.155999999999949,93502409,0,100,0.0,10.0,200.0,186.0,7,0
328705300,1,9352,15.155999999999949,93512409,0,100,0.0,10.0,200.0,186.0,7,0
328705300,1,9353,15.155999999999949,93522409,0,100,0.0,10.0,200.0,186.0,7,0
328705300,1,9354,15.155999999999949,93532409,0,100,0.0,10.0,200.0,186.0,7,0
328705300,1,9355,15.155999999999949,93542409,0,100,0.0,10.0,200.0,186.0,7,0
328705300,1,9356,15.155999999999949,93552409,0,100,0.0,10.0,200.0,186.0,7,0
328705300,1,9357,15.155999999999949,93562409,0,100,0.0,10.0,200.0,186.0,7,0
328705300,1,9358,15.155999999999949,93572409,0,100,0.0,10.0,200.0,186.0,7,0
328705300,1,9359,15.155999999999949,93582411,0,100,0.0,10.0,200.0,186.0,7,0
328705300,1,9360,15.155999999999949,93592409,0,100,0.0,10.0,200.0,186.0,7,0
328705300,1,9361,15.155999999999949,93602409,0,100,0.0,10.0,200.0,186.0,7,0
328705300,1,9362,15.155999999999949,93612409,0,100,0.0,10.0,200.0,186.0,7,0
328705300,1,9363,15.155999999999949,93622409,0,100,0.0,10.0,200.0,186.0,7,0
328705300,1,9364,15.155999999999949,93632409,0,100,0.0,10.0,200.0,186.0,7,0
328705300,1,9365,15.155999999999949,93642409,0,100,0.0,10.0,200.0,186.0,7,0
328705300,1,9366,15.155999999999949,93652409,0,100,0.0,10.0,200.0,186.0,7,0
328705300,1,9367,15.155999999999949,93662409,0,100,0.0,10.0,200.0,186.0,7,0
328705300,1,9368,15.155999999999949,93672409,0,100,0.0,10.0,200.0,186.0,7,0
328705300,1,9369,15.155999999999949,93682409,0,100,0.0,10.0,200.0,186.0,7,0
328705300,1,9370,15.155999999999949,93692409,0,100,0.0,10.0,200.0,186.0,7,0
328705300,1,9371,15.155999999999949,93702409,0,100,0.0,10.0,200.0,186.0,7,0
328705300,1,9372,15.155999999999949,93712409,0,100,0.0,10.0,200.0,186.0,7,0
328705300,1,9373,15.155999999999949,93722409,0,100,0.0,10.0,200.0,186.0,7,0
328705300,1,9374,15.155999999999949,93732409,0,100,0.0,10.0,200.0,186.0,7,0
328705300,1,9375,15.155999999999949,93742409,0,100,0.0,10.0,200.0,186.0,7,0
328705300,1,9376,15.155999999999949,93752409,0,100,0.0,10.0,200.0,186.0,7,0
328705300,1,9377,15.155999999999949,93762409,0,100,0.0,10.0,200.0,186.0,7,0
328705300,1,9378,15.155999999999949,93772409,0,100,0.0,10.0,200.0,186.0,7,0
328705300,1,9379,15.155999999999949,93782409,0,100,0.0,10.0,200.0,186.0,7,0
328705300,1,9380,15.155999999999949,93792409,0,100,0.0,10.0,200.0,186.0,7,0
328705300,1,9381,15.155999999999949,93802409,0,100,0.0,10.0,200.0,186.0,7,0
328705300,1,9382,15.155999999999949,93812409,0,100,0.0,10.0,200.0,186.0,7,0
328705300,1,9383,15.155999999999949,93822409,0,100,0.0,10.0,200.0,186.0,7,0
328705300,1,9384,15.155999999999949,93832409,0,100,0.0,10.0,200.0,186.0,7,0
328705300,1,9385,15.155999999999949,93842409,0,100,0.0,10.0,200.0,186.0,7,0
328705300,1,9386,15.359999999999673,93852409,0,100,0.0,10.0,200.0,186.0,7,0
328705300,1,9387,15.359999999999673,93862409,0,100,0.0,10.0,200.0,186.0,7,0
328705300,1,9388,15.359999999999673,93872409,0,100,0.0,10.0,200.0,186.0,7,0
328705300,1,9389,15.359999999999673,93882409,0,100,0.0,10.0,200.0,186.0,7,0
328705300,1,9390,15.359999999999673,93892409,0,100,0.0,10.0,200.0,186.0,7,0
328705300,1,9391,15.359999999999673,93902409,0,100,0.0,10.0,200.0,186.0,7,0
328705300,1,9392,15.359999999999673,93912409,0,100,0.0,10.0,200.0,186.0,7,0
328705300,1,9393,15.359999999999673,93922409,0,100,0.0,10.0,200.0,186.0,7,0
328705300,1,9394,15.359999999999673,93932409,0,100,0.0,10.0,200.0,186.0,7,0
328705300,1,9395,15.359999999999673,93942409,0,100,0.0,10.0,200.0,186.0,7,0
328705300,1,9396,15.359999999999673,93952409,0,100,0.0,10.0,200.0,186.0,7,0
328705300,1,9397,15.359999999999673,93962409,0,100,0.0,10.0,200.0,186.0,7,0
328705300,1,9398,15.359999999999673,93972409,0,100,0.0,10.0,200.0,186.0,7,0
328705300,1,9399,15.359999999999673,93982409,0,100,0.0,10.0,200.0,186.0,7,0
328705300,1,9400,15.359999999999673,93992409,0,100,0.0,10.0,200.0,186.0,7,0
328705300,1,9401,15.359999999999673,94002409,0,100,0.0,10.0,200.0,186.0,7,0
328705300,1,9402,15.875,94012409,0,100,0.0,10.0,200.0,186.0,7,0
328705300,1,9403,15.875,94022409,0,100,0.0,10.0,200.0,186.0,7,0
328705300,1,9404,15.875,94032409,0,100,0.0,10.0,200.0,186.0,7,0
328705300,1,9405,15.875,94042409,0,100,0.0,10.0,200.0,186.0,7,0
328705300,1,9406,15.875,94052409,0,100,0.0,10.0,200.0,186.0,7,0
328705300,1,9407,15.875,94062409,0,100,0.0,10.0,200.0,186.0,7,0
328705300,1,9408,15.875,94072409,0,100,0.0,10.0,200.0,186.0,7,0
328705300,1,9409,15.875,94082409,0,100,0.0,10.0,200.0,186.0,7,0
328705300,1,9410,15.875,94092409,0,100,0.0,10.0,200.0,186.0,7,0
328705300,1,9411,15.875,94102409,0,100,0.0,10.0,200.0,186.0,7,0
328705300,1,9412,15.875,94112409,0,100,0.0,10.0,200.0,186.0,7,0
328705300,1,9413,15.875,94122409,0,100,0.0,10.0,200.0,186.0,7,0
328705300,1,9414,15.875,94132409,0,100,0.0,10.0,200.0,186.0,7,0
328705300,1,9415,15.875,94142409,0,100,0.0,10.0,200.0,186.0,7,0
328705300,1,9416,15.875,94152409,0,100,0.0,10.0,200.0,186.0,7,0
328705300,1,9417,15.875,94162409,0,100,0.0,10.0,200.0,186.0,7,0
328705300,1,9418,15.875,94172409,0,100,0.0,10.0,200.0,186.0,7,0
328705300,1,9419,15.875,94182409,0,100,0.0,10.0,200.0,186.0,7,0
328705300,1,9420,15.875,94192409,0,100,0.0,10.0,200.0,186.0,7,0
328705300,1,9421,15.875,94202409,0,100,0.0,10.0,200.0,186.0,7,0
328705300,1,9422,15.875,94212409,0,100,0.0,10.0,200.0,186.0,7,0
328705300,1,9423,15.875,94222409,0,100,0.0,10.0,200.0,186.0,7,0
328705300,1,9424,15.875,94232409,0,100,0.0,10.0,200.0,186.0,7,0
328705300,1,9425,15.875,94242409,0,100,0.0,10.0,200.0,186.0,7,0
328705300,1,9426,15.875,94252409,0,100,0.0,10.0,200.0,186.0,7,0
328705300,1,9427,15.875,94262409,0,100,0.0,10.0,200.0,186.0,7,0
328705300,1,9428,15.875,94272409,0,100,0.0,10.0,200.0,186.0,7,0
328705300,1,9429,15.875,94282409,0,100,0.0,10.0,200.0,186.0,7,0
328705300,1,9430,15.875,94292409,0,100,0.0,10.0,200.0,186.0,7,0
328705300,1,9431,15.875,94302409,0,100,0.0,10.0,200.0,186.0,7,0
328705300,1,9432,15.875,94312409,0,100,0.0,10.0,200.0,186.0,7,0
328705300,1,9433,15.875,94322409,0,100,0.0,10.0,200.0,186.0,7,0
328705300,1,9434,15.875,94332409,0,100,0.0,10.0,200.0,186.0,7,0
328705300,1,9435,15.875,94342409,0,100,0.0,10.0,200.0,186.0,7,0
328705300,1,9436,15.875,94352409,0,100,0.0,10.0,200.0,186.0,7,0
328705300,1,9437,15.875,94362409,0,100,0.0,10.0,200.0,186.0,7,0
328705300,1,9438,15.875,94372409,0,100,0.0,10.0,200.0,186.0,7,0
328705300,1,9439,15.875,94382409,0,100,0.0,10.0,200.0,186.0,7,0
328705300,1,9440,15.875,94392409,0,100,0.0,10.0,200.0,186.0,7,0
328705300,1,9441,15.875,94402409,0,100,0.0,10.0,200.0,186.0,7,0
328705300,1,9442,15.875,94412409,0,100,0.0,10.0,200.0,186.0,7,0
328705300,1,9443,15.875,94422409,0,100,0.0,10.0,200.0,186.0,7,0
328705300,1,9444,15.875,94432409,0,100,0.0,10.0,200.0,186.0,7,0
328705300,1,9445,15.875,94442409,0,100,0.0,10.0,200.0,186.0,7,0
328705300,1,9446,15.875,94452409,0,100,0.0,10.0,200.0,186.0,7,0
328705300,1,9447,15.875,94462409,0,100,0.0,10.0,200.0,186.0,7,0
328705300,1,9448,15.875,94472409,0,100,0.0,10.0,200.0,186.0,7,0
328705300,1,9449,15.875,94482409,0,100,0.0,10.0,200.0,186.0,7,0
328705300,1,9450,15.875,94492409,0,100,0.0,10.0,200.0,186.0,7,0
328705300,1,9451,15.875,94502409,0,100,0.0,10.0,200.0,186.0,7,0
328705300,1,9452,15.875,94512409,0,100,0.0,10.0,200.0,186.0,7,0
328705300,1,9453,15.875,94522409,0,100,0.0,10.0,200.0,186.0,7,0
328705300,1,9454,15.875,94532409,0,100,0.0,10.0,200.0,186.0,7,0
328705300,1,9455,15.875,94542409,0,100,0.0,10.0,200.0,186.0,7,0
328705300,1,9456,15.875,94552409,0,100,0.0,10.0,200.0,186.0,7,0
328705300,1,9457,15.875,94562409,0,100,0.0,10.0,200.0,186.0,7,0
328705300,1,9458,16.46900000000005,94572409,0,100,0.0,10.0,200.0,186.0,7,0
328705300,1,9459,16.46900000000005,94582409,0,100,0.0,10.0,200.0,186.0,7,0
328705300,1,9460,16.46900000000005,94592409,0,100,0.0,10.0,200.0,186.0,7,0
328705300,1,9461,16.46900000000005,94602409,0,100,0.0,10.0,200.0,186.0,7,0
328705300,1,9462,16.46900000000005,94612409,0,100,0.0,10.0,200.0,186.0,7,0
328705300,1,9463,16.46900000000005,94622409,0,100,0.0,10.0,200.0,186.0,7,0
328705300,1,9464,16.46900000000005,94632409,0,100,0.0,10.0,200.0,186.0,7,0
328705300,1,9465,16.46900000000005,94642409,0,100,0.0,10.0,200.0,186.0,7,0
328705300,1,9466,16.46900000000005,94652409,0,100,0.0,10.0,200.0,186.0,7,0
328705300,1,9467,16.46900000000005,94662409,0,100,0.0,10.0,200.0,186.0,7,0
328705300,1,9468,16.46900000000005,94672409,0,100,0.0,10.0,200.0,186.0,7,0
328705300,1,9469,16.46900000000005,94682409,0,100,0.0,10.0,200.0,186.0,7,0
328705300,1,9470,16.46900000000005,94692409,0,100,0.0,10.0,200.0,186.0,7,0
328705300,1,9471,16.46900000000005,94702409,0,100,0.0,10.0,200.0,186.0,7,0
328705300,1,9472,16.46900000000005,94712409,0,100,0.0,10.0,200.0,186.0,7,0
328705300,1,9473,16.46900000000005,94722409,0,100,0.0,10.0,200.0,186.0,7,0
328705300,1,9474,16.46900000000005,94732409,0,100,0.0,10.0,200.0,186.0,7,0
328705300,1,9475,16.46900000000005,94742409,0,100,0.0,10.0,200.0,186.0,7,0
328705300,1,9476,16.46900000000005,94752409,0,100,0.0,10.0,200.0,186.0,7,0
328705300,1,9477,16.46900000000005,94762409,0,100,0.0,10.0,200.0,186.0,7,0
328705300,1,9478,16.46900000000005,94772409,0,100,0.0,10.0,200.0,186.0,7,0
328705300,1,9479,16.46900000000005,94782409,0,100,0.0,10.0,200.0,186.0,7,0
328705300,1,9480,16.46900000000005,94792409,0,100,0.0,10.0,200.0,186.0,7,0
328705300,1,9481,16.46900000000005,94802409,0,100,0.0,10.0,200.0,186.0,7,0
328705300,1,9482,16.46900000000005,94812409,0,100,0.0,10.0,200.0,186.0,7,0
328705300,1,9483,16.46900000000005,94822409,0,100,0.0,10.0,200.0,186.0,7,0
328705300,1,9484,16.46900000000005,94832409,0,100,0.0,10.0,200.0,186.0,7,0
328705300,1,9485,16.46900000000005,94842409,0,100,0.0,10.0,200.0,186.0,7,0
328705300,1,9486,16.46900000000005,94852409,0,100,0.0,10.0,200.0,186.0,7,0
328705300,1,9487,16.46900000000005,94862409,0,100,0.0,10.0,200.0,186.0,7,0
328705300,1,9488,16.46900000000005,94872409,0,100,0.0,10.0,200.0,186.0,7,0
328705300,1,9489,16.46900000000005,94882409,0,100,0.0,10.0,200.0,186.0,7,0
328705300,1,9490,16.46900000000005,94892409,0,100,0.0,10.0,200.0,186.0,7,0
328705300,1,9491,16.46900000000005,94902409,0,100,0.0,10.0,200.0,186.0,7,0
328705300,1,9492,16.46900000000005,94912409,0,100,0.0,10.0,200.0,186.0,7,0
328705300,1,9493,16.46900000000005,94922409,0,100,0.0,10.0,200.0,186.0,7,0
328705300,1,9494,16.46900000000005,94932409,0,100,0.0,10.0,200.0,186.0,7,0
328705300,1,9495,16.46900000000005,94942409,0,100,0.0,10.0,200.0,186.0,7,0
328705300,1,9496,16.46900000000005,94952409,0,100,0.0,10.0,200.0,186.0,7,0
328705300,1,9497,16.46900000000005,94962409,0,100,0.0,10.0,200.0,186.0,7,0
328705300,1,9498,16.46900000000005,94972409,0,100,0.0,10.0,200.0,186.0,7,0
328705300,1,9499,16.46900000000005,94982409,0,100,0.0,10.0,200.0,186.0,7,0
328705300,1,9500,16.46900000000005,94992409,0,100,0.0,10.0,200.0,186.0,7,0
328705300,1,9501,16.46900000000005,95002409,0,100,0.0,10.0,200.0,186.0,7,0
328705300,1,9502,16.46900000000005,95012409,0,100,0.0,10.0,200.0,186.0,7,0
328705300,1,9503,16.46900000000005,95022409,0,100,0.0,10.0,200.0,186.0,7,0
328705300,1,9504,16.46900000000005,95032409,0,100,0.0,10.0,200.0,186.0,7,0
328705300,1,9505,16.46900000000005,95042409,0,100,0.0,10.0,200.0,186.0,7,0
328705300,1,9506,16.46900000000005,95052409,0,100,0.0,10.0,200.0,186.0,7,0
328705300,1,9507,16.46900000000005,95062409,0,100,0.0,10.0,200.0,186.0,7,0
328705300,1,9508,16.46900000000005,95072409,0,100,0.0,10.0,200.0,186.0,7,0
328705300,1,9509,16.46900000000005,95082409,0,100,0.0,10.0,200.0,186.0,7,0
328705300,1,9510,16.46900000000005,95092409,0,100,0.0,10.0,200.0,186.0,7,0
328705300,1,9511,16.46900000000005,95102409,0,100,0.0,10.0,200.0,186.0,7,0
328705300,1,9512,16.46900000000005,95112409,0,100,0.0,10.0,200.0,186.0,7,0
328705300,1,9513,16.46900000000005,95122409,0,100,0.0,10.0,200.0,186.0,7,0
328705300,1,9514,16.51599999999962,95132409,0,100,0.0,10.0,200.0,186.0,7,0
328705300,1,9515,16.51599999999962,95142410,0,100,0.0,10.0,200.0,186.0,7,0
328705300,1,9516,16.51599999999962,95152409,0,100,0.0,10.0,200.0,186.0,7,0
328705300,1,9517,16.51599999999962,95162409,0,100,0.0,10.0,200.0,186.0,7,0
328705300,1,9518,16.51599999999962,95172409,0,100,0.0,10.0,200.0,186.0,7,0
328705300,1,9519,16.51599999999962,95182409,0,100,0.0,10.0,200.0,186.0,7,0
328705300,1,9520,16.51599999999962,95192409,0,100,0.0,10.0,200.0,186.0,7,0
328705300,1,9521,16.51599999999962,95202409,0,100,0.0,10.0,200.0,186.0,7,0
328705300,1,9522,17.09400000000005,95212409,0,100,0.0,10.0,200.0,186.0,7,0
328705300,1,9523,17.09400000000005,95222409,0,100,0.0,10.0,200.0,186.0,7,0
328705300,1,9524,17.09400000000005,95232409,0,100,0.0,10.0,200.0,186.0,7,0
328705300,1,9525,17.09400000000005,95242409,0,100,0.0,10.0,200.0,186.0,7,0
328705300,1,9526,17.09400000000005,95252409,0,100,0.0,10.0,200.0,186.0,7,0
328705300,1,9527,17.09400000000005,95262409,0,100,0.0,10.0,200.0,186.0,7,0
328705300,1,9528,17.09400000000005,95272409,0,100,0.0,10.0,200.0,186.0,7,0
328705300,1,9529,17.09400000000005,95282409,0,100,0.0,10.0,200.0,186.0,7,0
328705300,1,9530,17.09400000000005,95292409,0,100,0.0,10.0,200.0,186.0,7,0
328705300,1,9531,17.09400000000005,95302409,0,100,0.0,10.0,200.0,186.0,7,0
328705300,1,9532,17.09400000000005,95312409,0,100,0.0,10.0,200.0,186.0,7,0
328705300,1,9533,17.09400000000005,95322409,0,100,0.0,10.0,200.0,186.0,7,0
328705300,1,9534,17.09400000000005,95332409,0,100,0.0,10.0,200.0,186.0,7,0
328705300,1,9535,17.09400000000005,95342409,0,100,0.0,10.0,200.0,186.0,7,0
328705300,1,9536,17.09400000000005,95352409,0,100,0.0,10.0,200.0,186.0,7,0
328705300,1,9537,17.09400000000005,95362409,0,100,0.0,10.0,200.0,186.0,7,0
328705300,1,9538,17.09400000000005,95372409,0,100,0.0,10.0,200.0,186.0,7,0
328705300,1,9539,17.09400000000005,95382409,0,100,0.0,10.0,200.0,186.0,7,0
328705300,1,9540,17.09400000000005,95392409,0,100,0.0,10.0,200.0,186.0,7,0
328705300,1,9541,17.09400000000005,95402409,0,100,0.0,10.0,200.0,186.0,7,0
328705300,1,9542,17.09400000000005,95412409,0,100,0.0,10.0,200.0,186.0,7,0
328705300,1,9543,17.09400000000005,95422409,0,100,0.0,10.0,200.0,186.0,7,0
328705300,1,9544,17.09400000000005,95432409,0,100,0.0,10.0,200.0,186.0,7,0
328705300,1,9545,17.09400000000005,95442409,0,100,0.0,10.0,200.0,186.0,7,0
328705300,1,9546,17.09400000000005,95452409,0,100,0.0,10.0,200.0,186.0,7,0
328705300,1,9547,17.09400000000005,95462409,0,100,0.0,10.0,200.0,186.0,7,0
328705300,1,9548,17.09400000000005,95472409,0,100,0.0,10.0,200.0,186.0,7,0
328705300,1,9549,17.09400000000005,95482409,0,100,0.0,10.0,200.0,186.0,7,0
328705300,1,9550,17.09400000000005,95492409,0,100,0.0,10.0,200.0,186.0,7,0
328705300,1,9551,17.09400000000005,95502409,0,100,0.0,10.0,200.0,186.0,7,0
328705300,1,9552,17.09400000000005,95512409,0,100,0.0,10.0,200.0,186.0,7,0
328705300,1,9553,17.09400000000005,95522409,0,100,0.0,10.0,200.0,186.0,7,0
328705300,1,9554,17.09400000000005,95532409,0,100,0.0,10.0,200.0,186.0,7,0
328705300,1,9555,17.09400000000005,95542409,0,100,0.0,10.0,200.0,186.0,7,0
328705300,1,9556,17.09400000000005,95552409,0,100,0.0,10.0,200.0,186.0,7,0
328705300,1,9557,17.09400000000005,95562409,0,100,0.0,10.0,200.0,186.0,7,0
328705300,1,9558,17.09400000000005,95572409,0,100,0.0,10.0,200.0,186.0,7,0
328705300,1,9559,17.09400000000005,95582409,0,100,0.0,10.0,200.0,186.0,7,0
328705300,1,9560,17.09400000000005,95592409,0,100,0.0,10.0,200.0,186.0,7,0
328705300,1,9561,17.09400000000005,95602409,0,100,0.0,10.0,200.0,186.0,7,0
328705300,1,9562,17.09400000000005,95612409,0,100,0.0,10.0,200.0,186.0,7,0
328705300,1,9563,17.09400000000005,95622409,0,100,0.0,10.0,200.0,186.0,7,0
328705300,1,9564,17.09400000000005,95632409,0,100,0.0,10.0,200.0,186.0,7,0
328705300,1,9565,17.09400000000005,95642409,0,100,0.0,10.0,200.0,186.0,7,0
328705300,1,9566,17.09400000000005,95652409,0,100,0.0,10.0,200.0,186.0,7,0
328705300,1,9567,17.09400000000005,95662409,0,100,0.0,10.0,200.0,186.0,7,0
328705300,1,9568,17.09400000000005,95672409,0,100,0.0,10.0,200.0,186.0,7,0
328705300,1,9569,17.09400000000005,95682409,0,100,0.0,10.0,200.0,186.0,7,0
328705300,1,9570,17.09400000000005,95692409,0,100,0.0,10.0,200.0,186.0,7,0
328705300,1,9571,17.09400000000005,95702409,0,100,0.0,10.0,200.0,186.0,7,0
328705300,1,9572,17.09400000000005,95712409,0,100,0.0,10.0,200.0,186.0,7,0
328705300,1,9573,17.09400000000005,95722409,0,100,0.0,10.0,200.0,186.0,7,0
328705300,1,9574,17.09400000000005,95732409,0,100,0.0,10.0,200.0,186.0,7,0
328705300,1,9575,17.09400000000005,95742409,0,100,0.0,10.0,200.0,186.0,7,0
328705300,1,9576,17.09400000000005,95752409,0,100,0.0,10.0,200.0,186.0,7,0
328705300,1,9577,17.09400000000005,95762409,0,100,0.0,10.0,200.0,186.0,7,0
328705300,1,9578,17.67199999999957,95772409,0,100,0.0,10.0,200.0,186.0,7,0
328705300,1,9579,17.67199999999957,95782409,0,100,0.0,10.0,200.0,186.0,7,0
328705300,1,9580,17.67199999999957,95792409,0,100,0.0,10.0,200.0,186.0,7,0
328705300,1,9581,17.67199999999957,95802409,0,100,0.0,10.0,200.0,186.0,7,0
328705300,1,9582,17.67199999999957,95812409,0,100,0.0,10.0,200.0,186.0,7,0
328705300,1,9583,17.67199999999957,95822409,0,100,0.0,10.0,200.0,186.0,7,0
328705300,1,9584,17.67199999999957,95832409,0,100,0.0,10.0,200.0,186.0,7,0
328705300,1,9585,17.67199999999957,95842409,0,100,0.0,10.0,200.0,186.0,7,0
328705300,1,9586,17.67199999999957,95852409,0,100,0.0,10.0,200.0,186.0,7,0
328705300,1,9587,17.67199999999957,95862410,0,100,0.0,10.0,200.0,186.0,7,0
328705300,1,9588,17.67199999999957,95872409,0,100,0.0,10.0,200.0,186.0,7,0
328705300,1,9589,17.67199999999957,95882409,0,100,0.0,10.0,200.0,186.0,7,0
328705300,1,9590,17.67199999999957,95892409,0,100,0.0,10.0,200.0,186.0,7,0
328705300,1,9591,17.67199999999957,95902409,0,100,0.0,10.0,200.0,186.0,7,0
328705300,1,9592,17.67199999999957,95912409,0,100,0.0,10.0,200.0,186.0,7,0
328705300,1,9593,17.67199999999957,95922409,0,100,0.0,10.0,200.0,186.0,7,0
328705300,1,9594,17.67199999999957,95932409,0,100,0.0,10.0,200.0,186.0,7,0
328705300,1,9595,17.67199999999957,95942409,0,100,0.0,10.0,200.0,186.0,7,0
328705300,1,9596,17.67199999999957,95952409,0,100,0.0,10.0,200.0,186.0,7,0
328705300,1,9597,17.67199999999957,95962409,0,100,0.0,10.0,200.0,186.0,7,0
328705300,1,9598,17.67199999999957,95972409,0,100,0.0,10.0,200.0,186.0,7,0
328705300,1,9599,17.67199999999957,95982419,0,100,0.0,10.0,200.0,186.0,7,0
328705300,1,9600,17.67199999999957,95992409,0,100,0.0,10.0,200.0,186.0,7,0
328705300,1,9601,17.67199999999957,96002409,0,100,0.0,10.0,200.0,186.0,7,0
328705300,1,9602,17.67199999999957,96012409,0,100,0.0,10.0,200.0,186.0,7,0
328705300,1,9603,17.67199999999957,96022409,0,100,0.0,10.0,200.0,186.0,7,0
328705300,1,9604,17.67199999999957,96032409,0,100,0.0,10.0,200.0,186.0,7,0
328705300,1,9605,17.67199999999957,96042409,0,100,0.0,10.0,200.0,186.0,7,0
328705300,1,9606,17.67199999999957,96052409,0,100,0.0,10.0,200.0,186.0,7,0
328705300,1,9607,17.67199999999957,96062409,0,100,0.0,10.0,200.0,186.0,7,0
328705300,1,9608,17.67199999999957,96072409,0,100,0.0,10.0,200.0,186.0,7,0
328705300,1,9609,17.67199999999957,96082409,0,100,0.0,10.0,200.0,186.0,7,0
328705300,1,9610,17.67199999999957,96092409,0,100,0.0,10.0,200.0,186.0,7,0
328705300,1,9611,17.67199999999957,96102409,0,100,0.0,10.0,200.0,186.0,7,0
328705300,1,9612,17.67199999999957,96112409,0,100,0.0,10.0,200.0,186.0,7,0
328705300,1,9613,17.67199999999957,96122409,0,100,0.0,10.0,200.0,186.0,7,0
328705300,1,9614,17.67199999999957,96132409,0,100,0.0,10.0,200.0,186.0,7,0
328705300,1,9615,17.67199999999957,96142409,0,100,0.0,10.0,200.0,186.0,7,0
328705300,1,9616,17.67199999999957,96152409,0,100,0.0,10.0,200.0,186.0,7,0
328705300,1,9617,17.67199999999957,96162409,0,100,0.0,10.0,200.0,186.0,7,0
328705300,1,9618,17.67199999999957,96172409,0,100,0.0,10.0,200.0,186.0,7,0
328705300,1,9619,17.67199999999957,96182409,0,100,0.0,10.0,200.0,186.0,7,0
328705300,1,9620,17.67199999999957,96192409,0,100,0.0,10.0,200.0,186.0,7,0
328705300,1,9621,17.67199999999957,96202409,0,100,0.0,10.0,200.0,186.0,7,0
328705300,1,9622,17.67199999999957,96212409,0,100,0.0,10.0,200.0,186.0,7,0
328705300,1,9623,17.67199999999957,96222409,0,100,0.0,10.0,200.0,186.0,7,0
328705300,1,9624,17.67199999999957,96232409,0,100,0.0,10.0,200.0,186.0,7,0
328705300,1,9625,17.67199999999957,96242409,0,100,0.0,10.0,200.0,186.0,7,0
328705300,1,9626,17.67199999999957,96252409,0,100,0.0,10.0,200.0,186.0,7,0
328705300,1,9627,17.67199999999957,96262409,0,100,0.0,10.0,200.0,186.0,7,0
328705300,1,9628,17.67199999999957,96272409,0,100,0.0,10.0,200.0,186.0,7,0
328705300,1,9629,17.67199999999957,96282409,0,100,0.0,10.0,200.0,186.0,7,0
328705300,1,9630,17.67199999999957,96292409,0,100,0.0,10.0,200.0,186.0,7,0
328705300,1,9631,17.67199999999957,96302409,0,100,0.0,10.0,200.0,186.0,7,0
328705300,1,9632,17.67199999999957,96312409,0,100,0.0,10.0,200.0,186.0,7,0
328705300,1,9633,17.67199999999957,96322409,0,100,0.0,10.0,200.0,186.0,7,0
328705300,1,9634,17.67199999999957,96332409,0,100,0.0,10.0,200.0,186.0,7,0
328705300,1,9635,17.67199999999957,96342409,0,100,0.0,10.0,200.0,186.0,7,0
328705300,1,9636,17.67199999999957,96352409,0,100,0.0,10.0,200.0,186.0,7,0
328705300,1,9637,17.67199999999957,96362409,0,100,0.0,10.0,200.0,186.0,7,0
328705300,1,9638,17.67199999999957,96372409,0,100,0.0,10.0,200.0,186.0,7,0
328705300,1,9639,17.67199999999957,96382409,0,100,0.0,10.0,200.0,186.0,7,0
328705300,1,9640,17.67199999999957,96392409,0,100,0.0,10.0,200.0,186.0,7,0
328705300,1,9641,17.67199999999957,96402409,0,100,0.0,10.0,200.0,186.0,7,0
328705300,1,9642,18.28099999999995,96412409,0,100,0.0,10.0,200.0,186.0,7,0
328705300,1,9643,18.28099999999995,96422409,0,100,0.0,10.0,200.0,186.0,7,0
328705300,1,9644,18.28099999999995,96432409,0,100,0.0,10.0,200.0,186.0,7,0
328705300,1,9645,18.28099999999995,96442409,0,100,0.0,10.0,200.0,186.0,7,0
328705300,1,9646,18.28099999999995,96452409,0,100,0.0,10.0,200.0,186.0,7,0
328705300,1,9647,18.28099999999995,96462409,0,100,0.0,10.0,200.0,186.0,7,0
328705300,1,9648,18.28099999999995,96472409,0,100,0.0,10.0,200.0,186.0,7,0
328705300,1,9649,18.28099999999995,96482409,0,100,0.0,10.0,200.0,186.0,7,0
328705300,1,9650,18.28099999999995,96492409,0,100,0.0,10.0,200.0,186.0,7,0
328705300,1,9651,18.28099999999995,96502409,0,100,0.0,10.0,200.0,186.0,7,0
328705300,1,9652,18.28099999999995,96512409,0,100,0.0,10.0,200.0,186.0,7,0
328705300,1,9653,18.28099999999995,96522409,0,100,0.0,10.0,200.0,186.0,7,0
328705300,1,9654,18.28099999999995,96532409,0,100,0.0,10.0,200.0,186.0,7,0
328705300,1,9655,18.28099999999995,96542409,0,100,0.0,10.0,200.0,186.0,7,0
328705300,1,9656,18.28099999999995,96552409,0,100,0.0,10.0,200.0,186.0,7,0
328705300,1,9657,18.28099999999995,96562409,0,100,0.0,10.0,200.0,186.0,7,0
328705300,1,9658,18.28099999999995,96572409,0,100,0.0,10.0,200.0,186.0,7,0
328705300,1,9659,18.28099999999995,96582409,0,100,0.0,10.0,200.0,186.0,7,0
328705300,1,9660,18.28099999999995,96592409,0,100,0.0,10.0,200.0,186.0,7,0
328705300,1,9661,18.28099999999995,96602409,0,100,0.0,10.0,200.0,186.0,7,0
328705300,1,9662,18.28099999999995,96612409,0,100,0.0,10.0,200.0,186.0,7,0
328705300,1,9663,18.28099999999995,96622409,0,100,0.0,10.0,200.0,186.0,7,0
328705300,1,9664,18.28099999999995,96632409,0,100,0.0,10.0,200.0,186.0,7,0
328705300,1,9665,18.28099999999995,96642409,0,100,0.0,10.0,200.0,186.0,7,0
328705300,1,9666,18.28099999999995,96652409,0,100,0.0,10.0,200.0,186.0,7,0
328705300,1,9667,18.28099999999995,96662409,0,100,0.0,10.0,200.0,186.0,7,0
328705300,1,9668,18.28099999999995,96672409,0,100,0.0,10.0,200.0,186.0,7,0
328705300,1,9669,18.28099999999995,96682409,0,100,0.0,10.0,200.0,186.0,7,0
328705300,1,9670,18.28099999999995,96692409,0,100,0.0,10.0,200.0,186.0,7,0
328705300,1,9671,18.28099999999995,96702409,0,100,0.0,10.0,200.0,186.0,7,0
328705300,1,9672,18.28099999999995,96712409,0,100,0.0,10.0,200.0,186.0,7,0
328705300,1,9673,18.28099999999995,96722409,0,100,0.0,10.0,200.0,186.0,7,0
328705300,1,9674,18.28099999999995,96732409,0,100,0.0,10.0,200.0,186.0,7,0
328705300,1,9675,18.28099999999995,96742409,0,100,0.0,10.0,200.0,186.0,7,0
328705300,1,9676,18.28099999999995,96752409,0,100,0.0,10.0,200.0,186.0,7,0
328705300,1,9677,18.28099999999995,96762409,0,100,0.0,10.0,200.0,186.0,7,0
328705300,1,9678,18.28099999999995,96772409,0,100,0.0,10.0,200.0,186.0,7,0
328705300,1,9679,18.28099999999995,96782409,0,100,0.0,10.0,200.0,186.0,7,0
328705300,1,9680,18.28099999999995,96792409,0,100,0.0,10.0,200.0,186.0,7,0
328705300,1,9681,18.28099999999995,96802409,0,100,0.0,10.0,200.0,186.0,7,0
328705300,1,9682,18.28099999999995,96812409,0,100,0.0,10.0,200.0,186.0,7,0
328705300,1,9683,18.28099999999995,96822409,0,100,0.0,10.0,200.0,186.0,7,0
328705300,1,9684,18.28099999999995,96832414,65535,100,-0.072727270424366,10.0,200.0,186.61817932128906,7,-1
328705300,1,9685,18.28099999999995,96842414,0,100,-0.072727270424366,10.0,200.0,186.61817932128906,7,0
328705300,1,9686,18.28099999999995,96852414,65535,100,-0.145454540848732,10.0,200.0,187.23635864257812,7,-1
328705300,1,9687,18.28099999999995,96862414,65534,100,-0.290909081697464,10.0,200.0,188.47271728515625,7,-2
328705300,1,9688,18.28099999999995,96872414,65534,100,-0.43636366724967957,10.0,200.0,189.70909118652344,7,-2
328705300,1,9689,18.28099999999995,96882414,65534,100,-0.5090909004211426,10.0,200.0,190.3272705078125,7,-2
328705300,1,9690,18.28099999999995,96892414,65533,100,-0.7272727489471436,10.0,200.0,192.18182373046875,7,-3
328705300,1,9691,18.28099999999995,96902414,65535,100,-0.7272727489471436,10.0,200.0,192.18182373046875,7,-1
328705300,1,9692,18.28099999999995,96912414,65535,100,-0.6545454263687134,10.0,200.0,191.56362915039062,7,-1
328705300,1,9693,18.28099999999995,96922414,65535,100,-0.581818163394928,10.0,200.0,190.94546508789062,7,-1
328705300,1,9694,18.28099999999995,96932414,65534,100,-0.581818163394928,10.0,200.0,190.94546508789062,7,-2
328705300,1,9695,18.28099999999995,96942414,0,100,-0.3636363744735718,10.0,200.0,189.09091186523438,7,0
328705300,1,9696,18.28099999999995,96952414,0,100,-0.290909081697464,10.0,200.0,188.47271728515625,7,0
328705300,1,9697,18.28099999999995,96962414,0,100,-0.21818183362483978,10.0,200.0,187.85455322265625,7,0
328705300,1,9698,18.859999999999673,96972414,0,100,-0.145454540848732,10.0,200.0,187.23635864257812,7,0
328705300,1,9699,18.859999999999673,96982409,0,100,0.0,10.0,200.0,186.0,7,0
328705300,1,9700,18.859999999999673,96992409,0,100,0.0,10.0,200.0,186.0,7,0
328705300,1,9701,18.859999999999673,97002409,0,100,0.0,10.0,200.0,186.0,7,0
328705300,1,9702,18.859999999999673,97012409,0,100,0.0,10.0,200.0,186.0,7,0
328705300,1,9703,18.859999999999673,97022409,0,100,0.0,10.0,200.0,186.0,7,0
328705300,1,9704,18.859999999999673,97032409,0,100,0.0,10.0,200.0,186.0,7,0
328705300,1,9705,18.859999999999673,97042409,0,100,0.0,10.0,200.0,186.0,7,0
328705300,1,9706,18.859999999999673,97052409,0,100,0.0,10.0,200.0,186.0,7,0
328705300,1,9707,18.859999999999673,97062409,0,100,0.0,10.0,200.0,186.0,7,0
328705300,1,9708,18.859999999999673,97072409,0,100,0.0,10.0,200.0,186.0,7,0
328705300,1,9709,18.859999999999673,97082409,0,100,0.0,10.0,200.0,186.0,7,0
328705300,1,9710,18.859999999999673,97092409,0,100,0.0,10.0,200.0,186.0,7,0
328705300,1,9711,18.859999999999673,97102409,0,100,0.0,10.0,200.0,186.0,7,0
328705300,1,9712,18.859999999999673,97112409,0,100,0.0,10.0,200.0,186.0,7,0
328705300,1,9713,18.859999999999673,97122409,0,100,0.0,10.0,200.0,186.0,7,0
328705300,1,9714,18.859999999999673,97132409,0,100,0.0,10.0,200.0,186.0,7,0
328705300,1,9715,18.859999999999673,97142409,0,100,0.0,10.0,200.0,186.0,7,0
328705300,1,9716,18.859999999999673,97152409,0,100,0.0,10.0,200.0,186.0,7,0
328705300,1,9717,18.859999999999673,97162409,0,100,0.0,10.0,200.0,186.0,7,0
328705300,1,9718,18.859999999999673,97172409,0,100,0.0,10.0,200.0,186.0,7,0
328705300,1,9719,18.859999999999673,97182409,0,100,0.0,10.0,200.0,186.0,7,0
328705300,1,9720,18.859999999999673,97192409,0,100,0.0,10.0,200.0,186.0,7,0
328705300,1,9721,18.859999999999673,97202409,0,100,0.0,10.0,200.0,186.0,7,0
328705300,1,9722,18.859999999999673,97212409,0,100,0.0,10.0,200.0,186.0,7,0
328705300,1,9723,18.859999999999673,97222409,0,100,0.0,10.0,200.0,186.0,7,0
328705300,1,9724,18.859999999999673,97232409,0,100,0.0,10.0,200.0,186.0,7,0
328705300,1,9725,18.859999999999673,97242409,0,100,0.0,10.0,200.0,186.0,7,0
328705300,1,9726,18.859999999999673,97252409,0,100,0.0,10.0,200.0,186.0,7,0
328705300,1,9727,18.859999999999673,97262409,0,100,0.0,10.0,200.0,186.0,7,0
328705300,1,9728,18.859999999999673,97272409,0,100,0.0,10.0,200.0,186.0,7,0
328705300,1,9729,18.859999999999673,97282409,0,100,0.0,10.0,200.0,186.0,7,0
328705300,1,9730,18.859999999999673,97292409,0,100,0.0,10.0,200.0,186.0,7,0
328705300,1,9731,18.859999999999673,97302409,0,100,0.0,10.0,200.0,186.0,7,0
328705300,1,9732,18.859999999999673,97312409,0,100,0.0,10.0,200.0,186.0,7,0
328705300,1,9733,18.859999999999673,97322409,0,100,0.0,10.0,200.0,186.0,7,0
328705300,1,9734,18.859999999999673,97332409,0,100,0.0,10.0,200.0,186.0,7,0
328705300,1,9735,18.859999999999673,97342409,0,100,0.0,10.0,200.0,186.0,7,0
328705300,1,9736,18.859999999999673,97352409,0,100,0.0,10.0,200.0,186.0,7,0
328705300,1,9737,18.859999999999673,97362409,0,100,0.0,10.0,200.0,186.0,7,0
328705300,1,9738,18.859999999999673,97372409,0,100,0.0,10.0,200.0,186.0,7,0
328705300,1,9739,18.859999999999673,97382409,0,100,0.0,10.0,200.0,186.0,7,0
328705300,1,9740,18.859999999999673,97392409,0,100,0.0,10.0,200.0,186.0,7,0
328705300,1,9741,18.859999999999673,97402409,0,100,0.0,10.0,200.0,186.0,7,0
328705300,1,9742,18.859999999999673,97412409,0,100,0.0,10.0,200.0,186.0,7,0
328705300,1,9743,18.859999999999673,97422409,0,100,0.0,10.0,200.0,186.0,7,0
328705300,1,9744,18.859999999999673,97432409,0,100,0.0,10.0,200.0,186.0,7,0
328705300,1,9745,18.859999999999673,97442409,0,100,0.0,10.0,200.0,186.0,7,0
328705300,1,9746,18.859999999999673,97452409,0,100,0.0,10.0,200.0,186.0,7,0
328705300,1,9747,18.859999999999673,97462409,0,100,0.0,10.0,200.0,186.0,7,0
328705300,1,9748,18.859999999999673,97472409,0,100,0.0,10.0,200.0,186.0,7,0
328705300,1,9749,18.859999999999673,97482409,0,100,0.0,10.0,200.0,186.0,7,0
328705300,1,9750,18.859999999999673,97492409,0,100,0.0,10.0,200.0,186.0,7,0
328705300,1,9751,18.859999999999673,97502409,0,100,0.0,10.0,200.0,186.0,7,0
328705300,1,9752,18.859999999999673,97512409,0,100,0.0,10.0,200.0,186.0,7,0
328705300,1,9753,18.859999999999673,97522409,0,100,0.0,10.0,200.0,186.0,7,0
328705300,1,9754,19.109999999999673,97532409,0,100,0.0,10.0,200.0,186.0,7,0
328705300,1,9755,19.109999999999673,97542409,0,100,0.0,10.0,200.0,186.0,7,0
328705300,1,9756,19.109999999999673,97552409,0,100,0.0,10.0,200.0,186.0,7,0
328705300,1,9757,19.109999999999673,97562409,0,100,0.0,10.0,200.0,186.0,7,0
328705300,1,9758,19.109999999999673,97572409,0,100,0.0,10.0,200.0,186.0,7,0
328705300,1,9759,19.109999999999673,97582409,0,100,0.0,10.0,200.0,186.0,7,0
328705300,1,9760,19.109999999999673,97592409,0,100,0.0,10.0,200.0,186.0,7,0
328705300,1,9761,19.109999999999673,97602409,0,100,0.0,10.0,200.0,186.0,7,0
328705300,1,9762,19.109999999999673,97612409,0,100,0.0,10.0,200.0,186.0,7,0
328705300,1,9763,19.109999999999673,97622409,0,100,0.0,10.0,200.0,186.0,7,0
328705300,1,9764,19.109999999999673,97632409,0,100,0.0,10.0,200.0,186.0,7,0
328705300,1,9765,19.109999999999673,97642409,0,100,0.0,10.0,200.0,186.0,7,0
328705300,1,9766,19.109999999999673,97652409,0,100,0.0,10.0,200.0,186.0,7,0
328705300,1,9767,19.109999999999673,97662409,0,100,0.0,10.0,200.0,186.0,7,0
328705300,1,9768,19.109999999999673,97672409,0,100,0.0,10.0,200.0,186.0,7,0
328705300,1,9769,19.109999999999673,97682409,0,100,0.0,10.0,200.0,186.0,7,0
328705300,1,9770,19.109999999999673,97692409,0,100,0.0,10.0,200.0,186.0,7,0
328705300,1,9771,19.109999999999673,97702409,0,100,0.0,10.0,200.0,186.0,7,0
328705300,1,9772,19.109999999999673,97712409,0,100,0.0,10.0,200.0,186.0,7,0
328705300,1,9773,19.109999999999673,97722409,0,100,0.0,10.0,200.0,186.0,7,0
328705300,1,9774,19.109999999999673,97732409,0,100,0.0,10.0,200.0,186.0,7,0
328705300,1,9775,19.109999999999673,97742409,0,100,0.0,10.0,200.0,186.0,7,0
328705300,1,9776,19.109999999999673,97752409,0,100,0.0,10.0,200.0,186.0,7,0
328705300,1,9777,19.109999999999673,97762409,0,100,0.0,10.0,200.0,186.0,7,0
328705300,1,9778,19.67199999999957,97772409,0,100,0.0,10.0,200.0,186.0,7,0
328705300,1,9779,19.67199999999957,97782409,0,100,0.0,10.0,200.0,186.0,7,0
328705300,1,9780,19.67199999999957,97792409,0,100,0.0,10.0,200.0,186.0,7,0
328705300,1,9781,19.67199999999957,97802409,0,100,0.0,10.0,200.0,186.0,7,0
328705300,1,9782,19.67199999999957,97812409,0,100,0.0,10.0,200.0,186.0,7,0
328705300,1,9783,19.67199999999957,97822409,0,100,0.0,10.0,200.0,186.0,7,0
328705300,1,9784,19.67199999999957,97832409,0,100,0.0,10.0,200.0,186.0,7,0
328705300,1,9785,19.67199999999957,97842409,0,100,0.0,10.0,200.0,186.0,7,0
328705300,1,9786,19.67199999999957,97852409,0,100,0.0,10.0,200.0,186.0,7,0
328705300,1,9787,19.67199999999957,97862409,0,100,0.0,10.0,200.0,186.0,7,0
328705300,1,9788,19.67199999999957,97872409,0,100,0.0,10.0,200.0,186.0,7,0
328705300,1,9789,19.67199999999957,97882409,0,100,0.0,10.0,200.0,186.0,7,0
328705300,1,9790,19.67199999999957,97892409,0,100,0.0,10.0,200.0,186.0,7,0
328705300,1,9791,19.67199999999957,97902409,0,100,0.0,10.0,200.0,186.0,7,0
328705300,1,9792,19.67199999999957,97912409,0,100,0.0,10.0,200.0,186.0,7,0
328705300,1,9793,19.67199999999957,97922409,0,100,0.0,10.0,200.0,186.0,7,0
328705300,1,9794,19.67199999999957,97932409,0,100,0.0,10.0,200.0,186.0,7,0
328705300,1,9795,19.67199999999957,97942409,0,100,0.0,10.0,200.0,186.0,7,0
328705300,1,9796,19.67199999999957,97952409,0,100,0.0,10.0,200.0,186.0,7,0
328705300,1,9797,19.67199999999957,97962409,0,100,0.0,10.0,200.0,186.0,7,0
328705300,1,9798,19.67199999999957,97972409,0,100,0.0,10.0,200.0,186.0,7,0
328705300,1,9799,19.67199999999957,97982409,0,100,0.0,10.0,200.0,186.0,7,0
328705300,1,9800,19.67199999999957,97992409,0,100,0.0,10.0,200.0,186.0,7,0
328705300,1,9801,19.67199999999957,98002409,0,100,0.0,10.0,200.0,186.0,7,0
328705300,1,9802,19.67199999999957,98012409,0,100,0.0,10.0,200.0,186.0,7,0
328705300,1,9803,19.67199999999957,98022409,0,100,0.0,10.0,200.0,186.0,7,0
328705300,1,9804,19.67199999999957,98032409,0,100,0.0,10.0,200.0,186.0,7,0
328705300,1,9805,19.67199999999957,98042409,0,100,0.0,10.0,200.0,186.0,7,0
328705300,1,9806,19.67199999999957,98052409,0,100,0.0,10.0,200.0,186.0,7,0
328705300,1,9807,19.67199999999957,98062409,0,100,0.0,10.0,200.0,186.0,7,0
328705300,1,9808,19.67199999999957,98072409,0,100,0.0,10.0,200.0,186.0,7,0
328705300,1,9809,19.67199999999957,98082409,0,100,0.0,10.0,200.0,186.0,7,0
328705300,1,9810,19.67199999999957,98092409,0,100,0.0,10.0,200.0,186.0,7,0
328705300,1,9811,19.67199999999957,98102409,0,100,0.0,10.0,200.0,186.0,7,0
328705300,1,9812,19.67199999999957,98112409,0,100,0.0,10.0,200.0,186.0,7,0
328705300,1,9813,19.67199999999957,98122409,0,100,0.0,10.0,200.0,186.0,7,0
328705300,1,9814,19.67199999999957,98132409,0,100,0.0,10.0,200.0,186.0,7,0
328705300,1,9815,19.67199999999957,98142409,0,100,0.0,10.0,200.0,186.0,7,0
328705300,1,9816,19.67199999999957,98152409,0,100,0.0,10.0,200.0,186.0,7,0
328705300,1,9817,19.67199999999957,98162409,0,100,0.0,10.0,200.0,186.0,7,0
328705300,1,9818,19.67199999999957,98172409,0,100,0.0,10.0,200.0,186.0,7,0
328705300,1,9819,19.67199999999957,98182409,0,100,0.0,10.0,200.0,186.0,7,0
328705300,1,9820,19.67199999999957,98192409,0,100,0.0,10.0,200.0,186.0,7,0
328705300,1,9821,19.67199999999957,98202409,0,100,0.0,10.0,200.0,186.0,7,0
328705300,1,9822,19.67199999999957,98212409,0,100,0.0,10.0,200.0,186.0,7,0
328705300,1,9823,19.67199999999957,98222409,0,100,0.0,10.0,200.0,186.0,7,0
328705300,1,9824,19.67199999999957,98232409,0,100,0.0,10.0,200.0,186.0,7,0
328705300,1,9825,19.67199999999957,98242409,0,100,0.0,10.0,200.0,186.0,7,0
328705300,1,9826,19.67199999999957,98252409,0,100,0.0,10.0,200.0,186.0,7,0
328705300,1,9827,19.67199999999957,98262409,0,100,0.0,10.0,200.0,186.0,7,0
328705300,1,9828,19.67199999999957,98272409,0,100,0.0,10.0,200.0,186.0,7,0
328705300,1,9829,19.67199999999957,98282409,0,100,0.0,10.0,200.0,186.0,7,0
328705300,1,9830,19.67199999999957,98292409,0,100,0.0,10.0,200.0,186.0,7,0
328705300,1,9831,19.67199999999957,98302409,0,100,0.0,10.0,200.0,186.0,7,0
328705300,1,9832,19.67199999999957,98312409,0,100,0.0,10.0,200.0,186.0,7,0
328705300,1,9833,19.67199999999957,98322409,0,100,0.0,10.0,200.0,186.0,7,0
328705300,1,9834,20.26599999999962,98332409,0,100,0.0,10.0,200.0,186.0,7,0
328705300,1,9835,20.26599999999962,98342409,0,100,0.0,10.0,200.0,186.0,7,0
328705300,1,9836,20.26599999999962,98352409,0,100,0.0,10.0,200.0,186.0,7,0
328705300,1,9837,20.26599999999962,98362409,0,100,0.0,10.0,200.0,186.0,7,0
328705300,1,9838,20.26599999999962,98372409,0,100,0.0,10.0,200.0,186.0,7,0
328705300,1,9839,20.26599999999962,98382409,0,100,0.0,10.0,200.0,186.0,7,0
328705300,1,9840,20.26599999999962,98392409,0,100,0.0,10.0,200.0,186.0,7,0
328705300,1,9841,20.26599999999962,98402409,0,100,0.0,10.0,200.0,186.0,7,0
328705300,1,9842,20.26599999999962,98412409,0,100,0.0,10.0,200.0,186.0,7,0
328705300,1,9843,20.26599999999962,98422409,0,100,0.0,10.0,200.0,186.0,7,0
328705300,1,9844,20.26599999999962,98432409,0,100,0.0,10.0,200.0,186.0,7,0
328705300,1,9845,20.26599999999962,98442410,0,100,0.0,10.0,200.0,186.0,7,0
328705300,1,9846,20.26599999999962,98452409,0,100,0.0,10.0,200.0,186.0,7,0
328705300,1,9847,20.26599999999962,98462409,0,100,0.0,10.0,200.0,186.0,7,0
328705300,1,9848,20.26599999999962,98472409,0,100,0.0,10.0,200.0,186.0,7,0
328705300,1,9849,20.26599999999962,98482409,0,100,0.0,10.0,200.0,186.0,7,0
328705300,1,9850,20.26599999999962,98492409,0,100,0.0,10.0,200.0,186.0,7,0
328705300,1,9851,20.26599999999962,98502409,0,100,0.0,10.0,200.0,186.0,7,0
328705300,1,9852,20.26599999999962,98512409,0,100,0.0,10.0,200.0,186.0,7,0
328705300,1,9853,20.26599999999962,98522409,0,100,0.0,10.0,200.0,186.0,7,0
328705300,1,9854,20.26599999999962,98532409,0,100,0.0,10.0,200.0,186.0,7,0
328705300,1,9855,20.26599999999962,98542409,0,100,0.0,10.0,200.0,186.0,7,0
328705300,1,9856,20.26599999999962,98552409,0,100,0.0,10.0,200.0,186.0,7,0
328705300,1,9857,20.26599999999962,98562409,0,100,0.0,10.0,200.0,186.0,7,0
328705300,1,9858,20.26599999999962,98572409,0,100,0.0,10.0,200.0,186.0,7,0
328705300,1,9859,20.26599999999962,98582409,0,100,0.0,10.0,200.0,186.0,7,0
328705300,1,9860,20.26599999999962,98592409,0,100,0.0,10.0,200.0,186.0,7,0
328705300,1,9861,20.26599999999962,98602409,0,100,0.0,10.0,200.0,186.0,7,0
328705300,1,9862,20.26599999999962,98612409,0,100,0.0,10.0,200.0,186.0,7,0
328705300,1,9863,20.26599999999962,98622409,0,100,0.0,10.0,200.0,186.0,7,0
328705300,1,9864,20.26599999999962,98632409,0,100,0.0,10.0,200.0,186.0,7,0
328705300,1,9865,20.26599999999962,98642409,0,100,0.0,10.0,200.0,186.0,7,0
328705300,1,9866,20.26599999999962,98652409,0,100,0.0,10.0,200.0,186.0,7,0
328705300,1,9867,20.26599999999962,98662409,0,100,0.0,10.0,200.0,186.0,7,0
328705300,1,9868,20.26599999999962,98672409,0,100,0.0,10.0,200.0,186.0,7,0
328705300,1,9869,20.26599999999962,98682409,0,100,0.0,10.0,200.0,186.0,7,0
328705300,1,9870,20.26599999999962,98692409,0,100,0.0,10.0,200.0,186.0,7,0
328705300,1,9871,20.26599999999962,98702409,0,100,0.0,10.0,200.0,186.0,7,0
328705300,1,9872,20.26599999999962,98712409,0,100,0.0,10.0,200.0,186.0,7,0
328705300,1,9873,20.26599999999962,98722409,0,100,0.0,10.0,200.0,186.0,7,0
328705300,1,9874,20.26599999999962,98732409,0,100,0.0,10.0,200.0,186.0,7,0
328705300,1,9875,20.26599999999962,98742409,0,100,0.0,10.0,200.0,186.0,7,0
328705300,1,9876,20.26599999999962,98752409,0,100,0.0,10.0,200.0,186.0,7,0
328705300,1,9877,20.26599999999962,98762409,0,100,0.0,10.0,200.0,186.0,7,0
328705300,1,9878,20.26599999999962,98772409,0,100,0.0,10.0,200.0,186.0,7,0
328705300,1,9879,20.26599999999962,98782409,0,100,0.0,10.0,200.0,186.0,7,0
328705300,1,9880,20.26599999999962,98792409,0,100,0.0,10.0,200.0,186.0,7,0
328705300,1,9881,20.26599999999962,98802409,0,100,0.0,10.0,200.0,186.0,7,0
328705300,1,9882,20.26599999999962,98812409,0,100,0.0,10.0,200.0,186.0,7,0
328705300,1,9883,20.26599999999962,98822409,0,100,0.0,10.0,200.0,186.0,7,0
328705300,1,9884,20.26599999999962,98832409,0,100,0.0,10.0,200.0,186.0,7,0
328705300,1,9885,20.26599999999962,98842409,0,100,0.0,10.0,200.0,186.0,7,0
328705300,1,9886,20.26599999999962,98852409,0,100,0.0,10.0,200.0,186.0,7,0
328705300,1,9887,20.26599999999962,98862409,0,100,0.0,10.0,200.0,186.0,7,0
328705300,1,9888,20.26599999999962,98872409,0,100,0.0,10.0,200.0,186.0,7,0
328705300,1,9889,20.26599999999962,98882409,0,100,0.0,10.0,200.0,186.0,7,0
328705300,1,9890,20.26599999999962,98892409,0,100,0.0,10.0,200.0,186.0,7,0
328705300,1,9891,20.26599999999962,98902409,0,100,0.0,10.0,200.0,186.0,7,0
328705300,1,9892,20.26599999999962,98912409,0,100,0.0,10.0,200.0,186.0,7,0
328705300,1,9893,20.26599999999962,98922409,0,100,0.0,10.0,200.0,186.0,7,0
328705300,1,9894,20.26599999999962,98932409,0,100,0.0,10.0,200.0,186.0,7,0
328705300,1,9895,20.26599999999962,98942409,0,100,0.0,10.0,200.0,186.0,7,0
328705300,1,9896,20.26599999999962,98952409,0,100,0.0,10.0,200.0,186.0,7,0
328705300,1,9897,20.26599999999962,98962409,0,100,0.0,10.0,200.0,186.0,7,0
328705300,1,9898,20.82799999999952,98972409,0,100,0.0,10.0,200.0,186.0,7,0
328705300,1,9899,20.82799999999952,98982409,0,100,0.0,10.0,200.0,186.0,7,0
328705300,1,9900,20.82799999999952,98992409,0,100,0.0,10.0,200.0,186.0,7,0
328705300,1,9901,20.82799999999952,99002409,0,100,0.0,10.0,200.0,186.0,7,0
328705300,1,9902,20.82799999999952,99012409,0,100,0.0,10.0,200.0,186.0,7,0
328705300,1,9903,20.82799999999952,99022409,0,100,0.0,10.0,200.0,186.0,7,0
328705300,1,9904,20.82799999999952,99032409,0,100,0.0,10.0,200.0,186.0,7,0
328705300,1,9905,20.82799999999952,99042409,0,100,0.0,10.0,200.0,186.0,7,0
328705300,1,9906,20.82799999999952,99052409,0,100,0.0,10.0,200.0,186.0,7,0
328705300,1,9907,20.82799999999952,99062409,0,100,0.0,10.0,200.0,186.0,7,0
328705300,1,9908,20.82799999999952,99072409,0,100,0.0,10.0,200.0,186.0,7,0
328705300,1,9909,20.82799999999952,99082409,0,100,0.0,10.0,200.0,186.0,7,0
328705300,1,9910,20.82799999999952,99092409,0,100,0.0,10.0,200.0,186.0,7,0
328705300,1,9911,20.82799999999952,99102409,0,100,0.0,10.0,200.0,186.0,7,0
328705300,1,9912,20.82799999999952,99112409,0,100,0.0,10.0,200.0,186.0,7,0
328705300,1,9913,20.82799999999952,99122409,0,100,0.0,10.0,200.0,186.0,7,0
328705300,1,9914,20.82799999999952,99132409,0,100,0.0,10.0,200.0,186.0,7,0
328705300,1,9915,20.82799999999952,99142409,0,100,0.0,10.0,200.0,186.0,7,0
328705300,1,9916,20.82799999999952,99152409,0,100,0.0,10.0,200.0,186.0,7,0
328705300,1,9917,20.82799999999952,99162409,0,100,0.0,10.0,200.0,186.0,7,0
328705300,1,9918,20.82799999999952,99172409,0,100,0.0,10.0,200.0,186.0,7,0
328705300,1,9919,20.82799999999952,99182409,0,100,0.0,10.0,200.0,186.0,7,0
328705300,1,9920,20.82799999999952,99192409,0,100,0.0,10.0,200.0,186.0,7,0
328705300,1,9921,20.82799999999952,99202409,0,100,0.0,10.0,200.0,186.0,7,0
328705300,1,9922,20.82799999999952,99212409,0,100,0.0,10.0,200.0,186.0,7,0
328705300,1,9923,20.82799999999952,99222409,0,100,0.0,10.0,200.0,186.0,7,0
328705300,1,9924,20.82799999999952,99232409,0,100,0.0,10.0,200.0,186.0,7,0
328705300,1,9925,20.82799999999952,99242409,0,100,0.0,10.0,200.0,186.0,7,0
328705300,1,9926,20.82799999999952,99252409,0,100,0.0,10.0,200.0,186.0,7,0
328705300,1,9927,20.82799999999952,99262409,0,100,0.0,10.0,200.0,186.0,7,0
328705300,1,9928,20.82799999999952,99272409,0,100,0.0,10.0,200.0,186.0,7,0
328705300,1,9929,20.82799999999952,99282409,0,100,0.0,10.0,200.0,186.0,7,0
328705300,1,9930,20.82799999999952,99292409,0,100,0.0,10.0,200.0,186.0,7,0
328705300,1,9931,20.82799999999952,99302409,0,100,0.0,10.0,200.0,186.0,7,0
328705300,1,9932,20.82799999999952,99312409,0,100,0.0,10.0,200.0,186.0,7,0
328705300,1,9933,20.82799999999952,99322409,0,100,0.0,10.0,200.0,186.0,7,0
328705300,1,9934,20.82799999999952,99332409,0,100,0.0,10.0,200.0,186.0,7,0
328705300,1,9935,20.82799999999952,99342409,0,100,0.0,10.0,200.0,186.0,7,0
328705300,1,9936,20.82799999999952,99352409,0,100,0.0,10.0,200.0,186.0,7,0
328705300,1,9937,20.82799999999952,99362409,0,100,0.0,10.0,200.0,186.0,7,0
328705300,1,9938,20.82799999999952,99372409,0,100,0.0,10.0,200.0,186.0,7,0
328705300,1,9939,20.82799999999952,99382409,0,100,0.0,10.0,200.0,186.0,7,0
328705300,1,9940,20.82799999999952,99392409,0,100,0.0,10.0,200.0,186.0,7,0
328705300,1,9941,20.82799999999952,99402409,0,100,0.0,10.0,200.0,186.0,7,0
328705300,1,9942,20.82799999999952,99412409,0,100,0.0,10.0,200.0,186.0,7,0
328705300,1,9943,20.82799999999952,99422409,0,100,0.0,10.0,200.0,186.0,7,0
328705300,1,9944,20.82799999999952,99432409,0,100,0.0,10.0,200.0,186.0,7,0
328705300,1,9945,20.82799999999952,99442409,0,100,0.0,10.0,200.0,186.0,7,0
328705300,1,9946,20.82799999999952,99452409,0,100,0.0,10.0,200.0,186.0,7,0
328705300,1,9947,20.82799999999952,99462409,0,100,0.0,10.0,200.0,186.0,7,0
328705300,1,9948,20.82799999999952,99472409,0,100,0.0,10.0,200.0,186.0,7,0
328705300,1,9949,20.82799999999952,99482409,0,100,0.0,10.0,200.0,186.0,7,0
328705300,1,9950,20.82799999999952,99492409,0,100,0.0,10.0,200.0,186.0,7,0
328705300,1,9951,20.82799999999952,99502409,0,100,0.0,10.0,200.0,186.0,7,0
328705300,1,9952,20.82799999999952,99512409,0,100,0.0,10.0,200.0,186.0,7,0
328705300,1,9953,20.82799999999952,99522409,0,100,0.0,10.0,200.0,186.0,7,0
328705300,1,9954,21.42199999999957,99532409,0,100,0.0,10.0,200.0,186.0,7,0
328705300,1,9955,21.42199999999957,99542409,0,100,0.0,10.0,200.0,186.0,7,0
328705300,1,9956,21.42199999999957,99552409,0,100,0.0,10.0,200.0,186.0,7,0
328705300,1,9957,21.42199999999957,99562409,0,100,0.0,10.0,200.0,186.0,7,0
328705300,1,9958,21.42199999999957,99572409,0,100,0.0,10.0,200.0,186.0,7,0
328705300,1,9959,21.42199999999957,99582409,0,100,0.0,10.0,200.0,186.0,7,0
328705300,1,9960,21.42199999999957,99592409,0,100,0.0,10.0,200.0,186.0,7,0
328705300,1,9961,21.42199999999957,99602409,0,100,0.0,10.0,200.0,186.0,7,0
328705300,1,9962,21.42199999999957,99612409,0,100,0.0,10.0,200.0,186.0,7,0
328705300,1,9963,21.42199999999957,99622409,0,100,0.0,10.0,200.0,186.0,7,0
328705300,1,9964,21.42199999999957,99632409,0,100,0.0,10.0,200.0,186.0,7,0
328705300,1,9965,21.42199999999957,99642409,0,100,0.0,10.0,200.0,186.0,7,0
328705300,1,9966,21.42199999999957,99652409,0,100,0.0,10.0,200.0,186.0,7,0
328705300,1,9967,21.42199999999957,99662409,0,100,0.0,10.0,200.0,186.0,7,0
328705300,1,9968,21.42199999999957,99672409,0,100,0.0,10.0,200.0,186.0,7,0
328705300,1,9969,21.42199999999957,99682409,0,100,0.0,10.0,200.0,186.0,7,0
328705300,1,9970,21.42199999999957,99692409,0,100,0.0,10.0,200.0,186.0,7,0
328705300,1,9971,21.42199999999957,99702409,0,100,0.0,10.0,200.0,186.0,7,0
328705300,1,9972,21.42199999999957,99712409,0,100,0.0,10.0,200.0,186.0,7,0
328705300,1,9973,21.42199999999957,99722409,0,100,0.0,10.0,200.0,186.0,7,0
328705300,1,9974,21.42199999999957,99732409,0,100,0.0,10.0,200.0,186.0,7,0
328705300,1,9975,21.42199999999957,99742409,0,100,0.0,10.0,200.0,186.0,7,0
328705300,1,9976,21.42199999999957,99752409,0,100,0.0,10.0,200.0,186.0,7,0
328705300,1,9977,21.42199999999957,99762409,0,100,0.0,10.0,200.0,186.0,7,0
328705300,1,9978,21.42199999999957,99772409,0,100,0.0,10.0,200.0,186.0,7,0
328705300,1,9979,21.42199999999957,99782409,0,100,0.0,10.0,200.0,186.0,7,0
328705300,1,9980,21.42199999999957,99792409,0,100,0.0,10.0,200.0,186.0,7,0
328705300,1,9981,21.42199999999957,99802409,0,100,0.0,10.0,200.0,186.0,7,0
328705300,1,9982,21.42199999999957,99812409,0,100,0.0,10.0,200.0,186.0,7,0
328705300,1,9983,21.42199999999957,99822409,0,100,0.0,10.0,200.0,186.0,7,0
328705300,1,9984,21.42199999999957,99832409,0,100,0.0,10.0,200.0,186.0,7,0
328705300,1,9985,21.42199999999957,99842409,0,100,0.0,10.0,200.0,186.0,7,0
328705300,1,9986,21.42199999999957,99852409,0,100,0.0,10.0,200.0,186.0,7,0
328705300,1,9987,21.42199999999957,99862409,0,100,0.0,10.0,200.0,186.0,7,0
328705300,1,9988,21.42199999999957,99872409,0,100,0.0,10.0,200.0,186.0,7,0
328705300,1,9989,21.42199999999957,99882409,0,100,0.0,10.0,200.0,186.0,7,0
328705300,1,9990,21.42199999999957,99892409,0,100,0.0,10.0,200.0,186.0,7,0
328705300,1,9991,21.42199999999957,99902409,0,100,0.0,10.0,200.0,186.0,7,0
328705300,1,9992,21.42199999999957,99912409,0,100,0.0,10.0,200.0,186.0,7,0
328705300,1,9993,21.42199999999957,99922409,0,100,0.0,10.0,200.0,186.0,7,0
328705300,1,9994,21.42199999999957,99932409,0,100,0.0,10.0,200.0,186.0,7,0
328705300,1,9995,21.42199999999957,99942409,0,100,0.0,10.0,200.0,186.0,7,0
328705300,1,9996,21.42199999999957,99952409,0,100,0.0,10.0,200.0,186.0,7,0
328705300,1,9997,21.42199999999957,99962409,0,100,0.0,10.0,200.0,186.0,7,0
328705300,1,9998,21.42199999999957,99972409,0,100,0.0,10.0,200.0,186.0,7,0
328705300,1,9999,21.42199999999957,99982409,0,100,0.0,10.0,200.0,186.0,7,0
328705300,1,10000,21.42199999999957,99992409,0,100,0.0,10.0,200.0,186.0,7,0
328705300,1,10001,21.42199999999957,100002409,0,100,0.0,10.0,200.0,186.0,7,0
328705300,1,10002,21.42199999999957,100012409,0,100,0.0,10.0,200.0,186.0,7,0
328705300,1,10003,21.42199999999957,100022409,0,100,0.0,10.0,200.0,186.0,7,0
328705300,1,10004,21.42199999999957,100032409,0,100,0.0,10.0,200.0,186.0,7,0
328705300,1,10005,21.42199999999957,100042409,0,100,0.0,10.0,200.0,186.0,7,0
328705300,1,10006,21.42199999999957,100052409,0,100,0.0,10.0,200.0,186.0,7,0
328705300,1,10007,21.42199999999957,100062409,0,100,0.0,10.0,200.0,186.0,7,0
328705300,1,10008,21.42199999999957,100072409,0,100,0.0,10.0,200.0,186.0,7,0
328705300,1,10009,21.42199999999957,100082409,0,100,0.0,10.0,200.0,186.0,7,0
328705300,1,10010,22.03099999999995,100092409,0,100,0.0,10.0,200.0,186.0,7,0
328705300,1,10011,22.03099999999995,100102409,0,100,0.0,10.0,200.0,186.0,7,0
328705300,1,10012,22.03099999999995,100112409,0,100,0.0,10.0,200.0,186.0,7,0
328705300,1,10013,22.03099999999995,100122409,0,100,0.0,10.0,200.0,186.0,7,0
328705300,1,10014,22.03099999999995,100132409,0,100,0.0,10.0,200.0,186.0,7,0
328705300,1,10015,22.03099999999995,100142409,0,100,0.0,10.0,200.0,186.0,7,0
328705300,1,10016,22.03099999999995,100152409,0,100,0.0,10.0,200.0,186.0,7,0
328705300,1,10017,22.03099999999995,100162409,0,100,0.0,10.0,200.0,186.0,7,0
328705300,1,10018,22.03099999999995,100172409,0,100,0.0,10.0,200.0,186.0,7,0
328705300,1,10019,22.03099999999995,100182409,0,100,0.0,10.0,200.0,186.0,7,0
328705300,1,10020,22.03099999999995,100192409,0,100,0.0,10.0,200.0,186.0,7,0
328705300,1,10021,22.03099999999995,100202409,0,100,0.0,10.0,200.0,186.0,7,0
328705300,1,10022,22.03099999999995,100212409,0,100,0.0,10.0,200.0,186.0,7,0
328705300,1,10023,22.03099999999995,100222409,0,100,0.0,10.0,200.0,186.0,7,0
328705300,1,10024,22.03099999999995,100232409,0,100,0.0,10.0,200.0,186.0,7,0
328705300,1,10025,22.03099999999995,100242409,0,100,0.0,10.0,200.0,186.0,7,0
328705300,1,10026,22.03099999999995,100252409,0,100,0.0,10.0,200.0,186.0,7,0
328705300,1,10027,22.03099999999995,100262409,0,100,0.0,10.0,200.0,186.0,7,0
328705300,1,10028,22.03099999999995,100272409,0,100,0.0,10.0,200.0,186.0,7,0
328705300,1,10029,22.03099999999995,100282409,0,100,0.0,10.0,200.0,186.0,7,0
328705300,1,10030,22.03099999999995,100292409,0,100,0.0,10.0,200.0,186.0,7,0
328705300,1,10031,22.03099999999995,100302409,0,100,0.0,10.0,200.0,186.0,7,0
328705300,1,10032,22.03099999999995,100312409,0,100,0.0,10.0,200.0,186.0,7,0
328705300,1,10033,22.03099999999995,100322409,0,100,0.0,10.0,200.0,186.0,7,0
328705300,1,10034,22.03099999999995,100332409,0,100,0.0,10.0,200.0,186.0,7,0
328705300,1,10035,22.03099999999995,100342409,0,100,0.0,10.0,200.0,186.0,7,0
328705300,1,10036,22.03099999999995,100352409,0,100,0.0,10.0,200.0,186.0,7,0
328705300,1,10037,22.03099999999995,100362409,0,100,0.0,10.0,200.0,186.0,7,0
328705300,1,10038,22.03099999999995,100372409,0,100,0.0,10.0,200.0,186.0,7,0
328705300,1,10039,22.03099999999995,100382409,0,100,0.0,10.0,200.0,186.0,7,0
328705300,1,10040,22.03099999999995,100392409,0,100,0.0,10.0,200.0,186.0,7,0
328705300,1,10041,22.03099999999995,100402409,0,100,0.0,10.0,200.0,186.0,7,0
328705300,1,10042,22.03099999999995,100412409,0,100,0.0,10.0,200.0,186.0,7,0
328705300,1,10043,22.03099999999995,100422409,0,100,0.0,10.0,200.0,186.0,7,0
328705300,1,10044,22.03099999999995,100432409,0,100,0.0,10.0,200.0,186.0,7,0
328705300,1,10045,22.03099999999995,100442409,0,100,0.0,10.0,200.0,186.0,7,0
328705300,1,10046,22.03099999999995,100452409,0,100,0.0,10.0,200.0,186.0,7,0
328705300,1,10047,22.03099999999995,100462409,0,100,0.0,10.0,200.0,186.0,7,0
328705300,1,10048,22.03099999999995,100472409,0,100,0.0,10.0,200.0,186.0,7,0
328705300,1,10049,22.03099999999995,100482409,0,100,0.0,10.0,200.0,186.0,7,0
328705300,1,10050,22.03099999999995,100492409,0,100,0.0,10.0,200.0,186.0,7,0
328705300,1,10051,22.03099999999995,100502409,0,100,0.0,10.0,200.0,186.0,7,0
328705300,1,10052,22.03099999999995,100512409,0,100,0.0,10.0,200.0,186.0,7,0
328705300,1,10053,22.03099999999995,100522409,0,100,0.0,10.0,200.0,186.0,7,0
328705300,1,10054,22.03099999999995,100532409,0,100,0.0,10.0,200.0,186.0,7,0
328705300,1,10055,22.03099999999995,100542409,0,100,0.0,10.0,200.0,186.0,7,0
328705300,1,10056,22.03099999999995,100552409,0,100,0.0,10.0,200.0,186.0,7,0
328705300,1,10057,22.03099999999995,100562409,0,100,0.0,10.0,200.0,186.0,7,0
328705300,1,10058,22.03099999999995,100572409,0,100,0.0,10.0,200.0,186.0,7,0
328705300,1,10059,22.03099999999995,100582409,0,100,0.0,10.0,200.0,186.0,7,0
328705300,1,10060,22.03099999999995,100592409,0,100,0.0,10.0,200.0,186.0,7,0
328705300,1,10061,22.03099999999995,100602409,0,100,0.0,10.0,200.0,186.0,7,0
328705300,1,10062,22.03099999999995,100612409,0,100,0.0,10.0,200.0,186.0,7,0
328705300,1,10063,22.03099999999995,100622409,0,100,0.0,10.0,200.0,186.0,7,0
328705300,1,10064,22.03099999999995,100632409,0,100,0.0,10.0,200.0,186.0,7,0
328705300,1,10065,22.03099999999995,100642409,0,100,0.0,10.0,200.0,186.0,7,0
328705300,1,10066,22.03099999999995,100652409,0,100,0.0,10.0,200.0,186.0,7,0
328705300,1,10067,22.03099999999995,100662409,0,100,0.0,10.0,200.0,186.0,7,0
328705300,1,10068,22.03099999999995,100672409,0,100,0.0,10.0,200.0,186.0,7,0
328705300,1,10069,22.03099999999995,100682409,0,100,0.0,10.0,200.0,186.0,7,0
328705300,1,10070,22.03099999999995,100692409,0,100,0.0,10.0,200.0,186.0,7,0
328705300,1,10071,22.03099999999995,100702409,0,100,0.0,10.0,200.0,186.0,7,0
328705300,1,10072,22.03099999999995,100712409,0,100,0.0,10.0,200.0,186.0,7,0
328705300,1,10073,22.03099999999995,100722409,0,100,0.0,10.0,200.0,186.0,7,0
328705300,1,10074,22.609999999999673,100732409,0,100,0.0,10.0,200.0,186.0,7,0
328705300,1,10075,22.609999999999673,100742409,0,100,0.0,10.0,200.0,186.0,7,0
328705300,1,10076,22.609999999999673,100752409,0,100,0.0,10.0,200.0,186.0,7,0
328705300,1,10077,22.609999999999673,100762409,0,100,0.0,10.0,200.0,186.0,7,0
328705300,1,10078,22.609999999999673,100772409,0,100,0.0,10.0,200.0,186.0,7,0
328705300,1,10079,22.609999999999673,100782409,0,100,0.0,10.0,200.0,186.0,7,0
328705300,1,10080,22.609999999999673,100792409,0,100,0.0,10.0,200.0,186.0,7,0
328705300,1,10081,22.609999999999673,100802409,0,100,0.0,10.0,200.0,186.0,7,0
328705300,1,10082,22.609999999999673,100812409,0,100,0.0,10.0,200.0,186.0,7,0
328705300,1,10083,22.609999999999673,100822409,0,100,0.0,10.0,200.0,186.0,7,0
328705300,1,10084,22.609999999999673,100832409,0,100,0.0,10.0,200.0,186.0,7,0
328705300,1,10085,22.609999999999673,100842409,0,100,0.0,10.0,200.0,186.0,7,0
328705300,1,10086,22.609999999999673,100852409,0,100,0.0,10.0,200.0,186.0,7,0
328705300,1,10087,22.609999999999673,100862409,0,100,0.0,10.0,200.0,186.0,7,0
328705300,1,10088,22.609999999999673,100872412,0,100,0.0,10.0,200.0,186.0,7,0
328705300,1,10089,22.609999999999673,100882409,0,100,0.0,10.0,200.0,186.0,7,0
328705300,1,10090,22.609999999999673,100892409,0,100,0.0,10.0,200.0,186.0,7,0
328705300,1,10091,22.609999999999673,100902409,0,100,0.0,10.0,200.0,186.0,7,0
328705300,1,10092,22.609999999999673,100912409,0,100,0.0,10.0,200.0,186.0,7,0
328705300,1,10093,22.609999999999673,100922409,0,100,0.0,10.0,200.0,186.0,7,0
328705300,1,10094,22.609999999999673,100932409,0,100,0.0,10.0,200.0,186.0,7,0
328705300,1,10095,22.609999999999673,100942409,0,100,0.0,10.0,200.0,186.0,7,0
328705300,1,10096,22.609999999999673,100952409,0,100,0.0,10.0,200.0,186.0,7,0
328705300,1,10097,22.609999999999673,100962409,0,100,0.0,10.0,200.0,186.0,7,0
328705300,1,10098,22.609999999999673,100972409,0,100,0.0,10.0,200.0,186.0,7,0
328705300,1,10099,22.609999999999673,100982409,0,100,0.0,10.0,200.0,186.0,7,0
328705300,1,10100,22.609999999999673,100992409,0,100,0.0,10.0,200.0,186.0,7,0
328705300,1,10101,22.609999999999673,101002409,0,100,0.0,10.0,200.0,186.0,7,0
328705300,1,10102,22.609999999999673,101012409,0,100,0.0,10.0,200.0,186.0,7,0
328705300,1,10103,22.609999999999673,101022409,0,100,0.0,10.0,200.0,186.0,7,0
328705300,1,10104,22.609999999999673,101032409,0,100,0.0,10.0,200.0,186.0,7,0
328705300,1,10105,22.609999999999673,101042409,0,100,0.0,10.0,200.0,186.0,7,0
328705300,1,10106,22.609999999999673,101052409,0,100,0.0,10.0,200.0,186.0,7,0
328705300,1,10107,22.609999999999673,101062409,0,100,0.0,10.0,200.0,186.0,7,0
328705300,1,10108,22.609999999999673,101072409,0,100,0.0,10.0,200.0,186.0,7,0
328705300,1,10109,22.609999999999673,101082409,0,100,0.0,10.0,200.0,186.0,7,0
328705300,1,10110,22.609999999999673,101092409,0,100,0.0,10.0,200.0,186.0,7,0
328705300,1,10111,22.609999999999673,101102409,0,100,0.0,10.0,200.0,186.0,7,0
328705300,1,10112,22.609999999999673,101112409,0,100,0.0,10.0,200.0,186.0,7,0
328705300,1,10113,22.609999999999673,101122409,0,100,0.0,10.0,200.0,186.0,7,0
328705300,1,10114,22.609999999999673,101132409,0,100,0.0,10.0,200.0,186.0,7,0
328705300,1,10115,22.609999999999673,101142409,0,100,0.0,10.0,200.0,186.0,7,0
328705300,1,10116,22.609999999999673,101152409,0,100,0.0,10.0,200.0,186.0,7,0
328705300,1,10117,22.609999999999673,101162409,0,100,0.0,10.0,200.0,186.0,7,0
328705300,1,10118,22.609999999999673,101172409,0,100,0.0,10.0,200.0,186.0,7,0
328705300,1,10119,22.609999999999673,101182409,0,100,0.0,10.0,200.0,186.0,7,0
328705300,1,10120,22.609999999999673,101192409,0,100,0.0,10.0,200.0,186.0,7,0
328705300,1,10121,22.609999999999673,101202409,0,100,0.0,10.0,200.0,186.0,7,0
328705300,1,10122,22.609999999999673,101212409,0,100,0.0,10.0,200.0,186.0,7,0
328705300,1,10123,22.609999999999673,101222409,0,100,0.0,10.0,200.0,186.0,7,0
328705300,1,10124,22.609999999999673,101232409,0,100,0.0,10.0,200.0,186.0,7,0
328705300,1,10125,22.609999999999673,101242409,0,100,0.0,10.0,200.0,186.0,7,0
328705300,1,10126,22.609999999999673,101252409,0,100,0.0,10.0,200.0,186.0,7,0
328705300,1,10127,22.609999999999673,101262409,0,100,0.0,10.0,200.0,186.0,7,0
328705300,1,10128,22.609999999999673,101272409,0,100,0.0,10.0,200.0,186.0,7,0
328705300,1,10129,22.609999999999673,101282409,0,100,0.0,10.0,200.0,186.0,7,0
328705300,1,10130,23.21900000000005,101292409,0,100,0.0,10.0,200.0,186.0,7,0
328705300,1,10131,23.21900000000005,101302409,0,100,0.0,10.0,200.0,186.0,7,0
328705300,1,10132,23.21900000000005,101312409,0,100,0.0,10.0,200.0,186.0,7,0
328705300,1,10133,23.21900000000005,101322409,0,100,0.0,10.0,200.0,186.0,7,0
328705300,1,10134,23.21900000000005,101332409,0,100,0.0,10.0,200.0,186.0,7,0
328705300,1,10135,23.21900000000005,101342409,0,100,0.0,10.0,200.0,186.0,7,0
328705300,1,10136,23.21900000000005,101352409,0,100,0.0,10.0,200.0,186.0,7,0
328705300,1,10137,23.21900000000005,101362409,0,100,0.0,10.0,200.0,186.0,7,0
328705300,1,10138,23.21900000000005,101372409,0,100,0.0,10.0,200.0,186.0,7,0
328705300,1,10139,23.21900000000005,101382409,0,100,0.0,10.0,200.0,186.0,7,0
328705300,1,10140,23.21900000000005,101392409,0,100,0.0,10.0,200.0,186.0,7,0
328705300,1,10141,23.21900000000005,101402409,0,100,0.0,10.0,200.0,186.0,7,0
328705300,1,10142,23.21900000000005,101412409,0,100,0.0,10.0,200.0,186.0,7,0
328705300,1,10143,23.21900000000005,101422409,0,100,0.0,10.0,200.0,186.0,7,0
328705300,1,10144,23.21900000000005,101432409,0,100,0.0,10.0,200.0,186.0,7,0
328705300,1,10145,23.21900000000005,101442410,0,100,0.0,10.0,200.0,186.0,7,0
328705300,1,10146,23.21900000000005,101452409,0,100,0.0,10.0,200.0,186.0,7,0
328705300,1,10147,23.21900000000005,101462409,0,100,0.0,10.0,200.0,186.0,7,0
328705300,1,10148,23.21900000000005,101472409,0,100,0.0,10.0,200.0,186.0,7,0
328705300,1,10149,23.21900000000005,101482409,0,100,0.0,10.0,200.0,186.0,7,0
328705300,1,10150,23.21900000000005,101492409,0,100,0.0,10.0,200.0,186.0,7,0
328705300,1,10151,23.21900000000005,101502409,0,100,0.0,10.0,200.0,186.0,7,0
328705300,1,10152,23.21900000000005,101512409,0,100,0.0,10.0,200.0,186.0,7,0
328705300,1,10153,23.21900000000005,101522409,0,100,0.0,10.0,200.0,186.0,7,0
328705300,1,10154,23.21900000000005,101532409,0,100,0.0,10.0,200.0,186.0,7,0
328705300,1,10155,23.21900000000005,101542409,0,100,0.0,10.0,200.0,186.0,7,0
328705300,1,10156,23.21900000000005,101552409,0,100,0.0,10.0,200.0,186.0,7,0
328705300,1,10157,23.21900000000005,101562409,0,100,0.0,10.0,200.0,186.0,7,0
328705300,1,10158,23.21900000000005,101572409,0,100,0.0,10.0,200.0,186.0,7,0
328705300,1,10159,23.21900000000005,101582409,0,100,0.0,10.0,200.0,186.0,7,0
328705300,1,10160,23.21900000000005,101592409,0,100,0.0,10.0,200.0,186.0,7,0
328705300,1,10161,23.21900000000005,101602409,0,100,0.0,10.0,200.0,186.0,7,0
328705300,1,10162,23.21900000000005,101612409,0,100,0.0,10.0,200.0,186.0,7,0
328705300,1,10163,23.21900000000005,101622409,0,100,0.0,10.0,200.0,186.0,7,0
328705300,1,10164,23.21900000000005,101632409,0,100,0.0,10.0,200.0,186.0,7,0
328705300,1,10165,23.21900000000005,101642409,0,100,0.0,10.0,200.0,186.0,7,0
328705300,1,10166,23.21900000000005,101652409,0,100,0.0,10.0,200.0,186.0,7,0
328705300,1,10167,23.21900000000005,101662409,0,100,0.0,10.0,200.0,186.0,7,0
328705300,1,10168,23.21900000000005,101672409,0,100,0.0,10.0,200.0,186.0,7,0
328705300,1,10169,23.21900000000005,101682409,0,100,0.0,10.0,200.0,186.0,7,0
328705300,1,10170,23.21900000000005,101692409,0,100,0.0,10.0,200.0,186.0,7,0
328705300,1,10171,23.21900000000005,101702409,0,100,0.0,10.0,200.0,186.0,7,0
328705300,1,10172,23.21900000000005,101712409,0,100,0.0,10.0,200.0,186.0,7,0
328705300,1,10173,23.21900000000005,101722409,0,100,0.0,10.0,200.0,186.0,7,0
328705300,1,10174,23.21900000000005,101732409,0,100,0.0,10.0,200.0,186.0,7,0
328705300,1,10175,23.21900000000005,101742409,0,100,0.0,10.0,200.0,186.0,7,0
328705300,1,10176,23.21900000000005,101752409,0,100,0.0,10.0,200.0,186.0,7,0
328705300,1,10177,23.21900000000005,101762409,0,100,0.0,10.0,200.0,186.0,7,0
328705300,1,10178,23.21900000000005,101772409,0,100,0.0,10.0,200.0,186.0,7,0
328705300,1,10179,23.21900000000005,101782409,0,100,0.0,10.0,200.0,186.0,7,0
328705300,1,10180,23.21900000000005,101792409,0,100,0.0,10.0,200.0,186.0,7,0
328705300,1,10181,23.21900000000005,101802409,0,100,0.0,10.0,200.0,186.0,7,0
328705300,1,10182,23.21900000000005,101812409,0,100,0.0,10.0,200.0,186.0,7,0
328705300,1,10183,23.21900000000005,101822409,0,100,0.0,10.0,200.0,186.0,7,0
328705300,1,10184,23.21900000000005,101832409,0,100,0.0,10.0,200.0,186.0,7,0
328705300,1,10185,23.21900000000005,101842409,0,100,0.0,10.0,200.0,186.0,7,0
328705300,1,10186,23.79699999999957,101852409,0,100,0.0,10.0,200.0,186.0,7,0
328705300,1,10187,23.79699999999957,101862409,0,100,0.0,10.0,200.0,186.0,7,0
328705300,1,10188,23.79699999999957,101872409,0,100,0.0,10.0,200.0,186.0,7,0
328705300,1,10189,23.79699999999957,101882409,0,100,0.0,10.0,200.0,186.0,7,0
328705300,1,10190,23.79699999999957,101892409,0,100,0.0,10.0,200.0,186.0,7,0
328705300,1,10191,23.79699999999957,101902409,0,100,0.0,10.0,200.0,186.0,7,0
328705300,1,10192,23.79699999999957,101912409,0,100,0.0,10.0,200.0,186.0,7,0
328705300,1,10193,23.79699999999957,101922409,0,100,0.0,10.0,200.0,186.0,7,0
328705300,1,10194,23.79699999999957,101932409,0,100,0.0,10.0,200.0,186.0,7,0
328705300,1,10195,23.79699999999957,101942409,0,100,0.0,10.0,200.0,186.0,7,0
328705300,1,10196,23.79699999999957,101952409,0,100,0.0,10.0,200.0,186.0,7,0
328705300,1,10197,23.79699999999957,101962409,0,100,0.0,10.0,200.0,186.0,7,0
328705300,1,10198,23.79699999999957,101972409,0,100,0.0,10.0,200.0,186.0,7,0
328705300,1,10199,23.79699999999957,101982409,0,100,0.0,10.0,200.0,186.0,7,0
328705300,1,10200,23.79699999999957,101992409,0,100,0.0,10.0,200.0,186.0,7,0
328705300,1,10201,23.79699999999957,102002409,0,100,0.0,10.0,200.0,186.0,7,0
328705300,1,10202,23.79699999999957,102012409,0,100,0.0,10.0,200.0,186.0,7,0
328705300,1,10203,23.79699999999957,102022409,0,100,0.0,10.0,200.0,186.0,7,0
328705300,1,10204,23.79699999999957,102032409,0,100,0.0,10.0,200.0,186.0,7,0
328705300,1,10205,23.79699999999957,102042409,0,100,0.0,10.0,200.0,186.0,7,0
328705300,1,10206,23.79699999999957,102052409,0,100,0.0,10.0,200.0,186.0,7,0
328705300,1,10207,23.79699999999957,102062409,0,100,0.0,10.0,200.0,186.0,7,0
328705300,1,10208,23.79699999999957,102072409,0,100,0.0,10.0,200.0,186.0,7,0
328705300,1,10209,23.79699999999957,102082409,0,100,0.0,10.0,200.0,186.0,7,0
328705300,1,10210,23.79699999999957,102092409,0,100,0.0,10.0,200.0,186.0,7,0
328705300,1,10211,23.79699999999957,102102409,0,100,0.0,10.0,200.0,186.0,7,0
328705300,1,10212,23.79699999999957,102112409,0,100,0.0,10.0,200.0,186.0,7,0
328705300,1,10213,23.79699999999957,102122409,0,100,0.0,10.0,200.0,186.0,7,0
328705300,1,10214,23.79699999999957,102132409,0,100,0.0,10.0,200.0,186.0,7,0
328705300,1,10215,23.79699999999957,102142409,0,100,0.0,10.0,200.0,186.0,7,0
328705300,1,10216,23.79699999999957,102152409,0,100,0.0,10.0,200.0,186.0,7,0
328705300,1,10217,23.79699999999957,102162409,0,100,0.0,10.0,200.0,186.0,7,0
328705300,1,10218,23.79699999999957,102172409,0,100,0.0,10.0,200.0,186.0,7,0
328705300,1,10219,23.79699999999957,102182409,0,100,0.0,10.0,200.0,186.0,7,0
328705300,1,10220,23.79699999999957,102192409,0,100,0.0,10.0,200.0,186.0,7,0
328705300,1,10221,23.79699999999957,102202409,0,100,0.0,10.0,200.0,186.0,7,0
328705300,1,10222,23.79699999999957,102212409,0,100,0.0,10.0,200.0,186.0,7,0
328705300,1,10223,23.79699999999957,102222409,0,100,0.0,10.0,200.0,186.0,7,0
328705300,1,10224,23.79699999999957,102232409,0,100,0.0,10.0,200.0,186.0,7,0
328705300,1,10225,23.79699999999957,102242409,0,100,0.0,10.0,200.0,186.0,7,0
328705300,1,10226,23.79699999999957,102252409,0,100,0.0,10.0,200.0,186.0,7,0
328705300,1,10227,23.79699999999957,102262409,0,100,0.0,10.0,200.0,186.0,7,0
328705300,1,10228,23.79699999999957,102272409,0,100,0.0,10.0,200.0,186.0,7,0
328705300,1,10229,23.79699999999957,102282409,0,100,0.0,10.0,200.0,186.0,7,0
328705300,1,10230,23.79699999999957,102292409,0,100,0.0,10.0,200.0,186.0,7,0
328705300,1,10231,23.79699999999957,102302409,0,100,0.0,10.0,200.0,186.0,7,0
328705300,1,10232,23.79699999999957,102312409,0,100,0.0,10.0,200.0,186.0,7,0
328705300,1,10233,23.79699999999957,102322409,0,100,0.0,10.0,200.0,186.0,7,0
328705300,1,10234,23.79699999999957,102332409,0,100,0.0,10.0,200.0,186.0,7,0
328705300,1,10235,23.79699999999957,102342409,0,100,0.0,10.0,200.0,186.0,7,0
328705300,1,10236,23.79699999999957,102352409,0,100,0.0,10.0,200.0,186.0,7,0
328705300,1,10237,23.79699999999957,102362409,0,100,0.0,10.0,200.0,186.0,7,0
328705300,1,10238,23.79699999999957,102372409,0,100,0.0,10.0,200.0,186.0,7,0
328705300,1,10239,23.79699999999957,102382409,0,100,0.0,10.0,200.0,186.0,7,0
328705300,1,10240,23.79699999999957,102392409,0,100,0.0,10.0,200.0,186.0,7,0
328705300,1,10241,23.79699999999957,102402409,0,100,0.0,10.0,200.0,186.0,7,0
328705300,1,10242,23.79699999999957,102412409,0,100,0.0,10.0,200.0,186.0,7,0
328705300,1,10243,23.79699999999957,102422409,0,100,0.0,10.0,200.0,186.0,7,0
328705300,1,10244,23.79699999999957,102432409,0,100,0.0,10.0,200.0,186.0,7,0
328705300,1,10245,23.79699999999957,102442409,0,100,0.0,10.0,200.0,186.0,7,0
328705300,1,10246,23.79699999999957,102452409,0,100,0.0,10.0,200.0,186.0,7,0
328705300,1,10247,23.79699999999957,102462409,0,100,0.0,10.0,200.0,186.0,7,0
328705300,1,10248,23.79699999999957,102472409,0,100,0.0,10.0,200.0,186.0,7,0
328705300,1,10249,23.79699999999957,102482409,0,100,0.0,10.0,200.0,186.0,7,0
328705300,1,10250,24.375,102492409,0,100,0.0,10.0,200.0,186.0,7,0
328705300,1,10251,24.375,102502409,0,100,0.0,10.0,200.0,186.0,7,0
328705300,1,10252,24.375,102512409,0,100,0.0,10.0,200.0,186.0,7,0
328705300,1,10253,24.375,102522409,0,100,0.0,10.0,200.0,186.0,7,0
328705300,1,10254,24.375,102532409,0,100,0.0,10.0,200.0,186.0,7,0
328705300,1,10255,24.375,102542409,0,100,0.0,10.0,200.0,186.0,7,0
328705300,1,10256,24.375,102552409,0,100,0.0,10.0,200.0,186.0,7,0
328705300,1,10257,24.375,102562409,0,100,0.0,10.0,200.0,186.0,7,0
328705300,1,10258,24.375,102572409,0,100,0.0,10.0,200.0,186.0,7,0
328705300,1,10259,24.375,102582409,0,100,0.0,10.0,200.0,186.0,7,0
328705300,1,10260,24.375,102592409,0,100,0.0,10.0,200.0,186.0,7,0
328705300,1,10261,24.375,102602409,0,100,0.0,10.0,200.0,186.0,7,0
328705300,1,10262,24.375,102612409,0,100,0.0,10.0,200.0,186.0,7,0
328705300,1,10263,24.375,102622409,0,100,0.0,10.0,200.0,186.0,7,0
328705300,1,10264,24.375,102632409,0,100,0.0,10.0,200.0,186.0,7,0
328705300,1,10265,24.375,102642409,0,100,0.0,10.0,200.0,186.0,7,0
328705300,1,10266,24.375,102652409,0,100,0.0,10.0,200.0,186.0,7,0
328705300,1,10267,24.375,102662409,0,100,0.0,10.0,200.0,186.0,7,0
328705300,1,10268,24.375,102672409,0,100,0.0,10.0,200.0,186.0,7,0
328705300,1,10269,24.375,102682409,0,100,0.0,10.0,200.0,186.0,7,0
328705300,1,10270,24.375,102692409,0,100,0.0,10.0,200.0,186.0,7,0
328705300,1,10271,24.375,102702409,0,100,0.0,10.0,200.0,186.0,7,0
328705300,1,10272,24.375,102712409,0,100,0.0,10.0,200.0,186.0,7,0
328705300,1,10273,24.375,102722409,0,100,0.0,10.0,200.0,186.0,7,0
328705300,1,10274,24.375,102732409,0,100,0.0,10.0,200.0,186.0,7,0
328705300,1,10275,24.375,102742409,0,100,0.0,10.0,200.0,186.0,7,0
328705300,1,10276,24.375,102752409,0,100,0.0,10.0,200.0,186.0,7,0
328705300,1,10277,24.375,102762409,0,100,0.0,10.0,200.0,186.0,7,0
328705300,1,10278,24.375,102772409,0,100,0.0,10.0,200.0,186.0,7,0
328705300,1,10279,24.375,102782409,0,100,0.0,10.0,200.0,186.0,7,0
328705300,1,10280,24.375,102792409,0,100,0.0,10.0,200.0,186.0,7,0
328705300,1,10281,24.375,102802409,0,100,0.0,10.0,200.0,186.0,7,0
328705300,1,10282,24.375,102812409,0,100,0.0,10.0,200.0,186.0,7,0
328705300,1,10283,24.375,102822409,0,100,0.0,10.0,200.0,186.0,7,0
328705300,1,10284,24.375,102832409,0,100,0.0,10.0,200.0,186.0,7,0
328705300,1,10285,24.375,102842409,0,100,0.0,10.0,200.0,186.0,7,0
328705300,1,10286,24.375,102852409,0,100,0.0,10.0,200.0,186.0,7,0
328705300,1,10287,24.375,102862409,0,100,0.0,10.0,200.0,186.0,7,0
328705300,1,10288,24.375,102872409,0,100,0.0,10.0,200.0,186.0,7,0
328705300,1,10289,24.375,102882409,0,100,0.0,10.0,200.0,186.0,7,0
328705300,1,10290,24.375,102892409,0,100,0.0,10.0,200.0,186.0,7,0
328705300,1,10291,24.375,102902409,0,100,0.0,10.0,200.0,186.0,7,0
328705300,1,10292,24.375,102912409,0,100,0.0,10.0,200.0,186.0,7,0
328705300,1,10293,24.375,102922409,0,100,0.0,10.0,200.0,186.0,7,0
328705300,1,10294,24.375,102932409,0,100,0.0,10.0,200.0,186.0,7,0
328705300,1,10295,24.375,102942409,0,100,0.0,10.0,200.0,186.0,7,0
328705300,1,10296,24.375,102952409,0,100,0.0,10.0,200.0,186.0,7,0
328705300,1,10297,24.375,102962409,0,100,0.0,10.0,200.0,186.0,7,0
328705300,1,10298,24.375,102972409,0,100,0.0,10.0,200.0,186.0,7,0
328705300,1,10299,24.375,102982409,0,100,0.0,10.0,200.0,186.0,7,0
328705300,1,10300,24.375,102992409,0,100,0.0,10.0,200.0,186.0,7,0
328705300,1,10301,24.375,103002409,0,100,0.0,10.0,200.0,186.0,7,0
328705300,1,10302,24.375,103012409,0,100,0.0,10.0,200.0,186.0,7,0
328705300,1,10303,24.375,103022409,0,100,0.0,10.0,200.0,186.0,7,0
328705300,1,10304,24.375,103032409,0,100,0.0,10.0,200.0,186.0,7,0
328705300,1,10305,24.375,103042409,0,100,0.0,10.0,200.0,186.0,7,0
328705300,1,10306,24.984999999999673,103052409,0,100,0.0,10.0,200.0,186.0,7,0
328705300,1,10307,24.984999999999673,103062409,0,100,0.0,10.0,200.0,186.0,7,0
328705300,1,10308,24.984999999999673,103072409,0,100,0.0,10.0,200.0,186.0,7,0
328705300,1,10309,24.984999999999673,103082409,0,100,0.0,10.0,200.0,186.0,7,0
328705300,1,10310,24.984999999999673,103092409,0,100,0.0,10.0,200.0,186.0,7,0
328705300,1,10311,24.984999999999673,103102409,0,100,0.0,10.0,200.0,186.0,7,0
328705300,1,10312,24.984999999999673,103112411,0,100,0.0,10.0,200.0,186.0,7,0
328705300,1,10313,24.984999999999673,103122409,0,100,0.0,10.0,200.0,186.0,7,0
328705300,1,10314,24.984999999999673,103132409,0,100,0.0,10.0,200.0,186.0,7,0
328705300,1,10315,24.984999999999673,103142409,0,100,0.0,10.0,200.0,186.0,7,0
328705300,1,10316,24.984999999999673,103152409,0,100,0.0,10.0,200.0,186.0,7,0
328705300,1,10317,24.984999999999673,103162409,0,100,0.0,10.0,200.0,186.0,7,0
328705300,1,10318,24.984999999999673,103172409,0,100,0.0,10.0,200.0,186.0,7,0
328705300,1,10319,24.984999999999673,103182409,0,100,0.0,10.0,200.0,186.0,7,0
328705300,1,10320,24.984999999999673,103192409,0,100,0.0,10.0,200.0,186.0,7,0
328705300,1,10321,24.984999999999673,103202409,0,100,0.0,10.0,200.0,186.0,7,0
328705300,1,10322,24.984999999999673,103212409,0,100,0.0,10.0,200.0,186.0,7,0
328705300,1,10323,24.984999999999673,103222409,0,100,0.0,10.0,200.0,186.0,7,0
328705300,1,10324,24.984999999999673,103232409,0,100,0.0,10.0,200.0,186.0,7,0
328705300,1,10325,24.984999999999673,103242409,0,100,0.0,10.0,200.0,186.0,7,0
328705300,1,10326,24.984999999999673,103252409,0,100,0.0,10.0,200.0,186.0,7,0
328705300,1,10327,24.984999999999673,103262409,0,100,0.0,10.0,200.0,186.0,7,0
328705300,1,10328,24.984999999999673,103272409,0,100,0.0,10.0,200.0,186.0,7,0
328705300,1,10329,24.984999999999673,103282409,0,100,0.0,10.0,200.0,186.0,7,0
328705300,1,10330,24.984999999999673,103292409,0,100,0.0,10.0,200.0,186.0,7,0
328705300,1,10331,24.984999999999673,103302409,0,100,0.0,10.0,200.0,186.0,7,0
328705300,1,10332,24.984999999999673,103312409,0,100,0.0,10.0,200.0,186.0,7,0
328705300,1,10333,24.984999999999673,103322409,0,100,0.0,10.0,200.0,186.0,7,0
328705300,1,10334,24.984999999999673,103332409,0,100,0.0,10.0,200.0,186.0,7,0
328705300,1,10335,24.984999999999673,103342409,0,100,0.0,10.0,200.0,186.0,7,0
328705300,1,10336,24.984999999999673,103352409,0,100,0.0,10.0,200.0,186.0,7,0
328705300,1,10337,24.984999999999673,103362409,0,100,0.0,10.0,200.0,186.0,7,0
328705300,1,10338,24.984999999999673,103372409,0,100,0.0,10.0,200.0,186.0,7,0
328705300,1,10339,24.984999999999673,103382409,0,100,0.0,10.0,200.0,186.0,7,0
328705300,1,10340,24.984999999999673,103392409,0,100,0.0,10.0,200.0,186.0,7,0
328705300,1,10341,24.984999999999673,103402409,0,100,0.0,10.0,200.0,186.0,7,0
328705300,1,10342,24.984999999999673,103412409,0,100,0.0,10.0,200.0,186.0,7,0
328705300,1,10343,24.984999999999673,103422409,0,100,0.0,10.0,200.0,186.0,7,0
328705300,1,10344,24.984999999999673,103432409,0,100,0.0,10.0,200.0,186.0,7,0
328705300,1,10345,24.984999999999673,103442409,0,100,0.0,10.0,200.0,186.0,7,0
328705300,1,10346,24.984999999999673,103452409,0,100,0.0,10.0,200.0,186.0,7,0
328705300,1,10347,24.984999999999673,103462409,0,100,0.0,10.0,200.0,186.0,7,0
328705300,1,10348,24.984999999999673,103472409,0,100,0.0,10.0,200.0,186.0,7,0
328705300,1,10349,24.984999999999673,103482409,0,100,0.0,10.0,200.0,186.0,7,0
328705300,1,10350,24.984999999999673,103492409,0,100,0.0,10.0,200.0,186.0,7,0
328705300,1,10351,24.984999999999673,103502409,0,100,0.0,10.0,200.0,186.0,7,0
328705300,1,10352,24.984999999999673,103512409,0,100,0.0,10.0,200.0,186.0,7,0
328705300,1,10353,24.984999999999673,103522409,0,100,0.0,10.0,200.0,186.0,7,0
328705300,1,10354,24.984999999999673,103532409,0,100,0.0,10.0,200.0,186.0,7,0
328705300,1,10355,24.984999999999673,103542409,0,100,0.0,10.0,200.0,186.0,7,0
328705300,1,10356,24.984999999999673,103552409,0,100,0.0,10.0,200.0,186.0,7,0
328705300,1,10357,24.984999999999673,103562409,0,100,0.0,10.0,200.0,186.0,7,0
328705300,1,10358,24.984999999999673,103572409,0,100,0.0,10.0,200.0,186.0,7,0
328705300,1,10359,24.984999999999673,103582409,0,100,0.0,10.0,200.0,186.0,7,0
328705300,1,10360,24.984999999999673,103592409,0,100,0.0,10.0,200.0,186.0,7,0
328705300,1,10361,24.984999999999673,103602409,0,100,0.0,10.0,200.0,186.0,7,0
328705300,1,10362,24.984999999999673,103612409,0,100,0.0,10.0,200.0,186.0,7,0
328705300,1,10363,24.984999999999673,103622409,0,100,0.0,10.0,200.0,186.0,7,0
328705300,1,10364,24.984999999999673,103632409,0,100,0.0,10.0,200.0,186.0,7,0
328705300,1,10365,24.984999999999673,103642409,0,100,0.0,10.0,200.0,186.0,7,0
328705300,1,10366,24.984999999999673,103652409,0,100,0.0,10.0,200.0,186.0,7,0
328705300,1,10367,24.984999999999673,103662409,0,100,0.0,10.0,200.0,186.0,7,0
328705300,1,10368,24.984999999999673,103672409,0,100,0.0,10.0,200.0,186.0,7,0
328705300,1,10369,24.984999999999673,103682409,0,100,0.0,10.0,200.0,186.0,7,0
328705300,1,10370,25.59400000000005,103692409,0,100,0.0,10.0,200.0,186.0,7,0
328705300,1,10371,25.59400000000005,103702409,0,100,0.0,10.0,200.0,186.0,7,0
328705300,1,10372,25.59400000000005,103712409,0,100,0.0,10.0,200.0,186.0,7,0
328705300,1,10373,25.59400000000005,103722410,0,100,0.0,10.0,200.0,186.0,7,0
328705300,1,10374,25.59400000000005,103732409,0,100,0.0,10.0,200.0,186.0,7,0
328705300,1,10375,25.59400000000005,103742409,0,100,0.0,10.0,200.0,186.0,7,0
328705300,1,10376,25.59400000000005,103752409,0,100,0.0,10.0,200.0,186.0,7,0
328705300,1,10377,25.59400000000005,103762409,0,100,0.0,10.0,200.0,186.0,7,0
328705300,1,10378,25.59400000000005,103772409,0,100,0.0,10.0,200.0,186.0,7,0
328705300,1,10379,25.59400000000005,103782409,0,100,0.0,10.0,200.0,186.0,7,0
328705300,1,10380,25.59400000000005,103792409,0,100,0.0,10.0,200.0,186.0,7,0
328705300,1,10381,25.59400000000005,103802409,0,100,0.0,10.0,200.0,186.0,7,0
328705300,1,10382,25.59400000000005,103812409,0,100,0.0,10.0,200.0,186.0,7,0
328705300,1,10383,25.59400000000005,103822409,0,100,0.0,10.0,200.0,186.0,7,0
328705300,1,10384,25.59400000000005,103832409,0,100,0.0,10.0,200.0,186.0,7,0
328705300,1,10385,25.59400000000005,103842409,0,100,0.0,10.0,200.0,186.0,7,0
328705300,1,10386,25.59400000000005,103852409,0,100,0.0,10.0,200.0,186.0,7,0
328705300,1,10387,25.59400000000005,103862409,0,100,0.0,10.0,200.0,186.0,7,0
328705300,1,10388,25.59400000000005,103872409,0,100,0.0,10.0,200.0,186.0,7,0
328705300,1,10389,25.59400000000005,103882409,0,100,0.0,10.0,200.0,186.0,7,0
328705300,1,10390,25.59400000000005,103892409,0,100,0.0,10.0,200.0,186.0,7,0
328705300,1,10391,25.59400000000005,103902409,0,100,0.0,10.0,200.0,186.0,7,0
328705300,1,10392,25.59400000000005,103912409,0,100,0.0,10.0,200.0,186.0,7,0
328705300,1,10393,25.59400000000005,103922409,0,100,0.0,10.0,200.0,186.0,7,0
328705300,1,10394,25.59400000000005,103932409,0,100,0.0,10.0,200.0,186.0,7,0
328705300,1,10395,25.59400000000005,103942409,0,100,0.0,10.0,200.0,186.0,7,0
328705300,1,10396,25.59400000000005,103952409,0,100,0.0,10.0,200.0,186.0,7,0
328705300,1,10397,25.59400000000005,103962409,0,100,0.0,10.0,200.0,186.0,7,0
328705300,1,10398,25.59400000000005,103972409,0,100,0.0,10.0,200.0,186.0,7,0
328705300,1,10399,25.59400000000005,103982409,0,100,0.0,10.0,200.0,186.0,7,0
328705300,1,10400,25.59400000000005,103992409,0,100,0.0,10.0,200.0,186.0,7,0
328705300,1,10401,25.59400000000005,104002409,0,100,0.0,10.0,200.0,186.0,7,0
328705300,1,10402,25.59400000000005,104012409,0,100,0.0,10.0,200.0,186.0,7,0
328705300,1,10403,25.59400000000005,104022409,0,100,0.0,10.0,200.0,186.0,7,0
328705300,1,10404,25.59400000000005,104032409,0,100,0.0,10.0,200.0,186.0,7,0
328705300,1,10405,25.59400000000005,104042409,0,100,0.0,10.0,200.0,186.0,7,0
328705300,1,10406,25.59400000000005,104052409,0,100,0.0,10.0,200.0,186.0,7,0
328705300,1,10407,25.59400000000005,104062409,0,100,0.0,10.0,200.0,186.0,7,0
328705300,1,10408,25.59400000000005,104072409,0,100,0.0,10.0,200.0,186.0,7,0
328705300,1,10409,25.59400000000005,104082409,0,100,0.0,10.0,200.0,186.0,7,0
328705300,1,10410,25.59400000000005,104092409,0,100,0.0,10.0,200.0,186.0,7,0
328705300,1,10411,25.59400000000005,104102410,0,100,0.0,10.0,200.0,186.0,7,0
328705300,1,10412,25.59400000000005,104112409,0,100,0.0,10.0,200.0,186.0,7,0
328705300,1,10413,25.59400000000005,104122409,0,100,0.0,10.0,200.0,186.0,7,0
328705300,1,10414,25.59400000000005,104132409,0,100,0.0,10.0,200.0,186.0,7,0
328705300,1,10415,25.59400000000005,104142409,0,100,0.0,10.0,200.0,186.0,7,0
328705300,1,10416,25.59400000000005,104152409,0,100,0.0,10.0,200.0,186.0,7,0
328705300,1,10417,25.59400000000005,104162409,0,100,0.0,10.0,200.0,186.0,7,0
328705300,1,10418,25.59400000000005,104172409,0,100,0.0,10.0,200.0,186.0,7,0
328705300,1,10419,25.59400000000005,104182409,0,100,0.0,10.0,200.0,186.0,7,0
328705300,1,10420,25.59400000000005,104192409,0,100,0.0,10.0,200.0,186.0,7,0
328705300,1,10421,25.59400000000005,104202409,0,100,0.0,10.0,200.0,186.0,7,0
328705300,1,10422,25.59400000000005,104212409,0,100,0.0,10.0,200.0,186.0,7,0
328705300,1,10423,25.59400000000005,104222409,0,100,0.0,10.0,200.0,186.0,7,0
328705300,1,10424,25.59400000000005,104232409,0,100,0.0,10.0,200.0,186.0,7,0
328705300,1,10425,25.59400000000005,104242409,0,100,0.0,10.0,200.0,186.0,7,0
328705300,1,10426,26.17199999999957,104252409,0,100,0.0,10.0,200.0,186.0,7,0
328705300,1,10427,26.17199999999957,104262409,0,100,0.0,10.0,200.0,186.0,7,0
328705300,1,10428,26.17199999999957,104272409,0,100,0.0,10.0,200.0,186.0,7,0
328705300,1,10429,26.17199999999957,104282409,0,100,0.0,10.0,200.0,186.0,7,0
328705300,1,10430,26.17199999999957,104292409,0,100,0.0,10.0,200.0,186.0,7,0
328705300,1,10431,26.17199999999957,104302409,0,100,0.0,10.0,200.0,186.0,7,0
328705300,1,10432,26.17199999999957,104312409,0,100,0.0,10.0,200.0,186.0,7,0
328705300,1,10433,26.17199999999957,104322409,0,100,0.0,10.0,200.0,186.0,7,0
328705300,1,10434,26.17199999999957,104332409,0,100,0.0,10.0,200.0,186.0,7,0
328705300,1,10435,26.17199999999957,104342409,0,100,0.0,10.0,200.0,186.0,7,0
328705300,1,10436,26.17199999999957,104352409,0,100,0.0,10.0,200.0,186.0,7,0
328705300,1,10437,26.17199999999957,104362409,0,100,0.0,10.0,200.0,186.0,7,0
328705300,1,10438,26.17199999999957,104372409,0,100,0.0,10.0,200.0,186.0,7,0
328705300,1,10439,26.17199999999957,104382409,0,100,0.0,10.0,200.0,186.0,7,0
328705300,1,10440,26.17199999999957,104392409,0,100,0.0,10.0,200.0,186.0,7,0
328705300,1,10441,26.17199999999957,104402409,0,100,0.0,10.0,200.0,186.0,7,0
328705300,1,10442,26.17199999999957,104412409,0,100,0.0,10.0,200.0,186.0,7,0
328705300,1,10443,26.17199999999957,104422409,0,100,0.0,10.0,200.0,186.0,7,0
328705300,1,10444,26.17199999999957,104432409,0,100,0.0,10.0,200.0,186.0,7,0
328705300,1,10445,26.17199999999957,104442410,0,100,0.0,10.0,200.0,186.0,7,0
328705300,1,10446,26.17199999999957,104452409,0,100,0.0,10.0,200.0,186.0,7,0
328705300,1,10447,26.17199999999957,104462409,0,100,0.0,10.0,200.0,186.0,7,0
328705300,1,10448,26.17199999999957,104472409,0,100,0.0,10.0,200.0,186.0,7,0
328705300,1,10449,26.17199999999957,104482409,0,100,0.0,10.0,200.0,186.0,7,0
328705300,1,10450,26.17199999999957,104492409,0,100,0.0,10.0,200.0,186.0,7,0
328705300,1,10451,26.17199999999957,104502409,0,100,0.0,10.0,200.0,186.0,7,0
328705300,1,10452,26.17199999999957,104512409,0,100,0.0,10.0,200.0,186.0,7,0
328705300,1,10453,26.17199999999957,104522409,0,100,0.0,10.0,200.0,186.0,7,0
328705300,1,10454,26.17199999999957,104532409,0,100,0.0,10.0,200.0,186.0,7,0
328705300,1,10455,26.17199999999957,104542409,0,100,0.0,10.0,200.0,186.0,7,0
328705300,1,10456,26.17199999999957,104552409,0,100,0.0,10.0,200.0,186.0,7,0
328705300,1,10457,26.17199999999957,104562409,0,100,0.0,10.0,200.0,186.0,7,0
328705300,1,10458,26.17199999999957,104572409,0,100,0.0,10.0,200.0,186.0,7,0
328705300,1,10459,26.17199999999957,104582409,0,100,0.0,10.0,200.0,186.0,7,0
328705300,1,10460,26.17199999999957,104592409,0,100,0.0,10.0,200.0,186.0,7,0
328705300,1,10461,26.17199999999957,104602409,0,100,0.0,10.0,200.0,186.0,7,0
328705300,1,10462,26.17199999999957,104612409,0,100,0.0,10.0,200.0,186.0,7,0
328705300,1,10463,26.17199999999957,104622409,0,100,0.0,10.0,200.0,186.0,7,0
328705300,1,10464,26.17199999999957,104632409,0,100,0.0,10.0,200.0,186.0,7,0
328705300,1,10465,26.17199999999957,104642409,0,100,0.0,10.0,200.0,186.0,7,0
328705300,1,10466,26.17199999999957,104652409,0,100,0.0,10.0,200.0,186.0,7,0
328705300,1,10467,26.17199999999957,104662409,0,100,0.0,10.0,200.0,186.0,7,0
328705300,1,10468,26.17199999999957,104672409,0,100,0.0,10.0,200.0,186.0,7,0
328705300,1,10469,26.17199999999957,104682409,0,100,0.0,10.0,200.0,186.0,7,0
328705300,1,10470,26.17199999999957,104692409,0,100,0.0,10.0,200.0,186.0,7,0
328705300,1,10471,26.17199999999957,104702409,0,100,0.0,10.0,200.0,186.0,7,0
328705300,1,10472,26.17199999999957,104712409,0,100,0.0,10.0,200.0,186.0,7,0
328705300,1,10473,26.17199999999957,104722409,0,100,0.0,10.0,200.0,186.0,7,0
328705300,1,10474,26.17199999999957,104732409,0,100,0.0,10.0,200.0,186.0,7,0
328705300,1,10475,26.17199999999957,104742409,0,100,0.0,10.0,200.0,186.0,7,0
328705300,1,10476,26.17199999999957,104752409,0,100,0.0,10.0,200.0,186.0,7,0
328705300,1,10477,26.17199999999957,104762409,0,100,0.0,10.0,200.0,186.0,7,0
328705300,1,10478,26.17199999999957,104772409,0,100,0.0,10.0,200.0,186.0,7,0
328705300,1,10479,26.17199999999957,104782409,0,100,0.0,10.0,200.0,186.0,7,0
328705300,1,10480,26.17199999999957,104792409,0,100,0.0,10.0,200.0,186.0,7,0
328705300,1,10481,26.17199999999957,104802409,0,100,0.0,10.0,200.0,186.0,7,0
328705300,1,10482,26.17199999999957,104812409,0,100,0.0,10.0,200.0,186.0,7,0
328705300,1,10483,26.17199999999957,104822409,0,100,0.0,10.0,200.0,186.0,7,0
328705300,1,10484,26.17199999999957,104832409,0,100,0.0,10.0,200.0,186.0,7,0
328705300,1,10485,26.17199999999957,104842409,0,100,0.0,10.0,200.0,186.0,7,0
328705300,1,10486,26.17199999999957,104852409,0,100,0.0,10.0,200.0,186.0,7,0
328705300,1,10487,26.17199999999957,104862409,0,100,0.0,10.0,200.0,186.0,7,0
328705300,1,10488,26.17199999999957,104872409,0,100,0.0,10.0,200.0,186.0,7,0
328705300,1,10489,26.17199999999957,104882409,0,100,0.0,10.0,200.0,186.0,7,0
328705300,1,10490,26.5,104892409,0,100,0.0,10.0,200.0,186.0,7,0
328705300,1,10491,26.5,104902409,0,100,0.0,10.0,200.0,186.0,7,0
328705300,1,10492,26.5,104912409,0,100,0.0,10.0,200.0,186.0,7,0
328705300,1,10493,26.5,104922409,0,100,0.0,10.0,200.0,186.0,7,0
328705300,1,10494,26.5,104932409,0,100,0.0,10.0,200.0,186.0,7,0
328705300,1,10495,26.5,104942409,0,100,0.0,10.0,200.0,186.0,7,0
328705300,1,10496,26.5,104952409,0,100,0.0,10.0,200.0,186.0,7,0
328705300,1,10497,26.5,104962409,0,100,0.0,10.0,200.0,186.0,7,0
328705300,1,10498,26.5,104972409,0,100,0.0,10.0,200.0,186.0,7,0
328705300,1,10499,26.5,104982409,0,100,0.0,10.0,200.0,186.0,7,0
328705300,1,10500,26.5,104992409,0,100,0.0,10.0,200.0,186.0,7,0
328705300,1,10501,26.5,105002409,0,100,0.0,10.0,200.0,186.0,7,0
328705300,1,10502,26.5,105012410,0,100,0.0,10.0,200.0,186.0,7,0
328705300,1,10503,26.5,105022409,0,100,0.0,10.0,200.0,186.0,7,0
328705300,1,10504,26.5,105032409,0,100,0.0,10.0,200.0,186.0,7,0
328705300,1,10505,26.5,105042409,0,100,0.0,10.0,200.0,186.0,7,0
328705300,1,10506,26.5,105052409,0,100,0.0,10.0,200.0,186.0,7,0
328705300,1,10507,26.5,105062409,0,100,0.0,10.0,200.0,186.0,7,0
328705300,1,10508,26.5,105072409,0,100,0.0,10.0,200.0,186.0,7,0
328705300,1,10509,26.5,105082409,0,100,0.0,10.0,200.0,186.0,7,0
328705300,1,10510,26.5,105092409,0,100,0.0,10.0,200.0,186.0,7,0
328705300,1,10511,26.5,105102409,0,100,0.0,10.0,200.0,186.0,7,0
328705300,1,10512,26.5,105112409,0,100,0.0,10.0,200.0,186.0,7,0
328705300,1,10513,26.5,105122409,0,100,0.0,10.0,200.0,186.0,7,0
328705300,1,10514,26.5,105132409,0,100,0.0,10.0,200.0,186.0,7,0
328705300,1,10515,26.5,105142409,0,100,0.0,10.0,200.0,186.0,7,0
328705300,1,10516,26.5,105152409,0,100,0.0,10.0,200.0,186.0,7,0
328705300,1,10517,26.5,105162409,0,100,0.0,10.0,200.0,186.0,7,0
328705300,1,10518,26.5,105172409,0,100,0.0,10.0,200.0,186.0,7,0
328705300,1,10519,26.5,105182409,0,100,0.0,10.0,200.0,186.0,7,0
328705300,1,10520,26.5,105192409,0,100,0.0,10.0,200.0,186.0,7,0
328705300,1,10521,26.5,105202409,0,100,0.0,10.0,200.0,186.0,7,0
328705300,1,10522,27.125,105212409,0,100,0.0,10.0,200.0,186.0,7,0
328705300,1,10523,27.125,105222409,0,100,0.0,10.0,200.0,186.0,7,0
328705300,1,10524,27.125,105232409,0,100,0.0,10.0,200.0,186.0,7,0
328705300,1,10525,27.125,105242409,0,100,0.0,10.0,200.0,186.0,7,0
328705300,1,10526,27.125,105252409,0,100,0.0,10.0,200.0,186.0,7,0
328705300,1,10527,27.125,105262409,0,100,0.0,10.0,200.0,186.0,7,0
328705300,1,10528,27.125,105272409,0,100,0.0,10.0,200.0,186.0,7,0
328705300,1,10529,27.125,105282409,0,100,0.0,10.0,200.0,186.0,7,0
328705300,1,10530,27.125,105292409,0,100,0.0,10.0,200.0,186.0,7,0
328705300,1,10531,27.125,105302409,0,100,0.0,10.0,200.0,186.0,7,0
328705300,1,10532,27.125,105312409,0,100,0.0,10.0,200.0,186.0,7,0
328705300,1,10533,27.125,105322409,0,100,0.0,10.0,200.0,186.0,7,0
328705300,1,10534,27.125,105332409,0,100,0.0,10.0,200.0,186.0,7,0
328705300,1,10535,27.125,105342409,0,100,0.0,10.0,200.0,186.0,7,0
328705300,1,10536,27.125,105352409,0,100,0.0,10.0,200.0,186.0,7,0
328705300,1,10537,27.125,105362409,0,100,0.0,10.0,200.0,186.0,7,0
328705300,1,10538,27.125,105372409,0,100,0.0,10.0,200.0,186.0,7,0
328705300,1,10539,27.125,105382409,0,100,0.0,10.0,200.0,186.0,7,0
328705300,1,10540,27.125,105392409,0,100,0.0,10.0,200.0,186.0,7,0
328705300,1,10541,27.125,105402409,0,100,0.0,10.0,200.0,186.0,7,0
328705300,1,10542,27.125,105412409,0,100,0.0,10.0,200.0,186.0,7,0
328705300,1,10543,27.125,105422409,0,100,0.0,10.0,200.0,186.0,7,0
328705300,1,10544,27.125,105432409,0,100,0.0,10.0,200.0,186.0,7,0
328705300,1,10545,27.125,105442409,0,100,0.0,10.0,200.0,186.0,7,0
328705300,1,10546,27.125,105452409,0,100,0.0,10.0,200.0,186.0,7,0
328705300,1,10547,27.125,105462409,0,100,0.0,10.0,200.0,186.0,7,0
328705300,1,10548,27.125,105472409,0,100,0.0,10.0,200.0,186.0,7,0
328705300,1,10549,27.125,105482409,0,100,0.0,10.0,200.0,186.0,7,0
328705300,1,10550,27.125,105492409,0,100,0.0,10.0,200.0,186.0,7,0
328705300,1,10551,27.125,105502409,0,100,0.0,10.0,200.0,186.0,7,0
328705300,1,10552,27.125,105512409,0,100,0.0,10.0,200.0,186.0,7,0
328705300,1,10553,27.125,105522409,0,100,0.0,10.0,200.0,186.0,7,0
328705300,1,10554,27.125,105532409,0,100,0.0,10.0,200.0,186.0,7,0
328705300,1,10555,27.125,105542409,0,100,0.0,10.0,200.0,186.0,7,0
328705300,1,10556,27.125,105552409,0,100,0.0,10.0,200.0,186.0,7,0
328705300,1,10557,27.125,105562409,0,100,0.0,10.0,200.0,186.0,7,0
328705300,1,10558,27.125,105572409,0,100,0.0,10.0,200.0,186.0,7,0
328705300,1,10559,27.125,105582409,0,100,0.0,10.0,200.0,186.0,7,0
328705300,1,10560,27.125,105592409,0,100,0.0,10.0,200.0,186.0,7,0
328705300,1,10561,27.125,105602409,0,100,0.0,10.0,200.0,186.0,7,0
328705300,1,10562,27.125,105612409,0,100,0.0,10.0,200.0,186.0,7,0
328705300,1,10563,27.125,105622409,0,100,0.0,10.0,200.0,186.0,7,0
328705300,1,10564,27.125,105632409,0,100,0.0,10.0,200.0,186.0,7,0
328705300,1,10565,27.125,105642409,0,100,0.0,10.0,200.0,186.0,7,0
328705300,1,10566,27.125,105652409,0,100,0.0,10.0,200.0,186.0,7,0
328705300,1,10567,27.125,105662409,0,100,0.0,10.0,200.0,186.0,7,0
328705300,1,10568,27.125,105672409,0,100,0.0,10.0,200.0,186.0,7,0
328705300,1,10569,27.125,105682409,0,100,0.0,10.0,200.0,186.0,7,0
328705300,1,10570,27.125,105692409,0,100,0.0,10.0,200.0,186.0,7,0
328705300,1,10571,27.125,105702409,0,100,0.0,10.0,200.0,186.0,7,0
328705300,1,10572,27.125,105712409,0,100,0.0,10.0,200.0,186.0,7,0
328705300,1,10573,27.125,105722409,0,100,0.0,10.0,200.0,186.0,7,0
328705300,1,10574,27.125,105732409,0,100,0.0,10.0,200.0,186.0,7,0
328705300,1,10575,27.125,105742409,0,100,0.0,10.0,200.0,186.0,7,0
328705300,1,10576,27.125,105752409,0,100,0.0,10.0,200.0,186.0,7,0
328705300,1,10577,27.125,105762409,0,100,0.0,10.0,200.0,186.0,7,0
328705300,1,10578,27.25,105772409,0,100,0.0,10.0,200.0,186.0,7,0
328705300,1,10579,27.25,105782409,0,100,0.0,10.0,200.0,186.0,7,0
328705300,1,10580,27.25,105792409,0,100,0.0,10.0,200.0,186.0,7,0
328705300,1,10581,27.25,105802409,0,100,0.0,10.0,200.0,186.0,7,0
328705300,1,10582,27.25,105812409,0,100,0.0,10.0,200.0,186.0,7,0
328705300,1,10583,27.25,105822409,0,100,0.0,10.0,200.0,186.0,7,0
328705300,1,10584,27.25,105832409,0,100,0.0,10.0,200.0,186.0,7,0
328705300,1,10585,27.25,105842409,0,100,0.0,10.0,200.0,186.0,7,0
328705300,1,10586,27.25,105852409,0,100,0.0,10.0,200.0,186.0,7,0
328705300,1,10587,27.25,105862409,0,100,0.0,10.0,200.0,186.0,7,0
328705300,1,10588,27.25,105872409,0,100,0.0,10.0,200.0,186.0,7,0
328705300,1,10589,27.25,105882409,0,100,0.0,10.0,200.0,186.0,7,0
328705300,1,10590,27.25,105892409,0,100,0.0,10.0,200.0,186.0,7,0
328705300,1,10591,27.25,105902409,0,100,0.0,10.0,200.0,186.0,7,0
328705300,1,10592,27.25,105912409,0,100,0.0,10.0,200.0,186.0,7,0
328705300,1,10593,27.25,105922409,0,100,0.0,10.0,200.0,186.0,7,0
328705300,1,10594,27.78099999999995,105932409,0,100,0.0,10.0,200.0,186.0,7,0
328705300,1,10595,27.78099999999995,105942409,0,100,0.0,10.0,200.0,186.0,7,0
328705300,1,10596,27.78099999999995,105952409,0,100,0.0,10.0,200.0,186.0,7,0
328705300,1,10597,27.78099999999995,105962409,0,100,0.0,10.0,200.0,186.0,7,0
328705300,1,10598,27.78099999999995,105972409,0,100,0.0,10.0,200.0,186.0,7,0
328705300,1,10599,27.78099999999995,105982409,0,100,0.0,10.0,200.0,186.0,7,0
328705300,1,10600,27.78099999999995,105992409,0,100,0.0,10.0,200.0,186.0,7,0
328705300,1,10601,27.78099999999995,106002409,0,100,0.0,10.0,200.0,186.0,7,0
328705300,1,10602,27.78099999999995,106012409,0,100,0.0,10.0,200.0,186.0,7,0
328705300,1,10603,27.78099999999995,106022409,0,100,0.0,10.0,200.0,186.0,7,0
328705300,1,10604,27.78099999999995,106032409,0,100,0.0,10.0,200.0,186.0,7,0
328705300,1,10605,27.78099999999995,106042409,0,100,0.0,10.0,200.0,186.0,7,0
328705300,1,10606,27.78099999999995,106052409,0,100,0.0,10.0,200.0,186.0,7,0
328705300,1,10607,27.78099999999995,106062409,0,100,0.0,10.0,200.0,186.0,7,0
328705300,1,10608,27.78099999999995,106072409,0,100,0.0,10.0,200.0,186.0,7,0
328705300,1,10609,27.78099999999995,106082409,0,100,0.0,10.0,200.0,186.0,7,0
328705300,1,10610,27.78099999999995,106092409,0,100,0.0,10.0,200.0,186.0,7,0
328705300,1,10611,27.78099999999995,106102409,0,100,0.0,10.0,200.0,186.0,7,0
328705300,1,10612,27.78099999999995,106112409,0,100,0.0,10.0,200.0,186.0,7,0
328705300,1,10613,27.78099999999995,106122409,0,100,0.0,10.0,200.0,186.0,7,0
328705300,1,10614,27.78099999999995,106132409,0,100,0.0,10.0,200.0,186.0,7,0
328705300,1,10615,27.78099999999995,106142409,0,100,0.0,10.0,200.0,186.0,7,0
328705300,1,10616,27.78099999999995,106152409,0,100,0.0,10.0,200.0,186.0,7,0
328705300,1,10617,27.78099999999995,106162409,0,100,0.0,10.0,200.0,186.0,7,0
328705300,1,10618,27.78099999999995,106172409,0,100,0.0,10.0,200.0,186.0,7,0
328705300,1,10619,27.78099999999995,106182409,0,100,0.0,10.0,200.0,186.0,7,0
328705300,1,10620,27.78099999999995,106192409,0,100,0.0,10.0,200.0,186.0,7,0
328705300,1,10621,27.78099999999995,106202409,0,100,0.0,10.0,200.0,186.0,7,0
328705300,1,10622,27.78099999999995,106212409,0,100,0.0,10.0,200.0,186.0,7,0
328705300,1,10623,27.78099999999995,106222409,0,100,0.0,10.0,200.0,186.0,7,0
328705300,1,10624,27.78099999999995,106232409,0,100,0.0,10.0,200.0,186.0,7,0
328705300,1,10625,27.78099999999995,106242409,0,100,0.0,10.0,200.0,186.0,7,0
328705300,1,10626,27.78099999999995,106252409,0,100,0.0,10.0,200.0,186.0,7,0
328705300,1,10627,27.78099999999995,106262409,0,100,0.0,10.0,200.0,186.0,7,0
328705300,1,10628,27.78099999999995,106272409,0,100,0.0,10.0,200.0,186.0,7,0
328705300,1,10629,27.78099999999995,106282409,0,100,0.0,10.0,200.0,186.0,7,0
328705300,1,10630,27.78099999999995,106292409,0,100,0.0,10.0,200.0,186.0,7,0
328705300,1,10631,27.78099999999995,106302409,0,100,0.0,10.0,200.0,186.0,7,0
328705300,1,10632,27.78099999999995,106312409,0,100,0.0,10.0,200.0,186.0,7,0
328705300,1,10633,27.78099999999995,106322409,0,100,0.0,10.0,200.0,186.0,7,0
328705300,1,10634,27.78099999999995,106332409,0,100,0.0,10.0,200.0,186.0,7,0
328705300,1,10635,27.78099999999995,106342409,0,100,0.0,10.0,200.0,186.0,7,0
328705300,1,10636,27.78099999999995,106352409,0,100,0.0,10.0,200.0,186.0,7,0
328705300,1,10637,27.78099999999995,106362409,0,100,0.0,10.0,200.0,186.0,7,0
328705300,1,10638,27.78099999999995,106372409,0,100,0.0,10.0,200.0,186.0,7,0
328705300,1,10639,27.78099999999995,106382409,0,100,0.0,10.0,200.0,186.0,7,0
328705300,1,10640,27.78099999999995,106392409,0,100,0.0,10.0,200.0,186.0,7,0
328705300,1,10641,27.78099999999995,106402409,0,100,0.0,10.0,200.0,186.0,7,0
328705300,1,10642,27.78099999999995,106412409,0,100,0.0,10.0,200.0,186.0,7,0
328705300,1,10643,27.78099999999995,106422409,0,100,0.0,10.0,200.0,186.0,7,0
328705300,1,10644,27.78099999999995,106432409,0,100,0.0,10.0,200.0,186.0,7,0
328705300,1,10645,27.78099999999995,106442409,0,100,0.0,10.0,200.0,186.0,7,0
328705300,1,10646,27.78099999999995,106452409,0,100,0.0,10.0,200.0,186.0,7,0
328705300,1,10647,27.78099999999995,106462409,0,100,0.0,10.0,200.0,186.0,7,0
328705300,1,10648,27.78099999999995,106472409,0,100,0.0,10.0,200.0,186.0,7,0
328705300,1,10649,27.78099999999995,106482409,0,100,0.0,10.0,200.0,186.0,7,0
328705300,1,10650,28.375,106492409,0,100,0.0,10.0,200.0,186.0,7,0
328705300,1,10651,28.375,106502409,0,100,0.0,10.0,200.0,186.0,7,0
328705300,1,10652,28.375,106512409,0,100,0.0,10.0,200.0,186.0,7,0
328705300,1,10653,28.375,106522409,0,100,0.0,10.0,200.0,186.0,7,0
328705300,1,10654,28.375,106532409,0,100,0.0,10.0,200.0,186.0,7,0
328705300,1,10655,28.375,106542409,0,100,0.0,10.0,200.0,186.0,7,0
328705300,1,10656,28.375,106552409,0,100,0.0,10.0,200.0,186.0,7,0
328705300,1,10657,28.375,106562409,0,100,0.0,10.0,200.0,186.0,7,0
328705300,1,10658,28.375,106572409,0,100,0.0,10.0,200.0,186.0,7,0
328705300,1,10659,28.375,106582409,0,100,0.0,10.0,200.0,186.0,7,0
328705300,1,10660,28.375,106592409,0,100,0.0,10.0,200.0,186.0,7,0
328705300,1,10661,28.375,106602409,0,100,0.0,10.0,200.0,186.0,7,0
328705300,1,10662,28.375,106612409,0,100,0.0,10.0,200.0,186.0,7,0
328705300,1,10663,28.375,106622409,0,100,0.0,10.0,200.0,186.0,7,0
328705300,1,10664,28.375,106632409,0,100,0.0,10.0,200.0,186.0,7,0
328705300,1,10665,28.375,106642409,0,100,0.0,10.0,200.0,186.0,7,0
328705300,1,10666,28.375,106652409,0,100,0.0,10.0,200.0,186.0,7,0
328705300,1,10667,28.375,106662409,0,100,0.0,10.0,200.0,186.0,7,0
328705300,1,10668,28.375,106672409,0,100,0.0,10.0,200.0,186.0,7,0
328705300,1,10669,28.375,106682409,0,100,0.0,10.0,200.0,186.0,7,0
328705300,1,10670,28.375,106692409,0,100,0.0,10.0,200.0,186.0,7,0
328705300,1,10671,28.375,106702409,0,100,0.0,10.0,200.0,186.0,7,0
328705300,1,10672,28.375,106712409,0,100,0.0,10.0,200.0,186.0,7,0
328705300,1,10673,28.375,106722409,0,100,0.0,10.0,200.0,186.0,7,0
328705300,1,10674,28.375,106732409,0,100,0.0,10.0,200.0,186.0,7,0
328705300,1,10675,28.375,106742409,0,100,0.0,10.0,200.0,186.0,7,0
328705300,1,10676,28.375,106752409,0,100,0.0,10.0,200.0,186.0,7,0
328705300,1,10677,28.375,106762409,0,100,0.0,10.0,200.0,186.0,7,0
328705300,1,10678,28.375,106772409,0,100,0.0,10.0,200.0,186.0,7,0
328705300,1,10679,28.375,106782409,0,100,0.0,10.0,200.0,186.0,7,0
328705300,1,10680,28.375,106792409,0,100,0.0,10.0,200.0,186.0,7,0
328705300,1,10681,28.375,106802409,0,100,0.0,10.0,200.0,186.0,7,0
328705300,1,10682,28.375,106812409,0,100,0.0,10.0,200.0,186.0,7,0
328705300,1,10683,28.375,106822409,0,100,0.0,10.0,200.0,186.0,7,0
328705300,1,10684,28.375,106832409,0,100,0.0,10.0,200.0,186.0,7,0
328705300,1,10685,28.375,106842409,0,100,0.0,10.0,200.0,186.0,7,0
328705300,1,10686,28.375,106852409,0,100,0.0,10.0,200.0,186.0,7,0
328705300,1,10687,28.375,106862409,0,100,0.0,10.0,200.0,186.0,7,0
328705300,1,10688,28.375,106872409,0,100,0.0,10.0,200.0,186.0,7,0
328705300,1,10689,28.375,106882409,0,100,0.0,10.0,200.0,186.0,7,0
328705300,1,10690,28.375,106892409,0,100,0.0,10.0,200.0,186.0,7,0
328705300,1,10691,28.375,106902409,0,100,0.0,10.0,200.0,186.0,7,0
328705300,1,10692,28.375,106912409,0,100,0.0,10.0,200.0,186.0,7,0
328705300,1,10693,28.375,106922409,0,100,0.0,10.0,200.0,186.0,7,0
328705300,1,10694,28.375,106932409,0,100,0.0,10.0,200.0,186.0,7,0
328705300,1,10695,28.375,106942409,0,100,0.0,10.0,200.0,186.0,7,0
328705300,1,10696,28.375,106952409,0,100,0.0,10.0,200.0,186.0,7,0
328705300,1,10697,28.375,106962409,0,100,0.0,10.0,200.0,186.0,7,0
328705300,1,10698,28.375,106972409,0,100,0.0,10.0,200.0,186.0,7,0
328705300,1,10699,28.375,106982409,0,100,0.0,10.0,200.0,186.0,7,0
328705300,1,10700,28.375,106992409,0,100,0.0,10.0,200.0,186.0,7,0
328705300,1,10701,28.375,107002409,0,100,0.0,10.0,200.0,186.0,7,0
328705300,1,10702,28.375,107012409,0,100,0.0,10.0,200.0,186.0,7,0
328705300,1,10703,28.375,107022409,0,100,0.0,10.0,200.0,186.0,7,0
328705300,1,10704,28.375,107032409,0,100,0.0,10.0,200.0,186.0,7,0
328705300,1,10705,28.375,107042409,0,100,0.0,10.0,200.0,186.0,7,0
328705300,1,10706,29.0,107052409,0,100,0.0,10.0,200.0,186.0,7,0
328705300,1,10707,29.0,107062409,0,100,0.0,10.0,200.0,186.0,7,0
328705300,1,10708,29.0,107072409,0,100,0.0,10.0,200.0,186.0,7,0
328705300,1,10709,29.0,107082411,0,100,0.0,10.0,200.0,186.0,7,0
328705300,1,10710,29.0,107092409,0,100,0.0,10.0,200.0,186.0,7,0
328705300,1,10711,29.0,107102409,0,100,0.0,10.0,200.0,186.0,7,0
328705300,1,10712,29.0,107112409,0,100,0.0,10.0,200.0,186.0,7,0
328705300,1,10713,29.0,107122409,0,100,0.0,10.0,200.0,186.0,7,0
328705300,1,10714,29.0,107132409,0,100,0.0,10.0,200.0,186.0,7,0
328705300,1,10715,29.0,107142409,0,100,0.0,10.0,200.0,186.0,7,0
328705300,1,10716,29.0,107152409,0,100,0.0,10.0,200.0,186.0,7,0
328705300,1,10717,29.0,107162409,0,100,0.0,10.0,200.0,186.0,7,0
328705300,1,10718,29.0,107172409,0,100,0.0,10.0,200.0,186.0,7,0
328705300,1,10719,29.0,107182409,0,100,0.0,10.0,200.0,186.0,7,0
328705300,1,10720,29.0,107192409,0,100,0.0,10.0,200.0,186.0,7,0
328705300,1,10721,29.0,107202409,0,100,0.0,10.0,200.0,186.0,7,0
328705300,1,10722,29.0,107212409,0,100,0.0,10.0,200.0,186.0,7,0
328705300,1,10723,29.0,107222409,0,100,0.0,10.0,200.0,186.0,7,0
328705300,1,10724,29.0,107232409,0,100,0.0,10.0,200.0,186.0,7,0
328705300,1,10725,29.0,107242409,0,100,0.0,10.0,200.0,186.0,7,0
328705300,1,10726,29.0,107252409,0,100,0.0,10.0,200.0,186.0,7,0
328705300,1,10727,29.0,107262409,0,100,0.0,10.0,200.0,186.0,7,0
328705300,1,10728,29.0,107272409,0,100,0.0,10.0,200.0,186.0,7,0
328705300,1,10729,29.0,107282409,0,100,0.0,10.0,200.0,186.0,7,0
328705300,1,10730,29.0,107292409,0,100,0.0,10.0,200.0,186.0,7,0
328705300,1,10731,29.0,107302409,0,100,0.0,10.0,200.0,186.0,7,0
328705300,1,10732,29.0,107312409,0,100,0.0,10.0,200.0,186.0,7,0
328705300,1,10733,29.0,107322409,0,100,0.0,10.0,200.0,186.0,7,0
328705300,1,10734,29.0,107332409,0,100,0.0,10.0,200.0,186.0,7,0
328705300,1,10735,29.0,107342409,0,100,0.0,10.0,200.0,186.0,7,0
328705300,1,10736,29.0,107352409,0,100,0.0,10.0,200.0,186.0,7,0
328705300,1,10737,29.0,107362409,0,100,0.0,10.0,200.0,186.0,7,0
328705300,1,10738,29.0,107372409,0,100,0.0,10.0,200.0,186.0,7,0
328705300,1,10739,29.0,107382409,0,100,0.0,10.0,200.0,186.0,7,0
328705300,1,10740,29.0,107392409,0,100,0.0,10.0,200.0,186.0,7,0
328705300,1,10741,29.0,107402409,0,100,0.0,10.0,200.0,186.0,7,0
328705300,1,10742,29.0,107412409,0,100,0.0,10.0,200.0,186.0,7,0
328705300,1,10743,29.0,107422409,0,100,0.0,10.0,200.0,186.0,7,0
328705300,1,10744,29.0,107432409,0,100,0.0,10.0,200.0,186.0,7,0
328705300,1,10745,29.0,107442409,0,100,0.0,10.0,200.0,186.0,7,0
328705300,1,10746,29.0,107452409,0,100,0.0,10.0,200.0,186.0,7,0
328705300,1,10747,29.0,107462409,0,100,0.0,10.0,200.0,186.0,7,0
328705300,1,10748,29.0,107472409,0,100,0.0,10.0,200.0,186.0,7,0
328705300,1,10749,29.0,107482409,0,100,0.0,10.0,200.0,186.0,7,0
328705300,1,10750,29.0,107492409,0,100,0.0,10.0,200.0,186.0,7,0
328705300,1,10751,29.0,107502409,0,100,0.0,10.0,200.0,186.0,7,0
328705300,1,10752,29.0,107512409,0,100,0.0,10.0,200.0,186.0,7,0
328705300,1,10753,29.0,107522409,0,100,0.0,10.0,200.0,186.0,7,0
328705300,1,10754,29.0,107532409,0,100,0.0,10.0,200.0,186.0,7,0
328705300,1,10755,29.0,107542409,0,100,0.0,10.0,200.0,186.0,7,0
328705300,1,10756,29.0,107552409,0,100,0.0,10.0,200.0,186.0,7,0
328705300,1,10757,29.0,107562409,0,100,0.0,10.0,200.0,186.0,7,0
328705300,1,10758,29.0,107572409,0,100,0.0,10.0,200.0,186.0,7,0
328705300,1,10759,29.0,107582409,0,100,0.0,10.0,200.0,186.0,7,0
328705300,1,10760,29.0,107592409,0,100,0.0,10.0,200.0,186.0,7,0
328705300,1,10761,29.0,107602409,0,100,0.0,10.0,200.0,186.0,7,0
328705300,1,10762,29.0,107612409,0,100,0.0,10.0,200.0,186.0,7,0
328705300,1,10763,29.0,107622409,0,100,0.0,10.0,200.0,186.0,7,0
328705300,1,10764,29.0,107632409,0,100,0.0,10.0,200.0,186.0,7,0
328705300,1,10765,29.0,107642409,0,100,0.0,10.0,200.0,186.0,7,0
328705300,1,10766,29.0,107652409,0,100,0.0,10.0,200.0,186.0,7,0
328705300,1,10767,29.0,107662409,0,100,0.0,10.0,200.0,186.0,7,0
328705300,1,10768,29.0,107672409,0,100,0.0,10.0,200.0,186.0,7,0
328705300,1,10769,29.0,107682409,0,100,0.0,10.0,200.0,186.0,7,0
328705300,1,10770,29.563000000000102,107692409,0,100,0.0,10.0,200.0,186.0,7,0
328705300,1,10771,29.563000000000102,107702409,0,100,0.0,10.0,200.0,186.0,7,0
328705300,1,10772,29.563000000000102,107712409,0,100,0.0,10.0,200.0,186.0,7,0
328705300,1,10773,29.563000000000102,107722409,0,100,0.0,10.0,200.0,186.0,7,0
328705300,1,10774,29.563000000000102,107732409,0,100,0.0,10.0,200.0,186.0,7,0
328705300,1,10775,29.563000000000102,107742409,0,100,0.0,10.0,200.0,186.0,7,0
328705300,1,10776,29.563000000000102,107752409,0,100,0.0,10.0,200.0,186.0,7,0
328705300,1,10777,29.563000000000102,107762409,0,100,0.0,10.0,200.0,186.0,7,0
328705300,1,10778,29.563000000000102,107772409,0,100,0.0,10.0,200.0,186.0,7,0
328705300,1,10779,29.563000000000102,107782411,0,100,0.0,10.0,200.0,186.0,7,0
328705300,1,10780,29.563000000000102,107792409,0,100,0.0,10.0,200.0,186.0,7,0
328705300,1,10781,29.563000000000102,107802409,0,100,0.0,10.0,200.0,186.0,7,0
328705300,1,10782,29.563000000000102,107812409,0,100,0.0,10.0,200.0,186.0,7,0
328705300,1,10783,29.563000000000102,107822409,0,100,0.0,10.0,200.0,186.0,7,0
328705300,1,10784,29.563000000000102,107832409,0,100,0.0,10.0,200.0,186.0,7,0
328705300,1,10785,29.563000000000102,107842409,0,100,0.0,10.0,200.0,186.0,7,0
328705300,1,10786,29.563000000000102,107852409,0,100,0.0,10.0,200.0,186.0,7,0
328705300,1,10787,29.563000000000102,107862410,0,100,0.0,10.0,200.0,186.0,7,0
328705300,1,10788,29.563000000000102,107872409,0,100,0.0,10.0,200.0,186.0,7,0
328705300,1,10789,29.563000000000102,107882409,0,100,0.0,10.0,200.0,186.0,7,0
328705300,1,10790,29.563000000000102,107892409,0,100,0.0,10.0,200.0,186.0,7,0
328705300,1,10791,29.563000000000102,107902409,0,100,0.0,10.0,200.0,186.0,7,0
328705300,1,10792,29.563000000000102,107912409,0,100,0.0,10.0,200.0,186.0,7,0
328705300,1,10793,29.563000000000102,107922409,0,100,0.0,10.0,200.0,186.0,7,0
328705300,1,10794,29.563000000000102,107932409,0,100,0.0,10.0,200.0,186.0,7,0
328705300,1,10795,29.563000000000102,107942409,0,100,0.0,10.0,200.0,186.0,7,0
328705300,1,10796,29.563000000000102,107952409,0,100,0.0,10.0,200.0,186.0,7,0
328705300,1,10797,29.563000000000102,107962409,0,100,0.0,10.0,200.0,186.0,7,0
328705300,1,10798,29.563000000000102,107972409,0,100,0.0,10.0,200.0,186.0,7,0
328705300,1,10799,29.563000000000102,107982409,0,100,0.0,10.0,200.0,186.0,7,0
328705300,1,10800,29.563000000000102,107992409,0,100,0.0,10.0,200.0,186.0,7,0
328705300,1,10801,29.563000000000102,108002409,0,100,0.0,10.0,200.0,186.0,7,0
328705300,1,10802,29.563000000000102,108012409,0,100,0.0,10.0,200.0,186.0,7,0
328705300,1,10803,29.563000000000102,108022409,0,100,0.0,10.0,200.0,186.0,7,0
328705300,1,10804,29.563000000000102,108032409,0,100,0.0,10.0,200.0,186.0,7,0
328705300,1,10805,29.563000000000102,108042409,0,100,0.0,10.0,200.0,186.0,7,0
328705300,1,10806,29.563000000000102,108052409,0,100,0.0,10.0,200.0,186.0,7,0
328705300,1,10807,29.563000000000102,108062409,0,100,0.0,10.0,200.0,186.0,7,0
328705300,1,10808,29.563000000000102,108072409,0,100,0.0,10.0,200.0,186.0,7,0
328705300,1,10809,29.563000000000102,108082409,0,100,0.0,10.0,200.0,186.0,7,0
328705300,1,10810,29.563000000000102,108092409,0,100,0.0,10.0,200.0,186.0,7,0
328705300,1,10811,29.563000000000102,108102409,0,100,0.0,10.0,200.0,186.0,7,0
328705300,1,10812,29.563000000000102,108112409,0,100,0.0,10.0,200.0,186.0,7,0
328705300,1,10813,29.563000000000102,108122409,0,100,0.0,10.0,200.0,186.0,7,0
328705300,1,10814,29.563000000000102,108132409,0,100,0.0,10.0,200.0,186.0,7,0
328705300,1,10815,29.563000000000102,108142409,0,100,0.0,10.0,200.0,186.0,7,0
328705300,1,10816,29.563000000000102,108152409,0,100,0.0,10.0,200.0,186.0,7,0
328705300,1,10817,29.563000000000102,108162409,0,100,0.0,10.0,200.0,186.0,7,0
328705300,1,10818,29.563000000000102,108172409,0,100,0.0,10.0,200.0,186.0,7,0
328705300,1,10819,29.563000000000102,108182409,0,100,0.0,10.0,200.0,186.0,7,0
328705300,1,10820,29.563000000000102,108192409,0,100,0.0,10.0,200.0,186.0,7,0
328705300,1,10821,29.563000000000102,108202410,0,100,0.0,10.0,200.0,186.0,7,0
328705300,1,10822,29.563000000000102,108212409,0,100,0.0,10.0,200.0,186.0,7,0
328705300,1,10823,29.563000000000102,108222409,0,100,0.0,10.0,200.0,186.0,7,0
328705300,1,10824,29.563000000000102,108232409,0,100,0.0,10.0,200.0,186.0,7,0
328705300,1,10825,29.563000000000102,108242409,0,100,0.0,10.0,200.0,186.0,7,0
328705300,1,10826,30.188000000000102,108252409,0,100,0.0,10.0,200.0,186.0,7,0
328705300,1,10827,30.188000000000102,108262409,0,100,0.0,10.0,200.0,186.0,7,0
328705300,1,10828,30.188000000000102,108272409,0,100,0.0,10.0,200.0,186.0,7,0
328705300,1,10829,30.188000000000102,108282409,0,100,0.0,10.0,200.0,186.0,7,0
328705300,1,10830,30.188000000000102,108292409,0,100,0.0,10.0,200.0,186.0,7,0
328705300,1,10831,30.188000000000102,108302409,0,100,0.0,10.0,200.0,186.0,7,0
328705300,1,10832,30.188000000000102,108312409,0,100,0.0,10.0,200.0,186.0,7,0
328705300,1,10833,30.188000000000102,108322409,0,100,0.0,10.0,200.0,186.0,7,0
328705300,1,10834,30.188000000000102,108332409,0,100,0.0,10.0,200.0,186.0,7,0
328705300,1,10835,30.188000000000102,108342409,0,100,0.0,10.0,200.0,186.0,7,0
328705300,1,10836,30.188000000000102,108352409,0,100,0.0,10.0,200.0,186.0,7,0
328705300,1,10837,30.188000000000102,108362409,0,100,0.0,10.0,200.0,186.0,7,0
328705300,1,10838,30.188000000000102,108372409,0,100,0.0,10.0,200.0,186.0,7,0
328705300,1,10839,30.188000000000102,108382409,0,100,0.0,10.0,200.0,186.0,7,0
328705300,1,10840,30.188000000000102,108392409,0,100,0.0,10.0,200.0,186.0,7,0
328705300,1,10841,30.188000000000102,108402409,0,100,0.0,10.0,200.0,186.0,7,0
328705300,1,10842,30.188000000000102,108412409,0,100,0.0,10.0,200.0,186.0,7,0
328705300,1,10843,30.188000000000102,108422409,0,100,0.0,10.0,200.0,186.0,7,0
328705300,1,10844,30.188000000000102,108432409,0,100,0.0,10.0,200.0,186.0,7,0
328705300,1,10845,30.188000000000102,108442409,0,100,0.0,10.0,200.0,186.0,7,0
328705300,1,10846,30.188000000000102,108452409,0,100,0.0,10.0,200.0,186.0,7,0
328705300,1,10847,30.188000000000102,108462409,0,100,0.0,10.0,200.0,186.0,7,0
328705300,1,10848,30.188000000000102,108472409,0,100,0.0,10.0,200.0,186.0,7,0
328705300,1,10849,30.188000000000102,108482409,0,100,0.0,10.0,200.0,186.0,7,0
328705300,1,10850,30.188000000000102,108492409,0,100,0.0,10.0,200.0,186.0,7,0
328705300,1,10851,30.188000000000102,108502409,0,100,0.0,10.0,200.0,186.0,7,0
328705300,1,10852,30.188000000000102,108512409,0,100,0.0,10.0,200.0,186.0,7,0
328705300,1,10853,30.188000000000102,108522409,0,100,0.0,10.0,200.0,186.0,7,0
328705300,1,10854,30.188000000000102,108532409,0,100,0.0,10.0,200.0,186.0,7,0
328705300,1,10855,30.188000000000102,108542409,0,100,0.0,10.0,200.0,186.0,7,0
328705300,1,10856,30.188000000000102,108552409,0,100,0.0,10.0,200.0,186.0,7,0
328705300,1,10857,30.188000000000102,108562409,0,100,0.0,10.0,200.0,186.0,7,0
328705300,1,10858,30.188000000000102,108572409,0,100,0.0,10.0,200.0,186.0,7,0
328705300,1,10859,30.188000000000102,108582409,0,100,0.0,10.0,200.0,186.0,7,0
328705300,1,10860,30.188000000000102,108592409,0,100,0.0,10.0,200.0,186.0,7,0
328705300,1,10861,30.188000000000102,108602409,0,100,0.0,10.0,200.0,186.0,7,0
328705300,1,10862,30.188000000000102,108612409,0,100,0.0,10.0,200.0,186.0,7,0
328705300,1,10863,30.188000000000102,108622409,0,100,0.0,10.0,200.0,186.0,7,0
328705300,1,10864,30.188000000000102,108632409,0,100,0.0,10.0,200.0,186.0,7,0
328705300,1,10865,30.188000000000102,108642409,0,100,0.0,10.0,200.0,186.0,7,0
328705300,1,10866,30.188000000000102,108652409,0,100,0.0,10.0,200.0,186.0,7,0
328705300,1,10867,30.188000000000102,108662409,0,100,0.0,10.0,200.0,186.0,7,0
328705300,1,10868,30.188000000000102,108672409,0,100,0.0,10.0,200.0,186.0,7,0
328705300,1,10869,30.188000000000102,108682409,0,100,0.0,10.0,200.0,186.0,7,0
328705300,1,10870,30.188000000000102,108692409,0,100,0.0,10.0,200.0,186.0,7,0
328705300,1,10871,30.188000000000102,108702409,0,100,0.0,10.0,200.0,186.0,7,0
328705300,1,10872,30.188000000000102,108712409,0,100,0.0,10.0,200.0,186.0,7,0
328705300,1,10873,30.188000000000102,108722409,0,100,0.0,10.0,200.0,186.0,7,0
328705300,1,10874,30.188000000000102,108732409,0,100,0.0,10.0,200.0,186.0,7,0
328705300,1,10875,30.188000000000102,108742409,0,100,0.0,10.0,200.0,186.0,7,0
328705300,1,10876,30.188000000000102,108752409,0,100,0.0,10.0,200.0,186.0,7,0
328705300,1,10877,30.188000000000102,108762409,0,100,0.0,10.0,200.0,186.0,7,0
328705300,1,10878,30.188000000000102,108772409,0,100,0.0,10.0,200.0,186.0,7,0
328705300,1,10879,30.188000000000102,108782409,0,100,0.0,10.0,200.0,186.0,7,0
328705300,1,10880,30.188000000000102,108792409,0,100,0.0,10.0,200.0,186.0,7,0
328705300,1,10881,30.188000000000102,108802409,0,100,0.0,10.0,200.0,186.0,7,0
328705300,1,10882,30.188000000000102,108812409,0,100,0.0,10.0,200.0,186.0,7,0
328705300,1,10883,30.188000000000102,108822409,0,100,0.0,10.0,200.0,186.0,7,0
328705300,1,10884,30.188000000000102,108832409,0,100,0.0,10.0,200.0,186.0,7,0
328705300,1,10885,30.188000000000102,108842409,0,100,0.0,10.0,200.0,186.0,7,0
328705300,1,10886,30.188000000000102,108852409,0,100,0.0,10.0,200.0,186.0,7,0
328705300,1,10887,30.188000000000102,108862409,0,100,0.0,10.0,200.0,186.0,7,0
328705300,1,10888,30.188000000000102,108872409,0,100,0.0,10.0,200.0,186.0,7,0
328705300,1,10889,30.188000000000102,108882409,0,100,0.0,10.0,200.0,186.0,7,0
328705300,1,10890,30.78099999999995,108892409,0,100,0.0,10.0,200.0,186.0,7,0
328705300,1,10891,30.78099999999995,108902409,0,100,0.0,10.0,200.0,186.0,7,0
328705300,1,10892,30.78099999999995,108912409,0,100,0.0,10.0,200.0,186.0,7,0
328705300,1,10893,30.78099999999995,108922409,0,100,0.0,10.0,200.0,186.0,7,0
328705300,1,10894,30.78099999999995,108932409,0,100,0.0,10.0,200.0,186.0,7,0
328705300,1,10895,30.78099999999995,108942409,0,100,0.0,10.0,200.0,186.0,7,0
328705300,1,10896,30.78099999999995,108952409,0,100,0.0,10.0,200.0,186.0,7,0
328705300,1,10897,30.78099999999995,108962409,0,100,0.0,10.0,200.0,186.0,7,0
328705300,1,10898,30.78099999999995,108972409,0,100,0.0,10.0,200.0,186.0,7,0
328705300,1,10899,30.78099999999995,108982409,0,100,0.0,10.0,200.0,186.0,7,0
328705300,1,10900,30.78099999999995,108992409,0,100,0.0,10.0,200.0,186.0,7,0
328705300,1,10901,30.78099999999995,109002409,0,100,0.0,10.0,200.0,186.0,7,0
328705300,1,10902,30.78099999999995,109012409,0,100,0.0,10.0,200.0,186.0,7,0
328705300,1,10903,30.78099999999995,109022409,0,100,0.0,10.0,200.0,186.0,7,0
328705300,1,10904,30.78099999999995,109032409,0,100,0.0,10.0,200.0,186.0,7,0
328705300,1,10905,30.78099999999995,109042409,0,100,0.0,10.0,200.0,186.0,7,0
328705300,1,10906,30.78099999999995,109052409,0,100,0.0,10.0,200.0,186.0,7,0
328705300,1,10907,30.78099999999995,109062409,0,100,0.0,10.0,200.0,186.0,7,0
328705300,1,10908,30.78099999999995,109072409,0,100,0.0,10.0,200.0,186.0,7,0
328705300,1,10909,30.78099999999995,109082409,0,100,0.0,10.0,200.0,186.0,7,0
328705300,1,10910,30.78099999999995,109092409,0,100,0.0,10.0,200.0,186.0,7,0
328705300,1,10911,30.78099999999995,109102409,0,100,0.0,10.0,200.0,186.0,7,0
328705300,1,10912,30.78099999999995,109112409,0,100,0.0,10.0,200.0,186.0,7,0
328705300,1,10913,30.78099999999995,109122409,0,100,0.0,10.0,200.0,186.0,7,0
328705300,1,10914,30.78099999999995,109132409,0,100,0.0,10.0,200.0,186.0,7,0
328705300,1,10915,30.78099999999995,109142409,0,100,0.0,10.0,200.0,186.0,7,0
328705300,1,10916,30.78099999999995,109152409,0,100,0.0,10.0,200.0,186.0,7,0
328705300,1,10917,30.78099999999995,109162409,0,100,0.0,10.0,200.0,186.0,7,0
328705300,1,10918,30.78099999999995,109172409,0,100,0.0,10.0,200.0,186.0,7,0
328705300,1,10919,30.78099999999995,109182409,0,100,0.0,10.0,200.0,186.0,7,0
328705300,1,10920,30.78099999999995,109192409,0,100,0.0,10.0,200.0,186.0,7,0
328705300,1,10921,30.78099999999995,109202409,0,100,0.0,10.0,200.0,186.0,7,0
328705300,1,10922,30.78099999999995,109212409,0,100,0.0,10.0,200.0,186.0,7,0
328705300,1,10923,30.78099999999995,109222409,0,100,0.0,10.0,200.0,186.0,7,0
328705300,1,10924,30.78099999999995,109232409,0,100,0.0,10.0,200.0,186.0,7,0
328705300,1,10925,30.78099999999995,109242409,0,100,0.0,10.0,200.0,186.0,7,0
328705300,1,10926,30.78099999999995,109252409,0,100,0.0,10.0,200.0,186.0,7,0
328705300,1,10927,30.78099999999995,109262409,0,100,0.0,10.0,200.0,186.0,7,0
328705300,1,10928,30.78099999999995,109272409,0,100,0.0,10.0,200.0,186.0,7,0
328705300,1,10929,30.78099999999995,109282409,0,100,0.0,10.0,200.0,186.0,7,0
328705300,1,10930,30.78099999999995,109292409,0,100,0.0,10.0,200.0,186.0,7,0
328705300,1,10931,30.78099999999995,109302409,0,100,0.0,10.0,200.0,186.0,7,0
328705300,1,10932,30.78099999999995,109312409,0,100,0.0,10.0,200.0,186.0,7,0
328705300,1,10933,30.78099999999995,109322409,0,100,0.0,10.0,200.0,186.0,7,0
328705300,1,10934,30.78099999999995,109332409,0,100,0.0,10.0,200.0,186.0,7,0
328705300,1,10935,30.78099999999995,109342409,0,100,0.0,10.0,200.0,186.0,7,0
328705300,1,10936,30.78099999999995,109352409,0,100,0.0,10.0,200.0,186.0,7,0
328705300,1,10937,30.78099999999995,109362409,0,100,0.0,10.0,200.0,186.0,7,0
328705300,1,10938,30.78099999999995,109372409,0,100,0.0,10.0,200.0,186.0,7,0
328705300,1,10939,30.78099999999995,109382409,0,100,0.0,10.0,200.0,186.0,7,0
328705300,1,10940,30.78099999999995,109392409,0,100,0.0,10.0,200.0,186.0,7,0
328705300,1,10941,30.78099999999995,109402409,0,100,0.0,10.0,200.0,186.0,7,0
328705300,1,10942,30.78099999999995,109412409,0,100,0.0,10.0,200.0,186.0,7,0
328705300,1,10943,30.78099999999995,109422409,0,100,0.0,10.0,200.0,186.0,7,0
328705300,1,10944,30.78099999999995,109432409,0,100,0.0,10.0,200.0,186.0,7,0
328705300,1,10945,30.78099999999995,109442409,0,100,0.0,10.0,200.0,186.0,7,0
328705300,1,10946,31.359999999999673,109452409,0,100,0.0,10.0,200.0,186.0,7,0
328705300,1,10947,31.359999999999673,109462409,0,100,0.0,10.0,200.0,186.0,7,0
328705300,1,10948,31.359999999999673,109472409,0,100,0.0,10.0,200.0,186.0,7,0
328705300,1,10949,31.359999999999673,109482409,0,100,0.0,10.0,200.0,186.0,7,0
328705300,1,10950,31.359999999999673,109492409,0,100,0.0,10.0,200.0,186.0,7,0
328705300,1,10951,31.359999999999673,109502409,0,100,0.0,10.0,200.0,186.0,7,0
328705300,1,10952,31.359999999999673,109512409,0,100,0.0,10.0,200.0,186.0,7,0
328705300,1,10953,31.359999999999673,109522409,0,100,0.0,10.0,200.0,186.0,7,0
328705300,1,10954,31.359999999999673,109532409,0,100,0.0,10.0,200.0,186.0,7,0
328705300,1,10955,31.359999999999673,109542409,0,100,0.0,10.0,200.0,186.0,7,0
328705300,1,10956,31.359999999999673,109552409,0,100,0.0,10.0,200.0,186.0,7,0
328705300,1,10957,31.359999999999673,109562409,0,100,0.0,10.0,200.0,186.0,7,0
328705300,1,10958,31.359999999999673,109572409,0,100,0.0,10.0,200.0,186.0,7,0
328705300,1,10959,31.359999999999673,109582409,0,100,0.0,10.0,200.0,186.0,7,0
328705300,1,10960,31.359999999999673,109592409,0,100,0.0,10.0,200.0,186.0,7,0
328705300,1,10961,31.359999999999673,109602409,0,100,0.0,10.0,200.0,186.0,7,0
328705300,1,10962,31.359999999999673,109612409,0,100,0.0,10.0,200.0,186.0,7,0
328705300,1,10963,31.359999999999673,109622409,0,100,0.0,10.0,200.0,186.0,7,0
328705300,1,10964,31.359999999999673,109632409,0,100,0.0,10.0,200.0,186.0,7,0
328705300,1,10965,31.359999999999673,109642409,0,100,0.0,10.0,200.0,186.0,7,0
328705300,1,10966,31.359999999999673,109652409,0,100,0.0,10.0,200.0,186.0,7,0
328705300,1,10967,31.359999999999673,109662409,0,100,0.0,10.0,200.0,186.0,7,0
328705300,1,10968,31.359999999999673,109672409,0,100,0.0,10.0,200.0,186.0,7,0
328705300,1,10969,31.359999999999673,109682409,0,100,0.0,10.0,200.0,186.0,7,0
328705300,1,10970,31.359999999999673,109692409,0,100,0.0,10.0,200.0,186.0,7,0
328705300,1,10971,31.359999999999673,109702409,0,100,0.0,10.0,200.0,186.0,7,0
328705300,1,10972,31.359999999999673,109712409,0,100,0.0,10.0,200.0,186.0,7,0
328705300,1,10973,31.359999999999673,109722409,0,100,0.0,10.0,200.0,186.0,7,0
328705300,1,10974,31.359999999999673,109732409,0,100,0.0,10.0,200.0,186.0,7,0
328705300,1,10975,31.359999999999673,109742409,0,100,0.0,10.0,200.0,186.0,7,0
328705300,1,10976,31.359999999999673,109752409,0,100,0.0,10.0,200.0,186.0,7,0
328705300,1,10977,31.359999999999673,109762409,0,100,0.0,10.0,200.0,186.0,7,0
328705300,1,10978,31.359999999999673,109772409,0,100,0.0,10.0,200.0,186.0,7,0
328705300,1,10979,31.359999999999673,109782409,0,100,0.0,10.0,200.0,186.0,7,0
328705300,1,10980,31.359999999999673,109792409,0,100,0.0,10.0,200.0,186.0,7,0
328705300,1,10981,31.359999999999673,109802409,0,100,0.0,10.0,200.0,186.0,7,0
328705300,1,10982,31.359999999999673,109812409,0,100,0.0,10.0,200.0,186.0,7,0
328705300,1,10983,31.359999999999673,109822409,0,100,0.0,10.0,200.0,186.0,7,0
328705300,1,10984,31.359999999999673,109832409,0,100,0.0,10.0,200.0,186.0,7,0
328705300,1,10985,31.359999999999673,109842409,0,100,0.0,10.0,200.0,186.0,7,0
328705300,1,10986,31.359999999999673,109852409,0,100,0.0,10.0,200.0,186.0,7,0
328705300,1,10987,31.359999999999673,109862409,0,100,0.0,10.0,200.0,186.0,7,0
328705300,1,10988,31.359999999999673,109872409,0,100,0.0,10.0,200.0,186.0,7,0
328705300,1,10989,31.359999999999673,109882409,0,100,0.0,10.0,200.0,186.0,7,0
328705300,1,10990,31.359999999999673,109892409,0,100,0.0,10.0,200.0,186.0,7,0
328705300,1,10991,31.359999999999673,109902409,0,100,0.0,10.0,200.0,186.0,7,0
328705300,1,10992,31.359999999999673,109912409,0,100,0.0,10.0,200.0,186.0,7,0
328705300,1,10993,31.359999999999673,109922409,0,100,0.0,10.0,200.0,186.0,7,0
328705300,1,10994,31.359999999999673,109932409,0,100,0.0,10.0,200.0,186.0,7,0
328705300,1,10995,31.359999999999673,109942409,0,100,0.0,10.0,200.0,186.0,7,0
328705300,1,10996,31.359999999999673,109952409,0,100,0.0,10.0,200.0,186.0,7,0
328705300,1,10997,31.359999999999673,109962409,0,100,0.0,10.0,200.0,186.0,7,0
328705300,1,10998,31.359999999999673,109972409,0,100,0.0,10.0,200.0,186.0,7,0
328705300,1,10999,31.359999999999673,109982409,0,100,0.0,10.0,200.0,186.0,7,0
328705300,1,11000,31.359999999999673,109992409,0,100,0.0,10.0,200.0,186.0,7,0
328705300,1,11001,31.359999999999673,110002409,0,100,0.0,10.0,200.0,186.0,7,0
328705300,1,11002,31.938000000000102,110012409,0,100,0.0,10.0,200.0,186.0,7,0
328705300,1,11003,31.938000000000102,110022409,0,100,0.0,10.0,200.0,186.0,7,0
328705300,1,11004,31.938000000000102,110032409,0,100,0.0,10.0,200.0,186.0,7,0
328705300,1,11005,31.938000000000102,110042409,0,100,0.0,10.0,200.0,186.0,7,0
328705300,1,11006,31.938000000000102,110052409,0,100,0.0,10.0,200.0,186.0,7,0
328705300,1,11007,31.938000000000102,110062409,0,100,0.0,10.0,200.0,186.0,7,0
328705300,1,11008,31.938000000000102,110072409,0,100,0.0,10.0,200.0,186.0,7,0
328705300,1,11009,31.938000000000102,110082409,0,100,0.0,10.0,200.0,186.0,7,0
328705300,1,11010,31.938000000000102,110092409,0,100,0.0,10.0,200.0,186.0,7,0
328705300,1,11011,31.938000000000102,110102409,0,100,0.0,10.0,200.0,186.0,7,0
328705300,1,11012,31.938000000000102,110112409,0,100,0.0,10.0,200.0,186.0,7,0
328705300,1,11013,31.938000000000102,110122409,0,100,0.0,10.0,200.0,186.0,7,0
328705300,1,11014,31.938000000000102,110132409,0,100,0.0,10.0,200.0,186.0,7,0
328705300,1,11015,31.938000000000102,110142409,0,100,0.0,10.0,200.0,186.0,7,0
328705300,1,11016,31.938000000000102,110152409,0,100,0.0,10.0,200.0,186.0,7,0
328705300,1,11017,31.938000000000102,110162409,0,100,0.0,10.0,200.0,186.0,7,0
328705300,1,11018,31.938000000000102,110172409,0,100,0.0,10.0,200.0,186.0,7,0
328705300,1,11019,31.938000000000102,110182409,0,100,0.0,10.0,200.0,186.0,7,0
328705300,1,11020,31.938000000000102,110192409,0,100,0.0,10.0,200.0,186.0,7,0
328705300,1,11021,31.938000000000102,110202409,0,100,0.0,10.0,200.0,186.0,7,0
328705300,1,11022,31.938000000000102,110212409,0,100,0.0,10.0,200.0,186.0,7,0
328705300,1,11023,31.938000000000102,110222409,0,100,0.0,10.0,200.0,186.0,7,0
328705300,1,11024,31.938000000000102,110232409,0,100,0.0,10.0,200.0,186.0,7,0
328705300,1,11025,31.938000000000102,110242409,0,100,0.0,10.0,200.0,186.0,7,0
328705300,1,11026,31.938000000000102,110252409,0,100,0.0,10.0,200.0,186.0,7,0
328705300,1,11027,31.938000000000102,110262409,0,100,0.0,10.0,200.0,186.0,7,0
328705300,1,11028,31.938000000000102,110272409,0,100,0.0,10.0,200.0,186.0,7,0
328705300,1,11029,31.938000000000102,110282409,0,100,0.0,10.0,200.0,186.0,7,0
328705300,1,11030,31.938000000000102,110292409,0,100,0.0,10.0,200.0,186.0,7,0
328705300,1,11031,31.938000000000102,110302409,0,100,0.0,10.0,200.0,186.0,7,0
328705300,1,11032,31.938000000000102,110312409,0,100,0.0,10.0,200.0,186.0,7,0
328705300,1,11033,31.938000000000102,110322409,0,100,0.0,10.0,200.0,186.0,7,0
328705300,1,11034,31.938000000000102,110332409,0,100,0.0,10.0,200.0,186.0,7,0
328705300,1,11035,31.938000000000102,110342409,0,100,0.0,10.0,200.0,186.0,7,0
328705300,1,11036,31.938000000000102,110352409,0,100,0.0,10.0,200.0,186.0,7,0
328705300,1,11037,31.938000000000102,110362409,0,100,0.0,10.0,200.0,186.0,7,0
328705300,1,11038,31.938000000000102,110372409,0,100,0.0,10.0,200.0,186.0,7,0
328705300,1,11039,31.938000000000102,110382409,0,100,0.0,10.0,200.0,186.0,7,0
328705300,1,11040,31.938000000000102,110392409,0,100,0.0,10.0,200.0,186.0,7,0
328705300,1,11041,31.938000000000102,110402409,0,100,0.0,10.0,200.0,186.0,7,0
328705300,1,11042,31.938000000000102,110412409,0,100,0.0,10.0,200.0,186.0,7,0
328705300,1,11043,31.938000000000102,110422409,0,100,0.0,10.0,200.0,186.0,7,0
328705300,1,11044,31.938000000000102,110432409,0,100,0.0,10.0,200.0,186.0,7,0
328705300,1,11045,31.938000000000102,110442409,0,100,0.0,10.0,200.0,186.0,7,0
328705300,1,11046,31.938000000000102,110452409,0,100,0.0,10.0,200.0,186.0,7,0
328705300,1,11047,31.938000000000102,110462409,0,100,0.0,10.0,200.0,186.0,7,0
328705300,1,11048,31.938000000000102,110472409,0,100,0.0,10.0,200.0,186.0,7,0
328705300,1,11049,31.938000000000102,110482409,0,100,0.0,10.0,200.0,186.0,7,0
328705300,1,11050,31.938000000000102,110492409,0,100,0.0,10.0,200.0,186.0,7,0
328705300,1,11051,31.938000000000102,110502409,0,100,0.0,10.0,200.0,186.0,7,0
328705300,1,11052,31.938000000000102,110512409,0,100,0.0,10.0,200.0,186.0,7,0
328705300,1,11053,31.938000000000102,110522409,0,100,0.0,10.0,200.0,186.0,7,0
328705300,1,11054,31.938000000000102,110532409,0,100,0.0,10.0,200.0,186.0,7,0
328705300,1,11055,31.938000000000102,110542409,0,100,0.0,10.0,200.0,186.0,7,0
328705300,1,11056,31.938000000000102,110552409,0,100,0.0,10.0,200.0,186.0,7,0
328705300,1,11057,31.938000000000102,110562409,0,100,0.0,10.0,200.0,186.0,7,0
328705300,1,11058,31.938000000000102,110572409,0,100,0.0,10.0,200.0,186.0,7,0
328705300,1,11059,31.938000000000102,110582409,0,100,0.0,10.0,200.0,186.0,7,0
328705300,1,11060,31.938000000000102,110592409,0,100,0.0,10.0,200.0,186.0,7,0
328705300,1,11061,31.938000000000102,110602409,0,100,0.0,10.0,200.0,186.0,7,0
328705300,1,11062,31.938000000000102,110612409,0,100,0.0,10.0,200.0,186.0,7,0
328705300,1,11063,31.938000000000102,110622409,0,100,0.0,10.0,200.0,186.0,7,0
328705300,1,11064,31.938000000000102,110632409,0,100,0.0,10.0,200.0,186.0,7,0
328705300,1,11065,31.938000000000102,110642409,0,100,0.0,10.0,200.0,186.0,7,0
