session,param_revision,sample_seq,host_t,sample_us,encoder_raw,motor_pwm,speed_float,target_float,motor_integral,motor_prelimit,motor_flags,encoder_signed
2372802115,2,25586,0.6399999999994179,255852411,0,100,0.0,8.0,200.0,169.0,7,0
2372802115,2,25587,0.6399999999994179,255862411,0,100,0.0,8.0,200.0,169.0,7,0
2372802115,2,25588,0.6399999999994179,255872411,0,100,0.0,8.0,200.0,169.0,7,0
2372802115,2,25589,0.6399999999994179,255882411,0,100,0.0,8.0,200.0,169.0,7,0
2372802115,2,25590,0.6399999999994179,255892411,0,100,0.0,8.0,200.0,169.0,7,0
2372802115,2,25591,0.6399999999994179,255902411,0,100,0.0,8.0,200.0,169.0,7,0
2372802115,2,25592,0.6399999999994179,255912411,0,100,0.0,8.0,200.0,169.0,7,0
2372802115,2,25593,0.6399999999994179,255922411,0,100,0.0,8.0,200.0,169.0,7,0
2372802115,2,25594,0.6399999999994179,255932411,0,100,0.0,8.0,200.0,169.0,7,0
2372802115,2,25595,0.6399999999994179,255942411,0,100,0.0,8.0,200.0,169.0,7,0
2372802115,2,25596,0.6399999999994179,255952411,0,100,0.0,8.0,200.0,169.0,7,0
2372802115,2,25597,0.6399999999994179,255962411,0,100,0.0,8.0,200.0,169.0,7,0
2372802115,2,25598,0.6399999999994179,255972411,0,100,0.0,8.0,200.0,169.0,7,0
2372802115,2,25599,0.6399999999994179,255982411,0,100,0.0,8.0,200.0,169.0,7,0
2372802115,2,25600,0.6399999999994179,255992411,0,100,0.0,8.0,200.0,169.0,7,0
2372802115,2,25601,0.6399999999994179,256002411,0,100,0.0,8.0,200.0,169.0,7,0
2372802115,2,25602,0.7649999999994179,256012411,0,100,0.0,8.0,200.0,169.0,7,0
2372802115,2,25603,0.7649999999994179,256022411,0,100,0.0,8.0,200.0,169.0,7,0
2372802115,2,25604,0.7649999999994179,256032411,0,100,0.0,8.0,200.0,169.0,7,0
2372802115,2,25605,0.7649999999994179,256042411,0,100,0.0,8.0,200.0,169.0,7,0
2372802115,2,25606,0.7649999999994179,256052411,0,100,0.0,8.0,200.0,169.0,7,0
2372802115,2,25607,0.7649999999994179,256062411,0,100,0.0,8.0,200.0,169.0,7,0
2372802115,2,25608,0.7649999999994179,256072411,0,100,0.0,8.0,200.0,169.0,7,0
2372802115,2,25609,0.7649999999994179,256082411,0,100,0.0,8.0,200.0,169.0,7,0
2372802115,2,25610,1.25,256092411,0,100,0.0,8.0,200.0,169.0,7,0
2372802115,2,25611,1.25,256102411,0,100,0.0,8.0,200.0,169.0,7,0
2372802115,2,25612,1.25,256112411,0,100,0.0,8.0,200.0,169.0,7,0
2372802115,2,25613,1.25,256122411,0,100,0.0,8.0,200.0,169.0,7,0
2372802115,2,25614,1.25,256132411,0,100,0.0,8.0,200.0,169.0,7,0
2372802115,2,25615,1.25,256142411,0,100,0.0,8.0,200.0,169.0,7,0
2372802115,2,25616,1.25,256152411,0,100,0.0,8.0,200.0,169.0,7,0
2372802115,2,25617,1.25,256162411,0,100,0.0,8.0,200.0,169.0,7,0
2372802115,2,25618,1.25,256172411,0,100,0.0,8.0,200.0,169.0,7,0
2372802115,2,25619,1.25,256182411,0,100,0.0,8.0,200.0,169.0,7,0
2372802115,2,25620,1.25,256192411,0,100,0.0,8.0,200.0,169.0,7,0
2372802115,3,25621,1.25,256202411,0,100,0.0,8.0,200.0,169.0,7,0
2372802115,3,25622,1.25,256212411,0,100,0.0,8.0,200.0,169.0,7,0
2372802115,3,25623,1.25,256222411,0,100,0.0,8.0,200.0,169.0,7,0
2372802115,3,25624,1.25,256232411,0,100,0.0,8.0,200.0,169.0,7,0
2372802115,3,25625,1.25,256242411,0,100,0.0,8.0,200.0,169.0,7,0
2372802115,3,25626,1.25,256252411,0,100,0.0,8.0,200.0,169.0,7,0
2372802115,3,25627,1.25,256262411,0,100,0.0,8.0,200.0,169.0,7,0
2372802115,3,25628,1.25,256272411,0,100,0.0,8.0,200.0,169.0,7,0
2372802115,3,25629,1.25,256282411,0,100,0.0,8.0,200.0,169.0,7,0
2372802115,3,25630,1.25,256292411,0,100,0.0,8.0,200.0,169.0,7,0
2372802115,3,25631,1.25,256302411,0,100,0.0,8.0,200.0,169.0,7,0
2372802115,3,25632,1.25,256312411,0,100,0.0,8.0,200.0,169.0,7,0
2372802115,3,25633,1.25,256322411,0,100,0.0,8.0,200.0,169.0,7,0
2372802115,3,25634,1.25,256332411,0,100,0.0,8.0,200.0,169.0,7,0
2372802115,3,25635,1.25,256342411,0,100,0.0,8.0,200.0,169.0,7,0
2372802115,3,25636,1.25,256352411,0,100,0.0,8.0,200.0,169.0,7,0
2372802115,3,25637,1.25,256362411,0,100,0.0,8.0,200.0,169.0,7,0
2372802115,3,25638,1.25,256372411,0,100,0.0,8.0,200.0,169.0,7,0
2372802115,3,25639,1.25,256382411,0,100,0.0,8.0,200.0,169.0,7,0
2372802115,3,25640,1.25,256392411,0,100,0.0,8.0,200.0,169.0,7,0
2372802115,3,25641,1.25,256402411,0,100,0.0,8.0,200.0,169.0,7,0
2372802115,3,25642,1.25,256412411,0,100,0.0,8.0,200.0,169.0,7,0
2372802115,3,25643,1.25,256422411,0,100,0.0,8.0,200.0,169.0,7,0
2372802115,3,25644,1.25,256432411,0,100,0.0,8.0,200.0,169.0,7,0
2372802115,3,25645,1.25,256442411,0,100,0.0,8.0,200.0,169.0,7,0
2372802115,3,25646,1.25,256452411,0,100,0.0,8.0,200.0,169.0,7,0
2372802115,3,25647,1.25,256462411,0,100,0.0,8.0,200.0,169.0,7,0
2372802115,3,25648,1.25,256472411,0,100,0.0,8.0,200.0,169.0,7,0
2372802115,3,25649,1.25,256482411,0,100,0.0,8.0,200.0,169.0,7,0
2372802115,3,25650,1.25,256492411,0,100,0.0,8.0,200.0,169.0,7,0
2372802115,3,25651,1.25,256502411,0,100,0.0,8.0,200.0,169.0,7,0
2372802115,3,25652,1.25,256512411,0,100,0.0,8.0,200.0,169.0,7,0
2372802115,3,25653,1.25,256522411,0,100,0.0,8.0,200.0,169.0,7,0
2372802115,3,25654,1.25,256532411,0,100,0.0,8.0,200.0,169.0,7,0
2372802115,3,25655,1.25,256542411,0,100,0.0,8.0,200.0,169.0,7,0
2372802115,3,25656,1.25,256552411,0,100,0.0,8.0,200.0,169.0,7,0
2372802115,3,25657,1.25,256562411,0,100,0.0,8.0,200.0,169.0,7,0
2372802115,3,25658,1.25,256572411,0,100,0.0,8.0,200.0,169.0,7,0
2372802115,3,25659,1.25,256582411,0,100,0.0,8.0,200.0,169.0,7,0
2372802115,3,25660,1.25,256592411,0,100,0.0,8.0,200.0,169.0,7,0
2372802115,3,25661,1.375,256602411,0,100,0.0,8.0,200.0,169.0,7,0
2372802115,3,25662,1.375,256612411,0,100,0.0,8.0,200.0,169.0,7,0
2372802115,3,25663,1.375,256622411,0,100,0.0,8.0,200.0,169.0,7,0
2372802115,3,25664,1.375,256632411,0,100,0.0,8.0,200.0,169.0,7,0
2372802115,3,25665,1.375,256642411,0,100,0.0,8.0,200.0,169.0,7,0
2372802115,3,25666,1.375,256652411,0,100,0.0,8.0,200.0,169.0,7,0
2372802115,3,25667,1.375,256662411,0,100,0.0,8.0,200.0,169.0,7,0
2372802115,3,25668,1.375,256672411,0,100,0.0,8.0,200.0,169.0,7,0
2372802115,3,25669,1.375,256682411,0,100,0.0,8.0,200.0,169.0,7,0
2372802115,3,25670,1.375,256692411,0,100,0.0,8.0,200.0,169.0,7,0
2372802115,3,25671,1.375,256702411,0,100,0.0,8.0,200.0,169.0,7,0
2372802115,3,25672,1.375,256712411,0,100,0.0,8.0,200.0,169.0,7,0
2372802115,3,25673,1.375,256722411,0,100,0.0,8.0,200.0,169.0,7,0
2372802115,3,25674,1.375,256732411,0,100,0.0,8.0,200.0,169.0,7,0
2372802115,3,25675,1.375,256742411,0,100,0.0,8.0,200.0,169.0,7,0
2372802115,3,25676,1.375,256752411,0,100,0.0,8.0,200.0,169.0,7,0
2372802115,3,25677,1.75,256762411,0,100,0.0,8.0,200.0,169.0,7,0
2372802115,3,25678,1.75,256772411,0,100,0.0,8.0,200.0,169.0,7,0
2372802115,3,25679,1.75,256782411,0,100,0.0,8.0,200.0,169.0,7,0
2372802115,3,25680,1.75,256792411,0,100,0.0,8.0,200.0,169.0,7,0
2372802115,3,25681,1.75,256802411,0,100,0.0,8.0,200.0,169.0,7,0
2372802115,3,25682,1.75,256812411,0,100,0.0,8.0,200.0,169.0,7,0
2372802115,3,25683,1.75,256822411,0,100,0.0,8.0,200.0,169.0,7,0
2372802115,3,25684,1.75,256832411,0,100,0.0,8.0,200.0,169.0,7,0
2372802115,3,25685,1.75,256842411,0,100,0.0,8.0,200.0,169.0,7,0
2372802115,3,25686,1.75,256852411,0,100,0.0,8.0,200.0,169.0,7,0
2372802115,3,25687,1.75,256862411,0,100,0.0,8.0,200.0,169.0,7,0
2372802115,3,25688,1.75,256872411,0,100,0.0,8.0,200.0,169.0,7,0
2372802115,3,25689,1.75,256882411,0,100,0.0,8.0,200.0,169.0,7,0
2372802115,3,25690,1.75,256892411,0,100,0.0,8.0,200.0,169.0,7,0
2372802115,3,25691,1.75,256902411,0,100,0.0,8.0,200.0,169.0,7,0
2372802115,3,25692,1.75,256912411,0,100,0.0,8.0,200.0,169.0,7,0
2372802115,3,25693,1.75,256922411,0,100,0.0,8.0,200.0,169.0,7,0
2372802115,3,25694,1.75,256932411,0,100,0.0,8.0,200.0,169.0,7,0
2372802115,3,25695,1.75,256942411,0,100,0.0,8.0,200.0,169.0,7,0
2372802115,3,25696,1.75,256952411,0,100,0.0,8.0,200.0,169.0,7,0
2372802115,3,25697,1.75,256962411,0,100,0.0,8.0,200.0,169.0,7,0
2372802115,3,25698,1.75,256972411,0,100,0.0,8.0,200.0,169.0,7,0
2372802115,3,25699,1.75,256982411,0,100,0.0,8.0,200.0,169.0,7,0
2372802115,3,25700,1.75,256992411,0,100,0.0,8.0,200.0,169.0,7,0
2372802115,3,25701,1.75,257002411,0,100,0.0,8.0,200.0,169.0,7,0
2372802115,3,25702,1.75,257012411,0,100,0.0,8.0,200.0,169.0,7,0
2372802115,3,25703,1.75,257022411,0,100,0.0,8.0,200.0,169.0,7,0
2372802115,3,25704,1.75,257032411,0,100,0.0,8.0,200.0,169.0,7,0
2372802115,3,25705,1.75,257042411,0,100,0.0,8.0,200.0,169.0,7,0
2372802115,3,25706,1.75,257052411,0,100,0.0,8.0,200.0,169.0,7,0
2372802115,3,25707,1.75,257062411,0,100,0.0,8.0,200.0,169.0,7,0
2372802115,3,25708,1.75,257072411,0,100,0.0,8.0,200.0,169.0,7,0
2372802115,3,25709,2.297000000005937,257082411,0,100,0.0,8.0,200.0,169.0,7,0
2372802115,3,25710,2.297000000005937,257092411,0,100,0.0,8.0,200.0,169.0,7,0
2372802115,3,25711,2.297000000005937,257102411,0,100,0.0,8.0,200.0,169.0,7,0
2372802115,3,25712,2.297000000005937,257112411,0,100,0.0,8.0,200.0,169.0,7,0
2372802115,3,25713,2.297000000005937,257122411,0,100,0.0,8.0,200.0,169.0,7,0
2372802115,3,25714,2.297000000005937,257132411,0,100,0.0,8.0,200.0,169.0,7,0
2372802115,3,25715,2.297000000005937,257142411,0,100,0.0,8.0,200.0,169.0,7,0
2372802115,3,25716,2.297000000005937,257152411,0,100,0.0,8.0,200.0,169.0,7,0
2372802115,3,25717,2.297000000005937,257162411,0,100,0.0,8.0,200.0,169.0,7,0
2372802115,3,25718,2.297000000005937,257172411,0,100,0.0,8.0,200.0,169.0,7,0
2372802115,3,25719,2.297000000005937,257182411,0,100,0.0,8.0,200.0,169.0,7,0
2372802115,3,25720,2.297000000005937,257192411,0,100,0.0,8.0,200.0,169.0,7,0
2372802115,3,25721,2.297000000005937,257202411,0,100,0.0,8.0,200.0,169.0,7,0
2372802115,3,25722,2.297000000005937,257212411,0,100,0.0,8.0,200.0,169.0,7,0
2372802115,3,25723,2.297000000005937,257222411,0,100,0.0,8.0,200.0,169.0,7,0
2372802115,3,25724,2.297000000005937,257232411,0,100,0.0,8.0,200.0,169.0,7,0
2372802115,3,25725,2.297000000005937,257242411,0,100,0.0,8.0,200.0,169.0,7,0
2372802115,3,25726,2.297000000005937,257252411,0,100,0.0,8.0,200.0,169.0,7,0
2372802115,3,25727,2.297000000005937,257262411,0,100,0.0,8.0,200.0,169.0,7,0
2372802115,3,25728,2.297000000005937,257272411,0,100,0.0,8.0,200.0,169.0,7,0
2372802115,3,25729,2.297000000005937,257282411,0,100,0.0,8.0,200.0,169.0,7,0
2372802115,3,25730,2.297000000005937,257292411,0,100,0.0,8.0,200.0,169.0,7,0
2372802115,3,25731,2.297000000005937,257302411,0,100,0.0,8.0,200.0,169.0,7,0
2372802115,3,25732,2.297000000005937,257312411,0,100,0.0,8.0,200.0,169.0,7,0
2372802115,3,25733,2.297000000005937,257322411,0,100,0.0,8.0,200.0,169.0,7,0
2372802115,3,25734,2.297000000005937,257332411,0,100,0.0,8.0,200.0,169.0,7,0
2372802115,3,25735,2.297000000005937,257342411,0,100,0.0,8.0,200.0,169.0,7,0
2372802115,3,25736,2.297000000005937,257352411,0,100,0.0,8.0,200.0,169.0,7,0
2372802115,3,25737,2.297000000005937,257362411,0,100,0.0,8.0,200.0,169.0,7,0
2372802115,3,25738,2.297000000005937,257372411,0,100,0.0,8.0,200.0,169.0,7,0
2372802115,3,25739,2.297000000005937,257382411,0,100,0.0,8.0,200.0,169.0,7,0
2372802115,3,25740,2.297000000005937,257392411,0,100,0.0,8.0,200.0,169.0,7,0
2372802115,3,25741,2.297000000005937,257402411,0,100,0.0,8.0,200.0,169.0,7,0
2372802115,3,25742,2.297000000005937,257412411,0,100,0.0,8.0,200.0,169.0,7,0
2372802115,3,25743,2.297000000005937,257422411,0,100,0.0,8.0,200.0,169.0,7,0
2372802115,3,25744,2.297000000005937,257432411,0,100,0.0,8.0,200.0,169.0,7,0
2372802115,3,25745,2.297000000005937,257442411,0,100,0.0,8.0,200.0,169.0,7,0
2372802115,3,25746,2.297000000005937,257452411,0,100,0.0,8.0,200.0,169.0,7,0
2372802115,3,25747,2.297000000005937,257462411,0,100,0.0,8.0,200.0,169.0,7,0
2372802115,3,25748,2.297000000005937,257472411,0,100,0.0,8.0,200.0,169.0,7,0
2372802115,3,25749,2.297000000005937,257482411,0,100,0.0,8.0,200.0,169.0,7,0
2372802115,3,25750,2.297000000005937,257492411,0,100,0.0,8.0,200.0,169.0,7,0
2372802115,3,25751,2.297000000005937,257502411,0,100,0.0,8.0,200.0,169.0,7,0
2372802115,3,25752,2.297000000005937,257512411,0,100,0.0,8.0,200.0,169.0,7,0
2372802115,3,25753,2.297000000005937,257522411,0,100,0.0,8.0,200.0,169.0,7,0
2372802115,3,25754,2.297000000005937,257532411,0,100,0.0,8.0,200.0,169.0,7,0
2372802115,3,25755,2.297000000005937,257542411,0,100,0.0,8.0,200.0,169.0,7,0
2372802115,3,25756,2.297000000005937,257552411,0,100,0.0,8.0,200.0,169.0,7,0
2372802115,3,25757,2.297000000005937,257562411,0,100,0.0,8.0,200.0,169.0,7,0
2372802115,3,25758,2.297000000005937,257572411,0,100,0.0,8.0,200.0,169.0,7,0
2372802115,3,25759,2.297000000005937,257582411,0,100,0.0,8.0,200.0,169.0,7,0
2372802115,3,25760,2.297000000005937,257592411,0,100,0.0,8.0,200.0,169.0,7,0
2372802115,3,25761,2.297000000005937,257602411,0,100,0.0,8.0,200.0,169.0,7,0
2372802115,3,25762,2.297000000005937,257612411,0,100,0.0,8.0,200.0,169.0,7,0
2372802115,3,25763,2.297000000005937,257622411,0,100,0.0,8.0,200.0,169.0,7,0
2372802115,3,25764,2.297000000005937,257632411,0,100,0.0,8.0,200.0,169.0,7,0
2372802115,3,25765,2.297000000005937,257642411,0,100,0.0,8.0,200.0,169.0,7,0
2372802115,3,25766,2.297000000005937,257652411,0,100,0.0,8.0,200.0,169.0,7,0
2372802115,3,25767,2.297000000005937,257662411,0,100,0.0,8.0,200.0,169.0,7,0
2372802115,3,25768,2.297000000005937,257672411,0,100,0.0,8.0,200.0,169.0,7,0
2372802115,3,25769,2.297000000005937,257682411,0,100,0.0,8.0,200.0,169.0,7,0
2372802115,3,25770,2.297000000005937,257692411,0,100,0.0,8.0,200.0,169.0,7,0
2372802115,3,25771,2.297000000005937,257702411,0,100,0.0,8.0,200.0,169.0,7,0
2372802115,3,25772,2.297000000005937,257712411,0,100,0.0,8.0,200.0,169.0,7,0
2372802115,3,25773,2.4840000000112923,257722411,0,100,0.0,8.0,200.0,169.0,7,0
2372802115,3,25774,2.4840000000112923,257732411,0,100,0.0,8.0,200.0,169.0,7,0
2372802115,3,25775,2.4840000000112923,257742411,0,100,0.0,8.0,200.0,169.0,7,0
2372802115,3,25776,2.4840000000112923,257752411,0,100,0.0,8.0,200.0,169.0,7,0
2372802115,3,25777,2.4840000000112923,257762411,0,100,0.0,8.0,200.0,169.0,7,0
2372802115,3,25778,2.4840000000112923,257772411,0,100,0.0,8.0,200.0,169.0,7,0
2372802115,3,25779,2.4840000000112923,257782411,0,100,0.0,8.0,200.0,169.0,7,0
2372802115,3,25780,2.4840000000112923,257792411,0,100,0.0,8.0,200.0,169.0,7,0
2372802115,3,25781,2.9680000000080327,257802411,0,100,0.0,8.0,200.0,169.0,7,0
2372802115,3,25782,2.9680000000080327,257812411,0,100,0.0,8.0,200.0,169.0,7,0
2372802115,3,25783,2.9680000000080327,257822411,0,100,0.0,8.0,200.0,169.0,7,0
2372802115,3,25784,2.9680000000080327,257832411,0,100,0.0,8.0,200.0,169.0,7,0
2372802115,3,25785,2.9680000000080327,257842411,0,100,0.0,8.0,200.0,169.0,7,0
2372802115,3,25786,2.9680000000080327,257852411,0,100,0.0,8.0,200.0,169.0,7,0
2372802115,3,25787,2.9680000000080327,257862411,0,100,0.0,8.0,200.0,169.0,7,0
2372802115,3,25788,2.9680000000080327,257872411,0,100,0.0,8.0,200.0,169.0,7,0
2372802115,3,25789,2.9680000000080327,257882411,0,100,0.0,8.0,200.0,169.0,7,0
2372802115,3,25790,2.9680000000080327,257892411,0,100,0.0,8.0,200.0,169.0,7,0
2372802115,3,25791,2.9680000000080327,257902411,0,100,0.0,8.0,200.0,169.0,7,0
2372802115,3,25792,2.9680000000080327,257912411,0,100,0.0,8.0,200.0,169.0,7,0
2372802115,3,25793,2.9680000000080327,257922411,0,100,0.0,8.0,200.0,169.0,7,0
2372802115,3,25794,2.9680000000080327,257932411,0,100,0.0,8.0,200.0,169.0,7,0
2372802115,3,25795,2.9680000000080327,257942411,0,100,0.0,8.0,200.0,169.0,7,0
2372802115,3,25796,2.9680000000080327,257952411,0,100,0.0,8.0,200.0,169.0,7,0
2372802115,3,25797,2.9680000000080327,257962411,0,100,0.0,8.0,200.0,169.0,7,0
2372802115,3,25798,2.9680000000080327,257972411,0,100,0.0,8.0,200.0,169.0,7,0
2372802115,3,25799,2.9680000000080327,257982411,0,100,0.0,8.0,200.0,169.0,7,0
2372802115,3,25800,2.9680000000080327,257992411,0,100,0.0,8.0,200.0,169.0,7,0
2372802115,3,25801,2.9680000000080327,258002411,0,100,0.0,8.0,200.0,169.0,7,0
2372802115,3,25802,2.9680000000080327,258012411,0,100,0.0,8.0,200.0,169.0,7,0
2372802115,3,25803,2.9680000000080327,258022411,0,100,0.0,8.0,200.0,169.0,7,0
2372802115,3,25804,2.9680000000080327,258032411,0,100,0.0,8.0,200.0,169.0,7,0
2372802115,3,25805,2.9680000000080327,258042411,0,100,0.0,8.0,200.0,169.0,7,0
2372802115,3,25806,2.9680000000080327,258052411,0,100,0.0,8.0,200.0,169.0,7,0
2372802115,3,25807,2.9680000000080327,258062411,0,100,0.0,8.0,200.0,169.0,7,0
2372802115,3,25808,2.9680000000080327,258072411,0,100,0.0,8.0,200.0,169.0,7,0
2372802115,3,25809,2.9680000000080327,258082411,0,100,0.0,8.0,200.0,169.0,7,0
2372802115,3,25810,2.9680000000080327,258092411,0,100,0.0,8.0,200.0,169.0,7,0
2372802115,3,25811,2.9680000000080327,258102411,0,100,0.0,8.0,200.0,169.0,7,0
2372802115,3,25812,2.9680000000080327,258112411,0,100,0.0,8.0,200.0,169.0,7,0
2372802115,3,25813,2.9680000000080327,258122411,0,100,0.0,8.0,200.0,169.0,7,0
2372802115,3,25814,2.9680000000080327,258132411,0,100,0.0,8.0,200.0,169.0,7,0
2372802115,3,25815,2.9680000000080327,258142411,0,100,0.0,8.0,200.0,169.0,7,0
2372802115,3,25816,2.9680000000080327,258152411,0,100,0.0,8.0,200.0,169.0,7,0
2372802115,3,25817,2.9680000000080327,258162411,0,100,0.0,8.0,200.0,169.0,7,0
2372802115,3,25818,2.9680000000080327,258172411,0,100,0.0,8.0,200.0,169.0,7,0
2372802115,3,25819,2.9680000000080327,258182411,0,100,0.0,8.0,200.0,169.0,7,0
2372802115,3,25820,2.9680000000080327,258192411,0,100,0.0,8.0,200.0,169.0,7,0
2372802115,3,25821,2.9680000000080327,258202411,0,100,0.0,8.0,200.0,169.0,7,0
2372802115,3,25822,2.9680000000080327,258212411,0,100,0.0,8.0,200.0,169.0,7,0
2372802115,3,25823,2.9680000000080327,258222411,0,100,0.0,8.0,200.0,169.0,7,0
2372802115,3,25824,2.9680000000080327,258232411,0,100,0.0,8.0,200.0,169.0,7,0
2372802115,3,25825,2.9680000000080327,258242411,0,100,0.0,8.0,200.0,169.0,7,0
2372802115,3,25826,2.9680000000080327,258252411,0,100,0.0,8.0,200.0,169.0,7,0
2372802115,3,25827,2.9680000000080327,258262411,0,100,0.0,8.0,200.0,169.0,7,0
2372802115,3,25828,2.9680000000080327,258272411,0,100,0.0,8.0,200.0,169.0,7,0
2372802115,3,25829,2.9680000000080327,258282411,0,100,0.0,8.0,200.0,169.0,7,0
2372802115,3,25830,2.9680000000080327,258292411,0,100,0.0,8.0,200.0,169.0,7,0
2372802115,3,25831,2.9680000000080327,258302411,0,100,0.0,8.0,200.0,169.0,7,0
2372802115,3,25832,2.9680000000080327,258312411,0,100,0.0,8.0,200.0,169.0,7,0
2372802115,3,25833,2.9680000000080327,258322411,0,100,0.0,8.0,200.0,169.0,7,0
2372802115,3,25834,2.9680000000080327,258332411,0,100,0.0,8.0,200.0,169.0,7,0
2372802115,3,25835,2.9680000000080327,258342411,0,100,0.0,8.0,200.0,169.0,7,0
2372802115,3,25836,2.9680000000080327,258352411,0,100,0.0,8.0,200.0,169.0,7,0
2372802115,3,25837,3.5,258362411,0,100,0.0,8.0,200.0,169.0,7,0
2372802115,3,25838,3.5,258372411,0,100,0.0,8.0,200.0,169.0,7,0
2372802115,3,25839,3.5,258382411,0,100,0.0,8.0,200.0,169.0,7,0
2372802115,3,25840,3.5,258392411,0,100,0.0,8.0,200.0,169.0,7,0
2372802115,3,25841,3.5,258402411,0,100,0.0,8.0,200.0,169.0,7,0
2372802115,3,25842,3.5,258412411,0,100,0.0,8.0,200.0,169.0,7,0
2372802115,3,25843,3.5,258422411,0,100,0.0,8.0,200.0,169.0,7,0
2372802115,3,25844,3.5,258432411,0,100,0.0,8.0,200.0,169.0,7,0
2372802115,3,25845,3.5,258442411,0,100,0.0,8.0,200.0,169.0,7,0
2372802115,3,25846,3.5,258452411,0,100,0.0,8.0,200.0,169.0,7,0
2372802115,3,25847,3.5,258462411,0,100,0.0,8.0,200.0,169.0,7,0
2372802115,3,25848,3.5,258472411,0,100,0.0,8.0,200.0,169.0,7,0
2372802115,3,25849,3.5,258482411,0,100,0.0,8.0,200.0,169.0,7,0
2372802115,3,25850,3.5,258492411,0,100,0.0,8.0,200.0,169.0,7,0
2372802115,3,25851,3.5,258502411,0,100,0.0,8.0,200.0,169.0,7,0
2372802115,3,25852,3.5,258512411,0,100,0.0,8.0,200.0,169.0,7,0
2372802115,3,25853,3.5,258522411,0,100,0.0,8.0,200.0,169.0,7,0
2372802115,3,25854,3.5,258532412,0,100,0.0,8.0,200.0,169.0,7,0
2372802115,3,25855,3.5,258542411,0,100,0.0,8.0,200.0,169.0,7,0
2372802115,3,25856,3.5,258552411,0,100,0.0,8.0,200.0,169.0,7,0
2372802115,3,25857,3.5,258562411,0,100,0.0,8.0,200.0,169.0,7,0
2372802115,3,25858,3.5,258572411,0,100,0.0,8.0,200.0,169.0,7,0
2372802115,3,25859,3.5,258582411,0,100,0.0,8.0,200.0,169.0,7,0
2372802115,3,25860,3.5,258592411,0,100,0.0,8.0,200.0,169.0,7,0
2372802115,3,25861,3.5,258602411,0,100,0.0,8.0,200.0,169.0,7,0
2372802115,3,25862,3.5,258612411,0,100,0.0,8.0,200.0,169.0,7,0
2372802115,3,25863,3.5,258622411,0,100,0.0,8.0,200.0,169.0,7,0
2372802115,3,25864,3.5,258632411,0,100,0.0,8.0,200.0,169.0,7,0
2372802115,3,25865,3.5,258642411,0,100,0.0,8.0,200.0,169.0,7,0
2372802115,3,25866,3.5,258652411,0,100,0.0,8.0,200.0,169.0,7,0
2372802115,3,25867,3.5,258662411,0,100,0.0,8.0,200.0,169.0,7,0
2372802115,3,25868,3.5,258672411,0,100,0.0,8.0,200.0,169.0,7,0
2372802115,3,25869,3.5,258682411,0,100,0.0,8.0,200.0,169.0,7,0
2372802115,3,25870,3.5,258692411,0,100,0.0,8.0,200.0,169.0,7,0
2372802115,3,25871,3.5,258702411,0,100,0.0,8.0,200.0,169.0,7,0
2372802115,3,25872,3.5,258712411,0,100,0.0,8.0,200.0,169.0,7,0
2372802115,3,25873,3.5,258722411,0,100,0.0,8.0,200.0,169.0,7,0
2372802115,3,25874,3.5,258732411,0,100,0.0,8.0,200.0,169.0,7,0
2372802115,3,25875,3.5,258742411,0,100,0.0,8.0,200.0,169.0,7,0
2372802115,3,25876,3.5,258752411,0,100,0.0,8.0,200.0,169.0,7,0
2372802115,3,25877,3.5,258762411,0,100,0.0,8.0,200.0,169.0,7,0
2372802115,3,25878,3.5,258772411,0,100,0.0,8.0,200.0,169.0,7,0
2372802115,3,25879,3.5,258782411,0,100,0.0,8.0,200.0,169.0,7,0
2372802115,3,25880,3.5,258792411,0,100,0.0,8.0,200.0,169.0,7,0
2372802115,3,25881,3.5,258802411,0,100,0.0,8.0,200.0,169.0,7,0
2372802115,3,25882,3.5,258812411,0,100,0.0,8.0,200.0,169.0,7,0
2372802115,3,25883,3.5,258822411,0,100,0.0,8.0,200.0,169.0,7,0
2372802115,3,25884,3.5,258832411,0,100,0.0,8.0,200.0,169.0,7,0
2372802115,3,25885,4.062000000005355,258842411,0,100,0.0,8.0,200.0,169.0,7,0
2372802115,3,25886,4.062000000005355,258852411,0,100,0.0,8.0,200.0,169.0,7,0
2372802115,3,25887,4.062000000005355,258862411,0,100,0.0,8.0,200.0,169.0,7,0
2372802115,3,25888,4.062000000005355,258872411,0,100,0.0,8.0,200.0,169.0,7,0
2372802115,3,25889,4.062000000005355,258882411,0,100,0.0,8.0,200.0,169.0,7,0
2372802115,3,25890,4.062000000005355,258892411,0,100,0.0,8.0,200.0,169.0,7,0
2372802115,3,25891,4.062000000005355,258902411,0,100,0.0,8.0,200.0,169.0,7,0
2372802115,3,25892,4.062000000005355,258912411,0,100,0.0,8.0,200.0,169.0,7,0
2372802115,3,25893,4.062000000005355,258922411,0,100,0.0,8.0,200.0,169.0,7,0
2372802115,3,25894,4.062000000005355,258932411,0,100,0.0,8.0,200.0,169.0,7,0
2372802115,3,25895,4.062000000005355,258942411,0,100,0.0,8.0,200.0,169.0,7,0
2372802115,3,25896,4.062000000005355,258952415,65535,100,-0.072727270424366,8.0,200.0,169.61817932128906,7,-1
2372802115,3,25897,4.062000000005355,258962415,0,100,-0.072727270424366,8.0,200.0,169.61817932128906,7,0
2372802115,3,25898,4.062000000005355,258972415,0,100,-0.072727270424366,8.0,200.0,169.61817932128906,7,0
2372802115,3,25899,4.062000000005355,258982415,0,100,-0.072727270424366,8.0,200.0,169.61817932128906,7,0
2372802115,3,25900,4.062000000005355,258992411,1,100,0.0,8.0,200.0,169.0,7,1
2372802115,3,25901,4.062000000005355,259002415,0,100,0.072727270424366,8.0,200.0,168.38182067871094,7,0
2372802115,3,25902,4.062000000005355,259012415,0,100,0.072727270424366,8.0,200.0,168.38182067871094,7,0
2372802115,3,25903,4.062000000005355,259022415,0,100,0.072727270424366,8.0,200.0,168.38182067871094,7,0
2372802115,3,25904,4.062000000005355,259032415,0,100,0.072727270424366,8.0,200.0,168.38182067871094,7,0
2372802115,3,25905,4.062000000005355,259042411,0,100,0.0,8.0,200.0,169.0,7,0
2372802115,3,25906,4.062000000005355,259052411,0,100,0.0,8.0,200.0,169.0,7,0
2372802115,3,25907,4.062000000005355,259062411,0,100,0.0,8.0,200.0,169.0,7,0
2372802115,3,25908,4.062000000005355,259072411,0,100,0.0,8.0,200.0,169.0,7,0
2372802115,3,25909,4.062000000005355,259082411,0,100,0.0,8.0,200.0,169.0,7,0
2372802115,3,25910,4.062000000005355,259092411,0,100,0.0,8.0,200.0,169.0,7,0
2372802115,3,25911,4.062000000005355,259102411,0,100,0.0,8.0,200.0,169.0,7,0
2372802115,3,25912,4.062000000005355,259112411,0,100,0.0,8.0,200.0,169.0,7,0
2372802115,3,25913,4.062000000005355,259122411,0,100,0.0,8.0,200.0,169.0,7,0
2372802115,3,25914,4.062000000005355,259132411,0,100,0.0,8.0,200.0,169.0,7,0
2372802115,3,25915,4.062000000005355,259142411,0,100,0.0,8.0,200.0,169.0,7,0
2372802115,3,25916,4.062000000005355,259152411,0,100,0.0,8.0,200.0,169.0,7,0
2372802115,3,25917,4.062000000005355,259162411,0,100,0.0,8.0,200.0,169.0,7,0
2372802115,3,25918,4.062000000005355,259172411,0,100,0.0,8.0,200.0,169.0,7,0
2372802115,3,25919,4.062000000005355,259182411,0,100,0.0,8.0,200.0,169.0,7,0
2372802115,3,25920,4.062000000005355,259192411,0,100,0.0,8.0,200.0,169.0,7,0
2372802115,3,25921,4.062000000005355,259202411,0,100,0.0,8.0,200.0,169.0,7,0
2372802115,3,25922,4.062000000005355,259212411,0,100,0.0,8.0,200.0,169.0,7,0
2372802115,3,25923,4.062000000005355,259222411,0,100,0.0,8.0,200.0,169.0,7,0
2372802115,3,25924,4.062000000005355,259232411,0,100,0.0,8.0,200.0,169.0,7,0
2372802115,3,25925,4.062000000005355,259242411,0,100,0.0,8.0,200.0,169.0,7,0
2372802115,3,25926,4.062000000005355,259252411,0,100,0.0,8.0,200.0,169.0,7,0
2372802115,3,25927,4.062000000005355,259262411,0,100,0.0,8.0,200.0,169.0,7,0
2372802115,3,25928,4.062000000005355,259272411,0,100,0.0,8.0,200.0,169.0,7,0
2372802115,3,25929,4.062000000005355,259282411,0,100,0.0,8.0,200.0,169.0,7,0
2372802115,3,25930,4.062000000005355,259292411,0,100,0.0,8.0,200.0,169.0,7,0
2372802115,3,25931,4.062000000005355,259302411,0,100,0.0,8.0,200.0,169.0,7,0
2372802115,3,25932,4.062000000005355,259312411,0,100,0.0,8.0,200.0,169.0,7,0
2372802115,3,25933,4.062000000005355,259322411,0,100,0.0,8.0,200.0,169.0,7,0
2372802115,3,25934,4.062000000005355,259332411,0,100,0.0,8.0,200.0,169.0,7,0
2372802115,3,25935,4.062000000005355,259342411,0,100,0.0,8.0,200.0,169.0,7,0
2372802115,3,25936,4.062000000005355,259352411,0,100,0.0,8.0,200.0,169.0,7,0
2372802115,3,25937,4.062000000005355,259362411,0,100,0.0,8.0,200.0,169.0,7,0
2372802115,3,25938,4.062000000005355,259372411,0,100,0.0,8.0,200.0,169.0,7,0
2372802115,3,25939,4.062000000005355,259382411,0,100,0.0,8.0,200.0,169.0,7,0
2372802115,3,25940,4.062000000005355,259392411,0,100,0.0,8.0,200.0,169.0,7,0
2372802115,3,25941,4.062000000005355,259402411,0,100,0.0,8.0,200.0,169.0,7,0
2372802115,3,25942,4.062000000005355,259412411,0,100,0.0,8.0,200.0,169.0,7,0
2372802115,3,25943,4.062000000005355,259422412,0,100,0.0,8.0,200.0,169.0,7,0
2372802115,3,25944,4.062000000005355,259432411,0,100,0.0,8.0,200.0,169.0,7,0
2372802115,3,25945,4.062000000005355,259442411,0,100,0.0,8.0,200.0,169.0,7,0
2372802115,3,25946,4.062000000005355,259452411,0,100,0.0,8.0,200.0,169.0,7,0
2372802115,3,25947,4.062000000005355,259462411,0,100,0.0,8.0,200.0,169.0,7,0
2372802115,3,25948,4.062000000005355,259472411,0,100,0.0,8.0,200.0,169.0,7,0
2372802115,3,25949,4.264999999999418,259482411,0,100,0.0,8.0,200.0,169.0,7,0
2372802115,3,25950,4.264999999999418,259492411,0,100,0.0,8.0,200.0,169.0,7,0
2372802115,3,25951,4.264999999999418,259502411,0,100,0.0,8.0,200.0,169.0,7,0
2372802115,3,25952,4.264999999999418,259512411,0,100,0.0,8.0,200.0,169.0,7,0
2372802115,3,25953,4.264999999999418,259522411,0,100,0.0,8.0,200.0,169.0,7,0
2372802115,3,25954,4.264999999999418,259532411,0,100,0.0,8.0,200.0,169.0,7,0
2372802115,3,25955,4.264999999999418,259542411,0,100,0.0,8.0,200.0,169.0,7,0
2372802115,3,25956,4.264999999999418,259552411,0,100,0.0,8.0,200.0,169.0,7,0
2372802115,3,25957,4.264999999999418,259562411,0,100,0.0,8.0,200.0,169.0,7,0
2372802115,3,25958,4.264999999999418,259572411,0,100,0.0,8.0,200.0,169.0,7,0
2372802115,3,25959,4.264999999999418,259582411,0,100,0.0,8.0,200.0,169.0,7,0
2372802115,3,25960,4.264999999999418,259592411,0,100,0.0,8.0,200.0,169.0,7,0
2372802115,3,25961,4.264999999999418,259602411,0,100,0.0,8.0,200.0,169.0,7,0
2372802115,3,25962,4.264999999999418,259612411,0,100,0.0,8.0,200.0,169.0,7,0
2372802115,3,25963,4.264999999999418,259622411,0,100,0.0,8.0,200.0,169.0,7,0
2372802115,3,25964,4.264999999999418,259632411,0,100,0.0,8.0,200.0,169.0,7,0
2372802115,3,25965,4.437000000005355,259642411,0,100,0.0,8.0,200.0,169.0,7,0
2372802115,3,25966,4.437000000005355,259652411,0,100,0.0,8.0,200.0,169.0,7,0
2372802115,3,25967,4.437000000005355,259662411,0,100,0.0,8.0,200.0,169.0,7,0
2372802115,3,25968,4.437000000005355,259672411,0,100,0.0,8.0,200.0,169.0,7,0
2372802115,3,25969,4.437000000005355,259682411,0,100,0.0,8.0,200.0,169.0,7,0
2372802115,3,25970,4.437000000005355,259692411,0,100,0.0,8.0,200.0,169.0,7,0
2372802115,3,25971,4.437000000005355,259702411,0,100,0.0,8.0,200.0,169.0,7,0
2372802115,3,25972,4.437000000005355,259712411,0,100,0.0,8.0,200.0,169.0,7,0
2372802115,3,25973,4.437000000005355,259722411,0,100,0.0,8.0,200.0,169.0,7,0
2372802115,3,25974,4.437000000005355,259732411,0,100,0.0,8.0,200.0,169.0,7,0
2372802115,3,25975,4.437000000005355,259742411,0,100,0.0,8.0,200.0,169.0,7,0
2372802115,3,25976,4.437000000005355,259752411,0,100,0.0,8.0,200.0,169.0,7,0
2372802115,3,25977,4.437000000005355,259762411,0,100,0.0,8.0,200.0,169.0,7,0
2372802115,3,25978,4.437000000005355,259772411,0,100,0.0,8.0,200.0,169.0,7,0
2372802115,3,25979,4.437000000005355,259782411,0,100,0.0,8.0,200.0,169.0,7,0
2372802115,3,25980,4.437000000005355,259792411,0,100,0.0,8.0,200.0,169.0,7,0
2372802115,3,25981,4.7810000000026776,259802411,0,100,0.0,8.0,200.0,169.0,7,0
2372802115,3,25982,4.7810000000026776,259812411,0,100,0.0,8.0,200.0,169.0,7,0
2372802115,3,25983,4.7810000000026776,259822411,0,100,0.0,8.0,200.0,169.0,7,0
2372802115,3,25984,4.7810000000026776,259832411,0,100,0.0,8.0,200.0,169.0,7,0
2372802115,3,25985,4.7810000000026776,259842411,0,100,0.0,8.0,200.0,169.0,7,0
2372802115,3,25986,4.7810000000026776,259852411,0,100,0.0,8.0,200.0,169.0,7,0
2372802115,3,25987,4.7810000000026776,259862411,0,100,0.0,8.0,200.0,169.0,7,0
2372802115,3,25988,4.7810000000026776,259872411,0,100,0.0,8.0,200.0,169.0,7,0
2372802115,3,25989,4.7810000000026776,259882411,0,100,0.0,8.0,200.0,169.0,7,0
2372802115,3,25990,4.7810000000026776,259892411,0,100,0.0,8.0,200.0,169.0,7,0
2372802115,3,25991,4.7810000000026776,259902411,0,100,0.0,8.0,200.0,169.0,7,0
2372802115,3,25992,4.7810000000026776,259912411,0,100,0.0,8.0,200.0,169.0,7,0
2372802115,3,25993,4.7810000000026776,259922411,0,100,0.0,8.0,200.0,169.0,7,0
2372802115,3,25994,4.7810000000026776,259932411,0,100,0.0,8.0,200.0,169.0,7,0
2372802115,3,25995,4.7810000000026776,259942411,0,100,0.0,8.0,200.0,169.0,7,0
2372802115,3,25996,4.7810000000026776,259952411,0,100,0.0,8.0,200.0,169.0,7,0
2372802115,3,25997,4.7810000000026776,259962411,0,100,0.0,8.0,200.0,169.0,7,0
2372802115,3,25998,4.7810000000026776,259972411,0,100,0.0,8.0,200.0,169.0,7,0
2372802115,3,25999,4.7810000000026776,259982411,0,100,0.0,8.0,200.0,169.0,7,0
2372802115,3,26000,4.7810000000026776,259992411,0,100,0.0,8.0,200.0,169.0,7,0
2372802115,3,26001,4.7810000000026776,260002411,0,100,0.0,8.0,200.0,169.0,7,0
2372802115,3,26002,4.7810000000026776,260012411,0,100,0.0,8.0,200.0,169.0,7,0
2372802115,3,26003,4.7810000000026776,260022411,0,100,0.0,8.0,200.0,169.0,7,0
2372802115,3,26004,4.7810000000026776,260032411,0,100,0.0,8.0,200.0,169.0,7,0
2372802115,3,26005,4.7810000000026776,260042415,1,100,0.072727270424366,8.0,200.0,168.38182067871094,7,1
2372802115,3,26006,4.7810000000026776,260052415,0,100,0.072727270424366,8.0,200.0,168.38182067871094,7,0
2372802115,3,26007,4.7810000000026776,260062415,0,100,0.072727270424366,8.0,200.0,168.38182067871094,7,0
2372802115,3,26008,4.7810000000026776,260072415,0,100,0.072727270424366,8.0,200.0,168.38182067871094,7,0
2372802115,3,26009,4.7810000000026776,260082415,0,100,0.072727270424366,8.0,200.0,168.38182067871094,7,0
2372802115,3,26010,4.7810000000026776,260092411,0,100,0.0,8.0,200.0,169.0,7,0
2372802115,3,26011,4.7810000000026776,260102411,0,100,0.0,8.0,200.0,169.0,7,0
2372802115,3,26012,4.7810000000026776,260112415,1,100,0.072727270424366,8.0,200.0,168.38182067871094,7,1
2372802115,3,26013,5.312000000005355,260122415,1,100,0.145454540848732,8.0,200.0,167.76364135742188,7,1
2372802115,3,26014,5.312000000005355,260132415,0,100,0.145454540848732,8.0,200.0,167.76364135742188,7,0
2372802115,3,26015,5.312000000005355,260142416,1,100,0.21818183362483978,8.0,200.0,167.14544677734375,7,1
2372802115,3,26016,5.312000000005355,260152416,0,100,0.21818183362483978,8.0,200.0,167.14544677734375,7,0
2372802115,3,26017,5.312000000005355,260162415,0,100,0.145454540848732,8.0,200.0,167.76364135742188,7,0
2372802115,3,26018,5.312000000005355,260172415,0,100,0.072727270424366,8.0,200.0,168.38182067871094,7,0
2372802115,3,26019,5.312000000005355,260182415,0,100,0.072727270424366,8.0,200.0,168.38182067871094,7,0
2372802115,3,26020,5.312000000005355,260192411,0,100,0.0,8.0,200.0,169.0,7,0
2372802115,3,26021,5.312000000005355,260202411,0,100,0.0,8.0,200.0,169.0,7,0
2372802115,3,26022,5.312000000005355,260212411,0,100,0.0,8.0,200.0,169.0,7,0
2372802115,3,26023,5.312000000005355,260222411,0,100,0.0,8.0,200.0,169.0,7,0
2372802115,3,26024,5.312000000005355,260232411,0,100,0.0,8.0,200.0,169.0,7,0
2372802115,3,26025,5.312000000005355,260242411,0,100,0.0,8.0,200.0,169.0,7,0
2372802115,3,26026,5.312000000005355,260252411,0,100,0.0,8.0,200.0,169.0,7,0
2372802115,3,26027,5.312000000005355,260262411,0,100,0.0,8.0,200.0,169.0,7,0
2372802115,3,26028,5.312000000005355,260272411,0,100,0.0,8.0,200.0,169.0,7,0
2372802115,3,26029,5.312000000005355,260282411,0,100,0.0,8.0,200.0,169.0,7,0
2372802115,3,26030,5.312000000005355,260292411,0,100,0.0,8.0,200.0,169.0,7,0
2372802115,3,26031,5.312000000005355,260302415,65535,100,-0.072727270424366,8.0,200.0,169.61817932128906,7,-1
2372802115,3,26032,5.312000000005355,260312415,0,100,-0.072727270424366,8.0,200.0,169.61817932128906,7,0
2372802115,3,26033,5.312000000005355,260322415,65535,100,-0.145454540848732,8.0,200.0,170.23635864257812,7,-1
2372802115,3,26034,5.312000000005355,260332415,0,100,-0.145454540848732,8.0,200.0,170.23635864257812,7,0
2372802115,3,26035,5.312000000005355,260342416,0,100,-0.145454540848732,8.0,200.0,170.23635864257812,7,0
2372802115,3,26036,5.312000000005355,260352415,0,100,-0.072727270424366,8.0,200.0,169.61817932128906,7,0
2372802115,3,26037,5.312000000005355,260362415,0,100,-0.072727270424366,8.0,200.0,169.61817932128906,7,0
2372802115,3,26038,5.312000000005355,260372411,0,100,0.0,8.0,200.0,169.0,7,0
2372802115,3,26039,5.312000000005355,260382411,0,100,0.0,8.0,200.0,169.0,7,0
2372802115,3,26040,5.312000000005355,260392411,0,100,0.0,8.0,200.0,169.0,7,0
2372802115,3,26041,5.312000000005355,260402411,0,100,0.0,8.0,200.0,169.0,7,0
2372802115,3,26042,5.312000000005355,260412411,0,100,0.0,8.0,200.0,169.0,7,0
2372802115,3,26043,5.312000000005355,260422411,0,100,0.0,8.0,200.0,169.0,7,0
2372802115,3,26044,5.312000000005355,260432411,0,100,0.0,8.0,200.0,169.0,7,0
2372802115,3,26045,5.312000000005355,260442411,0,100,0.0,8.0,200.0,169.0,7,0
2372802115,3,26046,5.312000000005355,260452411,0,100,0.0,8.0,200.0,169.0,7,0
2372802115,3,26047,5.312000000005355,260462411,0,100,0.0,8.0,200.0,169.0,7,0
2372802115,3,26048,5.312000000005355,260472411,0,100,0.0,8.0,200.0,169.0,7,0
2372802115,3,26049,5.312000000005355,260482411,0,100,0.0,8.0,200.0,169.0,7,0
2372802115,3,26050,5.312000000005355,260492411,0,100,0.0,8.0,200.0,169.0,7,0
2372802115,3,26051,5.312000000005355,260502411,0,100,0.0,8.0,200.0,169.0,7,0
2372802115,3,26052,5.312000000005355,260512411,0,100,0.0,8.0,200.0,169.0,7,0
2372802115,3,26053,5.312000000005355,260522411,0,100,0.0,8.0,200.0,169.0,7,0
2372802115,3,26054,5.312000000005355,260532411,0,100,0.0,8.0,200.0,169.0,7,0
2372802115,3,26055,5.312000000005355,260542415,65535,100,-0.072727270424366,8.0,200.0,169.61817932128906,7,-1
2372802115,3,26056,5.312000000005355,260552415,0,100,-0.072727270424366,8.0,200.0,169.61817932128906,7,0
2372802115,3,26057,5.312000000005355,260562415,0,100,-0.072727270424366,8.0,200.0,169.61817932128906,7,0
2372802115,3,26058,5.312000000005355,260572415,0,100,-0.072727270424366,8.0,200.0,169.61817932128906,7,0
2372802115,3,26059,5.312000000005355,260582415,0,100,-0.072727270424366,8.0,200.0,169.61817932128906,7,0
2372802115,3,26060,5.312000000005355,260592415,65535,100,-0.072727270424366,8.0,200.0,169.61817932128906,7,-1
2372802115,3,26061,5.312000000005355,260602415,0,100,-0.072727270424366,8.0,200.0,169.61817932128906,7,0
2372802115,3,26062,5.312000000005355,260612415,0,100,-0.072727270424366,8.0,200.0,169.61817932128906,7,0
2372802115,3,26063,5.312000000005355,260622415,0,100,-0.072727270424366,8.0,200.0,169.61817932128906,7,0
2372802115,3,26064,5.312000000005355,260632415,0,100,-0.072727270424366,8.0,200.0,169.61817932128906,7,0
2372802115,3,26065,5.312000000005355,260642411,0,100,0.0,8.0,200.0,169.0,7,0
2372802115,3,26066,5.312000000005355,260652411,0,100,0.0,8.0,200.0,169.0,7,0
2372802115,3,26067,5.312000000005355,260662411,0,100,0.0,8.0,200.0,169.0,7,0
2372802115,3,26068,5.312000000005355,260672411,0,100,0.0,8.0,200.0,169.0,7,0
2372802115,3,26069,5.687000000005355,260682411,0,100,0.0,8.0,200.0,169.0,7,0
2372802115,3,26070,5.687000000005355,260692411,0,100,0.0,8.0,200.0,169.0,7,0
2372802115,3,26071,5.687000000005355,260702411,0,100,0.0,8.0,200.0,169.0,7,0
2372802115,3,26072,5.687000000005355,260712411,0,100,0.0,8.0,200.0,169.0,7,0
2372802115,3,26073,5.687000000005355,260722411,0,100,0.0,8.0,200.0,169.0,7,0
2372802115,3,26074,5.687000000005355,260732411,0,100,0.0,8.0,200.0,169.0,7,0
2372802115,3,26075,5.687000000005355,260742411,0,100,0.0,8.0,200.0,169.0,7,0
2372802115,3,26076,5.687000000005355,260752411,0,100,0.0,8.0,200.0,169.0,7,0
2372802115,3,26077,5.687000000005355,260762411,0,100,0.0,8.0,200.0,169.0,7,0
2372802115,3,26078,5.687000000005355,260772411,0,100,0.0,8.0,200.0,169.0,7,0
2372802115,3,26079,5.687000000005355,260782411,0,100,0.0,8.0,200.0,169.0,7,0
2372802115,3,26080,5.687000000005355,260792411,0,100,0.0,8.0,200.0,169.0,7,0
2372802115,3,26081,5.687000000005355,260802411,0,100,0.0,8.0,200.0,169.0,7,0
2372802115,3,26082,5.687000000005355,260812411,0,100,0.0,8.0,200.0,169.0,7,0
2372802115,3,26083,5.687000000005355,260822411,0,100,0.0,8.0,200.0,169.0,7,0
2372802115,3,26084,5.687000000005355,260832411,0,100,0.0,8.0,200.0,169.0,7,0
2372802115,3,26085,5.687000000005355,260842411,0,100,0.0,8.0,200.0,169.0,7,0
2372802115,3,26086,5.687000000005355,260852411,0,100,0.0,8.0,200.0,169.0,7,0
2372802115,3,26087,5.687000000005355,260862411,0,100,0.0,8.0,200.0,169.0,7,0
2372802115,3,26088,5.687000000005355,260872411,0,100,0.0,8.0,200.0,169.0,7,0
2372802115,3,26089,5.687000000005355,260882411,0,100,0.0,8.0,200.0,169.0,7,0
2372802115,3,26090,5.687000000005355,260892411,0,100,0.0,8.0,200.0,169.0,7,0
2372802115,3,26091,5.687000000005355,260902411,0,100,0.0,8.0,200.0,169.0,7,0
2372802115,3,26092,5.687000000005355,260912411,0,100,0.0,8.0,200.0,169.0,7,0
2372802115,3,26093,5.687000000005355,260922411,0,100,0.0,8.0,200.0,169.0,7,0
2372802115,3,26094,5.687000000005355,260932411,0,100,0.0,8.0,200.0,169.0,7,0
2372802115,3,26095,5.687000000005355,260942411,0,100,0.0,8.0,200.0,169.0,7,0
2372802115,3,26096,5.687000000005355,260952411,0,100,0.0,8.0,200.0,169.0,7,0
2372802115,3,26097,5.687000000005355,260962411,0,100,0.0,8.0,200.0,169.0,7,0
2372802115,3,26098,5.687000000005355,260972411,0,100,0.0,8.0,200.0,169.0,7,0
2372802115,3,26099,5.687000000005355,260982411,0,100,0.0,8.0,200.0,169.0,7,0
2372802115,3,26100,5.687000000005355,260992411,0,100,0.0,8.0,200.0,169.0,7,0
2372802115,3,26101,5.843000000008033,261002411,0,100,0.0,8.0,200.0,169.0,7,0
2372802115,3,26102,5.843000000008033,261012411,0,100,0.0,8.0,200.0,169.0,7,0
2372802115,3,26103,5.843000000008033,261022411,0,100,0.0,8.0,200.0,169.0,7,0
2372802115,3,26104,5.843000000008033,261032411,0,100,0.0,8.0,200.0,169.0,7,0
2372802115,3,26105,5.843000000008033,261042411,0,100,0.0,8.0,200.0,169.0,7,0
2372802115,3,26106,5.843000000008033,261052411,0,100,0.0,8.0,200.0,169.0,7,0
2372802115,3,26107,5.843000000008033,261062411,0,100,0.0,8.0,200.0,169.0,7,0
2372802115,3,26108,5.843000000008033,261072411,0,100,0.0,8.0,200.0,169.0,7,0
2372802115,3,26109,5.843000000008033,261082411,0,100,0.0,8.0,200.0,169.0,7,0
2372802115,3,26110,5.843000000008033,261092411,0,100,0.0,8.0,200.0,169.0,7,0
2372802115,3,26111,5.843000000008033,261102411,0,100,0.0,8.0,200.0,169.0,7,0
2372802115,3,26112,5.843000000008033,261112411,0,100,0.0,8.0,200.0,169.0,7,0
2372802115,3,26113,5.843000000008033,261122411,0,100,0.0,8.0,200.0,169.0,7,0
2372802115,3,26114,5.843000000008033,261132411,0,100,0.0,8.0,200.0,169.0,7,0
2372802115,3,26115,5.843000000008033,261142411,0,100,0.0,8.0,200.0,169.0,7,0
2372802115,3,26116,5.843000000008033,261152411,0,100,0.0,8.0,200.0,169.0,7,0
2372802115,3,26117,6.359000000011292,261162411,0,100,0.0,8.0,200.0,169.0,7,0
2372802115,3,26118,6.359000000011292,261172411,0,100,0.0,8.0,200.0,169.0,7,0
2372802115,3,26119,6.359000000011292,261182411,0,100,0.0,8.0,200.0,169.0,7,0
2372802115,3,26120,6.359000000011292,261192411,0,100,0.0,8.0,200.0,169.0,7,0
2372802115,3,26121,6.359000000011292,261202411,0,100,0.0,8.0,200.0,169.0,7,0
2372802115,3,26122,6.359000000011292,261212411,0,100,0.0,8.0,200.0,169.0,7,0
2372802115,3,26123,6.359000000011292,261222411,0,100,0.0,8.0,200.0,169.0,7,0
2372802115,3,26124,6.359000000011292,261232411,0,100,0.0,8.0,200.0,169.0,7,0
2372802115,3,26125,6.359000000011292,261242411,0,100,0.0,8.0,200.0,169.0,7,0
2372802115,3,26126,6.359000000011292,261252411,0,100,0.0,8.0,200.0,169.0,7,0
2372802115,3,26127,6.359000000011292,261262411,0,100,0.0,8.0,200.0,169.0,7,0
2372802115,3,26128,6.359000000011292,261272411,0,100,0.0,8.0,200.0,169.0,7,0
2372802115,3,26129,6.359000000011292,261282411,0,100,0.0,8.0,200.0,169.0,7,0
2372802115,3,26130,6.359000000011292,261292411,0,100,0.0,8.0,200.0,169.0,7,0
2372802115,3,26131,6.359000000011292,261302411,0,100,0.0,8.0,200.0,169.0,7,0
2372802115,3,26132,6.359000000011292,261312411,0,100,0.0,8.0,200.0,169.0,7,0
2372802115,3,26133,6.359000000011292,261322411,0,100,0.0,8.0,200.0,169.0,7,0
2372802115,3,26134,6.359000000011292,261332411,0,100,0.0,8.0,200.0,169.0,7,0
2372802115,3,26135,6.359000000011292,261342411,0,100,0.0,8.0,200.0,169.0,7,0
2372802115,3,26136,6.359000000011292,261352411,0,100,0.0,8.0,200.0,169.0,7,0
2372802115,3,26137,6.359000000011292,261362411,0,100,0.0,8.0,200.0,169.0,7,0
2372802115,3,26138,6.359000000011292,261372411,0,100,0.0,8.0,200.0,169.0,7,0
2372802115,3,26139,6.359000000011292,261382411,0,100,0.0,8.0,200.0,169.0,7,0
2372802115,3,26140,6.359000000011292,261392411,0,100,0.0,8.0,200.0,169.0,7,0
2372802115,3,26141,6.359000000011292,261402411,0,100,0.0,8.0,200.0,169.0,7,0
2372802115,3,26142,6.359000000011292,261412411,0,100,0.0,8.0,200.0,169.0,7,0
2372802115,3,26143,6.359000000011292,261422411,0,100,0.0,8.0,200.0,169.0,7,0
2372802115,3,26144,6.359000000011292,261432411,0,100,0.0,8.0,200.0,169.0,7,0
2372802115,3,26145,6.359000000011292,261442411,0,100,0.0,8.0,200.0,169.0,7,0
2372802115,3,26146,6.359000000011292,261452411,0,100,0.0,8.0,200.0,169.0,7,0
2372802115,3,26147,6.359000000011292,261462411,0,100,0.0,8.0,200.0,169.0,7,0
2372802115,3,26148,6.359000000011292,261472411,0,100,0.0,8.0,200.0,169.0,7,0
2372802115,3,26149,6.359000000011292,261482411,0,100,0.0,8.0,200.0,169.0,7,0
2372802115,3,26150,6.359000000011292,261492411,0,100,0.0,8.0,200.0,169.0,7,0
2372802115,3,26151,6.359000000011292,261502411,0,100,0.0,8.0,200.0,169.0,7,0
2372802115,3,26152,6.359000000011292,261512411,0,100,0.0,8.0,200.0,169.0,7,0
2372802115,3,26153,6.359000000011292,261522411,0,100,0.0,8.0,200.0,169.0,7,0
2372802115,3,26154,6.359000000011292,261532411,0,100,0.0,8.0,200.0,169.0,7,0
2372802115,3,26155,6.359000000011292,261542411,0,100,0.0,8.0,200.0,169.0,7,0
2372802115,3,26156,6.359000000011292,261552411,0,100,0.0,8.0,200.0,169.0,7,0
2372802115,3,26157,6.359000000011292,261562411,0,100,0.0,8.0,200.0,169.0,7,0
2372802115,3,26158,6.359000000011292,261572411,0,100,0.0,8.0,200.0,169.0,7,0
2372802115,3,26159,6.359000000011292,261582411,0,100,0.0,8.0,200.0,169.0,7,0
2372802115,3,26160,6.359000000011292,261592411,0,100,0.0,8.0,200.0,169.0,7,0
2372802115,3,26161,6.359000000011292,261602411,0,100,0.0,8.0,200.0,169.0,7,0
2372802115,3,26162,6.359000000011292,261612411,0,100,0.0,8.0,200.0,169.0,7,0
2372802115,3,26163,6.359000000011292,261622411,0,100,0.0,8.0,200.0,169.0,7,0
2372802115,3,26164,6.359000000011292,261632411,0,100,0.0,8.0,200.0,169.0,7,0
2372802115,3,26165,6.359000000011292,261642411,0,100,0.0,8.0,200.0,169.0,7,0
2372802115,3,26166,6.359000000011292,261652411,0,100,0.0,8.0,200.0,169.0,7,0
2372802115,3,26167,6.359000000011292,261662411,0,100,0.0,8.0,200.0,169.0,7,0
2372802115,3,26168,6.359000000011292,261672411,0,100,0.0,8.0,200.0,169.0,7,0
2372802115,3,26169,6.359000000011292,261682411,0,100,0.0,8.0,200.0,169.0,7,0
2372802115,3,26170,6.359000000011292,261692411,0,100,0.0,8.0,200.0,169.0,7,0
2372802115,3,26171,6.359000000011292,261702411,0,100,0.0,8.0,200.0,169.0,7,0
2372802115,3,26172,6.359000000011292,261712411,0,100,0.0,8.0,200.0,169.0,7,0
2372802115,3,26173,6.453000000008615,261722411,0,100,0.0,8.0,200.0,169.0,7,0
2372802115,3,26174,6.453000000008615,261732411,0,100,0.0,8.0,200.0,169.0,7,0
2372802115,3,26175,6.453000000008615,261742411,0,100,0.0,8.0,200.0,169.0,7,0
2372802115,3,26176,6.453000000008615,261752411,0,100,0.0,8.0,200.0,169.0,7,0
2372802115,3,26177,6.453000000008615,261762411,0,100,0.0,8.0,200.0,169.0,7,0
2372802115,3,26178,6.453000000008615,261772411,0,100,0.0,8.0,200.0,169.0,7,0
2372802115,3,26179,6.453000000008615,261782411,0,100,0.0,8.0,200.0,169.0,7,0
2372802115,3,26180,6.453000000008615,261792411,0,100,0.0,8.0,200.0,169.0,7,0
2372802115,3,26181,6.578000000008615,261802411,0,100,0.0,8.0,200.0,169.0,7,0
2372802115,3,26182,6.578000000008615,261812411,0,100,0.0,8.0,200.0,169.0,7,0
2372802115,3,26183,6.578000000008615,261822411,0,100,0.0,8.0,200.0,169.0,7,0
2372802115,3,26184,6.578000000008615,261832411,0,100,0.0,8.0,200.0,169.0,7,0
2372802115,3,26185,6.578000000008615,261842411,0,100,0.0,8.0,200.0,169.0,7,0
2372802115,3,26186,6.578000000008615,261852411,0,100,0.0,8.0,200.0,169.0,7,0
2372802115,3,26187,6.578000000008615,261862411,0,100,0.0,8.0,200.0,169.0,7,0
2372802115,3,26188,6.578000000008615,261872411,0,100,0.0,8.0,200.0,169.0,7,0
2372802115,3,26189,7.093000000008033,261882411,0,100,0.0,8.0,200.0,169.0,7,0
2372802115,3,26190,7.093000000008033,261892412,0,100,0.0,8.0,200.0,169.0,7,0
2372802115,3,26191,7.093000000008033,261902411,0,100,0.0,8.0,200.0,169.0,7,0
2372802115,3,26192,7.093000000008033,261912411,0,100,0.0,8.0,200.0,169.0,7,0
2372802115,3,26193,7.093000000008033,261922411,0,100,0.0,8.0,200.0,169.0,7,0
2372802115,3,26194,7.093000000008033,261932411,0,100,0.0,8.0,200.0,169.0,7,0
2372802115,3,26195,7.093000000008033,261942411,0,100,0.0,8.0,200.0,169.0,7,0
2372802115,3,26196,7.093000000008033,261952411,0,100,0.0,8.0,200.0,169.0,7,0
2372802115,3,26197,7.093000000008033,261962411,0,100,0.0,8.0,200.0,169.0,7,0
2372802115,3,26198,7.093000000008033,261972411,0,100,0.0,8.0,200.0,169.0,7,0
2372802115,3,26199,7.093000000008033,261982411,0,100,0.0,8.0,200.0,169.0,7,0
2372802115,3,26200,7.093000000008033,261992411,0,100,0.0,8.0,200.0,169.0,7,0
2372802115,3,26201,7.093000000008033,262002411,0,100,0.0,8.0,200.0,169.0,7,0
2372802115,3,26202,7.093000000008033,262012411,0,100,0.0,8.0,200.0,169.0,7,0
2372802115,3,26203,7.093000000008033,262022411,0,100,0.0,8.0,200.0,169.0,7,0
2372802115,3,26204,7.093000000008033,262032411,0,100,0.0,8.0,200.0,169.0,7,0
2372802115,3,26205,7.093000000008033,262042411,0,100,0.0,8.0,200.0,169.0,7,0
2372802115,3,26206,7.093000000008033,262052411,0,100,0.0,8.0,200.0,169.0,7,0
2372802115,3,26207,7.093000000008033,262062411,0,100,0.0,8.0,200.0,169.0,7,0
2372802115,3,26208,7.093000000008033,262072411,0,100,0.0,8.0,200.0,169.0,7,0
2372802115,3,26209,7.093000000008033,262082411,0,100,0.0,8.0,200.0,169.0,7,0
2372802115,3,26210,7.093000000008033,262092411,0,100,0.0,8.0,200.0,169.0,7,0
2372802115,3,26211,7.093000000008033,262102411,0,100,0.0,8.0,200.0,169.0,7,0
2372802115,3,26212,7.093000000008033,262112411,0,100,0.0,8.0,200.0,169.0,7,0
2372802115,3,26213,7.093000000008033,262122411,0,100,0.0,8.0,200.0,169.0,7,0
2372802115,3,26214,7.093000000008033,262132411,0,100,0.0,8.0,200.0,169.0,7,0
2372802115,3,26215,7.093000000008033,262142411,0,100,0.0,8.0,200.0,169.0,7,0
2372802115,3,26216,7.093000000008033,262152411,0,100,0.0,8.0,200.0,169.0,7,0
2372802115,3,26217,7.093000000008033,262162411,0,100,0.0,8.0,200.0,169.0,7,0
2372802115,3,26218,7.093000000008033,262172411,0,100,0.0,8.0,200.0,169.0,7,0
2372802115,3,26219,7.093000000008033,262182411,0,100,0.0,8.0,200.0,169.0,7,0
2372802115,3,26220,7.093000000008033,262192411,0,100,0.0,8.0,200.0,169.0,7,0
2372802115,3,26221,7.093000000008033,262202411,0,100,0.0,8.0,200.0,169.0,7,0
2372802115,3,26222,7.093000000008033,262212411,0,100,0.0,8.0,200.0,169.0,7,0
2372802115,3,26223,7.093000000008033,262222411,0,100,0.0,8.0,200.0,169.0,7,0
2372802115,3,26224,7.093000000008033,262232411,0,100,0.0,8.0,200.0,169.0,7,0
2372802115,3,26225,7.093000000008033,262242411,0,100,0.0,8.0,200.0,169.0,7,0
2372802115,3,26226,7.093000000008033,262252411,0,100,0.0,8.0,200.0,169.0,7,0
2372802115,3,26227,7.093000000008033,262262411,0,100,0.0,8.0,200.0,169.0,7,0
2372802115,3,26228,7.093000000008033,262272411,0,100,0.0,8.0,200.0,169.0,7,0
2372802115,3,26229,7.093000000008033,262282411,0,100,0.0,8.0,200.0,169.0,7,0
2372802115,3,26230,7.093000000008033,262292411,0,100,0.0,8.0,200.0,169.0,7,0
2372802115,3,26231,7.093000000008033,262302411,0,100,0.0,8.0,200.0,169.0,7,0
2372802115,3,26232,7.093000000008033,262312411,0,100,0.0,8.0,200.0,169.0,7,0
2372802115,3,26233,7.093000000008033,262322411,0,100,0.0,8.0,200.0,169.0,7,0
2372802115,3,26234,7.093000000008033,262332411,0,100,0.0,8.0,200.0,169.0,7,0
2372802115,3,26235,7.093000000008033,262342411,0,100,0.0,8.0,200.0,169.0,7,0
2372802115,3,26236,7.093000000008033,262352411,0,100,0.0,8.0,200.0,169.0,7,0
2372802115,3,26237,7.093000000008033,262362411,0,100,0.0,8.0,200.0,169.0,7,0
2372802115,3,26238,7.093000000008033,262372411,0,100,0.0,8.0,200.0,169.0,7,0
2372802115,3,26239,7.093000000008033,262382411,0,100,0.0,8.0,200.0,169.0,7,0
2372802115,3,26240,7.093000000008033,262392411,0,100,0.0,8.0,200.0,169.0,7,0
2372802115,3,26241,7.093000000008033,262402411,0,100,0.0,8.0,200.0,169.0,7,0
2372802115,3,26242,7.093000000008033,262412411,0,100,0.0,8.0,200.0,169.0,7,0
2372802115,3,26243,7.093000000008033,262422412,0,100,0.0,8.0,200.0,169.0,7,0
2372802115,3,26244,7.093000000008033,262432411,0,100,0.0,8.0,200.0,169.0,7,0
2372802115,3,26245,7.312000000005355,262442411,0,100,0.0,8.0,200.0,169.0,7,0
2372802115,3,26246,7.312000000005355,262452411,0,100,0.0,8.0,200.0,169.0,7,0
2372802115,3,26247,7.312000000005355,262462411,0,100,0.0,8.0,200.0,169.0,7,0
2372802115,3,26248,7.312000000005355,262472411,0,100,0.0,8.0,200.0,169.0,7,0
2372802115,3,26249,7.312000000005355,262482411,0,100,0.0,8.0,200.0,169.0,7,0
2372802115,3,26250,7.312000000005355,262492411,0,100,0.0,8.0,200.0,169.0,7,0
2372802115,3,26251,7.312000000005355,262502411,0,100,0.0,8.0,200.0,169.0,7,0
2372802115,3,26252,7.312000000005355,262512411,0,100,0.0,8.0,200.0,169.0,7,0
2372802115,3,26253,7.312000000005355,262522411,0,100,0.0,8.0,200.0,169.0,7,0
2372802115,3,26254,7.312000000005355,262532411,0,100,0.0,8.0,200.0,169.0,7,0
2372802115,3,26255,7.312000000005355,262542411,0,100,0.0,8.0,200.0,169.0,7,0
2372802115,3,26256,7.312000000005355,262552411,0,100,0.0,8.0,200.0,169.0,7,0
2372802115,3,26257,7.312000000005355,262562411,0,100,0.0,8.0,200.0,169.0,7,0
2372802115,3,26258,7.312000000005355,262572411,0,100,0.0,8.0,200.0,169.0,7,0
2372802115,3,26259,7.312000000005355,262582411,0,100,0.0,8.0,200.0,169.0,7,0
2372802115,3,26260,7.312000000005355,262592411,0,100,0.0,8.0,200.0,169.0,7,0
2372802115,3,26261,7.312000000005355,262602411,0,100,0.0,8.0,200.0,169.0,7,0
2372802115,3,26262,7.312000000005355,262612411,0,100,0.0,8.0,200.0,169.0,7,0
2372802115,3,26263,7.312000000005355,262622411,0,100,0.0,8.0,200.0,169.0,7,0
2372802115,3,26264,7.312000000005355,262632411,0,100,0.0,8.0,200.0,169.0,7,0
2372802115,3,26265,7.312000000005355,262642411,0,100,0.0,8.0,200.0,169.0,7,0
2372802115,3,26266,7.312000000005355,262652411,0,100,0.0,8.0,200.0,169.0,7,0
2372802115,3,26267,7.312000000005355,262662411,0,100,0.0,8.0,200.0,169.0,7,0
2372802115,3,26268,7.312000000005355,262672411,0,100,0.0,8.0,200.0,169.0,7,0
2372802115,3,26269,7.843000000008033,262682411,0,100,0.0,8.0,200.0,169.0,7,0
2372802115,3,26270,7.843000000008033,262692411,0,100,0.0,8.0,200.0,169.0,7,0
2372802115,3,26271,7.843000000008033,262702411,0,100,0.0,8.0,200.0,169.0,7,0
2372802115,3,26272,7.843000000008033,262712411,0,100,0.0,8.0,200.0,169.0,7,0
2372802115,3,26273,7.843000000008033,262722411,0,100,0.0,8.0,200.0,169.0,7,0
2372802115,3,26274,7.843000000008033,262732411,0,100,0.0,8.0,200.0,169.0,7,0
2372802115,3,26275,7.843000000008033,262742411,0,100,0.0,8.0,200.0,169.0,7,0
2372802115,3,26276,7.843000000008033,262752411,0,100,0.0,8.0,200.0,169.0,7,0
2372802115,3,26277,7.843000000008033,262762411,0,100,0.0,8.0,200.0,169.0,7,0
2372802115,3,26278,7.843000000008033,262772411,0,100,0.0,8.0,200.0,169.0,7,0
2372802115,3,26279,7.843000000008033,262782411,0,100,0.0,8.0,200.0,169.0,7,0
2372802115,3,26280,7.843000000008033,262792411,0,100,0.0,8.0,200.0,169.0,7,0
2372802115,3,26281,7.843000000008033,262802411,0,100,0.0,8.0,200.0,169.0,7,0
2372802115,3,26282,7.843000000008033,262812411,0,100,0.0,8.0,200.0,169.0,7,0
2372802115,3,26283,7.843000000008033,262822411,0,100,0.0,8.0,200.0,169.0,7,0
2372802115,3,26284,7.843000000008033,262832411,0,100,0.0,8.0,200.0,169.0,7,0
2372802115,3,26285,7.843000000008033,262842411,0,100,0.0,8.0,200.0,169.0,7,0
2372802115,3,26286,7.843000000008033,262852411,0,100,0.0,8.0,200.0,169.0,7,0
2372802115,3,26287,7.843000000008033,262862411,0,100,0.0,8.0,200.0,169.0,7,0
2372802115,3,26288,7.843000000008033,262872411,0,100,0.0,8.0,200.0,169.0,7,0
2372802115,3,26289,7.843000000008033,262882411,0,100,0.0,8.0,200.0,169.0,7,0
2372802115,3,26290,7.843000000008033,262892411,0,100,0.0,8.0,200.0,169.0,7,0
2372802115,3,26291,7.843000000008033,262902411,0,100,0.0,8.0,200.0,169.0,7,0
2372802115,3,26292,7.843000000008033,262912411,0,100,0.0,8.0,200.0,169.0,7,0
2372802115,3,26293,7.843000000008033,262922411,0,100,0.0,8.0,200.0,169.0,7,0
2372802115,3,26294,7.843000000008033,262932411,0,100,0.0,8.0,200.0,169.0,7,0
2372802115,3,26295,7.843000000008033,262942411,0,100,0.0,8.0,200.0,169.0,7,0
2372802115,3,26296,7.843000000008033,262952411,0,100,0.0,8.0,200.0,169.0,7,0
2372802115,3,26297,7.843000000008033,262962411,0,100,0.0,8.0,200.0,169.0,7,0
2372802115,3,26298,7.843000000008033,262972411,0,100,0.0,8.0,200.0,169.0,7,0
2372802115,3,26299,7.843000000008033,262982411,0,100,0.0,8.0,200.0,169.0,7,0
2372802115,3,26300,7.843000000008033,262992411,0,100,0.0,8.0,200.0,169.0,7,0
2372802115,3,26301,7.843000000008033,263002411,0,100,0.0,8.0,200.0,169.0,7,0
2372802115,3,26302,7.843000000008033,263012411,0,100,0.0,8.0,200.0,169.0,7,0
2372802115,3,26303,7.843000000008033,263022411,0,100,0.0,8.0,200.0,169.0,7,0
2372802115,3,26304,7.843000000008033,263032411,0,100,0.0,8.0,200.0,169.0,7,0
2372802115,3,26305,7.843000000008033,263042411,0,100,0.0,8.0,200.0,169.0,7,0
2372802115,3,26306,7.843000000008033,263052411,0,100,0.0,8.0,200.0,169.0,7,0
2372802115,3,26307,7.843000000008033,263062411,0,100,0.0,8.0,200.0,169.0,7,0
2372802115,3,26308,7.843000000008033,263072411,0,100,0.0,8.0,200.0,169.0,7,0
2372802115,3,26309,7.843000000008033,263082411,0,100,0.0,8.0,200.0,169.0,7,0
2372802115,3,26310,7.843000000008033,263092411,0,100,0.0,8.0,200.0,169.0,7,0
2372802115,3,26311,7.843000000008033,263102411,0,100,0.0,8.0,200.0,169.0,7,0
2372802115,3,26312,7.843000000008033,263112411,0,100,0.0,8.0,200.0,169.0,7,0
2372802115,3,26313,7.843000000008033,263122411,0,100,0.0,8.0,200.0,169.0,7,0
2372802115,3,26314,7.843000000008033,263132411,0,100,0.0,8.0,200.0,169.0,7,0
2372802115,3,26315,7.843000000008033,263142411,0,100,0.0,8.0,200.0,169.0,7,0
2372802115,3,26316,7.843000000008033,263152411,0,100,0.0,8.0,200.0,169.0,7,0
2372802115,3,26317,8.343000000008033,263162411,0,100,0.0,8.0,200.0,169.0,7,0
2372802115,3,26318,8.343000000008033,263172411,0,100,0.0,8.0,200.0,169.0,7,0
2372802115,3,26319,8.343000000008033,263182411,0,100,0.0,8.0,200.0,169.0,7,0
2372802115,3,26320,8.343000000008033,263192411,0,100,0.0,8.0,200.0,169.0,7,0
2372802115,3,26321,8.343000000008033,263202411,0,100,0.0,8.0,200.0,169.0,7,0
2372802115,3,26322,8.343000000008033,263212411,0,100,0.0,8.0,200.0,169.0,7,0
2372802115,3,26323,8.343000000008033,263222411,0,100,0.0,8.0,200.0,169.0,7,0
2372802115,3,26324,8.343000000008033,263232411,0,100,0.0,8.0,200.0,169.0,7,0
2372802115,3,26325,8.343000000008033,263242411,0,100,0.0,8.0,200.0,169.0,7,0
2372802115,3,26326,8.343000000008033,263252411,0,100,0.0,8.0,200.0,169.0,7,0
2372802115,3,26327,8.343000000008033,263262411,0,100,0.0,8.0,200.0,169.0,7,0
2372802115,3,26328,8.343000000008033,263272411,0,100,0.0,8.0,200.0,169.0,7,0
2372802115,3,26329,8.343000000008033,263282411,0,100,0.0,8.0,200.0,169.0,7,0
2372802115,3,26330,8.343000000008033,263292411,0,100,0.0,8.0,200.0,169.0,7,0
2372802115,3,26331,8.343000000008033,263302411,0,100,0.0,8.0,200.0,169.0,7,0
2372802115,3,26332,8.343000000008033,263312411,0,100,0.0,8.0,200.0,169.0,7,0
2372802115,3,26333,8.343000000008033,263322411,0,100,0.0,8.0,200.0,169.0,7,0
2372802115,3,26334,8.343000000008033,263332412,0,100,0.0,8.0,200.0,169.0,7,0
2372802115,3,26335,8.343000000008033,263342411,0,100,0.0,8.0,200.0,169.0,7,0
2372802115,3,26336,8.343000000008033,263352411,0,100,0.0,8.0,200.0,169.0,7,0
2372802115,3,26337,8.343000000008033,263362411,0,100,0.0,8.0,200.0,169.0,7,0
2372802115,3,26338,8.343000000008033,263372411,0,100,0.0,8.0,200.0,169.0,7,0
2372802115,3,26339,8.343000000008033,263382411,0,100,0.0,8.0,200.0,169.0,7,0
2372802115,3,26340,8.343000000008033,263392411,0,100,0.0,8.0,200.0,169.0,7,0
2372802115,3,26341,8.343000000008033,263402411,0,100,0.0,8.0,200.0,169.0,7,0
2372802115,3,26342,8.343000000008033,263412411,0,100,0.0,8.0,200.0,169.0,7,0
2372802115,3,26343,8.343000000008033,263422411,0,100,0.0,8.0,200.0,169.0,7,0
2372802115,3,26344,8.343000000008033,263432411,0,100,0.0,8.0,200.0,169.0,7,0
2372802115,3,26345,8.343000000008033,263442411,0,100,0.0,8.0,200.0,169.0,7,0
2372802115,3,26346,8.343000000008033,263452411,0,100,0.0,8.0,200.0,169.0,7,0
2372802115,3,26347,8.343000000008033,263462411,0,100,0.0,8.0,200.0,169.0,7,0
2372802115,3,26348,8.343000000008033,263472411,0,100,0.0,8.0,200.0,169.0,7,0
2372802115,3,26349,8.343000000008033,263482411,0,100,0.0,8.0,200.0,169.0,7,0
2372802115,3,26350,8.343000000008033,263492411,0,100,0.0,8.0,200.0,169.0,7,0
2372802115,3,26351,8.343000000008033,263502411,0,100,0.0,8.0,200.0,169.0,7,0
2372802115,3,26352,8.343000000008033,263512411,0,100,0.0,8.0,200.0,169.0,7,0
2372802115,3,26353,8.343000000008033,263522411,0,100,0.0,8.0,200.0,169.0,7,0
2372802115,3,26354,8.343000000008033,263532411,0,100,0.0,8.0,200.0,169.0,7,0
2372802115,3,26355,8.343000000008033,263542411,0,100,0.0,8.0,200.0,169.0,7,0
2372802115,3,26356,8.343000000008033,263552411,0,100,0.0,8.0,200.0,169.0,7,0
2372802115,3,26357,8.343000000008033,263562411,0,100,0.0,8.0,200.0,169.0,7,0
2372802115,3,26358,8.343000000008033,263572411,0,100,0.0,8.0,200.0,169.0,7,0
2372802115,3,26359,8.343000000008033,263582411,0,100,0.0,8.0,200.0,169.0,7,0
2372802115,3,26360,8.343000000008033,263592411,0,100,0.0,8.0,200.0,169.0,7,0
2372802115,3,26361,8.343000000008033,263602411,0,100,0.0,8.0,200.0,169.0,7,0
2372802115,3,26362,8.343000000008033,263612411,0,100,0.0,8.0,200.0,169.0,7,0
2372802115,3,26363,8.343000000008033,263622411,0,100,0.0,8.0,200.0,169.0,7,0
2372802115,3,26364,8.343000000008033,263632411,0,100,0.0,8.0,200.0,169.0,7,0
2372802115,3,26365,8.343000000008033,263642411,0,100,0.0,8.0,200.0,169.0,7,0
2372802115,3,26366,8.343000000008033,263652411,0,100,0.0,8.0,200.0,169.0,7,0
2372802115,3,26367,8.343000000008033,263662411,0,100,0.0,8.0,200.0,169.0,7,0
2372802115,3,26368,8.343000000008033,263672411,0,100,0.0,8.0,200.0,169.0,7,0
2372802115,3,26369,8.343000000008033,263682411,0,100,0.0,8.0,200.0,169.0,7,0
2372802115,3,26370,8.343000000008033,263692411,0,100,0.0,8.0,200.0,169.0,7,0
2372802115,3,26371,8.343000000008033,263702411,0,100,0.0,8.0,200.0,169.0,7,0
2372802115,3,26372,8.343000000008033,263712411,0,100,0.0,8.0,200.0,169.0,7,0
2372802115,3,26373,8.639999999999418,263722411,0,100,0.0,8.0,200.0,169.0,7,0
2372802115,3,26374,8.639999999999418,263732411,0,100,0.0,8.0,200.0,169.0,7,0
2372802115,3,26375,8.639999999999418,263742411,0,100,0.0,8.0,200.0,169.0,7,0
2372802115,3,26376,8.639999999999418,263752411,0,100,0.0,8.0,200.0,169.0,7,0
2372802115,3,26377,8.639999999999418,263762411,0,100,0.0,8.0,200.0,169.0,7,0
2372802115,3,26378,8.639999999999418,263772411,0,100,0.0,8.0,200.0,169.0,7,0
2372802115,3,26379,8.639999999999418,263782411,0,100,0.0,8.0,200.0,169.0,7,0
2372802115,3,26380,8.639999999999418,263792411,0,100,0.0,8.0,200.0,169.0,7,0
2372802115,3,26381,8.639999999999418,263802411,0,100,0.0,8.0,200.0,169.0,7,0
2372802115,3,26382,8.639999999999418,263812411,0,100,0.0,8.0,200.0,169.0,7,0
2372802115,3,26383,8.639999999999418,263822411,0,100,0.0,8.0,200.0,169.0,7,0
2372802115,3,26384,8.639999999999418,263832411,0,100,0.0,8.0,200.0,169.0,7,0
2372802115,3,26385,8.639999999999418,263842411,0,100,0.0,8.0,200.0,169.0,7,0
2372802115,3,26386,8.639999999999418,263852411,0,100,0.0,8.0,200.0,169.0,7,0
2372802115,3,26387,8.639999999999418,263862411,0,100,0.0,8.0,200.0,169.0,7,0
2372802115,3,26388,8.639999999999418,263872411,0,100,0.0,8.0,200.0,169.0,7,0
2372802115,3,26389,8.639999999999418,263882411,0,100,0.0,8.0,200.0,169.0,7,0
2372802115,3,26390,8.639999999999418,263892411,0,100,0.0,8.0,200.0,169.0,7,0
2372802115,3,26391,8.639999999999418,263902412,0,100,0.0,8.0,200.0,169.0,7,0
2372802115,3,26392,8.639999999999418,263912411,0,100,0.0,8.0,200.0,169.0,7,0
2372802115,3,26393,8.639999999999418,263922411,0,100,0.0,8.0,200.0,169.0,7,0
2372802115,3,26394,8.639999999999418,263932411,0,100,0.0,8.0,200.0,169.0,7,0
2372802115,3,26395,8.639999999999418,263942411,0,100,0.0,8.0,200.0,169.0,7,0
2372802115,3,26396,8.639999999999418,263952411,0,100,0.0,8.0,200.0,169.0,7,0
2372802115,3,26397,8.639999999999418,263962411,0,100,0.0,8.0,200.0,169.0,7,0
2372802115,3,26398,8.639999999999418,263972411,0,100,0.0,8.0,200.0,169.0,7,0
2372802115,3,26399,8.639999999999418,263982411,0,100,0.0,8.0,200.0,169.0,7,0
2372802115,3,26400,8.639999999999418,263992411,0,100,0.0,8.0,200.0,169.0,7,0
2372802115,3,26401,8.639999999999418,264002411,0,100,0.0,8.0,200.0,169.0,7,0
2372802115,3,26402,8.639999999999418,264012411,0,100,0.0,8.0,200.0,169.0,7,0
2372802115,3,26403,8.639999999999418,264022411,0,100,0.0,8.0,200.0,169.0,7,0
2372802115,3,26404,8.639999999999418,264032411,0,100,0.0,8.0,200.0,169.0,7,0
2372802115,3,26405,9.172000000005937,264042411,0,100,0.0,8.0,200.0,169.0,7,0
2372802115,3,26406,9.172000000005937,264052411,0,100,0.0,8.0,200.0,169.0,7,0
2372802115,3,26407,9.172000000005937,264062411,0,100,0.0,8.0,200.0,169.0,7,0
2372802115,3,26408,9.172000000005937,264072411,0,100,0.0,8.0,200.0,169.0,7,0
2372802115,3,26409,9.172000000005937,264082411,0,100,0.0,8.0,200.0,169.0,7,0
2372802115,3,26410,9.172000000005937,264092412,0,100,0.0,8.0,200.0,169.0,7,0
2372802115,3,26411,9.172000000005937,264102411,0,100,0.0,8.0,200.0,169.0,7,0
2372802115,3,26412,9.172000000005937,264112411,0,100,0.0,8.0,200.0,169.0,7,0
2372802115,3,26413,9.172000000005937,264122411,0,100,0.0,8.0,200.0,169.0,7,0
2372802115,3,26414,9.172000000005937,264132411,0,100,0.0,8.0,200.0,169.0,7,0
2372802115,3,26415,9.172000000005937,264142411,0,100,0.0,8.0,200.0,169.0,7,0
2372802115,3,26416,9.172000000005937,264152411,0,100,0.0,8.0,200.0,169.0,7,0
2372802115,3,26417,9.172000000005937,264162411,0,100,0.0,8.0,200.0,169.0,7,0
2372802115,3,26418,9.172000000005937,264172411,0,100,0.0,8.0,200.0,169.0,7,0
2372802115,3,26419,9.172000000005937,264182411,0,100,0.0,8.0,200.0,169.0,7,0
2372802115,3,26420,9.172000000005937,264192411,0,100,0.0,8.0,200.0,169.0,7,0
2372802115,3,26421,9.172000000005937,264202411,0,100,0.0,8.0,200.0,169.0,7,0
2372802115,3,26422,9.172000000005937,264212411,0,100,0.0,8.0,200.0,169.0,7,0
2372802115,3,26423,9.172000000005937,264222411,0,100,0.0,8.0,200.0,169.0,7,0
2372802115,3,26424,9.172000000005937,264232411,0,100,0.0,8.0,200.0,169.0,7,0
2372802115,3,26425,9.172000000005937,264242411,0,100,0.0,8.0,200.0,169.0,7,0
2372802115,3,26426,9.172000000005937,264252411,0,100,0.0,8.0,200.0,169.0,7,0
2372802115,3,26427,9.172000000005937,264262411,0,100,0.0,8.0,200.0,169.0,7,0
2372802115,3,26428,9.172000000005937,264272411,0,100,0.0,8.0,200.0,169.0,7,0
2372802115,3,26429,9.172000000005937,264282411,0,100,0.0,8.0,200.0,169.0,7,0
2372802115,3,26430,9.172000000005937,264292411,0,100,0.0,8.0,200.0,169.0,7,0
2372802115,3,26431,9.172000000005937,264302411,0,100,0.0,8.0,200.0,169.0,7,0
2372802115,3,26432,9.172000000005937,264312411,0,100,0.0,8.0,200.0,169.0,7,0
2372802115,3,26433,9.172000000005937,264322411,0,100,0.0,8.0,200.0,169.0,7,0
2372802115,3,26434,9.172000000005937,264332411,0,100,0.0,8.0,200.0,169.0,7,0
2372802115,3,26435,9.172000000005937,264342411,0,100,0.0,8.0,200.0,169.0,7,0
2372802115,3,26436,9.172000000005937,264352411,0,100,0.0,8.0,200.0,169.0,7,0
2372802115,3,26437,9.172000000005937,264362411,0,100,0.0,8.0,200.0,169.0,7,0
2372802115,3,26438,9.172000000005937,264372411,0,100,0.0,8.0,200.0,169.0,7,0
2372802115,3,26439,9.172000000005937,264382411,0,100,0.0,8.0,200.0,169.0,7,0
2372802115,3,26440,9.172000000005937,264392411,0,100,0.0,8.0,200.0,169.0,7,0
2372802115,3,26441,9.172000000005937,264402411,0,100,0.0,8.0,200.0,169.0,7,0
2372802115,3,26442,9.172000000005937,264412411,0,100,0.0,8.0,200.0,169.0,7,0
2372802115,3,26443,9.172000000005937,264422411,0,100,0.0,8.0,200.0,169.0,7,0
2372802115,3,26444,9.172000000005937,264432411,0,100,0.0,8.0,200.0,169.0,7,0
2372802115,3,26445,9.172000000005937,264442411,0,100,0.0,8.0,200.0,169.0,7,0
2372802115,3,26446,9.172000000005937,264452411,0,100,0.0,8.0,200.0,169.0,7,0
2372802115,3,26447,9.172000000005937,264462411,0,100,0.0,8.0,200.0,169.0,7,0
2372802115,3,26448,9.172000000005937,264472411,0,100,0.0,8.0,200.0,169.0,7,0
2372802115,3,26449,9.172000000005937,264482411,0,100,0.0,8.0,200.0,169.0,7,0
2372802115,3,26450,9.172000000005937,264492411,0,100,0.0,8.0,200.0,169.0,7,0
2372802115,3,26451,9.172000000005937,264502411,0,100,0.0,8.0,200.0,169.0,7,0
2372802115,3,26452,9.172000000005937,264512411,0,100,0.0,8.0,200.0,169.0,7,0
2372802115,3,26453,9.172000000005937,264522411,0,100,0.0,8.0,200.0,169.0,7,0
2372802115,3,26454,9.172000000005937,264532411,0,100,0.0,8.0,200.0,169.0,7,0
2372802115,3,26455,9.172000000005937,264542411,0,100,0.0,8.0,200.0,169.0,7,0
2372802115,3,26456,9.172000000005937,264552411,0,100,0.0,8.0,200.0,169.0,7,0
2372802115,3,26457,9.172000000005937,264562411,0,100,0.0,8.0,200.0,169.0,7,0
2372802115,3,26458,9.172000000005937,264572411,0,100,0.0,8.0,200.0,169.0,7,0
2372802115,3,26459,9.172000000005937,264582411,0,100,0.0,8.0,200.0,169.0,7,0
2372802115,3,26460,9.172000000005937,264592411,0,100,0.0,8.0,200.0,169.0,7,0
2372802115,3,26461,9.734000000011292,264602411,0,100,0.0,8.0,200.0,169.0,7,0
2372802115,3,26462,9.734000000011292,264612411,0,100,0.0,8.0,200.0,169.0,7,0
2372802115,3,26463,9.734000000011292,264622411,0,100,0.0,8.0,200.0,169.0,7,0
2372802115,3,26464,9.734000000011292,264632411,0,100,0.0,8.0,200.0,169.0,7,0
2372802115,3,26465,9.734000000011292,264642411,0,100,0.0,8.0,200.0,169.0,7,0
2372802115,3,26466,9.734000000011292,264652411,0,100,0.0,8.0,200.0,169.0,7,0
2372802115,3,26467,9.734000000011292,264662411,0,100,0.0,8.0,200.0,169.0,7,0
2372802115,3,26468,9.734000000011292,264672411,0,100,0.0,8.0,200.0,169.0,7,0
2372802115,3,26469,9.734000000011292,264682411,0,100,0.0,8.0,200.0,169.0,7,0
2372802115,3,26470,9.734000000011292,264692411,0,100,0.0,8.0,200.0,169.0,7,0
2372802115,3,26471,9.734000000011292,264702411,0,100,0.0,8.0,200.0,169.0,7,0
2372802115,3,26472,9.734000000011292,264712411,0,100,0.0,8.0,200.0,169.0,7,0
2372802115,3,26473,9.734000000011292,264722411,0,100,0.0,8.0,200.0,169.0,7,0
2372802115,3,26474,9.734000000011292,264732411,0,100,0.0,8.0,200.0,169.0,7,0
2372802115,3,26475,9.734000000011292,264742411,0,100,0.0,8.0,200.0,169.0,7,0
2372802115,3,26476,9.734000000011292,264752411,0,100,0.0,8.0,200.0,169.0,7,0
2372802115,3,26477,9.734000000011292,264762411,0,100,0.0,8.0,200.0,169.0,7,0
2372802115,3,26478,9.734000000011292,264772411,0,100,0.0,8.0,200.0,169.0,7,0
2372802115,3,26479,9.734000000011292,264782411,0,100,0.0,8.0,200.0,169.0,7,0
2372802115,3,26480,9.734000000011292,264792411,0,100,0.0,8.0,200.0,169.0,7,0
2372802115,3,26481,9.734000000011292,264802411,0,100,0.0,8.0,200.0,169.0,7,0
2372802115,3,26482,9.734000000011292,264812411,0,100,0.0,8.0,200.0,169.0,7,0
2372802115,3,26483,9.734000000011292,264822411,0,100,0.0,8.0,200.0,169.0,7,0
2372802115,3,26484,9.734000000011292,264832411,0,100,0.0,8.0,200.0,169.0,7,0
2372802115,3,26485,9.734000000011292,264842411,0,100,0.0,8.0,200.0,169.0,7,0
2372802115,3,26486,9.734000000011292,264852411,0,100,0.0,8.0,200.0,169.0,7,0
2372802115,3,26487,9.734000000011292,264862411,0,100,0.0,8.0,200.0,169.0,7,0
2372802115,3,26488,9.734000000011292,264872411,0,100,0.0,8.0,200.0,169.0,7,0
2372802115,3,26489,9.734000000011292,264882411,0,100,0.0,8.0,200.0,169.0,7,0
2372802115,3,26490,9.734000000011292,264892411,0,100,0.0,8.0,200.0,169.0,7,0
2372802115,3,26491,9.734000000011292,264902411,0,100,0.0,8.0,200.0,169.0,7,0
2372802115,3,26492,9.734000000011292,264912411,0,100,0.0,8.0,200.0,169.0,7,0
2372802115,3,26493,9.734000000011292,264922411,0,100,0.0,8.0,200.0,169.0,7,0
2372802115,3,26494,9.734000000011292,264932411,0,100,0.0,8.0,200.0,169.0,7,0
2372802115,3,26495,9.734000000011292,264942411,0,100,0.0,8.0,200.0,169.0,7,0
2372802115,3,26496,9.734000000011292,264952411,0,100,0.0,8.0,200.0,169.0,7,0
2372802115,3,26497,9.734000000011292,264962411,0,100,0.0,8.0,200.0,169.0,7,0
2372802115,3,26498,9.734000000011292,264972411,0,100,0.0,8.0,200.0,169.0,7,0
2372802115,3,26499,9.734000000011292,264982411,0,100,0.0,8.0,200.0,169.0,7,0
2372802115,3,26500,9.734000000011292,264992411,0,100,0.0,8.0,200.0,169.0,7,0
2372802115,3,26501,9.734000000011292,265002411,0,100,0.0,8.0,200.0,169.0,7,0
2372802115,3,26502,9.734000000011292,265012411,0,100,0.0,8.0,200.0,169.0,7,0
2372802115,3,26503,9.734000000011292,265022411,0,100,0.0,8.0,200.0,169.0,7,0
2372802115,3,26504,9.734000000011292,265032411,0,100,0.0,8.0,200.0,169.0,7,0
2372802115,3,26505,9.734000000011292,265042411,0,100,0.0,8.0,200.0,169.0,7,0
2372802115,3,26506,9.734000000011292,265052411,0,100,0.0,8.0,200.0,169.0,7,0
2372802115,3,26507,9.734000000011292,265062411,0,100,0.0,8.0,200.0,169.0,7,0
2372802115,3,26508,9.734000000011292,265072411,0,100,0.0,8.0,200.0,169.0,7,0
2372802115,3,26509,10.297000000005937,265082411,0,100,0.0,8.0,200.0,169.0,7,0
2372802115,3,26510,10.297000000005937,265092411,0,100,0.0,8.0,200.0,169.0,7,0
2372802115,3,26511,10.297000000005937,265102411,0,100,0.0,8.0,200.0,169.0,7,0
2372802115,3,26512,10.297000000005937,265112411,0,100,0.0,8.0,200.0,169.0,7,0
2372802115,3,26513,10.297000000005937,265122411,0,100,0.0,8.0,200.0,169.0,7,0
2372802115,3,26514,10.297000000005937,265132411,0,100,0.0,8.0,200.0,169.0,7,0
2372802115,3,26515,10.297000000005937,265142411,0,100,0.0,8.0,200.0,169.0,7,0
2372802115,3,26516,10.297000000005937,265152411,0,100,0.0,8.0,200.0,169.0,7,0
2372802115,3,26517,10.297000000005937,265162411,0,100,0.0,8.0,200.0,169.0,7,0
2372802115,3,26518,10.297000000005937,265172411,0,100,0.0,8.0,200.0,169.0,7,0
2372802115,3,26519,10.297000000005937,265182411,0,100,0.0,8.0,200.0,169.0,7,0
2372802115,3,26520,10.297000000005937,265192411,0,100,0.0,8.0,200.0,169.0,7,0
2372802115,3,26521,10.297000000005937,265202411,0,100,0.0,8.0,200.0,169.0,7,0
2372802115,3,26522,10.297000000005937,265212411,0,100,0.0,8.0,200.0,169.0,7,0
2372802115,3,26523,10.297000000005937,265222411,0,100,0.0,8.0,200.0,169.0,7,0
2372802115,3,26524,10.297000000005937,265232411,0,100,0.0,8.0,200.0,169.0,7,0
2372802115,3,26525,10.297000000005937,265242411,0,100,0.0,8.0,200.0,169.0,7,0
2372802115,3,26526,10.297000000005937,265252411,0,100,0.0,8.0,200.0,169.0,7,0
2372802115,3,26527,10.297000000005937,265262411,0,100,0.0,8.0,200.0,169.0,7,0
2372802115,3,26528,10.297000000005937,265272411,0,100,0.0,8.0,200.0,169.0,7,0
2372802115,3,26529,10.297000000005937,265282411,0,100,0.0,8.0,200.0,169.0,7,0
2372802115,3,26530,10.297000000005937,265292411,0,100,0.0,8.0,200.0,169.0,7,0
2372802115,3,26531,10.297000000005937,265302411,0,100,0.0,8.0,200.0,169.0,7,0
2372802115,3,26532,10.297000000005937,265312411,0,100,0.0,8.0,200.0,169.0,7,0
2372802115,3,26533,10.297000000005937,265322411,0,100,0.0,8.0,200.0,169.0,7,0
2372802115,3,26534,10.297000000005937,265332411,0,100,0.0,8.0,200.0,169.0,7,0
2372802115,3,26535,10.297000000005937,265342411,0,100,0.0,8.0,200.0,169.0,7,0
2372802115,3,26536,10.297000000005937,265352411,0,100,0.0,8.0,200.0,169.0,7,0
2372802115,3,26537,10.297000000005937,265362411,0,100,0.0,8.0,200.0,169.0,7,0
2372802115,3,26538,10.297000000005937,265372411,0,100,0.0,8.0,200.0,169.0,7,0
2372802115,3,26539,10.297000000005937,265382411,0,100,0.0,8.0,200.0,169.0,7,0
2372802115,3,26540,10.297000000005937,265392411,0,100,0.0,8.0,200.0,169.0,7,0
2372802115,3,26541,10.297000000005937,265402411,0,100,0.0,8.0,200.0,169.0,7,0
2372802115,3,26542,10.297000000005937,265412411,0,100,0.0,8.0,200.0,169.0,7,0
2372802115,3,26543,10.297000000005937,265422411,0,100,0.0,8.0,200.0,169.0,7,0
2372802115,3,26544,10.297000000005937,265432411,0,100,0.0,8.0,200.0,169.0,7,0
2372802115,3,26545,10.297000000005937,265442411,0,100,0.0,8.0,200.0,169.0,7,0
2372802115,3,26546,10.297000000005937,265452411,0,100,0.0,8.0,200.0,169.0,7,0
2372802115,3,26547,10.297000000005937,265462411,0,100,0.0,8.0,200.0,169.0,7,0
2372802115,3,26548,10.297000000005937,265472411,0,100,0.0,8.0,200.0,169.0,7,0
2372802115,3,26549,10.297000000005937,265482411,0,100,0.0,8.0,200.0,169.0,7,0
2372802115,3,26550,10.297000000005937,265492411,0,100,0.0,8.0,200.0,169.0,7,0
2372802115,3,26551,10.297000000005937,265502411,0,100,0.0,8.0,200.0,169.0,7,0
2372802115,3,26552,10.297000000005937,265512411,0,100,0.0,8.0,200.0,169.0,7,0
2372802115,3,26553,10.297000000005937,265522411,0,100,0.0,8.0,200.0,169.0,7,0
2372802115,3,26554,10.297000000005937,265532411,0,100,0.0,8.0,200.0,169.0,7,0
2372802115,3,26555,10.297000000005937,265542411,0,100,0.0,8.0,200.0,169.0,7,0
2372802115,3,26556,10.297000000005937,265552411,0,100,0.0,8.0,200.0,169.0,7,0
2372802115,3,26557,10.297000000005937,265562411,0,100,0.0,8.0,200.0,169.0,7,0
2372802115,3,26558,10.297000000005937,265572411,0,100,0.0,8.0,200.0,169.0,7,0
2372802115,3,26559,10.297000000005937,265582411,0,100,0.0,8.0,200.0,169.0,7,0
2372802115,3,26560,10.297000000005937,265592411,0,100,0.0,8.0,200.0,169.0,7,0
2372802115,3,26561,10.297000000005937,265602411,0,100,0.0,8.0,200.0,169.0,7,0
2372802115,3,26562,10.297000000005937,265612411,0,100,0.0,8.0,200.0,169.0,7,0
2372802115,3,26563,10.297000000005937,265622411,0,100,0.0,8.0,200.0,169.0,7,0
2372802115,3,26564,10.297000000005937,265632411,0,100,0.0,8.0,200.0,169.0,7,0
2372802115,3,26565,10.812000000005355,265642411,0,100,0.0,8.0,200.0,169.0,7,0
2372802115,3,26566,10.812000000005355,265652411,0,100,0.0,8.0,200.0,169.0,7,0
2372802115,3,26567,10.812000000005355,265662411,0,100,0.0,8.0,200.0,169.0,7,0
2372802115,3,26568,10.812000000005355,265672411,0,100,0.0,8.0,200.0,169.0,7,0
2372802115,3,26569,10.812000000005355,265682411,0,100,0.0,8.0,200.0,169.0,7,0
2372802115,3,26570,10.812000000005355,265692411,0,100,0.0,8.0,200.0,169.0,7,0
2372802115,3,26571,10.812000000005355,265702411,0,100,0.0,8.0,200.0,169.0,7,0
2372802115,3,26572,10.812000000005355,265712411,0,100,0.0,8.0,200.0,169.0,7,0
2372802115,3,26573,10.812000000005355,265722411,0,100,0.0,8.0,200.0,169.0,7,0
2372802115,3,26574,10.812000000005355,265732411,0,100,0.0,8.0,200.0,169.0,7,0
2372802115,3,26575,10.812000000005355,265742411,0,100,0.0,8.0,200.0,169.0,7,0
2372802115,3,26576,10.812000000005355,265752411,0,100,0.0,8.0,200.0,169.0,7,0
2372802115,3,26577,10.812000000005355,265762411,0,100,0.0,8.0,200.0,169.0,7,0
2372802115,3,26578,10.812000000005355,265772411,0,100,0.0,8.0,200.0,169.0,7,0
2372802115,3,26579,10.812000000005355,265782411,0,100,0.0,8.0,200.0,169.0,7,0
2372802115,3,26580,10.812000000005355,265792411,0,100,0.0,8.0,200.0,169.0,7,0
2372802115,3,26581,10.812000000005355,265802411,0,100,0.0,8.0,200.0,169.0,7,0
2372802115,3,26582,10.812000000005355,265812411,0,100,0.0,8.0,200.0,169.0,7,0
2372802115,3,26583,10.812000000005355,265822411,0,100,0.0,8.0,200.0,169.0,7,0
2372802115,3,26584,10.812000000005355,265832411,0,100,0.0,8.0,200.0,169.0,7,0
2372802115,3,26585,10.812000000005355,265842411,0,100,0.0,8.0,200.0,169.0,7,0
2372802115,3,26586,10.812000000005355,265852411,0,100,0.0,8.0,200.0,169.0,7,0
2372802115,3,26587,10.812000000005355,265862411,0,100,0.0,8.0,200.0,169.0,7,0
2372802115,3,26588,10.812000000005355,265872411,0,100,0.0,8.0,200.0,169.0,7,0
2372802115,3,26589,10.812000000005355,265882411,0,100,0.0,8.0,200.0,169.0,7,0
2372802115,3,26590,10.812000000005355,265892411,0,100,0.0,8.0,200.0,169.0,7,0
2372802115,3,26591,10.812000000005355,265902411,0,100,0.0,8.0,200.0,169.0,7,0
2372802115,3,26592,10.812000000005355,265912411,0,100,0.0,8.0,200.0,169.0,7,0
2372802115,3,26593,10.812000000005355,265922411,0,100,0.0,8.0,200.0,169.0,7,0
2372802115,3,26594,10.812000000005355,265932411,0,100,0.0,8.0,200.0,169.0,7,0
2372802115,3,26595,10.812000000005355,265942411,0,100,0.0,8.0,200.0,169.0,7,0
2372802115,3,26596,10.812000000005355,265952411,0,100,0.0,8.0,200.0,169.0,7,0
2372802115,3,26597,10.812000000005355,265962411,0,100,0.0,8.0,200.0,169.0,7,0
2372802115,3,26598,10.812000000005355,265972411,0,100,0.0,8.0,200.0,169.0,7,0
2372802115,3,26599,10.812000000005355,265982411,0,100,0.0,8.0,200.0,169.0,7,0
2372802115,3,26600,10.812000000005355,265992411,0,100,0.0,8.0,200.0,169.0,7,0
2372802115,3,26601,10.812000000005355,266002411,0,100,0.0,8.0,200.0,169.0,7,0
2372802115,3,26602,10.812000000005355,266012411,0,100,0.0,8.0,200.0,169.0,7,0
2372802115,3,26603,10.812000000005355,266022411,0,100,0.0,8.0,200.0,169.0,7,0
2372802115,3,26604,10.812000000005355,266032411,0,100,0.0,8.0,200.0,169.0,7,0
2372802115,3,26605,10.812000000005355,266042411,0,100,0.0,8.0,200.0,169.0,7,0
2372802115,3,26606,10.812000000005355,266052411,0,100,0.0,8.0,200.0,169.0,7,0
2372802115,3,26607,10.812000000005355,266062411,0,100,0.0,8.0,200.0,169.0,7,0
2372802115,3,26608,10.812000000005355,266072411,0,100,0.0,8.0,200.0,169.0,7,0
2372802115,3,26609,10.812000000005355,266082411,0,100,0.0,8.0,200.0,169.0,7,0
2372802115,3,26610,10.812000000005355,266092411,0,100,0.0,8.0,200.0,169.0,7,0
2372802115,3,26611,10.812000000005355,266102411,0,100,0.0,8.0,200.0,169.0,7,0
2372802115,3,26612,10.812000000005355,266112411,0,100,0.0,8.0,200.0,169.0,7,0
2372802115,3,26613,10.812000000005355,266122411,0,100,0.0,8.0,200.0,169.0,7,0
2372802115,3,26614,10.812000000005355,266132411,0,100,0.0,8.0,200.0,169.0,7,0
2372802115,3,26615,10.812000000005355,266142411,0,100,0.0,8.0,200.0,169.0,7,0
2372802115,3,26616,10.812000000005355,266152411,0,100,0.0,8.0,200.0,169.0,7,0
2372802115,3,26617,10.812000000005355,266162411,0,100,0.0,8.0,200.0,169.0,7,0
2372802115,3,26618,10.812000000005355,266172411,0,100,0.0,8.0,200.0,169.0,7,0
2372802115,3,26619,10.812000000005355,266182411,0,100,0.0,8.0,200.0,169.0,7,0
2372802115,3,26620,10.812000000005355,266192411,0,100,0.0,8.0,200.0,169.0,7,0
2372802115,3,26621,11.343000000008033,266202411,0,100,0.0,8.0,200.0,169.0,7,0
2372802115,3,26622,11.343000000008033,266212411,0,100,0.0,8.0,200.0,169.0,7,0
2372802115,3,26623,11.343000000008033,266222411,0,100,0.0,8.0,200.0,169.0,7,0
2372802115,3,26624,11.343000000008033,266232411,0,100,0.0,8.0,200.0,169.0,7,0
2372802115,3,26625,11.343000000008033,266242411,0,100,0.0,8.0,200.0,169.0,7,0
2372802115,3,26626,11.343000000008033,266252411,0,100,0.0,8.0,200.0,169.0,7,0
2372802115,3,26627,11.343000000008033,266262411,0,100,0.0,8.0,200.0,169.0,7,0
2372802115,3,26628,11.343000000008033,266272411,0,100,0.0,8.0,200.0,169.0,7,0
2372802115,3,26629,11.343000000008033,266282411,0,100,0.0,8.0,200.0,169.0,7,0
2372802115,3,26630,11.343000000008033,266292411,0,100,0.0,8.0,200.0,169.0,7,0
2372802115,3,26631,11.343000000008033,266302411,0,100,0.0,8.0,200.0,169.0,7,0
2372802115,3,26632,11.343000000008033,266312411,0,100,0.0,8.0,200.0,169.0,7,0
2372802115,3,26633,11.343000000008033,266322411,0,100,0.0,8.0,200.0,169.0,7,0
2372802115,3,26634,11.343000000008033,266332411,0,100,0.0,8.0,200.0,169.0,7,0
2372802115,3,26635,11.343000000008033,266342411,0,100,0.0,8.0,200.0,169.0,7,0
2372802115,3,26636,11.343000000008033,266352411,0,100,0.0,8.0,200.0,169.0,7,0
2372802115,3,26637,11.343000000008033,266362411,0,100,0.0,8.0,200.0,169.0,7,0
2372802115,3,26638,11.343000000008033,266372411,0,100,0.0,8.0,200.0,169.0,7,0
2372802115,3,26639,11.343000000008033,266382411,0,100,0.0,8.0,200.0,169.0,7,0
2372802115,3,26640,11.343000000008033,266392411,0,100,0.0,8.0,200.0,169.0,7,0
2372802115,3,26641,11.343000000008033,266402411,0,100,0.0,8.0,200.0,169.0,7,0
2372802115,3,26642,11.343000000008033,266412411,0,100,0.0,8.0,200.0,169.0,7,0
2372802115,3,26643,11.343000000008033,266422411,0,100,0.0,8.0,200.0,169.0,7,0
2372802115,3,26644,11.343000000008033,266432411,0,100,0.0,8.0,200.0,169.0,7,0
2372802115,3,26645,11.343000000008033,266442411,0,100,0.0,8.0,200.0,169.0,7,0
2372802115,3,26646,11.343000000008033,266452411,0,100,0.0,8.0,200.0,169.0,7,0
2372802115,3,26647,11.343000000008033,266462411,0,100,0.0,8.0,200.0,169.0,7,0
2372802115,3,26648,11.343000000008033,266472411,0,100,0.0,8.0,200.0,169.0,7,0
2372802115,3,26649,11.343000000008033,266482411,0,100,0.0,8.0,200.0,169.0,7,0
2372802115,3,26650,11.343000000008033,266492411,0,100,0.0,8.0,200.0,169.0,7,0
2372802115,3,26651,11.343000000008033,266502411,0,100,0.0,8.0,200.0,169.0,7,0
2372802115,3,26652,11.343000000008033,266512411,0,100,0.0,8.0,200.0,169.0,7,0
2372802115,3,26653,11.343000000008033,266522411,0,100,0.0,8.0,200.0,169.0,7,0
2372802115,3,26654,11.343000000008033,266532411,0,100,0.0,8.0,200.0,169.0,7,0
2372802115,3,26655,11.343000000008033,266542411,0,100,0.0,8.0,200.0,169.0,7,0
2372802115,3,26656,11.343000000008033,266552411,0,100,0.0,8.0,200.0,169.0,7,0
2372802115,3,26657,11.343000000008033,266562411,0,100,0.0,8.0,200.0,169.0,7,0
2372802115,3,26658,11.343000000008033,266572411,0,100,0.0,8.0,200.0,169.0,7,0
2372802115,3,26659,11.343000000008033,266582411,0,100,0.0,8.0,200.0,169.0,7,0
2372802115,3,26660,11.343000000008033,266592411,0,100,0.0,8.0,200.0,169.0,7,0
2372802115,3,26661,11.343000000008033,266602411,0,100,0.0,8.0,200.0,169.0,7,0
2372802115,3,26662,11.343000000008033,266612411,0,100,0.0,8.0,200.0,169.0,7,0
2372802115,3,26663,11.343000000008033,266622411,0,100,0.0,8.0,200.0,169.0,7,0
2372802115,3,26664,11.343000000008033,266632411,0,100,0.0,8.0,200.0,169.0,7,0
2372802115,3,26665,11.343000000008033,266642411,0,100,0.0,8.0,200.0,169.0,7,0
2372802115,3,26666,11.343000000008033,266652411,0,100,0.0,8.0,200.0,169.0,7,0
2372802115,3,26667,11.343000000008033,266662411,0,100,0.0,8.0,200.0,169.0,7,0
2372802115,3,26668,11.343000000008033,266672411,0,100,0.0,8.0,200.0,169.0,7,0
2372802115,3,26669,11.875,266682411,0,100,0.0,8.0,200.0,169.0,7,0
2372802115,3,26670,11.875,266692411,0,100,0.0,8.0,200.0,169.0,7,0
2372802115,3,26671,11.875,266702411,0,100,0.0,8.0,200.0,169.0,7,0
2372802115,3,26672,11.875,266712411,0,100,0.0,8.0,200.0,169.0,7,0
2372802115,3,26673,11.875,266722411,0,100,0.0,8.0,200.0,169.0,7,0
2372802115,3,26674,11.875,266732411,0,100,0.0,8.0,200.0,169.0,7,0
2372802115,3,26675,11.875,266742411,0,100,0.0,8.0,200.0,169.0,7,0
2372802115,3,26676,11.875,266752411,0,100,0.0,8.0,200.0,169.0,7,0
2372802115,3,26677,11.875,266762411,0,100,0.0,8.0,200.0,169.0,7,0
2372802115,3,26678,11.875,266772411,0,100,0.0,8.0,200.0,169.0,7,0
2372802115,3,26679,11.875,266782411,0,100,0.0,8.0,200.0,169.0,7,0
2372802115,3,26680,11.875,266792411,0,100,0.0,8.0,200.0,169.0,7,0
2372802115,3,26681,11.875,266802411,0,100,0.0,8.0,200.0,169.0,7,0
2372802115,3,26682,11.875,266812411,0,100,0.0,8.0,200.0,169.0,7,0
2372802115,3,26683,11.875,266822411,0,100,0.0,8.0,200.0,169.0,7,0
2372802115,3,26684,11.875,266832411,0,100,0.0,8.0,200.0,169.0,7,0
2372802115,3,26685,11.875,266842411,0,100,0.0,8.0,200.0,169.0,7,0
2372802115,3,26686,11.875,266852411,0,100,0.0,8.0,200.0,169.0,7,0
2372802115,3,26687,11.875,266862411,0,100,0.0,8.0,200.0,169.0,7,0
2372802115,3,26688,11.875,266872411,0,100,0.0,8.0,200.0,169.0,7,0
2372802115,3,26689,11.875,266882411,0,100,0.0,8.0,200.0,169.0,7,0
2372802115,3,26690,11.875,266892411,0,100,0.0,8.0,200.0,169.0,7,0
2372802115,3,26691,11.875,266902411,0,100,0.0,8.0,200.0,169.0,7,0
2372802115,3,26692,11.875,266912411,0,100,0.0,8.0,200.0,169.0,7,0
2372802115,3,26693,11.875,266922411,0,100,0.0,8.0,200.0,169.0,7,0
2372802115,3,26694,11.875,266932411,0,100,0.0,8.0,200.0,169.0,7,0
2372802115,3,26695,11.875,266942411,0,100,0.0,8.0,200.0,169.0,7,0
2372802115,3,26696,11.875,266952411,0,100,0.0,8.0,200.0,169.0,7,0
2372802115,3,26697,11.875,266962411,0,100,0.0,8.0,200.0,169.0,7,0
2372802115,3,26698,11.875,266972411,0,100,0.0,8.0,200.0,169.0,7,0
2372802115,3,26699,11.875,266982411,0,100,0.0,8.0,200.0,169.0,7,0
2372802115,3,26700,11.875,266992411,0,100,0.0,8.0,200.0,169.0,7,0
2372802115,3,26701,11.875,267002411,0,100,0.0,8.0,200.0,169.0,7,0
2372802115,3,26702,11.875,267012411,0,100,0.0,8.0,200.0,169.0,7,0
2372802115,3,26703,11.875,267022411,0,100,0.0,8.0,200.0,169.0,7,0
2372802115,3,26704,11.875,267032411,0,100,0.0,8.0,200.0,169.0,7,0
2372802115,3,26705,11.875,267042411,0,100,0.0,8.0,200.0,169.0,7,0
2372802115,3,26706,11.875,267052411,0,100,0.0,8.0,200.0,169.0,7,0
2372802115,3,26707,11.875,267062411,0,100,0.0,8.0,200.0,169.0,7,0
2372802115,3,26708,11.875,267072411,0,100,0.0,8.0,200.0,169.0,7,0
2372802115,3,26709,11.875,267082411,0,100,0.0,8.0,200.0,169.0,7,0
2372802115,3,26710,11.875,267092411,0,100,0.0,8.0,200.0,169.0,7,0
2372802115,3,26711,11.875,267102411,0,100,0.0,8.0,200.0,169.0,7,0
2372802115,3,26712,11.875,267112411,0,100,0.0,8.0,200.0,169.0,7,0
2372802115,3,26713,11.875,267122411,0,100,0.0,8.0,200.0,169.0,7,0
2372802115,3,26714,11.875,267132411,0,100,0.0,8.0,200.0,169.0,7,0
2372802115,3,26715,11.875,267142411,0,100,0.0,8.0,200.0,169.0,7,0
2372802115,3,26716,11.875,267152411,0,100,0.0,8.0,200.0,169.0,7,0
2372802115,3,26717,11.875,267162411,0,100,0.0,8.0,200.0,169.0,7,0
2372802115,3,26718,11.875,267172411,0,100,0.0,8.0,200.0,169.0,7,0
2372802115,3,26719,11.875,267182411,0,100,0.0,8.0,200.0,169.0,7,0
2372802115,3,26720,11.875,267192411,0,100,0.0,8.0,200.0,169.0,7,0
2372802115,3,26721,11.875,267202411,0,100,0.0,8.0,200.0,169.0,7,0
2372802115,3,26722,11.875,267212411,0,100,0.0,8.0,200.0,169.0,7,0
2372802115,3,26723,11.875,267222411,0,100,0.0,8.0,200.0,169.0,7,0
2372802115,3,26724,11.875,267232411,0,100,0.0,8.0,200.0,169.0,7,0
2372802115,3,26725,12.422000000005937,267242411,0,100,0.0,8.0,200.0,169.0,7,0
2372802115,3,26726,12.422000000005937,267252411,0,100,0.0,8.0,200.0,169.0,7,0
2372802115,3,26727,12.422000000005937,267262411,0,100,0.0,8.0,200.0,169.0,7,0
2372802115,3,26728,12.422000000005937,267272411,0,100,0.0,8.0,200.0,169.0,7,0
2372802115,3,26729,12.422000000005937,267282411,0,100,0.0,8.0,200.0,169.0,7,0
2372802115,3,26730,12.422000000005937,267292411,0,100,0.0,8.0,200.0,169.0,7,0
2372802115,3,26731,12.422000000005937,267302411,0,100,0.0,8.0,200.0,169.0,7,0
2372802115,3,26732,12.422000000005937,267312411,0,100,0.0,8.0,200.0,169.0,7,0
2372802115,3,26733,12.422000000005937,267322411,0,100,0.0,8.0,200.0,169.0,7,0
2372802115,3,26734,12.422000000005937,267332411,0,100,0.0,8.0,200.0,169.0,7,0
2372802115,3,26735,12.422000000005937,267342411,0,100,0.0,8.0,200.0,169.0,7,0
2372802115,3,26736,12.422000000005937,267352411,0,100,0.0,8.0,200.0,169.0,7,0
2372802115,3,26737,12.422000000005937,267362411,0,100,0.0,8.0,200.0,169.0,7,0
2372802115,3,26738,12.422000000005937,267372411,0,100,0.0,8.0,200.0,169.0,7,0
2372802115,3,26739,12.422000000005937,267382411,0,100,0.0,8.0,200.0,169.0,7,0
2372802115,3,26740,12.422000000005937,267392411,0,100,0.0,8.0,200.0,169.0,7,0
2372802115,3,26741,12.422000000005937,267402411,0,100,0.0,8.0,200.0,169.0,7,0
2372802115,3,26742,12.422000000005937,267412411,0,100,0.0,8.0,200.0,169.0,7,0
2372802115,3,26743,12.422000000005937,267422411,0,100,0.0,8.0,200.0,169.0,7,0
2372802115,3,26744,12.422000000005937,267432411,0,100,0.0,8.0,200.0,169.0,7,0
2372802115,3,26745,12.422000000005937,267442411,0,100,0.0,8.0,200.0,169.0,7,0
2372802115,3,26746,12.422000000005937,267452411,0,100,0.0,8.0,200.0,169.0,7,0
2372802115,3,26747,12.422000000005937,267462411,0,100,0.0,8.0,200.0,169.0,7,0
2372802115,3,26748,12.422000000005937,267472411,0,100,0.0,8.0,200.0,169.0,7,0
2372802115,3,26749,12.422000000005937,267482411,0,100,0.0,8.0,200.0,169.0,7,0
2372802115,3,26750,12.422000000005937,267492411,0,100,0.0,8.0,200.0,169.0,7,0
2372802115,3,26751,12.422000000005937,267502411,0,100,0.0,8.0,200.0,169.0,7,0
2372802115,3,26752,12.422000000005937,267512411,0,100,0.0,8.0,200.0,169.0,7,0
2372802115,3,26753,12.422000000005937,267522411,0,100,0.0,8.0,200.0,169.0,7,0
2372802115,3,26754,12.422000000005937,267532411,0,100,0.0,8.0,200.0,169.0,7,0
2372802115,3,26755,12.422000000005937,267542411,0,100,0.0,8.0,200.0,169.0,7,0
2372802115,3,26756,12.422000000005937,267552411,0,100,0.0,8.0,200.0,169.0,7,0
2372802115,3,26757,12.422000000005937,267562411,0,100,0.0,8.0,200.0,169.0,7,0
2372802115,3,26758,12.422000000005937,267572411,0,100,0.0,8.0,200.0,169.0,7,0
2372802115,3,26759,12.422000000005937,267582411,0,100,0.0,8.0,200.0,169.0,7,0
2372802115,3,26760,12.422000000005937,267592411,0,100,0.0,8.0,200.0,169.0,7,0
2372802115,3,26761,12.422000000005937,267602411,0,100,0.0,8.0,200.0,169.0,7,0
2372802115,3,26762,12.422000000005937,267612411,0,100,0.0,8.0,200.0,169.0,7,0
2372802115,3,26763,12.422000000005937,267622411,0,100,0.0,8.0,200.0,169.0,7,0
2372802115,3,26764,12.422000000005937,267632411,0,100,0.0,8.0,200.0,169.0,7,0
2372802115,3,26765,12.422000000005937,267642411,0,100,0.0,8.0,200.0,169.0,7,0
2372802115,3,26766,12.422000000005937,267652411,0,100,0.0,8.0,200.0,169.0,7,0
2372802115,3,26767,12.422000000005937,267662411,0,100,0.0,8.0,200.0,169.0,7,0
2372802115,3,26768,12.422000000005937,267672411,0,100,0.0,8.0,200.0,169.0,7,0
2372802115,3,26769,12.422000000005937,267682411,0,100,0.0,8.0,200.0,169.0,7,0
2372802115,3,26770,12.422000000005937,267692411,0,100,0.0,8.0,200.0,169.0,7,0
2372802115,3,26771,12.422000000005937,267702411,0,100,0.0,8.0,200.0,169.0,7,0
2372802115,3,26772,12.422000000005937,267712411,0,100,0.0,8.0,200.0,169.0,7,0
2372802115,3,26773,12.422000000005937,267722411,0,100,0.0,8.0,200.0,169.0,7,0
2372802115,3,26774,12.422000000005937,267732411,0,100,0.0,8.0,200.0,169.0,7,0
2372802115,3,26775,12.422000000005937,267742411,0,100,0.0,8.0,200.0,169.0,7,0
2372802115,3,26776,12.422000000005937,267752411,0,100,0.0,8.0,200.0,169.0,7,0
2372802115,3,26777,12.422000000005937,267762411,0,100,0.0,8.0,200.0,169.0,7,0
2372802115,3,26778,12.422000000005937,267772411,0,100,0.0,8.0,200.0,169.0,7,0
2372802115,3,26779,12.422000000005937,267782411,0,100,0.0,8.0,200.0,169.0,7,0
2372802115,3,26780,12.422000000005937,267792411,0,100,0.0,8.0,200.0,169.0,7,0
2372802115,3,26781,12.968000000008033,267802411,0,100,0.0,8.0,200.0,169.0,7,0
2372802115,3,26782,12.968000000008033,267812411,0,100,0.0,8.0,200.0,169.0,7,0
2372802115,3,26783,12.968000000008033,267822411,0,100,0.0,8.0,200.0,169.0,7,0
2372802115,3,26784,12.968000000008033,267832411,0,100,0.0,8.0,200.0,169.0,7,0
2372802115,3,26785,12.968000000008033,267842411,0,100,0.0,8.0,200.0,169.0,7,0
2372802115,3,26786,12.968000000008033,267852411,0,100,0.0,8.0,200.0,169.0,7,0
2372802115,3,26787,12.968000000008033,267862411,0,100,0.0,8.0,200.0,169.0,7,0
2372802115,3,26788,12.968000000008033,267872411,0,100,0.0,8.0,200.0,169.0,7,0
2372802115,3,26789,12.968000000008033,267882411,0,100,0.0,8.0,200.0,169.0,7,0
2372802115,3,26790,12.968000000008033,267892411,0,100,0.0,8.0,200.0,169.0,7,0
2372802115,3,26791,12.968000000008033,267902411,0,100,0.0,8.0,200.0,169.0,7,0
2372802115,3,26792,12.968000000008033,267912411,0,100,0.0,8.0,200.0,169.0,7,0
2372802115,3,26793,12.968000000008033,267922411,0,100,0.0,8.0,200.0,169.0,7,0
2372802115,3,26794,12.968000000008033,267932411,0,100,0.0,8.0,200.0,169.0,7,0
2372802115,3,26795,12.968000000008033,267942411,0,100,0.0,8.0,200.0,169.0,7,0
2372802115,3,26796,12.968000000008033,267952411,0,100,0.0,8.0,200.0,169.0,7,0
2372802115,3,26797,12.968000000008033,267962411,0,100,0.0,8.0,200.0,169.0,7,0
2372802115,3,26798,12.968000000008033,267972411,0,100,0.0,8.0,200.0,169.0,7,0
2372802115,3,26799,12.968000000008033,267982411,0,100,0.0,8.0,200.0,169.0,7,0
2372802115,3,26800,12.968000000008033,267992411,0,100,0.0,8.0,200.0,169.0,7,0
2372802115,3,26801,12.968000000008033,268002411,0,100,0.0,8.0,200.0,169.0,7,0
2372802115,3,26802,12.968000000008033,268012411,0,100,0.0,8.0,200.0,169.0,7,0
2372802115,3,26803,12.968000000008033,268022411,0,100,0.0,8.0,200.0,169.0,7,0
2372802115,3,26804,12.968000000008033,268032411,0,100,0.0,8.0,200.0,169.0,7,0
2372802115,3,26805,12.968000000008033,268042411,0,100,0.0,8.0,200.0,169.0,7,0
2372802115,3,26806,12.968000000008033,268052411,0,100,0.0,8.0,200.0,169.0,7,0
2372802115,3,26807,12.968000000008033,268062411,0,100,0.0,8.0,200.0,169.0,7,0
2372802115,3,26808,12.968000000008033,268072411,0,100,0.0,8.0,200.0,169.0,7,0
2372802115,3,26809,12.968000000008033,268082411,0,100,0.0,8.0,200.0,169.0,7,0
2372802115,3,26810,12.968000000008033,268092411,0,100,0.0,8.0,200.0,169.0,7,0
2372802115,3,26811,12.968000000008033,268102411,0,100,0.0,8.0,200.0,169.0,7,0
2372802115,3,26812,12.968000000008033,268112411,0,100,0.0,8.0,200.0,169.0,7,0
2372802115,3,26813,12.968000000008033,268122411,0,100,0.0,8.0,200.0,169.0,7,0
2372802115,3,26814,12.968000000008033,268132411,0,100,0.0,8.0,200.0,169.0,7,0
2372802115,3,26815,12.968000000008033,268142411,0,100,0.0,8.0,200.0,169.0,7,0
2372802115,3,26816,12.968000000008033,268152411,0,100,0.0,8.0,200.0,169.0,7,0
2372802115,3,26817,12.968000000008033,268162411,0,100,0.0,8.0,200.0,169.0,7,0
2372802115,3,26818,12.968000000008033,268172411,0,100,0.0,8.0,200.0,169.0,7,0
2372802115,3,26819,12.968000000008033,268182411,0,100,0.0,8.0,200.0,169.0,7,0
2372802115,3,26820,12.968000000008033,268192411,0,100,0.0,8.0,200.0,169.0,7,0
2372802115,3,26821,12.968000000008033,268202411,0,100,0.0,8.0,200.0,169.0,7,0
2372802115,3,26822,12.968000000008033,268212411,0,100,0.0,8.0,200.0,169.0,7,0
2372802115,3,26823,12.968000000008033,268222411,0,100,0.0,8.0,200.0,169.0,7,0
2372802115,3,26824,12.968000000008033,268232411,0,100,0.0,8.0,200.0,169.0,7,0
2372802115,3,26825,12.968000000008033,268242411,0,100,0.0,8.0,200.0,169.0,7,0
2372802115,3,26826,12.968000000008033,268252411,0,100,0.0,8.0,200.0,169.0,7,0
2372802115,3,26827,12.968000000008033,268262411,0,100,0.0,8.0,200.0,169.0,7,0
2372802115,3,26828,12.968000000008033,268272411,0,100,0.0,8.0,200.0,169.0,7,0
2372802115,3,26829,12.968000000008033,268282411,0,100,0.0,8.0,200.0,169.0,7,0
2372802115,3,26830,12.968000000008033,268292411,0,100,0.0,8.0,200.0,169.0,7,0
2372802115,3,26831,12.968000000008033,268302411,0,100,0.0,8.0,200.0,169.0,7,0
2372802115,3,26832,12.968000000008033,268312411,0,100,0.0,8.0,200.0,169.0,7,0
2372802115,3,26833,12.968000000008033,268322411,0,100,0.0,8.0,200.0,169.0,7,0
2372802115,3,26834,12.968000000008033,268332411,0,100,0.0,8.0,200.0,169.0,7,0
2372802115,3,26835,12.968000000008033,268342411,0,100,0.0,8.0,200.0,169.0,7,0
2372802115,3,26836,12.968000000008033,268352411,0,100,0.0,8.0,200.0,169.0,7,0
2372802115,3,26837,13.312000000005355,268362411,0,100,0.0,8.0,200.0,169.0,7,0
2372802115,3,26838,13.312000000005355,268372411,0,100,0.0,8.0,200.0,169.0,7,0
2372802115,3,26839,13.312000000005355,268382411,0,100,0.0,8.0,200.0,169.0,7,0
2372802115,3,26840,13.312000000005355,268392411,0,100,0.0,8.0,200.0,169.0,7,0
2372802115,3,26841,13.312000000005355,268402411,0,100,0.0,8.0,200.0,169.0,7,0
2372802115,3,26842,13.312000000005355,268412411,0,100,0.0,8.0,200.0,169.0,7,0
2372802115,3,26843,13.312000000005355,268422411,0,100,0.0,8.0,200.0,169.0,7,0
2372802115,3,26844,13.312000000005355,268432411,0,100,0.0,8.0,200.0,169.0,7,0
2372802115,3,26845,13.312000000005355,268442411,0,100,0.0,8.0,200.0,169.0,7,0
2372802115,3,26846,13.312000000005355,268452411,0,100,0.0,8.0,200.0,169.0,7,0
2372802115,3,26847,13.312000000005355,268462411,0,100,0.0,8.0,200.0,169.0,7,0
2372802115,3,26848,13.312000000005355,268472411,0,100,0.0,8.0,200.0,169.0,7,0
2372802115,3,26849,13.312000000005355,268482411,0,100,0.0,8.0,200.0,169.0,7,0
2372802115,3,26850,13.312000000005355,268492411,0,100,0.0,8.0,200.0,169.0,7,0
2372802115,3,26851,13.312000000005355,268502411,0,100,0.0,8.0,200.0,169.0,7,0
2372802115,3,26852,13.312000000005355,268512411,0,100,0.0,8.0,200.0,169.0,7,0
2372802115,3,26853,13.312000000005355,268522411,0,100,0.0,8.0,200.0,169.0,7,0
2372802115,3,26854,13.312000000005355,268532411,0,100,0.0,8.0,200.0,169.0,7,0
2372802115,3,26855,13.312000000005355,268542411,0,100,0.0,8.0,200.0,169.0,7,0
2372802115,3,26856,13.312000000005355,268552411,0,100,0.0,8.0,200.0,169.0,7,0
2372802115,3,26857,13.312000000005355,268562411,0,100,0.0,8.0,200.0,169.0,7,0
2372802115,3,26858,13.312000000005355,268572411,0,100,0.0,8.0,200.0,169.0,7,0
2372802115,3,26859,13.312000000005355,268582411,0,100,0.0,8.0,200.0,169.0,7,0
2372802115,3,26860,13.312000000005355,268592411,0,100,0.0,8.0,200.0,169.0,7,0
2372802115,3,26861,13.312000000005355,268602411,0,100,0.0,8.0,200.0,169.0,7,0
2372802115,3,26862,13.312000000005355,268612411,0,100,0.0,8.0,200.0,169.0,7,0
2372802115,3,26863,13.312000000005355,268622411,0,100,0.0,8.0,200.0,169.0,7,0
2372802115,3,26864,13.312000000005355,268632411,0,100,0.0,8.0,200.0,169.0,7,0
2372802115,3,26865,13.312000000005355,268642411,0,100,0.0,8.0,200.0,169.0,7,0
2372802115,3,26866,13.312000000005355,268652411,0,100,0.0,8.0,200.0,169.0,7,0
2372802115,3,26867,13.312000000005355,268662411,0,100,0.0,8.0,200.0,169.0,7,0
2372802115,3,26868,13.312000000005355,268672411,0,100,0.0,8.0,200.0,169.0,7,0
2372802115,3,26869,13.468000000008033,268682411,0,100,0.0,8.0,200.0,169.0,7,0
2372802115,3,26870,13.468000000008033,268692411,0,100,0.0,8.0,200.0,169.0,7,0
2372802115,3,26871,13.468000000008033,268702411,0,100,0.0,8.0,200.0,169.0,7,0
2372802115,3,26872,13.468000000008033,268712411,0,100,0.0,8.0,200.0,169.0,7,0
2372802115,3,26873,13.468000000008033,268722411,0,100,0.0,8.0,200.0,169.0,7,0
2372802115,3,26874,13.468000000008033,268732411,0,100,0.0,8.0,200.0,169.0,7,0
2372802115,3,26875,13.468000000008033,268742411,0,100,0.0,8.0,200.0,169.0,7,0
2372802115,3,26876,13.468000000008033,268752411,0,100,0.0,8.0,200.0,169.0,7,0
2372802115,3,26877,13.468000000008033,268762411,0,100,0.0,8.0,200.0,169.0,7,0
2372802115,3,26878,13.468000000008033,268772411,0,100,0.0,8.0,200.0,169.0,7,0
2372802115,3,26879,13.468000000008033,268782411,0,100,0.0,8.0,200.0,169.0,7,0
2372802115,3,26880,13.468000000008033,268792411,0,100,0.0,8.0,200.0,169.0,7,0
2372802115,3,26881,13.468000000008033,268802411,0,100,0.0,8.0,200.0,169.0,7,0
2372802115,3,26882,13.468000000008033,268812411,0,100,0.0,8.0,200.0,169.0,7,0
2372802115,3,26883,13.468000000008033,268822411,0,100,0.0,8.0,200.0,169.0,7,0
2372802115,3,26884,13.468000000008033,268832411,0,100,0.0,8.0,200.0,169.0,7,0
2372802115,3,26885,13.734000000011292,268842411,0,100,0.0,8.0,200.0,169.0,7,0
2372802115,3,26886,13.734000000011292,268852411,0,100,0.0,8.0,200.0,169.0,7,0
2372802115,3,26887,13.734000000011292,268862411,0,100,0.0,8.0,200.0,169.0,7,0
2372802115,3,26888,13.734000000011292,268872411,0,100,0.0,8.0,200.0,169.0,7,0
2372802115,3,26889,13.734000000011292,268882411,0,100,0.0,8.0,200.0,169.0,7,0
2372802115,3,26890,13.734000000011292,268892411,0,100,0.0,8.0,200.0,169.0,7,0
2372802115,3,26891,13.734000000011292,268902411,0,100,0.0,8.0,200.0,169.0,7,0
2372802115,3,26892,13.734000000011292,268912411,0,100,0.0,8.0,200.0,169.0,7,0
2372802115,3,26893,13.734000000011292,268922411,0,100,0.0,8.0,200.0,169.0,7,0
2372802115,3,26894,13.734000000011292,268932411,0,100,0.0,8.0,200.0,169.0,7,0
2372802115,3,26895,13.734000000011292,268942411,0,100,0.0,8.0,200.0,169.0,7,0
2372802115,3,26896,13.734000000011292,268952411,0,100,0.0,8.0,200.0,169.0,7,0
2372802115,3,26897,13.734000000011292,268962411,0,100,0.0,8.0,200.0,169.0,7,0
2372802115,3,26898,13.734000000011292,268972411,0,100,0.0,8.0,200.0,169.0,7,0
2372802115,3,26899,13.734000000011292,268982411,0,100,0.0,8.0,200.0,169.0,7,0
2372802115,3,26900,13.734000000011292,268992411,0,100,0.0,8.0,200.0,169.0,7,0
2372802115,3,26901,13.734000000011292,269002411,0,100,0.0,8.0,200.0,169.0,7,0
2372802115,3,26902,13.734000000011292,269012411,0,100,0.0,8.0,200.0,169.0,7,0
2372802115,3,26903,13.734000000011292,269022411,0,100,0.0,8.0,200.0,169.0,7,0
2372802115,3,26904,13.734000000011292,269032411,0,100,0.0,8.0,200.0,169.0,7,0
2372802115,3,26905,13.734000000011292,269042411,0,100,0.0,8.0,200.0,169.0,7,0
2372802115,3,26906,13.734000000011292,269052411,0,100,0.0,8.0,200.0,169.0,7,0
2372802115,3,26907,13.734000000011292,269062411,0,100,0.0,8.0,200.0,169.0,7,0
2372802115,3,26908,13.734000000011292,269072411,0,100,0.0,8.0,200.0,169.0,7,0
2372802115,3,26909,14.203000000008615,269082411,0,100,0.0,8.0,200.0,169.0,7,0
2372802115,3,26910,14.203000000008615,269092411,0,100,0.0,8.0,200.0,169.0,7,0
2372802115,3,26911,14.203000000008615,269102411,0,100,0.0,8.0,200.0,169.0,7,0
2372802115,3,26912,14.203000000008615,269112411,0,100,0.0,8.0,200.0,169.0,7,0
2372802115,3,26913,14.203000000008615,269122411,0,100,0.0,8.0,200.0,169.0,7,0
2372802115,3,26914,14.203000000008615,269132411,0,100,0.0,8.0,200.0,169.0,7,0
2372802115,3,26915,14.203000000008615,269142411,0,100,0.0,8.0,200.0,169.0,7,0
2372802115,3,26916,14.203000000008615,269152411,0,100,0.0,8.0,200.0,169.0,7,0
2372802115,3,26917,14.203000000008615,269162411,0,100,0.0,8.0,200.0,169.0,7,0
2372802115,3,26918,14.203000000008615,269172411,0,100,0.0,8.0,200.0,169.0,7,0
2372802115,3,26919,14.203000000008615,269182411,0,100,0.0,8.0,200.0,169.0,7,0
2372802115,3,26920,14.203000000008615,269192411,0,100,0.0,8.0,200.0,169.0,7,0
2372802115,3,26921,14.203000000008615,269202411,0,100,0.0,8.0,200.0,169.0,7,0
2372802115,3,26922,14.203000000008615,269212411,0,100,0.0,8.0,200.0,169.0,7,0
2372802115,3,26923,14.203000000008615,269222411,0,100,0.0,8.0,200.0,169.0,7,0
2372802115,3,26924,14.203000000008615,269232411,0,100,0.0,8.0,200.0,169.0,7,0
2372802115,3,26925,14.203000000008615,269242411,0,100,0.0,8.0,200.0,169.0,7,0
2372802115,3,26926,14.203000000008615,269252411,0,100,0.0,8.0,200.0,169.0,7,0
2372802115,3,26927,14.203000000008615,269262411,0,100,0.0,8.0,200.0,169.0,7,0
2372802115,3,26928,14.203000000008615,269272411,0,100,0.0,8.0,200.0,169.0,7,0
2372802115,3,26929,14.203000000008615,269282411,0,100,0.0,8.0,200.0,169.0,7,0
2372802115,3,26930,14.203000000008615,269292411,0,100,0.0,8.0,200.0,169.0,7,0
2372802115,3,26931,14.203000000008615,269302411,0,100,0.0,8.0,200.0,169.0,7,0
2372802115,3,26932,14.203000000008615,269312411,0,100,0.0,8.0,200.0,169.0,7,0
2372802115,3,26933,14.203000000008615,269322411,0,100,0.0,8.0,200.0,169.0,7,0
2372802115,3,26934,14.203000000008615,269332411,0,100,0.0,8.0,200.0,169.0,7,0
2372802115,3,26935,14.203000000008615,269342411,0,100,0.0,8.0,200.0,169.0,7,0
2372802115,3,26936,14.203000000008615,269352411,0,100,0.0,8.0,200.0,169.0,7,0
2372802115,3,26937,14.203000000008615,269362411,0,100,0.0,8.0,200.0,169.0,7,0
2372802115,3,26938,14.203000000008615,269372411,0,100,0.0,8.0,200.0,169.0,7,0
2372802115,3,26939,14.203000000008615,269382411,0,100,0.0,8.0,200.0,169.0,7,0
2372802115,3,26940,14.203000000008615,269392411,0,100,0.0,8.0,200.0,169.0,7,0
2372802115,3,26941,14.203000000008615,269402411,0,100,0.0,8.0,200.0,169.0,7,0
2372802115,3,26942,14.203000000008615,269412411,0,100,0.0,8.0,200.0,169.0,7,0
2372802115,3,26943,14.203000000008615,269422411,0,100,0.0,8.0,200.0,169.0,7,0
2372802115,3,26944,14.203000000008615,269432411,0,100,0.0,8.0,200.0,169.0,7,0
2372802115,3,26945,14.203000000008615,269442411,0,100,0.0,8.0,200.0,169.0,7,0
2372802115,3,26946,14.203000000008615,269452411,0,100,0.0,8.0,200.0,169.0,7,0
2372802115,3,26947,14.203000000008615,269462411,0,100,0.0,8.0,200.0,169.0,7,0
2372802115,3,26948,14.203000000008615,269472411,0,100,0.0,8.0,200.0,169.0,7,0
2372802115,3,26949,14.203000000008615,269482411,0,100,0.0,8.0,200.0,169.0,7,0
2372802115,3,26950,14.203000000008615,269492411,0,100,0.0,8.0,200.0,169.0,7,0
2372802115,3,26951,14.203000000008615,269502411,0,100,0.0,8.0,200.0,169.0,7,0
2372802115,3,26952,14.203000000008615,269512411,0,100,0.0,8.0,200.0,169.0,7,0
2372802115,3,26953,14.203000000008615,269522411,0,100,0.0,8.0,200.0,169.0,7,0
2372802115,3,26954,14.203000000008615,269532411,0,100,0.0,8.0,200.0,169.0,7,0
2372802115,3,26955,14.203000000008615,269542411,0,100,0.0,8.0,200.0,169.0,7,0
2372802115,3,26956,14.203000000008615,269552411,0,100,0.0,8.0,200.0,169.0,7,0
2372802115,3,26957,14.718000000008033,269562411,0,100,0.0,8.0,200.0,169.0,7,0
2372802115,3,26958,14.718000000008033,269572411,0,100,0.0,8.0,200.0,169.0,7,0
2372802115,3,26959,14.718000000008033,269582411,0,100,0.0,8.0,200.0,169.0,7,0
2372802115,3,26960,14.718000000008033,269592411,0,100,0.0,8.0,200.0,169.0,7,0
2372802115,3,26961,14.718000000008033,269602411,0,100,0.0,8.0,200.0,169.0,7,0
2372802115,3,26962,14.718000000008033,269612411,0,100,0.0,8.0,200.0,169.0,7,0
2372802115,3,26963,14.718000000008033,269622411,0,100,0.0,8.0,200.0,169.0,7,0
2372802115,3,26964,14.718000000008033,269632411,0,100,0.0,8.0,200.0,169.0,7,0
2372802115,3,26965,14.718000000008033,269642411,0,100,0.0,8.0,200.0,169.0,7,0
2372802115,3,26966,14.718000000008033,269652411,0,100,0.0,8.0,200.0,169.0,7,0
2372802115,3,26967,14.718000000008033,269662411,0,100,0.0,8.0,200.0,169.0,7,0
2372802115,3,26968,14.718000000008033,269672411,0,100,0.0,8.0,200.0,169.0,7,0
2372802115,3,26969,14.718000000008033,269682411,0,100,0.0,8.0,200.0,169.0,7,0
2372802115,3,26970,14.718000000008033,269692411,0,100,0.0,8.0,200.0,169.0,7,0
2372802115,3,26971,14.718000000008033,269702411,0,100,0.0,8.0,200.0,169.0,7,0
2372802115,3,26972,14.718000000008033,269712411,0,100,0.0,8.0,200.0,169.0,7,0
2372802115,3,26973,14.718000000008033,269722411,0,100,0.0,8.0,200.0,169.0,7,0
2372802115,3,26974,14.718000000008033,269732411,0,100,0.0,8.0,200.0,169.0,7,0
2372802115,3,26975,14.718000000008033,269742411,0,100,0.0,8.0,200.0,169.0,7,0
2372802115,3,26976,14.718000000008033,269752411,0,100,0.0,8.0,200.0,169.0,7,0
2372802115,3,26977,14.718000000008033,269762411,0,100,0.0,8.0,200.0,169.0,7,0
2372802115,3,26978,14.718000000008033,269772411,0,100,0.0,8.0,200.0,169.0,7,0
2372802115,3,26979,14.718000000008033,269782411,0,100,0.0,8.0,200.0,169.0,7,0
2372802115,3,26980,14.718000000008033,269792411,0,100,0.0,8.0,200.0,169.0,7,0
2372802115,3,26981,14.718000000008033,269802411,0,100,0.0,8.0,200.0,169.0,7,0
2372802115,3,26982,14.718000000008033,269812411,0,100,0.0,8.0,200.0,169.0,7,0
2372802115,3,26983,14.718000000008033,269822411,0,100,0.0,8.0,200.0,169.0,7,0
2372802115,3,26984,14.718000000008033,269832411,0,100,0.0,8.0,200.0,169.0,7,0
2372802115,3,26985,14.718000000008033,269842411,0,100,0.0,8.0,200.0,169.0,7,0
2372802115,3,26986,14.718000000008033,269852411,0,100,0.0,8.0,200.0,169.0,7,0
2372802115,3,26987,14.718000000008033,269862411,0,100,0.0,8.0,200.0,169.0,7,0
2372802115,3,26988,14.718000000008033,269872411,0,100,0.0,8.0,200.0,169.0,7,0
2372802115,3,26989,14.718000000008033,269882411,0,100,0.0,8.0,200.0,169.0,7,0
2372802115,3,26990,14.718000000008033,269892411,0,100,0.0,8.0,200.0,169.0,7,0
2372802115,3,26991,14.718000000008033,269902411,0,100,0.0,8.0,200.0,169.0,7,0
2372802115,3,26992,14.718000000008033,269912411,0,100,0.0,8.0,200.0,169.0,7,0
2372802115,3,26993,14.718000000008033,269922411,0,100,0.0,8.0,200.0,169.0,7,0
2372802115,3,26994,14.718000000008033,269932411,0,100,0.0,8.0,200.0,169.0,7,0
2372802115,3,26995,14.718000000008033,269942411,0,100,0.0,8.0,200.0,169.0,7,0
2372802115,3,26996,14.718000000008033,269952411,0,100,0.0,8.0,200.0,169.0,7,0
2372802115,3,26997,14.718000000008033,269962411,0,100,0.0,8.0,200.0,169.0,7,0
2372802115,3,26998,14.718000000008033,269972411,0,100,0.0,8.0,200.0,169.0,7,0
2372802115,3,26999,14.718000000008033,269982411,0,100,0.0,8.0,200.0,169.0,7,0
2372802115,3,27000,14.718000000008033,269992411,0,100,0.0,8.0,200.0,169.0,7,0
2372802115,3,27001,14.718000000008033,270002411,0,100,0.0,8.0,200.0,169.0,7,0
2372802115,3,27002,14.718000000008033,270012411,0,100,0.0,8.0,200.0,169.0,7,0
2372802115,3,27003,14.718000000008033,270022411,0,100,0.0,8.0,200.0,169.0,7,0
2372802115,3,27004,14.718000000008033,270032411,0,100,0.0,8.0,200.0,169.0,7,0
2372802115,3,27005,14.718000000008033,270042411,0,100,0.0,8.0,200.0,169.0,7,0
2372802115,3,27006,14.718000000008033,270052411,0,100,0.0,8.0,200.0,169.0,7,0
2372802115,3,27007,14.718000000008033,270062411,0,100,0.0,8.0,200.0,169.0,7,0
2372802115,3,27008,14.718000000008033,270072411,0,100,0.0,8.0,200.0,169.0,7,0
2372802115,3,27009,14.718000000008033,270082411,0,100,0.0,8.0,200.0,169.0,7,0
2372802115,3,27010,14.718000000008033,270092411,0,100,0.0,8.0,200.0,169.0,7,0
2372802115,3,27011,14.718000000008033,270102411,0,100,0.0,8.0,200.0,169.0,7,0
2372802115,3,27012,14.718000000008033,270112411,0,100,0.0,8.0,200.0,169.0,7,0
2372802115,3,27013,15.297000000005937,270122411,0,100,0.0,8.0,200.0,169.0,7,0
2372802115,3,27014,15.297000000005937,270132411,0,100,0.0,8.0,200.0,169.0,7,0
2372802115,3,27015,15.297000000005937,270142411,0,100,0.0,8.0,200.0,169.0,7,0
2372802115,3,27016,15.297000000005937,270152411,0,100,0.0,8.0,200.0,169.0,7,0
2372802115,3,27017,15.297000000005937,270162411,0,100,0.0,8.0,200.0,169.0,7,0
2372802115,3,27018,15.297000000005937,270172411,0,100,0.0,8.0,200.0,169.0,7,0
2372802115,3,27019,15.297000000005937,270182411,0,100,0.0,8.0,200.0,169.0,7,0
2372802115,3,27020,15.297000000005937,270192411,0,100,0.0,8.0,200.0,169.0,7,0
2372802115,3,27021,15.297000000005937,270202411,0,100,0.0,8.0,200.0,169.0,7,0
2372802115,3,27022,15.297000000005937,270212411,0,100,0.0,8.0,200.0,169.0,7,0
2372802115,3,27023,15.297000000005937,270222411,0,100,0.0,8.0,200.0,169.0,7,0
2372802115,3,27024,15.297000000005937,270232411,0,100,0.0,8.0,200.0,169.0,7,0
2372802115,3,27025,15.297000000005937,270242411,0,100,0.0,8.0,200.0,169.0,7,0
2372802115,3,27026,15.297000000005937,270252411,0,100,0.0,8.0,200.0,169.0,7,0
2372802115,3,27027,15.297000000005937,270262411,0,100,0.0,8.0,200.0,169.0,7,0
2372802115,3,27028,15.297000000005937,270272411,0,100,0.0,8.0,200.0,169.0,7,0
2372802115,3,27029,15.297000000005937,270282411,0,100,0.0,8.0,200.0,169.0,7,0
2372802115,3,27030,15.297000000005937,270292411,0,100,0.0,8.0,200.0,169.0,7,0
2372802115,3,27031,15.297000000005937,270302411,0,100,0.0,8.0,200.0,169.0,7,0
2372802115,3,27032,15.297000000005937,270312411,0,100,0.0,8.0,200.0,169.0,7,0
2372802115,3,27033,15.297000000005937,270322411,0,100,0.0,8.0,200.0,169.0,7,0
2372802115,3,27034,15.297000000005937,270332411,0,100,0.0,8.0,200.0,169.0,7,0
2372802115,3,27035,15.297000000005937,270342411,0,100,0.0,8.0,200.0,169.0,7,0
2372802115,3,27036,15.297000000005937,270352411,0,100,0.0,8.0,200.0,169.0,7,0
2372802115,3,27037,15.297000000005937,270362411,0,100,0.0,8.0,200.0,169.0,7,0
2372802115,3,27038,15.297000000005937,270372411,0,100,0.0,8.0,200.0,169.0,7,0
2372802115,3,27039,15.297000000005937,270382411,0,100,0.0,8.0,200.0,169.0,7,0
2372802115,3,27040,15.297000000005937,270392411,0,100,0.0,8.0,200.0,169.0,7,0
2372802115,3,27041,15.297000000005937,270402411,0,100,0.0,8.0,200.0,169.0,7,0
2372802115,3,27042,15.297000000005937,270412411,0,100,0.0,8.0,200.0,169.0,7,0
2372802115,3,27043,15.297000000005937,270422411,0,100,0.0,8.0,200.0,169.0,7,0
2372802115,3,27044,15.297000000005937,270432411,0,100,0.0,8.0,200.0,169.0,7,0
2372802115,3,27045,15.297000000005937,270442411,0,100,0.0,8.0,200.0,169.0,7,0
2372802115,3,27046,15.297000000005937,270452411,0,100,0.0,8.0,200.0,169.0,7,0
2372802115,3,27047,15.297000000005937,270462411,0,100,0.0,8.0,200.0,169.0,7,0
2372802115,3,27048,15.297000000005937,270472411,0,100,0.0,8.0,200.0,169.0,7,0
2372802115,3,27049,15.297000000005937,270482411,0,100,0.0,8.0,200.0,169.0,7,0
2372802115,3,27050,15.297000000005937,270492411,0,100,0.0,8.0,200.0,169.0,7,0
2372802115,3,27051,15.297000000005937,270502411,0,100,0.0,8.0,200.0,169.0,7,0
2372802115,3,27052,15.297000000005937,270512411,0,100,0.0,8.0,200.0,169.0,7,0
2372802115,3,27053,15.297000000005937,270522411,0,100,0.0,8.0,200.0,169.0,7,0
2372802115,3,27054,15.297000000005937,270532411,0,100,0.0,8.0,200.0,169.0,7,0
2372802115,3,27055,15.297000000005937,270542411,0,100,0.0,8.0,200.0,169.0,7,0
2372802115,3,27056,15.297000000005937,270552411,0,100,0.0,8.0,200.0,169.0,7,0
2372802115,3,27057,15.297000000005937,270562411,0,100,0.0,8.0,200.0,169.0,7,0
2372802115,3,27058,15.297000000005937,270572411,0,100,0.0,8.0,200.0,169.0,7,0
2372802115,3,27059,15.297000000005937,270582411,0,100,0.0,8.0,200.0,169.0,7,0
2372802115,3,27060,15.297000000005937,270592411,0,100,0.0,8.0,200.0,169.0,7,0
2372802115,3,27061,15.297000000005937,270602411,0,100,0.0,8.0,200.0,169.0,7,0
2372802115,3,27062,15.297000000005937,270612411,0,100,0.0,8.0,200.0,169.0,7,0
2372802115,3,27063,15.297000000005937,270622411,0,100,0.0,8.0,200.0,169.0,7,0
2372802115,3,27064,15.297000000005937,270632411,0,100,0.0,8.0,200.0,169.0,7,0
2372802115,3,27065,15.297000000005937,270642411,0,100,0.0,8.0,200.0,169.0,7,0
2372802115,3,27066,15.297000000005937,270652411,0,100,0.0,8.0,200.0,169.0,7,0
2372802115,3,27067,15.297000000005937,270662411,0,100,0.0,8.0,200.0,169.0,7,0
2372802115,3,27068,15.297000000005937,270672411,0,100,0.0,8.0,200.0,169.0,7,0
2372802115,3,27069,15.484000000011292,270682411,0,100,0.0,8.0,200.0,169.0,7,0
2372802115,3,27070,15.484000000011292,270692411,0,100,0.0,8.0,200.0,169.0,7,0
2372802115,3,27071,15.484000000011292,270702411,0,100,0.0,8.0,200.0,169.0,7,0
2372802115,3,27072,15.484000000011292,270712411,0,100,0.0,8.0,200.0,169.0,7,0
2372802115,3,27073,15.484000000011292,270722411,0,100,0.0,8.0,200.0,169.0,7,0
2372802115,3,27074,15.484000000011292,270732411,0,100,0.0,8.0,200.0,169.0,7,0
2372802115,3,27075,15.484000000011292,270742411,0,100,0.0,8.0,200.0,169.0,7,0
2372802115,3,27076,15.484000000011292,270752411,0,100,0.0,8.0,200.0,169.0,7,0
2372802115,3,27077,15.484000000011292,270762411,0,100,0.0,8.0,200.0,169.0,7,0
2372802115,3,27078,15.484000000011292,270772411,0,100,0.0,8.0,200.0,169.0,7,0
2372802115,3,27079,15.484000000011292,270782411,0,100,0.0,8.0,200.0,169.0,7,0
2372802115,3,27080,15.484000000011292,270792411,0,100,0.0,8.0,200.0,169.0,7,0
2372802115,3,27081,15.484000000011292,270802411,0,100,0.0,8.0,200.0,169.0,7,0
2372802115,3,27082,15.484000000011292,270812411,0,100,0.0,8.0,200.0,169.0,7,0
2372802115,3,27083,15.484000000011292,270822411,0,100,0.0,8.0,200.0,169.0,7,0
2372802115,3,27084,15.484000000011292,270832411,0,100,0.0,8.0,200.0,169.0,7,0
2372802115,3,27085,16.014999999999418,270842411,0,100,0.0,8.0,200.0,169.0,7,0
2372802115,3,27086,16.014999999999418,270852411,0,100,0.0,8.0,200.0,169.0,7,0
2372802115,3,27087,16.014999999999418,270862411,0,100,0.0,8.0,200.0,169.0,7,0
2372802115,3,27088,16.014999999999418,270872411,0,100,0.0,8.0,200.0,169.0,7,0
2372802115,3,27089,16.014999999999418,270882411,0,100,0.0,8.0,200.0,169.0,7,0
2372802115,3,27090,16.014999999999418,270892411,0,100,0.0,8.0,200.0,169.0,7,0
2372802115,3,27091,16.014999999999418,270902411,0,100,0.0,8.0,200.0,169.0,7,0
2372802115,3,27092,16.014999999999418,270912411,0,100,0.0,8.0,200.0,169.0,7,0
2372802115,3,27093,16.014999999999418,270922411,0,100,0.0,8.0,200.0,169.0,7,0
2372802115,3,27094,16.014999999999418,270932411,0,100,0.0,8.0,200.0,169.0,7,0
2372802115,3,27095,16.014999999999418,270942411,0,100,0.0,8.0,200.0,169.0,7,0
2372802115,3,27096,16.014999999999418,270952411,0,100,0.0,8.0,200.0,169.0,7,0
2372802115,3,27097,16.014999999999418,270962411,0,100,0.0,8.0,200.0,169.0,7,0
2372802115,3,27098,16.014999999999418,270972411,0,100,0.0,8.0,200.0,169.0,7,0
2372802115,3,27099,16.014999999999418,270982411,0,100,0.0,8.0,200.0,169.0,7,0
2372802115,3,27100,16.014999999999418,270992411,0,100,0.0,8.0,200.0,169.0,7,0
2372802115,3,27101,16.014999999999418,271002411,0,100,0.0,8.0,200.0,169.0,7,0
2372802115,3,27102,16.014999999999418,271012411,0,100,0.0,8.0,200.0,169.0,7,0
2372802115,3,27103,16.014999999999418,271022411,0,100,0.0,8.0,200.0,169.0,7,0
2372802115,3,27104,16.014999999999418,271032411,0,100,0.0,8.0,200.0,169.0,7,0
2372802115,3,27105,16.014999999999418,271042411,0,100,0.0,8.0,200.0,169.0,7,0
2372802115,3,27106,16.014999999999418,271052411,0,100,0.0,8.0,200.0,169.0,7,0
2372802115,3,27107,16.014999999999418,271062411,0,100,0.0,8.0,200.0,169.0,7,0
2372802115,3,27108,16.014999999999418,271072411,0,100,0.0,8.0,200.0,169.0,7,0
2372802115,3,27109,16.014999999999418,271082411,0,100,0.0,8.0,200.0,169.0,7,0
2372802115,3,27110,16.014999999999418,271092411,0,100,0.0,8.0,200.0,169.0,7,0
2372802115,3,27111,16.014999999999418,271102411,0,100,0.0,8.0,200.0,169.0,7,0
2372802115,3,27112,16.014999999999418,271112411,0,100,0.0,8.0,200.0,169.0,7,0
2372802115,3,27113,16.014999999999418,271122411,0,100,0.0,8.0,200.0,169.0,7,0
2372802115,3,27114,16.014999999999418,271132411,0,100,0.0,8.0,200.0,169.0,7,0
2372802115,3,27115,16.014999999999418,271142411,0,100,0.0,8.0,200.0,169.0,7,0
2372802115,3,27116,16.014999999999418,271152411,0,100,0.0,8.0,200.0,169.0,7,0
2372802115,3,27117,16.014999999999418,271162411,0,100,0.0,8.0,200.0,169.0,7,0
2372802115,3,27118,16.014999999999418,271172411,0,100,0.0,8.0,200.0,169.0,7,0
2372802115,3,27119,16.014999999999418,271182411,0,100,0.0,8.0,200.0,169.0,7,0
2372802115,3,27120,16.014999999999418,271192411,0,100,0.0,8.0,200.0,169.0,7,0
2372802115,3,27121,16.014999999999418,271202411,0,100,0.0,8.0,200.0,169.0,7,0
2372802115,3,27122,16.014999999999418,271212411,0,100,0.0,8.0,200.0,169.0,7,0
2372802115,3,27123,16.014999999999418,271222411,0,100,0.0,8.0,200.0,169.0,7,0
2372802115,3,27124,16.014999999999418,271232411,0,100,0.0,8.0,200.0,169.0,7,0
2372802115,3,27125,16.014999999999418,271242411,0,100,0.0,8.0,200.0,169.0,7,0
2372802115,3,27126,16.014999999999418,271252411,0,100,0.0,8.0,200.0,169.0,7,0
2372802115,3,27127,16.014999999999418,271262411,0,100,0.0,8.0,200.0,169.0,7,0
2372802115,3,27128,16.014999999999418,271272411,0,100,0.0,8.0,200.0,169.0,7,0
2372802115,3,27129,16.014999999999418,271282411,0,100,0.0,8.0,200.0,169.0,7,0
2372802115,3,27130,16.014999999999418,271292411,0,100,0.0,8.0,200.0,169.0,7,0
2372802115,3,27131,16.014999999999418,271302411,0,100,0.0,8.0,200.0,169.0,7,0
2372802115,3,27132,16.014999999999418,271312411,0,100,0.0,8.0,200.0,169.0,7,0
2372802115,3,27133,16.014999999999418,271322411,0,100,0.0,8.0,200.0,169.0,7,0
2372802115,3,27134,16.014999999999418,271332411,0,100,0.0,8.0,200.0,169.0,7,0
2372802115,3,27135,16.014999999999418,271342411,0,100,0.0,8.0,200.0,169.0,7,0
2372802115,3,27136,16.014999999999418,271352411,0,100,0.0,8.0,200.0,169.0,7,0
2372802115,3,27137,16.014999999999418,271362411,0,100,0.0,8.0,200.0,169.0,7,0
2372802115,3,27138,16.014999999999418,271372411,0,100,0.0,8.0,200.0,169.0,7,0
2372802115,3,27139,16.014999999999418,271382411,0,100,0.0,8.0,200.0,169.0,7,0
2372802115,3,27140,16.014999999999418,271392411,0,100,0.0,8.0,200.0,169.0,7,0
2372802115,3,27141,16.547000000005937,271402411,0,100,0.0,8.0,200.0,169.0,7,0
2372802115,3,27142,16.547000000005937,271412411,0,100,0.0,8.0,200.0,169.0,7,0
2372802115,3,27143,16.547000000005937,271422411,0,100,0.0,8.0,200.0,169.0,7,0
2372802115,3,27144,16.547000000005937,271432411,0,100,0.0,8.0,200.0,169.0,7,0
2372802115,3,27145,16.547000000005937,271442411,0,100,0.0,8.0,200.0,169.0,7,0
2372802115,3,27146,16.547000000005937,271452411,0,100,0.0,8.0,200.0,169.0,7,0
2372802115,3,27147,16.547000000005937,271462411,0,100,0.0,8.0,200.0,169.0,7,0
2372802115,3,27148,16.547000000005937,271472411,0,100,0.0,8.0,200.0,169.0,7,0
2372802115,3,27149,16.547000000005937,271482411,0,100,0.0,8.0,200.0,169.0,7,0
2372802115,3,27150,16.547000000005937,271492411,0,100,0.0,8.0,200.0,169.0,7,0
2372802115,3,27151,16.547000000005937,271502411,0,100,0.0,8.0,200.0,169.0,7,0
2372802115,3,27152,16.547000000005937,271512411,0,100,0.0,8.0,200.0,169.0,7,0
2372802115,3,27153,16.547000000005937,271522411,0,100,0.0,8.0,200.0,169.0,7,0
2372802115,3,27154,16.547000000005937,271532411,0,100,0.0,8.0,200.0,169.0,7,0
2372802115,3,27155,16.547000000005937,271542411,0,100,0.0,8.0,200.0,169.0,7,0
2372802115,3,27156,16.547000000005937,271552411,0,100,0.0,8.0,200.0,169.0,7,0
2372802115,3,27157,16.547000000005937,271562411,0,100,0.0,8.0,200.0,169.0,7,0
2372802115,3,27158,16.547000000005937,271572411,0,100,0.0,8.0,200.0,169.0,7,0
2372802115,3,27159,16.547000000005937,271582411,0,100,0.0,8.0,200.0,169.0,7,0
2372802115,3,27160,16.547000000005937,271592411,0,100,0.0,8.0,200.0,169.0,7,0
2372802115,3,27161,16.547000000005937,271602411,0,100,0.0,8.0,200.0,169.0,7,0
2372802115,3,27162,16.547000000005937,271612411,0,100,0.0,8.0,200.0,169.0,7,0
2372802115,3,27163,16.547000000005937,271622411,0,100,0.0,8.0,200.0,169.0,7,0
2372802115,3,27164,16.547000000005937,271632411,0,100,0.0,8.0,200.0,169.0,7,0
2372802115,3,27165,16.547000000005937,271642411,0,100,0.0,8.0,200.0,169.0,7,0
2372802115,3,27166,16.547000000005937,271652411,0,100,0.0,8.0,200.0,169.0,7,0
2372802115,3,27167,16.547000000005937,271662411,0,100,0.0,8.0,200.0,169.0,7,0
2372802115,3,27168,16.547000000005937,271672411,0,100,0.0,8.0,200.0,169.0,7,0
2372802115,3,27169,16.547000000005937,271682411,0,100,0.0,8.0,200.0,169.0,7,0
2372802115,3,27170,16.547000000005937,271692411,0,100,0.0,8.0,200.0,169.0,7,0
2372802115,3,27171,16.547000000005937,271702411,0,100,0.0,8.0,200.0,169.0,7,0
2372802115,3,27172,16.547000000005937,271712411,0,100,0.0,8.0,200.0,169.0,7,0
2372802115,3,27173,16.547000000005937,271722411,0,100,0.0,8.0,200.0,169.0,7,0
2372802115,3,27174,16.547000000005937,271732411,0,100,0.0,8.0,200.0,169.0,7,0
2372802115,3,27175,16.547000000005937,271742411,0,100,0.0,8.0,200.0,169.0,7,0
2372802115,3,27176,16.547000000005937,271752411,0,100,0.0,8.0,200.0,169.0,7,0
2372802115,3,27177,16.547000000005937,271762411,0,100,0.0,8.0,200.0,169.0,7,0
2372802115,3,27178,16.547000000005937,271772411,0,100,0.0,8.0,200.0,169.0,7,0
2372802115,3,27179,16.547000000005937,271782411,0,100,0.0,8.0,200.0,169.0,7,0
2372802115,3,27180,16.547000000005937,271792411,0,100,0.0,8.0,200.0,169.0,7,0
2372802115,3,27181,16.547000000005937,271802411,0,100,0.0,8.0,200.0,169.0,7,0
2372802115,3,27182,16.547000000005937,271812411,0,100,0.0,8.0,200.0,169.0,7,0
2372802115,3,27183,16.547000000005937,271822411,0,100,0.0,8.0,200.0,169.0,7,0
2372802115,3,27184,16.547000000005937,271832411,0,100,0.0,8.0,200.0,169.0,7,0
2372802115,3,27185,16.547000000005937,271842411,0,100,0.0,8.0,200.0,169.0,7,0
2372802115,3,27186,16.547000000005937,271852411,0,100,0.0,8.0,200.0,169.0,7,0
2372802115,3,27187,16.547000000005937,271862411,0,100,0.0,8.0,200.0,169.0,7,0
2372802115,3,27188,16.547000000005937,271872411,0,100,0.0,8.0,200.0,169.0,7,0
2372802115,3,27189,16.547000000005937,271882411,0,100,0.0,8.0,200.0,169.0,7,0
2372802115,3,27190,16.547000000005937,271892411,0,100,0.0,8.0,200.0,169.0,7,0
2372802115,3,27191,16.547000000005937,271902411,0,100,0.0,8.0,200.0,169.0,7,0
2372802115,3,27192,16.547000000005937,271912411,0,100,0.0,8.0,200.0,169.0,7,0
2372802115,3,27193,16.547000000005937,271922411,0,100,0.0,8.0,200.0,169.0,7,0
2372802115,3,27194,16.547000000005937,271932411,0,100,0.0,8.0,200.0,169.0,7,0
2372802115,3,27195,16.547000000005937,271942411,0,100,0.0,8.0,200.0,169.0,7,0
2372802115,3,27196,16.547000000005937,271952411,0,100,0.0,8.0,200.0,169.0,7,0
2372802115,3,27197,16.843000000008033,271962411,0,100,0.0,8.0,200.0,169.0,7,0
2372802115,3,27198,16.843000000008033,271972411,0,100,0.0,8.0,200.0,169.0,7,0
2372802115,3,27199,16.843000000008033,271982411,0,100,0.0,8.0,200.0,169.0,7,0
2372802115,3,27200,16.843000000008033,271992411,0,100,0.0,8.0,200.0,169.0,7,0
2372802115,3,27201,16.843000000008033,272002411,0,100,0.0,8.0,200.0,169.0,7,0
2372802115,3,27202,16.843000000008033,272012411,0,100,0.0,8.0,200.0,169.0,7,0
2372802115,3,27203,16.843000000008033,272022411,0,100,0.0,8.0,200.0,169.0,7,0
2372802115,3,27204,16.843000000008033,272032411,0,100,0.0,8.0,200.0,169.0,7,0
2372802115,3,27205,16.843000000008033,272042411,0,100,0.0,8.0,200.0,169.0,7,0
2372802115,3,27206,16.843000000008033,272052411,0,100,0.0,8.0,200.0,169.0,7,0
2372802115,3,27207,16.843000000008033,272062411,0,100,0.0,8.0,200.0,169.0,7,0
2372802115,3,27208,16.843000000008033,272072411,0,100,0.0,8.0,200.0,169.0,7,0
2372802115,3,27209,16.843000000008033,272082411,0,100,0.0,8.0,200.0,169.0,7,0
2372802115,3,27210,16.843000000008033,272092411,0,100,0.0,8.0,200.0,169.0,7,0
2372802115,3,27211,16.843000000008033,272102411,0,100,0.0,8.0,200.0,169.0,7,0
2372802115,3,27212,16.843000000008033,272112411,0,100,0.0,8.0,200.0,169.0,7,0
2372802115,3,27213,17.156000000002678,272122411,0,100,0.0,8.0,200.0,169.0,7,0
2372802115,3,27214,17.156000000002678,272132411,0,100,0.0,8.0,200.0,169.0,7,0
2372802115,3,27215,17.156000000002678,272142411,0,100,0.0,8.0,200.0,169.0,7,0
2372802115,3,27216,17.156000000002678,272152411,0,100,0.0,8.0,200.0,169.0,7,0
2372802115,3,27217,17.156000000002678,272162411,0,100,0.0,8.0,200.0,169.0,7,0
2372802115,3,27218,17.156000000002678,272172411,0,100,0.0,8.0,200.0,169.0,7,0
2372802115,3,27219,17.156000000002678,272182411,0,100,0.0,8.0,200.0,169.0,7,0
2372802115,3,27220,17.156000000002678,272192411,0,100,0.0,8.0,200.0,169.0,7,0
2372802115,3,27221,17.156000000002678,272202411,0,100,0.0,8.0,200.0,169.0,7,0
2372802115,3,27222,17.156000000002678,272212411,0,100,0.0,8.0,200.0,169.0,7,0
2372802115,3,27223,17.156000000002678,272222411,0,100,0.0,8.0,200.0,169.0,7,0
2372802115,3,27224,17.156000000002678,272232411,0,100,0.0,8.0,200.0,169.0,7,0
2372802115,3,27225,17.156000000002678,272242411,0,100,0.0,8.0,200.0,169.0,7,0
2372802115,3,27226,17.156000000002678,272252411,0,100,0.0,8.0,200.0,169.0,7,0
2372802115,3,27227,17.156000000002678,272262411,0,100,0.0,8.0,200.0,169.0,7,0
2372802115,3,27228,17.156000000002678,272272411,0,100,0.0,8.0,200.0,169.0,7,0
2372802115,3,27229,17.156000000002678,272282411,0,100,0.0,8.0,200.0,169.0,7,0
2372802115,3,27230,17.156000000002678,272292411,0,100,0.0,8.0,200.0,169.0,7,0
2372802115,3,27231,17.156000000002678,272302411,0,100,0.0,8.0,200.0,169.0,7,0
2372802115,3,27232,17.156000000002678,272312411,0,100,0.0,8.0,200.0,169.0,7,0
2372802115,3,27233,17.156000000002678,272322411,0,100,0.0,8.0,200.0,169.0,7,0
2372802115,3,27234,17.156000000002678,272332411,0,100,0.0,8.0,200.0,169.0,7,0
2372802115,3,27235,17.156000000002678,272342411,0,100,0.0,8.0,200.0,169.0,7,0
2372802115,3,27236,17.156000000002678,272352411,0,100,0.0,8.0,200.0,169.0,7,0
2372802115,3,27237,17.156000000002678,272362411,0,100,0.0,8.0,200.0,169.0,7,0
2372802115,3,27238,17.156000000002678,272372411,0,100,0.0,8.0,200.0,169.0,7,0
2372802115,3,27239,17.156000000002678,272382411,0,100,0.0,8.0,200.0,169.0,7,0
2372802115,3,27240,17.156000000002678,272392411,0,100,0.0,8.0,200.0,169.0,7,0
2372802115,3,27241,17.156000000002678,272402411,0,100,0.0,8.0,200.0,169.0,7,0
2372802115,3,27242,17.156000000002678,272412411,0,100,0.0,8.0,200.0,169.0,7,0
2372802115,3,27243,17.156000000002678,272422411,0,100,0.0,8.0,200.0,169.0,7,0
2372802115,3,27244,17.156000000002678,272432411,0,100,0.0,8.0,200.0,169.0,7,0
2372802115,3,27245,17.156000000002678,272442411,0,100,0.0,8.0,200.0,169.0,7,0
2372802115,3,27246,17.156000000002678,272452411,0,100,0.0,8.0,200.0,169.0,7,0
2372802115,3,27247,17.156000000002678,272462411,0,100,0.0,8.0,200.0,169.0,7,0
2372802115,3,27248,17.156000000002678,272472411,0,100,0.0,8.0,200.0,169.0,7,0
2372802115,3,27249,17.156000000002678,272482411,0,100,0.0,8.0,200.0,169.0,7,0
2372802115,3,27250,17.156000000002678,272492411,0,100,0.0,8.0,200.0,169.0,7,0
2372802115,3,27251,17.156000000002678,272502411,0,100,0.0,8.0,200.0,169.0,7,0
2372802115,3,27252,17.156000000002678,272512411,0,100,0.0,8.0,200.0,169.0,7,0
2372802115,3,27253,17.687000000005355,272522411,0,100,0.0,8.0,200.0,169.0,7,0
2372802115,3,27254,17.687000000005355,272532411,0,100,0.0,8.0,200.0,169.0,7,0
2372802115,3,27255,17.687000000005355,272542411,0,100,0.0,8.0,200.0,169.0,7,0
2372802115,3,27256,17.687000000005355,272552411,0,100,0.0,8.0,200.0,169.0,7,0
2372802115,3,27257,17.687000000005355,272562411,0,100,0.0,8.0,200.0,169.0,7,0
2372802115,3,27258,17.687000000005355,272572411,0,100,0.0,8.0,200.0,169.0,7,0
2372802115,3,27259,17.687000000005355,272582411,0,100,0.0,8.0,200.0,169.0,7,0
2372802115,3,27260,17.687000000005355,272592411,0,100,0.0,8.0,200.0,169.0,7,0
2372802115,3,27261,17.687000000005355,272602411,0,100,0.0,8.0,200.0,169.0,7,0
2372802115,3,27262,17.687000000005355,272612411,0,100,0.0,8.0,200.0,169.0,7,0
2372802115,3,27263,17.687000000005355,272622411,0,100,0.0,8.0,200.0,169.0,7,0
2372802115,3,27264,17.687000000005355,272632411,0,100,0.0,8.0,200.0,169.0,7,0
2372802115,3,27265,17.687000000005355,272642411,0,100,0.0,8.0,200.0,169.0,7,0
2372802115,3,27266,17.687000000005355,272652411,0,100,0.0,8.0,200.0,169.0,7,0
2372802115,3,27267,17.687000000005355,272662411,0,100,0.0,8.0,200.0,169.0,7,0
2372802115,3,27268,17.687000000005355,272672411,0,100,0.0,8.0,200.0,169.0,7,0
2372802115,3,27269,17.687000000005355,272682411,0,100,0.0,8.0,200.0,169.0,7,0
2372802115,3,27270,17.687000000005355,272692411,0,100,0.0,8.0,200.0,169.0,7,0
2372802115,3,27271,17.687000000005355,272702411,0,100,0.0,8.0,200.0,169.0,7,0
2372802115,3,27272,17.687000000005355,272712411,0,100,0.0,8.0,200.0,169.0,7,0
2372802115,3,27273,17.687000000005355,272722411,0,100,0.0,8.0,200.0,169.0,7,0
2372802115,3,27274,17.687000000005355,272732411,0,100,0.0,8.0,200.0,169.0,7,0
2372802115,3,27275,17.687000000005355,272742411,0,100,0.0,8.0,200.0,169.0,7,0
2372802115,3,27276,17.687000000005355,272752411,0,100,0.0,8.0,200.0,169.0,7,0
2372802115,3,27277,17.687000000005355,272762411,0,100,0.0,8.0,200.0,169.0,7,0
2372802115,3,27278,17.687000000005355,272772411,0,100,0.0,8.0,200.0,169.0,7,0
2372802115,3,27279,17.687000000005355,272782411,0,100,0.0,8.0,200.0,169.0,7,0
2372802115,3,27280,17.687000000005355,272792411,0,100,0.0,8.0,200.0,169.0,7,0
2372802115,3,27281,17.687000000005355,272802411,0,100,0.0,8.0,200.0,169.0,7,0
2372802115,3,27282,17.687000000005355,272812411,0,100,0.0,8.0,200.0,169.0,7,0
2372802115,3,27283,17.687000000005355,272822411,0,100,0.0,8.0,200.0,169.0,7,0
2372802115,3,27284,17.687000000005355,272832411,0,100,0.0,8.0,200.0,169.0,7,0
2372802115,3,27285,17.687000000005355,272842411,0,100,0.0,8.0,200.0,169.0,7,0
2372802115,3,27286,17.687000000005355,272852411,0,100,0.0,8.0,200.0,169.0,7,0
2372802115,3,27287,17.687000000005355,272862412,0,100,0.0,8.0,200.0,169.0,7,0
2372802115,3,27288,17.687000000005355,272872411,0,100,0.0,8.0,200.0,169.0,7,0
2372802115,3,27289,17.687000000005355,272882411,0,100,0.0,8.0,200.0,169.0,7,0
2372802115,3,27290,17.687000000005355,272892411,0,100,0.0,8.0,200.0,169.0,7,0
2372802115,3,27291,17.687000000005355,272902411,0,100,0.0,8.0,200.0,169.0,7,0
2372802115,3,27292,17.687000000005355,272912411,0,100,0.0,8.0,200.0,169.0,7,0
2372802115,3,27293,17.687000000005355,272922411,0,100,0.0,8.0,200.0,169.0,7,0
2372802115,3,27294,17.687000000005355,272932411,0,100,0.0,8.0,200.0,169.0,7,0
2372802115,3,27295,17.687000000005355,272942411,0,100,0.0,8.0,200.0,169.0,7,0
2372802115,3,27296,17.687000000005355,272952411,0,100,0.0,8.0,200.0,169.0,7,0
2372802115,3,27297,17.687000000005355,272962411,0,100,0.0,8.0,200.0,169.0,7,0
2372802115,3,27298,17.687000000005355,272972411,0,100,0.0,8.0,200.0,169.0,7,0
2372802115,3,27299,17.687000000005355,272982411,0,100,0.0,8.0,200.0,169.0,7,0
2372802115,3,27300,17.687000000005355,272992411,0,100,0.0,8.0,200.0,169.0,7,0
2372802115,3,27301,17.687000000005355,273002411,0,100,0.0,8.0,200.0,169.0,7,0
2372802115,3,27302,17.687000000005355,273012411,0,100,0.0,8.0,200.0,169.0,7,0
2372802115,3,27303,17.687000000005355,273022411,0,100,0.0,8.0,200.0,169.0,7,0
2372802115,3,27304,17.687000000005355,273032411,0,100,0.0,8.0,200.0,169.0,7,0
2372802115,3,27305,17.687000000005355,273042411,0,100,0.0,8.0,200.0,169.0,7,0
2372802115,3,27306,17.687000000005355,273052411,0,100,0.0,8.0,200.0,169.0,7,0
2372802115,3,27307,17.687000000005355,273062411,0,100,0.0,8.0,200.0,169.0,7,0
2372802115,3,27308,17.687000000005355,273072411,0,100,0.0,8.0,200.0,169.0,7,0
2372802115,3,27309,18.125,273082411,0,100,0.0,8.0,200.0,169.0,7,0
2372802115,3,27310,18.125,273092411,0,100,0.0,8.0,200.0,169.0,7,0
2372802115,3,27311,18.125,273102411,0,100,0.0,8.0,200.0,169.0,7,0
2372802115,3,27312,18.125,273112411,0,100,0.0,8.0,200.0,169.0,7,0
2372802115,3,27313,18.125,273122411,0,100,0.0,8.0,200.0,169.0,7,0
2372802115,3,27314,18.125,273132411,0,100,0.0,8.0,200.0,169.0,7,0
2372802115,3,27315,18.125,273142411,0,100,0.0,8.0,200.0,169.0,7,0
2372802115,3,27316,18.125,273152411,0,100,0.0,8.0,200.0,169.0,7,0
2372802115,3,27317,18.125,273162411,0,100,0.0,8.0,200.0,169.0,7,0
2372802115,3,27318,18.125,273172411,0,100,0.0,8.0,200.0,169.0,7,0
2372802115,3,27319,18.125,273182411,0,100,0.0,8.0,200.0,169.0,7,0
2372802115,3,27320,18.125,273192411,0,100,0.0,8.0,200.0,169.0,7,0
2372802115,3,27321,18.125,273202411,0,100,0.0,8.0,200.0,169.0,7,0
2372802115,3,27322,18.125,273212411,0,100,0.0,8.0,200.0,169.0,7,0
2372802115,3,27323,18.125,273222411,0,100,0.0,8.0,200.0,169.0,7,0
2372802115,3,27324,18.125,273232411,0,100,0.0,8.0,200.0,169.0,7,0
2372802115,3,27325,18.125,273242411,0,100,0.0,8.0,200.0,169.0,7,0
2372802115,3,27326,18.125,273252411,0,100,0.0,8.0,200.0,169.0,7,0
2372802115,3,27327,18.125,273262411,0,100,0.0,8.0,200.0,169.0,7,0
2372802115,3,27328,18.125,273272411,0,100,0.0,8.0,200.0,169.0,7,0
2372802115,3,27329,18.125,273282411,0,100,0.0,8.0,200.0,169.0,7,0
2372802115,3,27330,18.125,273292411,0,100,0.0,8.0,200.0,169.0,7,0
2372802115,3,27331,18.125,273302411,0,100,0.0,8.0,200.0,169.0,7,0
2372802115,3,27332,18.125,273312411,0,100,0.0,8.0,200.0,169.0,7,0
2372802115,3,27333,18.125,273322411,0,100,0.0,8.0,200.0,169.0,7,0
2372802115,3,27334,18.125,273332411,0,100,0.0,8.0,200.0,169.0,7,0
2372802115,3,27335,18.125,273342411,0,100,0.0,8.0,200.0,169.0,7,0
2372802115,3,27336,18.125,273352411,0,100,0.0,8.0,200.0,169.0,7,0
2372802115,3,27337,18.125,273362411,0,100,0.0,8.0,200.0,169.0,7,0
2372802115,3,27338,18.125,273372411,0,100,0.0,8.0,200.0,169.0,7,0
2372802115,3,27339,18.125,273382411,0,100,0.0,8.0,200.0,169.0,7,0
2372802115,3,27340,18.125,273392411,0,100,0.0,8.0,200.0,169.0,7,0
2372802115,3,27341,18.125,273402411,0,100,0.0,8.0,200.0,169.0,7,0
2372802115,3,27342,18.125,273412411,0,100,0.0,8.0,200.0,169.0,7,0
2372802115,3,27343,18.125,273422411,0,100,0.0,8.0,200.0,169.0,7,0
2372802115,3,27344,18.125,273432411,0,100,0.0,8.0,200.0,169.0,7,0
2372802115,3,27345,18.125,273442411,0,100,0.0,8.0,200.0,169.0,7,0
2372802115,3,27346,18.125,273452411,0,100,0.0,8.0,200.0,169.0,7,0
2372802115,3,27347,18.125,273462411,0,100,0.0,8.0,200.0,169.0,7,0
2372802115,3,27348,18.125,273472411,0,100,0.0,8.0,200.0,169.0,7,0
2372802115,3,27349,18.625,273482411,0,100,0.0,8.0,200.0,169.0,7,0
2372802115,3,27350,18.625,273492411,0,100,0.0,8.0,200.0,169.0,7,0
2372802115,3,27351,18.625,273502411,0,100,0.0,8.0,200.0,169.0,7,0
2372802115,3,27352,18.625,273512411,0,100,0.0,8.0,200.0,169.0,7,0
2372802115,3,27353,18.625,273522411,0,100,0.0,8.0,200.0,169.0,7,0
2372802115,3,27354,18.625,273532411,0,100,0.0,8.0,200.0,169.0,7,0
2372802115,3,27355,18.625,273542411,0,100,0.0,8.0,200.0,169.0,7,0
2372802115,3,27356,18.625,273552411,0,100,0.0,8.0,200.0,169.0,7,0
2372802115,3,27357,18.625,273562411,0,100,0.0,8.0,200.0,169.0,7,0
2372802115,3,27358,18.625,273572411,0,100,0.0,8.0,200.0,169.0,7,0
2372802115,3,27359,18.625,273582411,0,100,0.0,8.0,200.0,169.0,7,0
2372802115,3,27360,18.625,273592411,0,100,0.0,8.0,200.0,169.0,7,0
2372802115,3,27361,18.625,273602411,0,100,0.0,8.0,200.0,169.0,7,0
2372802115,3,27362,18.625,273612411,0,100,0.0,8.0,200.0,169.0,7,0
2372802115,3,27363,18.625,273622411,0,100,0.0,8.0,200.0,169.0,7,0
2372802115,3,27364,18.625,273632411,0,100,0.0,8.0,200.0,169.0,7,0
2372802115,3,27365,18.625,273642411,0,100,0.0,8.0,200.0,169.0,7,0
2372802115,3,27366,18.625,273652411,0,100,0.0,8.0,200.0,169.0,7,0
2372802115,3,27367,18.625,273662412,0,100,0.0,8.0,200.0,169.0,7,0
2372802115,3,27368,18.625,273672411,0,100,0.0,8.0,200.0,169.0,7,0
2372802115,3,27369,18.625,273682411,0,100,0.0,8.0,200.0,169.0,7,0
2372802115,3,27370,18.625,273692411,0,100,0.0,8.0,200.0,169.0,7,0
2372802115,3,27371,18.625,273702411,0,100,0.0,8.0,200.0,169.0,7,0
2372802115,3,27372,18.625,273712411,0,100,0.0,8.0,200.0,169.0,7,0
2372802115,3,27373,18.625,273722411,0,100,0.0,8.0,200.0,169.0,7,0
2372802115,3,27374,18.625,273732411,0,100,0.0,8.0,200.0,169.0,7,0
2372802115,3,27375,18.625,273742411,0,100,0.0,8.0,200.0,169.0,7,0
2372802115,3,27376,18.625,273752411,0,100,0.0,8.0,200.0,169.0,7,0
2372802115,3,27377,18.625,273762411,0,100,0.0,8.0,200.0,169.0,7,0
2372802115,3,27378,18.625,273772411,0,100,0.0,8.0,200.0,169.0,7,0
2372802115,3,27379,18.625,273782411,0,100,0.0,8.0,200.0,169.0,7,0
2372802115,3,27380,18.625,273792411,0,100,0.0,8.0,200.0,169.0,7,0
2372802115,3,27381,18.625,273802411,0,100,0.0,8.0,200.0,169.0,7,0
2372802115,3,27382,18.625,273812411,0,100,0.0,8.0,200.0,169.0,7,0
2372802115,3,27383,18.625,273822411,0,100,0.0,8.0,200.0,169.0,7,0
2372802115,3,27384,18.625,273832411,0,100,0.0,8.0,200.0,169.0,7,0
2372802115,3,27385,18.625,273842411,0,100,0.0,8.0,200.0,169.0,7,0
2372802115,3,27386,18.625,273852412,0,100,0.0,8.0,200.0,169.0,7,0
2372802115,3,27387,18.625,273862411,0,100,0.0,8.0,200.0,169.0,7,0
2372802115,3,27388,18.625,273872411,0,100,0.0,8.0,200.0,169.0,7,0
2372802115,3,27389,18.625,273882411,0,100,0.0,8.0,200.0,169.0,7,0
2372802115,3,27390,18.625,273892411,0,100,0.0,8.0,200.0,169.0,7,0
2372802115,3,27391,18.625,273902411,0,100,0.0,8.0,200.0,169.0,7,0
2372802115,3,27392,18.625,273912411,0,100,0.0,8.0,200.0,169.0,7,0
2372802115,3,27393,18.625,273922411,0,100,0.0,8.0,200.0,169.0,7,0
2372802115,3,27394,18.625,273932411,0,100,0.0,8.0,200.0,169.0,7,0
2372802115,3,27395,18.625,273942411,0,100,0.0,8.0,200.0,169.0,7,0
2372802115,3,27396,18.625,273952411,0,100,0.0,8.0,200.0,169.0,7,0
2372802115,3,27397,18.625,273962411,0,100,0.0,8.0,200.0,169.0,7,0
2372802115,3,27398,18.625,273972411,0,100,0.0,8.0,200.0,169.0,7,0
2372802115,3,27399,18.625,273982411,0,100,0.0,8.0,200.0,169.0,7,0
2372802115,3,27400,18.625,273992411,0,100,0.0,8.0,200.0,169.0,7,0
2372802115,3,27401,18.625,274002411,0,100,0.0,8.0,200.0,169.0,7,0
2372802115,3,27402,18.625,274012411,0,100,0.0,8.0,200.0,169.0,7,0
2372802115,3,27403,18.625,274022411,0,100,0.0,8.0,200.0,169.0,7,0
2372802115,3,27404,18.625,274032411,0,100,0.0,8.0,200.0,169.0,7,0
2372802115,3,27405,18.718000000008033,274042411,0,100,0.0,8.0,200.0,169.0,7,0
2372802115,3,27406,18.718000000008033,274052411,0,100,0.0,8.0,200.0,169.0,7,0
2372802115,3,27407,18.718000000008033,274062411,0,100,0.0,8.0,200.0,169.0,7,0
2372802115,3,27408,18.718000000008033,274072411,0,100,0.0,8.0,200.0,169.0,7,0
2372802115,3,27409,18.718000000008033,274082411,0,100,0.0,8.0,200.0,169.0,7,0
2372802115,3,27410,18.718000000008033,274092411,0,100,0.0,8.0,200.0,169.0,7,0
2372802115,3,27411,18.718000000008033,274102411,0,100,0.0,8.0,200.0,169.0,7,0
2372802115,3,27412,18.718000000008033,274112411,0,100,0.0,8.0,200.0,169.0,7,0
2372802115,3,27413,18.906000000002678,274122411,0,100,0.0,8.0,200.0,169.0,7,0
2372802115,3,27414,18.906000000002678,274132411,0,100,0.0,8.0,200.0,169.0,7,0
2372802115,3,27415,18.906000000002678,274142411,0,100,0.0,8.0,200.0,169.0,7,0
2372802115,3,27416,18.906000000002678,274152411,0,100,0.0,8.0,200.0,169.0,7,0
2372802115,3,27417,18.906000000002678,274162411,0,100,0.0,8.0,200.0,169.0,7,0
2372802115,3,27418,18.906000000002678,274172411,0,100,0.0,8.0,200.0,169.0,7,0
2372802115,3,27419,18.906000000002678,274182411,0,100,0.0,8.0,200.0,169.0,7,0
2372802115,3,27420,18.906000000002678,274192411,0,100,0.0,8.0,200.0,169.0,7,0
2372802115,3,27421,18.906000000002678,274202411,0,100,0.0,8.0,200.0,169.0,7,0
2372802115,3,27422,18.906000000002678,274212411,0,100,0.0,8.0,200.0,169.0,7,0
2372802115,3,27423,18.906000000002678,274222411,0,100,0.0,8.0,200.0,169.0,7,0
2372802115,3,27424,18.906000000002678,274232411,0,100,0.0,8.0,200.0,169.0,7,0
2372802115,3,27425,18.906000000002678,274242411,0,100,0.0,8.0,200.0,169.0,7,0
2372802115,3,27426,18.906000000002678,274252411,0,100,0.0,8.0,200.0,169.0,7,0
2372802115,3,27427,18.906000000002678,274262411,0,100,0.0,8.0,200.0,169.0,7,0
2372802115,3,27428,18.906000000002678,274272411,0,100,0.0,8.0,200.0,169.0,7,0
2372802115,3,27429,19.312000000005355,274282411,0,100,0.0,8.0,200.0,169.0,7,0
2372802115,3,27430,19.312000000005355,274292411,0,100,0.0,8.0,200.0,169.0,7,0
2372802115,3,27431,19.312000000005355,274302411,0,100,0.0,8.0,200.0,169.0,7,0
2372802115,3,27432,19.312000000005355,274312411,0,100,0.0,8.0,200.0,169.0,7,0
2372802115,3,27433,19.312000000005355,274322411,0,100,0.0,8.0,200.0,169.0,7,0
2372802115,3,27434,19.312000000005355,274332411,0,100,0.0,8.0,200.0,169.0,7,0
2372802115,3,27435,19.312000000005355,274342411,0,100,0.0,8.0,200.0,169.0,7,0
2372802115,3,27436,19.312000000005355,274352411,0,100,0.0,8.0,200.0,169.0,7,0
2372802115,3,27437,19.312000000005355,274362411,0,100,0.0,8.0,200.0,169.0,7,0
2372802115,3,27438,19.312000000005355,274372411,0,100,0.0,8.0,200.0,169.0,7,0
2372802115,3,27439,19.312000000005355,274382411,0,100,0.0,8.0,200.0,169.0,7,0
2372802115,3,27440,19.312000000005355,274392411,0,100,0.0,8.0,200.0,169.0,7,0
2372802115,3,27441,19.312000000005355,274402411,0,100,0.0,8.0,200.0,169.0,7,0
2372802115,3,27442,19.312000000005355,274412411,0,100,0.0,8.0,200.0,169.0,7,0
2372802115,3,27443,19.312000000005355,274422411,0,100,0.0,8.0,200.0,169.0,7,0
2372802115,3,27444,19.312000000005355,274432411,0,100,0.0,8.0,200.0,169.0,7,0
2372802115,3,27445,19.312000000005355,274442411,0,100,0.0,8.0,200.0,169.0,7,0
2372802115,3,27446,19.312000000005355,274452411,0,100,0.0,8.0,200.0,169.0,7,0
2372802115,3,27447,19.312000000005355,274462411,0,100,0.0,8.0,200.0,169.0,7,0
2372802115,3,27448,19.312000000005355,274472411,0,100,0.0,8.0,200.0,169.0,7,0
2372802115,3,27449,19.312000000005355,274482411,0,100,0.0,8.0,200.0,169.0,7,0
2372802115,3,27450,19.312000000005355,274492411,0,100,0.0,8.0,200.0,169.0,7,0
2372802115,3,27451,19.312000000005355,274502411,0,100,0.0,8.0,200.0,169.0,7,0
2372802115,3,27452,19.312000000005355,274512411,0,100,0.0,8.0,200.0,169.0,7,0
2372802115,3,27453,19.312000000005355,274522411,0,100,0.0,8.0,200.0,169.0,7,0
2372802115,3,27454,19.312000000005355,274532411,0,100,0.0,8.0,200.0,169.0,7,0
2372802115,3,27455,19.312000000005355,274542411,0,100,0.0,8.0,200.0,169.0,7,0
2372802115,3,27456,19.312000000005355,274552411,0,100,0.0,8.0,200.0,169.0,7,0
2372802115,3,27457,19.312000000005355,274562411,0,100,0.0,8.0,200.0,169.0,7,0
2372802115,3,27458,19.312000000005355,274572411,0,100,0.0,8.0,200.0,169.0,7,0
2372802115,3,27459,19.312000000005355,274582411,0,100,0.0,8.0,200.0,169.0,7,0
2372802115,3,27460,19.312000000005355,274592411,0,100,0.0,8.0,200.0,169.0,7,0
2372802115,3,27461,19.312000000005355,274602411,0,100,0.0,8.0,200.0,169.0,7,0
2372802115,3,27462,19.312000000005355,274612411,0,100,0.0,8.0,200.0,169.0,7,0
2372802115,3,27463,19.312000000005355,274622411,0,100,0.0,8.0,200.0,169.0,7,0
2372802115,3,27464,19.312000000005355,274632411,0,100,0.0,8.0,200.0,169.0,7,0
2372802115,3,27465,19.312000000005355,274642411,0,100,0.0,8.0,200.0,169.0,7,0
2372802115,3,27466,19.312000000005355,274652411,0,100,0.0,8.0,200.0,169.0,7,0
2372802115,3,27467,19.312000000005355,274662411,0,100,0.0,8.0,200.0,169.0,7,0
2372802115,3,27468,19.312000000005355,274672411,0,100,0.0,8.0,200.0,169.0,7,0
2372802115,3,27469,19.843000000008033,274682411,0,100,0.0,8.0,200.0,169.0,7,0
2372802115,3,27470,19.843000000008033,274692411,0,100,0.0,8.0,200.0,169.0,7,0
2372802115,3,27471,19.843000000008033,274702411,0,100,0.0,8.0,200.0,169.0,7,0
2372802115,3,27472,19.843000000008033,274712411,0,100,0.0,8.0,200.0,169.0,7,0
2372802115,3,27473,19.843000000008033,274722411,0,100,0.0,8.0,200.0,169.0,7,0
2372802115,3,27474,19.843000000008033,274732411,0,100,0.0,8.0,200.0,169.0,7,0
2372802115,3,27475,19.843000000008033,274742411,0,100,0.0,8.0,200.0,169.0,7,0
2372802115,3,27476,19.843000000008033,274752411,0,100,0.0,8.0,200.0,169.0,7,0
2372802115,3,27477,19.843000000008033,274762411,0,100,0.0,8.0,200.0,169.0,7,0
2372802115,3,27478,19.843000000008033,274772411,0,100,0.0,8.0,200.0,169.0,7,0
2372802115,3,27479,19.843000000008033,274782411,0,100,0.0,8.0,200.0,169.0,7,0
2372802115,3,27480,19.843000000008033,274792411,0,100,0.0,8.0,200.0,169.0,7,0
2372802115,3,27481,19.843000000008033,274802411,0,100,0.0,8.0,200.0,169.0,7,0
2372802115,3,27482,19.843000000008033,274812411,0,100,0.0,8.0,200.0,169.0,7,0
2372802115,3,27483,19.843000000008033,274822411,0,100,0.0,8.0,200.0,169.0,7,0
2372802115,3,27484,19.843000000008033,274832411,0,100,0.0,8.0,200.0,169.0,7,0
2372802115,3,27485,19.843000000008033,274842411,0,100,0.0,8.0,200.0,169.0,7,0
2372802115,3,27486,19.843000000008033,274852411,0,100,0.0,8.0,200.0,169.0,7,0
2372802115,3,27487,19.843000000008033,274862411,0,100,0.0,8.0,200.0,169.0,7,0
2372802115,3,27488,19.843000000008033,274872411,0,100,0.0,8.0,200.0,169.0,7,0
2372802115,3,27489,19.843000000008033,274882411,0,100,0.0,8.0,200.0,169.0,7,0
2372802115,3,27490,19.843000000008033,274892411,0,100,0.0,8.0,200.0,169.0,7,0
2372802115,3,27491,19.843000000008033,274902411,0,100,0.0,8.0,200.0,169.0,7,0
2372802115,3,27492,19.843000000008033,274912411,0,100,0.0,8.0,200.0,169.0,7,0
2372802115,3,27493,19.843000000008033,274922411,0,100,0.0,8.0,200.0,169.0,7,0
2372802115,3,27494,19.843000000008033,274932411,0,100,0.0,8.0,200.0,169.0,7,0
2372802115,3,27495,19.843000000008033,274942411,0,100,0.0,8.0,200.0,169.0,7,0
2372802115,3,27496,19.843000000008033,274952411,0,100,0.0,8.0,200.0,169.0,7,0
2372802115,3,27497,19.843000000008033,274962411,0,100,0.0,8.0,200.0,169.0,7,0
2372802115,3,27498,19.843000000008033,274972411,0,100,0.0,8.0,200.0,169.0,7,0
2372802115,3,27499,19.843000000008033,274982411,0,100,0.0,8.0,200.0,169.0,7,0
2372802115,3,27500,19.843000000008033,274992411,0,100,0.0,8.0,200.0,169.0,7,0
2372802115,3,27501,19.843000000008033,275002411,0,100,0.0,8.0,200.0,169.0,7,0
2372802115,3,27502,19.843000000008033,275012411,0,100,0.0,8.0,200.0,169.0,7,0
2372802115,3,27503,19.843000000008033,275022411,0,100,0.0,8.0,200.0,169.0,7,0
2372802115,3,27504,19.843000000008033,275032411,0,100,0.0,8.0,200.0,169.0,7,0
2372802115,3,27505,19.843000000008033,275042411,0,100,0.0,8.0,200.0,169.0,7,0
2372802115,3,27506,19.843000000008033,275052411,0,100,0.0,8.0,200.0,169.0,7,0
2372802115,3,27507,19.843000000008033,275062411,0,100,0.0,8.0,200.0,169.0,7,0
2372802115,3,27508,19.843000000008033,275072411,0,100,0.0,8.0,200.0,169.0,7,0
2372802115,3,27509,19.843000000008033,275082411,0,100,0.0,8.0,200.0,169.0,7,0
2372802115,3,27510,19.843000000008033,275092411,0,100,0.0,8.0,200.0,169.0,7,0
2372802115,3,27511,19.843000000008033,275102411,0,100,0.0,8.0,200.0,169.0,7,0
2372802115,3,27512,19.843000000008033,275112411,0,100,0.0,8.0,200.0,169.0,7,0
2372802115,3,27513,19.843000000008033,275122411,0,100,0.0,8.0,200.0,169.0,7,0
2372802115,3,27514,19.843000000008033,275132411,0,100,0.0,8.0,200.0,169.0,7,0
2372802115,3,27515,19.843000000008033,275142411,0,100,0.0,8.0,200.0,169.0,7,0
2372802115,3,27516,19.843000000008033,275152411,0,100,0.0,8.0,200.0,169.0,7,0
2372802115,3,27517,20.031000000002678,275162411,0,100,0.0,8.0,200.0,169.0,7,0
2372802115,3,27518,20.031000000002678,275172411,0,100,0.0,8.0,200.0,169.0,7,0
2372802115,3,27519,20.031000000002678,275182411,0,100,0.0,8.0,200.0,169.0,7,0
2372802115,3,27520,20.031000000002678,275192411,0,100,0.0,8.0,200.0,169.0,7,0
2372802115,3,27521,20.031000000002678,275202411,0,100,0.0,8.0,200.0,169.0,7,0
2372802115,3,27522,20.031000000002678,275212411,0,100,0.0,8.0,200.0,169.0,7,0
2372802115,3,27523,20.031000000002678,275222411,0,100,0.0,8.0,200.0,169.0,7,0
2372802115,3,27524,20.031000000002678,275232411,0,100,0.0,8.0,200.0,169.0,7,0
2372802115,3,27525,20.031000000002678,275242411,0,100,0.0,8.0,200.0,169.0,7,0
2372802115,3,27526,20.031000000002678,275252411,0,100,0.0,8.0,200.0,169.0,7,0
2372802115,3,27527,20.031000000002678,275262411,0,100,0.0,8.0,200.0,169.0,7,0
2372802115,3,27528,20.031000000002678,275272411,0,100,0.0,8.0,200.0,169.0,7,0
2372802115,3,27529,20.031000000002678,275282411,0,100,0.0,8.0,200.0,169.0,7,0
2372802115,3,27530,20.031000000002678,275292411,0,100,0.0,8.0,200.0,169.0,7,0
2372802115,3,27531,20.031000000002678,275302411,0,100,0.0,8.0,200.0,169.0,7,0
2372802115,3,27532,20.031000000002678,275312411,0,100,0.0,8.0,200.0,169.0,7,0
2372802115,3,27533,20.031000000002678,275322411,0,100,0.0,8.0,200.0,169.0,7,0
2372802115,3,27534,20.031000000002678,275332411,0,100,0.0,8.0,200.0,169.0,7,0
2372802115,3,27535,20.031000000002678,275342411,0,100,0.0,8.0,200.0,169.0,7,0
2372802115,3,27536,20.031000000002678,275352411,0,100,0.0,8.0,200.0,169.0,7,0
2372802115,3,27537,20.031000000002678,275362411,0,100,0.0,8.0,200.0,169.0,7,0
2372802115,3,27538,20.031000000002678,275372411,0,100,0.0,8.0,200.0,169.0,7,0
2372802115,3,27539,20.031000000002678,275382411,0,100,0.0,8.0,200.0,169.0,7,0
2372802115,3,27540,20.031000000002678,275392411,0,100,0.0,8.0,200.0,169.0,7,0
2372802115,3,27541,20.547000000005937,275402411,0,100,0.0,8.0,200.0,169.0,7,0
2372802115,3,27542,20.547000000005937,275412411,0,100,0.0,8.0,200.0,169.0,7,0
2372802115,3,27543,20.547000000005937,275422411,0,100,0.0,8.0,200.0,169.0,7,0
2372802115,3,27544,20.547000000005937,275432411,0,100,0.0,8.0,200.0,169.0,7,0
2372802115,3,27545,20.547000000005937,275442411,0,100,0.0,8.0,200.0,169.0,7,0
2372802115,3,27546,20.547000000005937,275452411,0,100,0.0,8.0,200.0,169.0,7,0
2372802115,3,27547,20.547000000005937,275462411,0,100,0.0,8.0,200.0,169.0,7,0
2372802115,3,27548,20.547000000005937,275472411,0,100,0.0,8.0,200.0,169.0,7,0
2372802115,3,27549,20.547000000005937,275482411,0,100,0.0,8.0,200.0,169.0,7,0
2372802115,3,27550,20.547000000005937,275492411,0,100,0.0,8.0,200.0,169.0,7,0
2372802115,3,27551,20.547000000005937,275502411,0,100,0.0,8.0,200.0,169.0,7,0
2372802115,3,27552,20.547000000005937,275512411,0,100,0.0,8.0,200.0,169.0,7,0
2372802115,3,27553,20.547000000005937,275522411,0,100,0.0,8.0,200.0,169.0,7,0
2372802115,3,27554,20.547000000005937,275532411,0,100,0.0,8.0,200.0,169.0,7,0
2372802115,3,27555,20.547000000005937,275542411,0,100,0.0,8.0,200.0,169.0,7,0
2372802115,3,27556,20.547000000005937,275552411,0,100,0.0,8.0,200.0,169.0,7,0
2372802115,3,27557,20.547000000005937,275562411,0,100,0.0,8.0,200.0,169.0,7,0
2372802115,3,27558,20.547000000005937,275572411,0,100,0.0,8.0,200.0,169.0,7,0
2372802115,3,27559,20.547000000005937,275582411,0,100,0.0,8.0,200.0,169.0,7,0
2372802115,3,27560,20.547000000005937,275592411,0,100,0.0,8.0,200.0,169.0,7,0
2372802115,3,27561,20.547000000005937,275602411,0,100,0.0,8.0,200.0,169.0,7,0
2372802115,3,27562,20.547000000005937,275612411,0,100,0.0,8.0,200.0,169.0,7,0
2372802115,3,27563,20.547000000005937,275622411,0,100,0.0,8.0,200.0,169.0,7,0
2372802115,3,27564,20.547000000005937,275632411,0,100,0.0,8.0,200.0,169.0,7,0
2372802115,3,27565,20.547000000005937,275642411,0,100,0.0,8.0,200.0,169.0,7,0
2372802115,3,27566,20.547000000005937,275652411,0,100,0.0,8.0,200.0,169.0,7,0
2372802115,3,27567,20.547000000005937,275662411,0,100,0.0,8.0,200.0,169.0,7,0
2372802115,3,27568,20.547000000005937,275672411,0,100,0.0,8.0,200.0,169.0,7,0
2372802115,3,27569,20.547000000005937,275682411,0,100,0.0,8.0,200.0,169.0,7,0
2372802115,3,27570,20.547000000005937,275692411,0,100,0.0,8.0,200.0,169.0,7,0
2372802115,3,27571,20.547000000005937,275702411,0,100,0.0,8.0,200.0,169.0,7,0
2372802115,3,27572,20.547000000005937,275712411,0,100,0.0,8.0,200.0,169.0,7,0
2372802115,3,27573,20.547000000005937,275722411,0,100,0.0,8.0,200.0,169.0,7,0
2372802115,3,27574,20.547000000005937,275732411,0,100,0.0,8.0,200.0,169.0,7,0
2372802115,3,27575,20.547000000005937,275742411,0,100,0.0,8.0,200.0,169.0,7,0
2372802115,3,27576,20.547000000005937,275752411,0,100,0.0,8.0,200.0,169.0,7,0
2372802115,3,27577,20.547000000005937,275762411,0,100,0.0,8.0,200.0,169.0,7,0
2372802115,3,27578,20.547000000005937,275772411,0,100,0.0,8.0,200.0,169.0,7,0
2372802115,3,27579,20.547000000005937,275782411,0,100,0.0,8.0,200.0,169.0,7,0
2372802115,3,27580,20.547000000005937,275792411,0,100,0.0,8.0,200.0,169.0,7,0
2372802115,3,27581,20.547000000005937,275802411,0,100,0.0,8.0,200.0,169.0,7,0
2372802115,3,27582,20.547000000005937,275812411,0,100,0.0,8.0,200.0,169.0,7,0
2372802115,3,27583,20.547000000005937,275822411,0,100,0.0,8.0,200.0,169.0,7,0
2372802115,3,27584,20.547000000005937,275832411,0,100,0.0,8.0,200.0,169.0,7,0
2372802115,3,27585,20.547000000005937,275842411,0,100,0.0,8.0,200.0,169.0,7,0
2372802115,3,27586,20.547000000005937,275852411,0,100,0.0,8.0,200.0,169.0,7,0
2372802115,3,27587,20.547000000005937,275862411,0,100,0.0,8.0,200.0,169.0,7,0
2372802115,3,27588,20.547000000005937,275872411,0,100,0.0,8.0,200.0,169.0,7,0
2372802115,3,27589,20.547000000005937,275882411,0,100,0.0,8.0,200.0,169.0,7,0
2372802115,3,27590,20.547000000005937,275892411,0,100,0.0,8.0,200.0,169.0,7,0
2372802115,3,27591,20.547000000005937,275902411,0,100,0.0,8.0,200.0,169.0,7,0
2372802115,3,27592,20.547000000005937,275912411,0,100,0.0,8.0,200.0,169.0,7,0
2372802115,3,27593,20.547000000005937,275922411,0,100,0.0,8.0,200.0,169.0,7,0
2372802115,3,27594,20.547000000005937,275932411,0,100,0.0,8.0,200.0,169.0,7,0
2372802115,3,27595,20.547000000005937,275942411,0,100,0.0,8.0,200.0,169.0,7,0
2372802115,3,27596,20.547000000005937,275952411,0,100,0.0,8.0,200.0,169.0,7,0
2372802115,3,27597,20.687000000005355,275962411,0,100,0.0,8.0,200.0,169.0,7,0
2372802115,3,27598,20.687000000005355,275972411,0,100,0.0,8.0,200.0,169.0,7,0
2372802115,3,27599,20.687000000005355,275982411,0,100,0.0,8.0,200.0,169.0,7,0
2372802115,3,27600,20.687000000005355,275992411,0,100,0.0,8.0,200.0,169.0,7,0
2372802115,3,27601,20.687000000005355,276002411,0,100,0.0,8.0,200.0,169.0,7,0
2372802115,3,27602,20.687000000005355,276012411,0,100,0.0,8.0,200.0,169.0,7,0
2372802115,3,27603,20.687000000005355,276022411,0,100,0.0,8.0,200.0,169.0,7,0
2372802115,3,27604,20.687000000005355,276032411,0,100,0.0,8.0,200.0,169.0,7,0
2372802115,3,27605,21.093000000008033,276042411,0,100,0.0,8.0,200.0,169.0,7,0
2372802115,3,27606,21.093000000008033,276052411,0,100,0.0,8.0,200.0,169.0,7,0
2372802115,3,27607,21.093000000008033,276062411,0,100,0.0,8.0,200.0,169.0,7,0
2372802115,3,27608,21.093000000008033,276072411,0,100,0.0,8.0,200.0,169.0,7,0
2372802115,3,27609,21.093000000008033,276082411,0,100,0.0,8.0,200.0,169.0,7,0
2372802115,3,27610,21.093000000008033,276092411,0,100,0.0,8.0,200.0,169.0,7,0
2372802115,3,27611,21.093000000008033,276102411,0,100,0.0,8.0,200.0,169.0,7,0
2372802115,3,27612,21.093000000008033,276112411,0,100,0.0,8.0,200.0,169.0,7,0
2372802115,3,27613,21.093000000008033,276122411,0,100,0.0,8.0,200.0,169.0,7,0
2372802115,3,27614,21.093000000008033,276132411,0,100,0.0,8.0,200.0,169.0,7,0
2372802115,3,27615,21.093000000008033,276142411,0,100,0.0,8.0,200.0,169.0,7,0
2372802115,3,27616,21.093000000008033,276152411,0,100,0.0,8.0,200.0,169.0,7,0
2372802115,3,27617,21.093000000008033,276162411,0,100,0.0,8.0,200.0,169.0,7,0
2372802115,3,27618,21.093000000008033,276172411,0,100,0.0,8.0,200.0,169.0,7,0
2372802115,3,27619,21.093000000008033,276182411,0,100,0.0,8.0,200.0,169.0,7,0
2372802115,3,27620,21.093000000008033,276192411,0,100,0.0,8.0,200.0,169.0,7,0
2372802115,3,27621,21.093000000008033,276202411,0,100,0.0,8.0,200.0,169.0,7,0
2372802115,3,27622,21.093000000008033,276212411,0,100,0.0,8.0,200.0,169.0,7,0
2372802115,3,27623,21.093000000008033,276222411,0,100,0.0,8.0,200.0,169.0,7,0
2372802115,3,27624,21.093000000008033,276232411,0,100,0.0,8.0,200.0,169.0,7,0
2372802115,3,27625,21.093000000008033,276242411,0,100,0.0,8.0,200.0,169.0,7,0
2372802115,3,27626,21.093000000008033,276252411,0,100,0.0,8.0,200.0,169.0,7,0
2372802115,3,27627,21.093000000008033,276262411,0,100,0.0,8.0,200.0,169.0,7,0
2372802115,3,27628,21.093000000008033,276272411,0,100,0.0,8.0,200.0,169.0,7,0
2372802115,3,27629,21.093000000008033,276282411,0,100,0.0,8.0,200.0,169.0,7,0
2372802115,3,27630,21.093000000008033,276292411,0,100,0.0,8.0,200.0,169.0,7,0
2372802115,3,27631,21.093000000008033,276302411,0,100,0.0,8.0,200.0,169.0,7,0
2372802115,3,27632,21.093000000008033,276312411,0,100,0.0,8.0,200.0,169.0,7,0
2372802115,3,27633,21.093000000008033,276322411,0,100,0.0,8.0,200.0,169.0,7,0
2372802115,3,27634,21.093000000008033,276332411,0,100,0.0,8.0,200.0,169.0,7,0
2372802115,3,27635,21.093000000008033,276342411,0,100,0.0,8.0,200.0,169.0,7,0
2372802115,3,27636,21.093000000008033,276352411,0,100,0.0,8.0,200.0,169.0,7,0
2372802115,3,27637,21.093000000008033,276362411,0,100,0.0,8.0,200.0,169.0,7,0
2372802115,3,27638,21.093000000008033,276372411,0,100,0.0,8.0,200.0,169.0,7,0
2372802115,3,27639,21.093000000008033,276382411,0,100,0.0,8.0,200.0,169.0,7,0
2372802115,3,27640,21.093000000008033,276392411,0,100,0.0,8.0,200.0,169.0,7,0
2372802115,3,27641,21.093000000008033,276402411,0,100,0.0,8.0,200.0,169.0,7,0
2372802115,3,27642,21.093000000008033,276412411,0,100,0.0,8.0,200.0,169.0,7,0
2372802115,3,27643,21.093000000008033,276422411,0,100,0.0,8.0,200.0,169.0,7,0
2372802115,3,27644,21.093000000008033,276432411,0,100,0.0,8.0,200.0,169.0,7,0
2372802115,3,27645,21.234000000011292,276442411,0,100,0.0,8.0,200.0,169.0,7,0
2372802115,3,27646,21.234000000011292,276452411,0,100,0.0,8.0,200.0,169.0,7,0
2372802115,3,27647,21.234000000011292,276462411,0,100,0.0,8.0,200.0,169.0,7,0
2372802115,3,27648,21.234000000011292,276472411,0,100,0.0,8.0,200.0,169.0,7,0
2372802115,3,27649,21.234000000011292,276482411,0,100,0.0,8.0,200.0,169.0,7,0
2372802115,3,27650,21.234000000011292,276492411,0,100,0.0,8.0,200.0,169.0,7,0
2372802115,3,27651,21.234000000011292,276502411,0,100,0.0,8.0,200.0,169.0,7,0
2372802115,3,27652,21.234000000011292,276512411,0,100,0.0,8.0,200.0,169.0,7,0
2372802115,3,27653,21.234000000011292,276522411,0,100,0.0,8.0,200.0,169.0,7,0
2372802115,3,27654,21.234000000011292,276532411,0,100,0.0,8.0,200.0,169.0,7,0
2372802115,3,27655,21.234000000011292,276542411,0,100,0.0,8.0,200.0,169.0,7,0
2372802115,3,27656,21.234000000011292,276552411,0,100,0.0,8.0,200.0,169.0,7,0
2372802115,3,27657,21.234000000011292,276562411,0,100,0.0,8.0,200.0,169.0,7,0
2372802115,3,27658,21.234000000011292,276572411,0,100,0.0,8.0,200.0,169.0,7,0
2372802115,3,27659,21.234000000011292,276582411,0,100,0.0,8.0,200.0,169.0,7,0
2372802115,3,27660,21.234000000011292,276592411,0,100,0.0,8.0,200.0,169.0,7,0
2372802115,3,27661,21.75,276602411,0,100,0.0,8.0,200.0,169.0,7,0
2372802115,3,27662,21.75,276612411,0,100,0.0,8.0,200.0,169.0,7,0
2372802115,3,27663,21.75,276622411,0,100,0.0,8.0,200.0,169.0,7,0
2372802115,3,27664,21.75,276632411,0,100,0.0,8.0,200.0,169.0,7,0
2372802115,3,27665,21.75,276642411,0,100,0.0,8.0,200.0,169.0,7,0
2372802115,3,27666,21.75,276652411,0,100,0.0,8.0,200.0,169.0,7,0
2372802115,3,27667,21.75,276662411,0,100,0.0,8.0,200.0,169.0,7,0
2372802115,3,27668,21.75,276672411,0,100,0.0,8.0,200.0,169.0,7,0
2372802115,3,27669,21.75,276682411,0,100,0.0,8.0,200.0,169.0,7,0
2372802115,3,27670,21.75,276692411,0,100,0.0,8.0,200.0,169.0,7,0
2372802115,3,27671,21.75,276702411,0,100,0.0,8.0,200.0,169.0,7,0
2372802115,3,27672,21.75,276712411,0,100,0.0,8.0,200.0,169.0,7,0
2372802115,3,27673,21.75,276722411,0,100,0.0,8.0,200.0,169.0,7,0
2372802115,3,27674,21.75,276732411,0,100,0.0,8.0,200.0,169.0,7,0
2372802115,3,27675,21.75,276742411,0,100,0.0,8.0,200.0,169.0,7,0
2372802115,3,27676,21.75,276752411,0,100,0.0,8.0,200.0,169.0,7,0
2372802115,3,27677,21.75,276762411,0,100,0.0,8.0,200.0,169.0,7,0
2372802115,3,27678,21.75,276772411,0,100,0.0,8.0,200.0,169.0,7,0
2372802115,3,27679,21.75,276782411,0,100,0.0,8.0,200.0,169.0,7,0
2372802115,3,27680,21.75,276792411,0,100,0.0,8.0,200.0,169.0,7,0
2372802115,3,27681,21.75,276802411,0,100,0.0,8.0,200.0,169.0,7,0
2372802115,3,27682,21.75,276812411,0,100,0.0,8.0,200.0,169.0,7,0
2372802115,3,27683,21.75,276822411,0,100,0.0,8.0,200.0,169.0,7,0
2372802115,3,27684,21.75,276832411,0,100,0.0,8.0,200.0,169.0,7,0
2372802115,3,27685,21.75,276842411,0,100,0.0,8.0,200.0,169.0,7,0
2372802115,3,27686,21.75,276852411,0,100,0.0,8.0,200.0,169.0,7,0
2372802115,3,27687,21.75,276862411,0,100,0.0,8.0,200.0,169.0,7,0
2372802115,3,27688,21.75,276872411,0,100,0.0,8.0,200.0,169.0,7,0
2372802115,3,27689,21.75,276882411,0,100,0.0,8.0,200.0,169.0,7,0
2372802115,3,27690,21.75,276892411,0,100,0.0,8.0,200.0,169.0,7,0
2372802115,3,27691,21.75,276902411,0,100,0.0,8.0,200.0,169.0,7,0
2372802115,3,27692,21.75,276912411,0,100,0.0,8.0,200.0,169.0,7,0
2372802115,3,27693,21.75,276922411,0,100,0.0,8.0,200.0,169.0,7,0
2372802115,3,27694,21.75,276932411,0,100,0.0,8.0,200.0,169.0,7,0
2372802115,3,27695,21.75,276942411,0,100,0.0,8.0,200.0,169.0,7,0
2372802115,3,27696,21.75,276952411,0,100,0.0,8.0,200.0,169.0,7,0
2372802115,3,27697,21.75,276962411,0,100,0.0,8.0,200.0,169.0,7,0
2372802115,3,27698,21.75,276972411,0,100,0.0,8.0,200.0,169.0,7,0
2372802115,3,27699,21.75,276982411,0,100,0.0,8.0,200.0,169.0,7,0
2372802115,3,27700,21.75,276992411,0,100,0.0,8.0,200.0,169.0,7,0
2372802115,3,27701,21.75,277002411,0,100,0.0,8.0,200.0,169.0,7,0
2372802115,3,27702,21.75,277012411,0,100,0.0,8.0,200.0,169.0,7,0
2372802115,3,27703,21.75,277022411,0,100,0.0,8.0,200.0,169.0,7,0
2372802115,3,27704,21.75,277032411,0,100,0.0,8.0,200.0,169.0,7,0
2372802115,3,27705,21.75,277042411,0,100,0.0,8.0,200.0,169.0,7,0
2372802115,3,27706,21.75,277052411,0,100,0.0,8.0,200.0,169.0,7,0
2372802115,3,27707,21.75,277062411,0,100,0.0,8.0,200.0,169.0,7,0
2372802115,3,27708,21.75,277072411,0,100,0.0,8.0,200.0,169.0,7,0
2372802115,3,27709,22.0,277082411,0,100,0.0,8.0,200.0,169.0,7,0
2372802115,3,27710,22.0,277092411,0,100,0.0,8.0,200.0,169.0,7,0
2372802115,3,27711,22.0,277102411,0,100,0.0,8.0,200.0,169.0,7,0
2372802115,3,27712,22.0,277112411,0,100,0.0,8.0,200.0,169.0,7,0
2372802115,3,27713,22.0,277122411,0,100,0.0,8.0,200.0,169.0,7,0
2372802115,3,27714,22.0,277132411,0,100,0.0,8.0,200.0,169.0,7,0
2372802115,3,27715,22.0,277142411,0,100,0.0,8.0,200.0,169.0,7,0
2372802115,3,27716,22.0,277152411,0,100,0.0,8.0,200.0,169.0,7,0
2372802115,3,27717,22.0,277162411,0,100,0.0,8.0,200.0,169.0,7,0
2372802115,3,27718,22.0,277172411,0,100,0.0,8.0,200.0,169.0,7,0
2372802115,3,27719,22.0,277182411,0,100,0.0,8.0,200.0,169.0,7,0
2372802115,3,27720,22.0,277192411,0,100,0.0,8.0,200.0,169.0,7,0
2372802115,3,27721,22.0,277202411,0,100,0.0,8.0,200.0,169.0,7,0
2372802115,3,27722,22.0,277212411,0,100,0.0,8.0,200.0,169.0,7,0
2372802115,3,27723,22.0,277222411,0,100,0.0,8.0,200.0,169.0,7,0
2372802115,3,27724,22.0,277232411,0,100,0.0,8.0,200.0,169.0,7,0
2372802115,3,27725,22.0,277242411,0,100,0.0,8.0,200.0,169.0,7,0
2372802115,3,27726,22.0,277252411,0,100,0.0,8.0,200.0,169.0,7,0
2372802115,3,27727,22.0,277262411,0,100,0.0,8.0,200.0,169.0,7,0
2372802115,3,27728,22.0,277272411,0,100,0.0,8.0,200.0,169.0,7,0
2372802115,3,27729,22.0,277282411,0,100,0.0,8.0,200.0,169.0,7,0
2372802115,3,27730,22.0,277292411,0,100,0.0,8.0,200.0,169.0,7,0
2372802115,3,27731,22.0,277302411,0,100,0.0,8.0,200.0,169.0,7,0
2372802115,3,27732,22.0,277312411,0,100,0.0,8.0,200.0,169.0,7,0
2372802115,3,27733,22.078000000008615,277322411,0,100,0.0,8.0,200.0,169.0,7,0
2372802115,3,27734,22.078000000008615,277332411,0,100,0.0,8.0,200.0,169.0,7,0
2372802115,3,27735,22.078000000008615,277342411,0,100,0.0,8.0,200.0,169.0,7,0
2372802115,3,27736,22.078000000008615,277352411,0,100,0.0,8.0,200.0,169.0,7,0
2372802115,3,27737,22.078000000008615,277362411,0,100,0.0,8.0,200.0,169.0,7,0
2372802115,3,27738,22.078000000008615,277372411,0,100,0.0,8.0,200.0,169.0,7,0
2372802115,3,27739,22.078000000008615,277382411,0,100,0.0,8.0,200.0,169.0,7,0
2372802115,3,27740,22.078000000008615,277392411,0,100,0.0,8.0,200.0,169.0,7,0
2372802115,3,27741,22.547000000005937,277402411,0,100,0.0,8.0,200.0,169.0,7,0
2372802115,3,27742,22.547000000005937,277412411,0,100,0.0,8.0,200.0,169.0,7,0
2372802115,3,27743,22.547000000005937,277422411,0,100,0.0,8.0,200.0,169.0,7,0
2372802115,3,27744,22.547000000005937,277432411,0,100,0.0,8.0,200.0,169.0,7,0
2372802115,3,27745,22.547000000005937,277442411,0,100,0.0,8.0,200.0,169.0,7,0
2372802115,3,27746,22.547000000005937,277452411,0,100,0.0,8.0,200.0,169.0,7,0
2372802115,3,27747,22.547000000005937,277462411,0,100,0.0,8.0,200.0,169.0,7,0
2372802115,3,27748,22.547000000005937,277472411,0,100,0.0,8.0,200.0,169.0,7,0
2372802115,3,27749,22.547000000005937,277482411,0,100,0.0,8.0,200.0,169.0,7,0
2372802115,3,27750,22.547000000005937,277492411,0,100,0.0,8.0,200.0,169.0,7,0
2372802115,3,27751,22.547000000005937,277502411,0,100,0.0,8.0,200.0,169.0,7,0
2372802115,3,27752,22.547000000005937,277512411,0,100,0.0,8.0,200.0,169.0,7,0
2372802115,3,27753,22.547000000005937,277522411,0,100,0.0,8.0,200.0,169.0,7,0
2372802115,3,27754,22.547000000005937,277532411,0,100,0.0,8.0,200.0,169.0,7,0
2372802115,3,27755,22.547000000005937,277542411,0,100,0.0,8.0,200.0,169.0,7,0
2372802115,3,27756,22.547000000005937,277552411,0,100,0.0,8.0,200.0,169.0,7,0
2372802115,3,27757,22.547000000005937,277562411,0,100,0.0,8.0,200.0,169.0,7,0
2372802115,3,27758,22.547000000005937,277572411,0,100,0.0,8.0,200.0,169.0,7,0
2372802115,3,27759,22.547000000005937,277582411,0,100,0.0,8.0,200.0,169.0,7,0
2372802115,3,27760,22.547000000005937,277592411,0,100,0.0,8.0,200.0,169.0,7,0
2372802115,3,27761,22.547000000005937,277602411,0,100,0.0,8.0,200.0,169.0,7,0
2372802115,3,27762,22.547000000005937,277612411,0,100,0.0,8.0,200.0,169.0,7,0
2372802115,3,27763,22.547000000005937,277622411,0,100,0.0,8.0,200.0,169.0,7,0
2372802115,3,27764,22.547000000005937,277632411,0,100,0.0,8.0,200.0,169.0,7,0
2372802115,3,27765,22.547000000005937,277642411,0,100,0.0,8.0,200.0,169.0,7,0
2372802115,3,27766,22.547000000005937,277652411,0,100,0.0,8.0,200.0,169.0,7,0
2372802115,3,27767,22.547000000005937,277662411,0,100,0.0,8.0,200.0,169.0,7,0
2372802115,3,27768,22.547000000005937,277672411,0,100,0.0,8.0,200.0,169.0,7,0
2372802115,3,27769,22.547000000005937,277682411,0,100,0.0,8.0,200.0,169.0,7,0
2372802115,3,27770,22.547000000005937,277692411,0,100,0.0,8.0,200.0,169.0,7,0
2372802115,3,27771,22.547000000005937,277702411,0,100,0.0,8.0,200.0,169.0,7,0
2372802115,3,27772,22.547000000005937,277712411,0,100,0.0,8.0,200.0,169.0,7,0
2372802115,3,27773,22.547000000005937,277722411,0,100,0.0,8.0,200.0,169.0,7,0
2372802115,3,27774,22.547000000005937,277732411,0,100,0.0,8.0,200.0,169.0,7,0
2372802115,3,27775,22.547000000005937,277742411,0,100,0.0,8.0,200.0,169.0,7,0
2372802115,3,27776,22.547000000005937,277752411,0,100,0.0,8.0,200.0,169.0,7,0
2372802115,3,27777,22.547000000005937,277762411,0,100,0.0,8.0,200.0,169.0,7,0
2372802115,3,27778,22.547000000005937,277772411,0,100,0.0,8.0,200.0,169.0,7,0
2372802115,3,27779,22.547000000005937,277782411,0,100,0.0,8.0,200.0,169.0,7,0
2372802115,3,27780,22.547000000005937,277792411,0,100,0.0,8.0,200.0,169.0,7,0
2372802115,3,27781,22.547000000005937,277802411,0,100,0.0,8.0,200.0,169.0,7,0
2372802115,3,27782,22.547000000005937,277812411,0,100,0.0,8.0,200.0,169.0,7,0
2372802115,3,27783,22.547000000005937,277822411,0,100,0.0,8.0,200.0,169.0,7,0
2372802115,3,27784,22.547000000005937,277832411,0,100,0.0,8.0,200.0,169.0,7,0
2372802115,3,27785,22.547000000005937,277842411,0,100,0.0,8.0,200.0,169.0,7,0
2372802115,3,27786,22.547000000005937,277852411,0,100,0.0,8.0,200.0,169.0,7,0
2372802115,3,27787,22.547000000005937,277862411,0,100,0.0,8.0,200.0,169.0,7,0
2372802115,3,27788,22.547000000005937,277872411,0,100,0.0,8.0,200.0,169.0,7,0
2372802115,3,27789,22.547000000005937,277882411,0,100,0.0,8.0,200.0,169.0,7,0
2372802115,3,27790,22.547000000005937,277892411,0,100,0.0,8.0,200.0,169.0,7,0
2372802115,3,27791,22.547000000005937,277902411,0,100,0.0,8.0,200.0,169.0,7,0
2372802115,3,27792,22.547000000005937,277912411,0,100,0.0,8.0,200.0,169.0,7,0
2372802115,3,27793,22.547000000005937,277922411,0,100,0.0,8.0,200.0,169.0,7,0
2372802115,3,27794,22.547000000005937,277932411,0,100,0.0,8.0,200.0,169.0,7,0
2372802115,3,27795,22.547000000005937,277942411,0,100,0.0,8.0,200.0,169.0,7,0
2372802115,3,27796,22.547000000005937,277952411,0,100,0.0,8.0,200.0,169.0,7,0
2372802115,3,27797,23.125,277962411,0,100,0.0,8.0,200.0,169.0,7,0
2372802115,3,27798,23.125,277972411,0,100,0.0,8.0,200.0,169.0,7,0
2372802115,3,27799,23.125,277982411,0,100,0.0,8.0,200.0,169.0,7,0
2372802115,3,27800,23.125,277992411,0,100,0.0,8.0,200.0,169.0,7,0
2372802115,3,27801,23.125,278002411,0,100,0.0,8.0,200.0,169.0,7,0
2372802115,3,27802,23.125,278012411,0,100,0.0,8.0,200.0,169.0,7,0
2372802115,3,27803,23.125,278022411,0,100,0.0,8.0,200.0,169.0,7,0
2372802115,3,27804,23.125,278032411,0,100,0.0,8.0,200.0,169.0,7,0
2372802115,3,27805,23.125,278042411,0,100,0.0,8.0,200.0,169.0,7,0
2372802115,3,27806,23.125,278052411,0,100,0.0,8.0,200.0,169.0,7,0
2372802115,3,27807,23.125,278062411,0,100,0.0,8.0,200.0,169.0,7,0
2372802115,3,27808,23.125,278072411,0,100,0.0,8.0,200.0,169.0,7,0
2372802115,3,27809,23.125,278082411,0,100,0.0,8.0,200.0,169.0,7,0
2372802115,3,27810,23.125,278092411,0,100,0.0,8.0,200.0,169.0,7,0
2372802115,3,27811,23.125,278102411,0,100,0.0,8.0,200.0,169.0,7,0
2372802115,3,27812,23.125,278112411,0,100,0.0,8.0,200.0,169.0,7,0
2372802115,3,27813,23.125,278122411,0,100,0.0,8.0,200.0,169.0,7,0
2372802115,3,27814,23.125,278132411,0,100,0.0,8.0,200.0,169.0,7,0
2372802115,3,27815,23.125,278142411,0,100,0.0,8.0,200.0,169.0,7,0
2372802115,3,27816,23.125,278152411,0,100,0.0,8.0,200.0,169.0,7,0
2372802115,3,27817,23.125,278162411,0,100,0.0,8.0,200.0,169.0,7,0
2372802115,3,27818,23.125,278172411,0,100,0.0,8.0,200.0,169.0,7,0
2372802115,3,27819,23.125,278182411,0,100,0.0,8.0,200.0,169.0,7,0
2372802115,3,27820,23.125,278192411,0,100,0.0,8.0,200.0,169.0,7,0
2372802115,3,27821,23.125,278202411,0,100,0.0,8.0,200.0,169.0,7,0
2372802115,3,27822,23.125,278212411,0,100,0.0,8.0,200.0,169.0,7,0
2372802115,3,27823,23.125,278222411,0,100,0.0,8.0,200.0,169.0,7,0
2372802115,3,27824,23.125,278232411,0,100,0.0,8.0,200.0,169.0,7,0
2372802115,3,27825,23.125,278242411,0,100,0.0,8.0,200.0,169.0,7,0
2372802115,3,27826,23.125,278252411,0,100,0.0,8.0,200.0,169.0,7,0
2372802115,3,27827,23.125,278262411,0,100,0.0,8.0,200.0,169.0,7,0
2372802115,3,27828,23.125,278272411,0,100,0.0,8.0,200.0,169.0,7,0
2372802115,3,27829,23.125,278282411,0,100,0.0,8.0,200.0,169.0,7,0
2372802115,3,27830,23.125,278292411,0,100,0.0,8.0,200.0,169.0,7,0
2372802115,3,27831,23.125,278302411,0,100,0.0,8.0,200.0,169.0,7,0
2372802115,3,27832,23.125,278312411,0,100,0.0,8.0,200.0,169.0,7,0
2372802115,3,27833,23.125,278322411,0,100,0.0,8.0,200.0,169.0,7,0
2372802115,3,27834,23.125,278332411,0,100,0.0,8.0,200.0,169.0,7,0
2372802115,3,27835,23.125,278342411,0,100,0.0,8.0,200.0,169.0,7,0
2372802115,3,27836,23.125,278352411,0,100,0.0,8.0,200.0,169.0,7,0
2372802115,3,27837,23.125,278362411,0,100,0.0,8.0,200.0,169.0,7,0
2372802115,3,27838,23.125,278372411,0,100,0.0,8.0,200.0,169.0,7,0
2372802115,3,27839,23.125,278382411,0,100,0.0,8.0,200.0,169.0,7,0
2372802115,3,27840,23.125,278392411,0,100,0.0,8.0,200.0,169.0,7,0
2372802115,3,27841,23.125,278402411,0,100,0.0,8.0,200.0,169.0,7,0
2372802115,3,27842,23.125,278412411,0,100,0.0,8.0,200.0,169.0,7,0
2372802115,3,27843,23.125,278422411,0,100,0.0,8.0,200.0,169.0,7,0
2372802115,3,27844,23.125,278432411,0,100,0.0,8.0,200.0,169.0,7,0
2372802115,3,27845,23.125,278442411,0,100,0.0,8.0,200.0,169.0,7,0
2372802115,3,27846,23.125,278452411,0,100,0.0,8.0,200.0,169.0,7,0
2372802115,3,27847,23.125,278462411,0,100,0.0,8.0,200.0,169.0,7,0
2372802115,3,27848,23.125,278472411,0,100,0.0,8.0,200.0,169.0,7,0
2372802115,3,27849,23.125,278482411,0,100,0.0,8.0,200.0,169.0,7,0
2372802115,3,27850,23.125,278492411,0,100,0.0,8.0,200.0,169.0,7,0
2372802115,3,27851,23.125,278502411,0,100,0.0,8.0,200.0,169.0,7,0
2372802115,3,27852,23.125,278512411,0,100,0.0,8.0,200.0,169.0,7,0
2372802115,3,27853,23.593000000008033,278522411,0,100,0.0,8.0,200.0,169.0,7,0
2372802115,3,27854,23.593000000008033,278532411,0,100,0.0,8.0,200.0,169.0,7,0
2372802115,3,27855,23.593000000008033,278542411,0,100,0.0,8.0,200.0,169.0,7,0
2372802115,3,27856,23.593000000008033,278552411,0,100,0.0,8.0,200.0,169.0,7,0
2372802115,3,27857,23.593000000008033,278562411,0,100,0.0,8.0,200.0,169.0,7,0
2372802115,3,27858,23.593000000008033,278572411,0,100,0.0,8.0,200.0,169.0,7,0
2372802115,3,27859,23.593000000008033,278582411,0,100,0.0,8.0,200.0,169.0,7,0
2372802115,3,27860,23.593000000008033,278592411,0,100,0.0,8.0,200.0,169.0,7,0
2372802115,3,27861,23.593000000008033,278602411,0,100,0.0,8.0,200.0,169.0,7,0
2372802115,3,27862,23.593000000008033,278612411,0,100,0.0,8.0,200.0,169.0,7,0
2372802115,3,27863,23.593000000008033,278622411,0,100,0.0,8.0,200.0,169.0,7,0
2372802115,3,27864,23.593000000008033,278632411,0,100,0.0,8.0,200.0,169.0,7,0
2372802115,3,27865,23.593000000008033,278642411,0,100,0.0,8.0,200.0,169.0,7,0
2372802115,3,27866,23.593000000008033,278652411,0,100,0.0,8.0,200.0,169.0,7,0
2372802115,3,27867,23.593000000008033,278662411,0,100,0.0,8.0,200.0,169.0,7,0
2372802115,3,27868,23.593000000008033,278672411,0,100,0.0,8.0,200.0,169.0,7,0
2372802115,3,27869,23.593000000008033,278682411,0,100,0.0,8.0,200.0,169.0,7,0
2372802115,3,27870,23.593000000008033,278692411,0,100,0.0,8.0,200.0,169.0,7,0
2372802115,3,27871,23.593000000008033,278702411,0,100,0.0,8.0,200.0,169.0,7,0
2372802115,3,27872,23.593000000008033,278712411,0,100,0.0,8.0,200.0,169.0,7,0
2372802115,3,27873,23.593000000008033,278722411,0,100,0.0,8.0,200.0,169.0,7,0
2372802115,3,27874,23.593000000008033,278732411,0,100,0.0,8.0,200.0,169.0,7,0
2372802115,3,27875,23.593000000008033,278742411,0,100,0.0,8.0,200.0,169.0,7,0
2372802115,3,27876,23.593000000008033,278752411,0,100,0.0,8.0,200.0,169.0,7,0
2372802115,3,27877,23.593000000008033,278762411,0,100,0.0,8.0,200.0,169.0,7,0
2372802115,3,27878,23.593000000008033,278772411,0,100,0.0,8.0,200.0,169.0,7,0
2372802115,3,27879,23.593000000008033,278782411,0,100,0.0,8.0,200.0,169.0,7,0
2372802115,3,27880,23.593000000008033,278792411,0,100,0.0,8.0,200.0,169.0,7,0
2372802115,3,27881,23.593000000008033,278802411,0,100,0.0,8.0,200.0,169.0,7,0
2372802115,3,27882,23.593000000008033,278812411,0,100,0.0,8.0,200.0,169.0,7,0
2372802115,3,27883,23.593000000008033,278822411,0,100,0.0,8.0,200.0,169.0,7,0
2372802115,3,27884,23.593000000008033,278832411,0,100,0.0,8.0,200.0,169.0,7,0
2372802115,3,27885,23.593000000008033,278842411,0,100,0.0,8.0,200.0,169.0,7,0
2372802115,3,27886,23.593000000008033,278852411,0,100,0.0,8.0,200.0,169.0,7,0
2372802115,3,27887,23.593000000008033,278862411,0,100,0.0,8.0,200.0,169.0,7,0
2372802115,3,27888,23.593000000008033,278872411,0,100,0.0,8.0,200.0,169.0,7,0
2372802115,3,27889,23.593000000008033,278882411,0,100,0.0,8.0,200.0,169.0,7,0
2372802115,3,27890,23.593000000008033,278892411,0,100,0.0,8.0,200.0,169.0,7,0
2372802115,3,27891,23.593000000008033,278902411,0,100,0.0,8.0,200.0,169.0,7,0
2372802115,3,27892,23.593000000008033,278912411,0,100,0.0,8.0,200.0,169.0,7,0
2372802115,3,27893,24.125,278922411,0,100,0.0,8.0,200.0,169.0,7,0
2372802115,3,27894,24.125,278932411,0,100,0.0,8.0,200.0,169.0,7,0
2372802115,3,27895,24.125,278942411,0,100,0.0,8.0,200.0,169.0,7,0
2372802115,3,27896,24.125,278952411,0,100,0.0,8.0,200.0,169.0,7,0
2372802115,3,27897,24.125,278962411,0,100,0.0,8.0,200.0,169.0,7,0
2372802115,3,27898,24.125,278972411,0,100,0.0,8.0,200.0,169.0,7,0
2372802115,3,27899,24.125,278982411,0,100,0.0,8.0,200.0,169.0,7,0
2372802115,3,27900,24.125,278992411,0,100,0.0,8.0,200.0,169.0,7,0
2372802115,3,27901,24.125,279002411,0,100,0.0,8.0,200.0,169.0,7,0
2372802115,3,27902,24.125,279012411,0,100,0.0,8.0,200.0,169.0,7,0
2372802115,3,27903,24.125,279022411,0,100,0.0,8.0,200.0,169.0,7,0
2372802115,3,27904,24.125,279032411,0,100,0.0,8.0,200.0,169.0,7,0
2372802115,3,27905,24.125,279042411,0,100,0.0,8.0,200.0,169.0,7,0
2372802115,3,27906,24.125,279052411,0,100,0.0,8.0,200.0,169.0,7,0
2372802115,3,27907,24.125,279062411,0,100,0.0,8.0,200.0,169.0,7,0
2372802115,3,27908,24.125,279072411,0,100,0.0,8.0,200.0,169.0,7,0
2372802115,3,27909,24.125,279082411,0,100,0.0,8.0,200.0,169.0,7,0
2372802115,3,27910,24.125,279092412,0,100,0.0,8.0,200.0,169.0,7,0
2372802115,3,27911,24.125,279102411,0,100,0.0,8.0,200.0,169.0,7,0
2372802115,3,27912,24.125,279112411,0,100,0.0,8.0,200.0,169.0,7,0
2372802115,3,27913,24.125,279122411,0,100,0.0,8.0,200.0,169.0,7,0
2372802115,3,27914,24.125,279132411,0,100,0.0,8.0,200.0,169.0,7,0
2372802115,3,27915,24.125,279142411,0,100,0.0,8.0,200.0,169.0,7,0
2372802115,3,27916,24.125,279152411,0,100,0.0,8.0,200.0,169.0,7,0
2372802115,3,27917,24.125,279162411,0,100,0.0,8.0,200.0,169.0,7,0
2372802115,3,27918,24.125,279172411,0,100,0.0,8.0,200.0,169.0,7,0
2372802115,3,27919,24.125,279182411,0,100,0.0,8.0,200.0,169.0,7,0
2372802115,3,27920,24.125,279192411,0,100,0.0,8.0,200.0,169.0,7,0
2372802115,3,27921,24.125,279202411,0,100,0.0,8.0,200.0,169.0,7,0
2372802115,3,27922,24.125,279212411,0,100,0.0,8.0,200.0,169.0,7,0
2372802115,3,27923,24.125,279222411,0,100,0.0,8.0,200.0,169.0,7,0
2372802115,3,27924,24.125,279232411,0,100,0.0,8.0,200.0,169.0,7,0
2372802115,3,27925,24.125,279242411,0,100,0.0,8.0,200.0,169.0,7,0
2372802115,3,27926,24.125,279252411,0,100,0.0,8.0,200.0,169.0,7,0
2372802115,3,27927,24.125,279262411,0,100,0.0,8.0,200.0,169.0,7,0
2372802115,3,27928,24.125,279272411,0,100,0.0,8.0,200.0,169.0,7,0
2372802115,3,27929,24.125,279282411,0,100,0.0,8.0,200.0,169.0,7,0
2372802115,3,27930,24.125,279292411,0,100,0.0,8.0,200.0,169.0,7,0
2372802115,3,27931,24.125,279302411,0,100,0.0,8.0,200.0,169.0,7,0
2372802115,3,27932,24.125,279312411,0,100,0.0,8.0,200.0,169.0,7,0
2372802115,3,27933,24.125,279322411,0,100,0.0,8.0,200.0,169.0,7,0
2372802115,3,27934,24.125,279332411,0,100,0.0,8.0,200.0,169.0,7,0
2372802115,3,27935,24.125,279342411,0,100,0.0,8.0,200.0,169.0,7,0
2372802115,3,27936,24.125,279352411,0,100,0.0,8.0,200.0,169.0,7,0
2372802115,3,27937,24.125,279362411,0,100,0.0,8.0,200.0,169.0,7,0
2372802115,3,27938,24.125,279372411,0,100,0.0,8.0,200.0,169.0,7,0
2372802115,3,27939,24.125,279382411,0,100,0.0,8.0,200.0,169.0,7,0
2372802115,3,27940,24.125,279392411,0,100,0.0,8.0,200.0,169.0,7,0
2372802115,3,27941,24.125,279402411,0,100,0.0,8.0,200.0,169.0,7,0
2372802115,3,27942,24.125,279412411,0,100,0.0,8.0,200.0,169.0,7,0
2372802115,3,27943,24.125,279422411,0,100,0.0,8.0,200.0,169.0,7,0
2372802115,3,27944,24.125,279432411,0,100,0.0,8.0,200.0,169.0,7,0
2372802115,3,27945,24.125,279442411,0,100,0.0,8.0,200.0,169.0,7,0
2372802115,3,27946,24.125,279452411,0,100,0.0,8.0,200.0,169.0,7,0
2372802115,3,27947,24.125,279462411,0,100,0.0,8.0,200.0,169.0,7,0
2372802115,3,27948,24.125,279472411,0,100,0.0,8.0,200.0,169.0,7,0
2372802115,3,27949,24.125,279482411,0,100,0.0,8.0,200.0,169.0,7,0
2372802115,3,27950,24.125,279492411,0,100,0.0,8.0,200.0,169.0,7,0
2372802115,3,27951,24.125,279502411,0,100,0.0,8.0,200.0,169.0,7,0
2372802115,3,27952,24.125,279512411,0,100,0.0,8.0,200.0,169.0,7,0
2372802115,3,27953,24.125,279522411,0,100,0.0,8.0,200.0,169.0,7,0
2372802115,3,27954,24.125,279532411,0,100,0.0,8.0,200.0,169.0,7,0
2372802115,3,27955,24.125,279542411,0,100,0.0,8.0,200.0,169.0,7,0
2372802115,3,27956,24.125,279552411,0,100,0.0,8.0,200.0,169.0,7,0
2372802115,3,27957,24.264999999999418,279562411,0,100,0.0,8.0,200.0,169.0,7,0
2372802115,3,27958,24.264999999999418,279572411,0,100,0.0,8.0,200.0,169.0,7,0
2372802115,3,27959,24.264999999999418,279582411,0,100,0.0,8.0,200.0,169.0,7,0
2372802115,3,27960,24.264999999999418,279592411,0,100,0.0,8.0,200.0,169.0,7,0
2372802115,3,27961,24.264999999999418,279602411,0,100,0.0,8.0,200.0,169.0,7,0
2372802115,3,27962,24.264999999999418,279612411,0,100,0.0,8.0,200.0,169.0,7,0
2372802115,3,27963,24.264999999999418,279622411,0,100,0.0,8.0,200.0,169.0,7,0
2372802115,3,27964,24.264999999999418,279632411,0,100,0.0,8.0,200.0,169.0,7,0
2372802115,3,27965,24.797000000005937,279642411,0,100,0.0,8.0,200.0,169.0,7,0
2372802115,3,27966,24.797000000005937,279652411,0,100,0.0,8.0,200.0,169.0,7,0
2372802115,3,27967,24.797000000005937,279662411,0,100,0.0,8.0,200.0,169.0,7,0
2372802115,3,27968,24.797000000005937,279672411,0,100,0.0,8.0,200.0,169.0,7,0
2372802115,3,27969,24.797000000005937,279682411,0,100,0.0,8.0,200.0,169.0,7,0
2372802115,3,27970,24.797000000005937,279692411,0,100,0.0,8.0,200.0,169.0,7,0
2372802115,3,27971,24.797000000005937,279702411,0,100,0.0,8.0,200.0,169.0,7,0
2372802115,3,27972,24.797000000005937,279712411,0,100,0.0,8.0,200.0,169.0,7,0
2372802115,3,27973,24.797000000005937,279722411,0,100,0.0,8.0,200.0,169.0,7,0
2372802115,3,27974,24.797000000005937,279732411,0,100,0.0,8.0,200.0,169.0,7,0
2372802115,3,27975,24.797000000005937,279742411,0,100,0.0,8.0,200.0,169.0,7,0
2372802115,3,27976,24.797000000005937,279752411,0,100,0.0,8.0,200.0,169.0,7,0
2372802115,3,27977,24.797000000005937,279762411,0,100,0.0,8.0,200.0,169.0,7,0
2372802115,3,27978,24.797000000005937,279772411,0,100,0.0,8.0,200.0,169.0,7,0
2372802115,3,27979,24.797000000005937,279782411,0,100,0.0,8.0,200.0,169.0,7,0
2372802115,3,27980,24.797000000005937,279792411,0,100,0.0,8.0,200.0,169.0,7,0
2372802115,3,27981,24.797000000005937,279802411,0,100,0.0,8.0,200.0,169.0,7,0
2372802115,3,27982,24.797000000005937,279812411,0,100,0.0,8.0,200.0,169.0,7,0
2372802115,3,27983,24.797000000005937,279822411,0,100,0.0,8.0,200.0,169.0,7,0
2372802115,3,27984,24.797000000005937,279832411,0,100,0.0,8.0,200.0,169.0,7,0
2372802115,3,27985,24.797000000005937,279842411,0,100,0.0,8.0,200.0,169.0,7,0
2372802115,3,27986,24.797000000005937,279852411,0,100,0.0,8.0,200.0,169.0,7,0
2372802115,3,27987,24.797000000005937,279862411,0,100,0.0,8.0,200.0,169.0,7,0
2372802115,3,27988,24.797000000005937,279872411,0,100,0.0,8.0,200.0,169.0,7,0
2372802115,3,27989,24.797000000005937,279882411,0,100,0.0,8.0,200.0,169.0,7,0
2372802115,3,27990,24.797000000005937,279892411,0,100,0.0,8.0,200.0,169.0,7,0
2372802115,3,27991,24.797000000005937,279902411,0,100,0.0,8.0,200.0,169.0,7,0
2372802115,3,27992,24.797000000005937,279912411,0,100,0.0,8.0,200.0,169.0,7,0
2372802115,3,27993,24.797000000005937,279922411,0,100,0.0,8.0,200.0,169.0,7,0
2372802115,3,27994,24.797000000005937,279932411,0,100,0.0,8.0,200.0,169.0,7,0
2372802115,3,27995,24.797000000005937,279942411,0,100,0.0,8.0,200.0,169.0,7,0
2372802115,3,27996,24.797000000005937,279952411,0,100,0.0,8.0,200.0,169.0,7,0
2372802115,3,27997,24.797000000005937,279962411,0,100,0.0,8.0,200.0,169.0,7,0
2372802115,3,27998,24.797000000005937,279972411,0,100,0.0,8.0,200.0,169.0,7,0
2372802115,3,27999,24.797000000005937,279982411,0,100,0.0,8.0,200.0,169.0,7,0
2372802115,3,28000,24.797000000005937,279992411,0,100,0.0,8.0,200.0,169.0,7,0
2372802115,3,28001,24.797000000005937,280002411,0,100,0.0,8.0,200.0,169.0,7,0
2372802115,3,28002,24.797000000005937,280012411,0,100,0.0,8.0,200.0,169.0,7,0
2372802115,3,28003,24.797000000005937,280022411,0,100,0.0,8.0,200.0,169.0,7,0
2372802115,3,28004,24.797000000005937,280032411,0,100,0.0,8.0,200.0,169.0,7,0
2372802115,3,28005,24.797000000005937,280042411,0,100,0.0,8.0,200.0,169.0,7,0
2372802115,3,28006,24.797000000005937,280052411,0,100,0.0,8.0,200.0,169.0,7,0
2372802115,3,28007,24.797000000005937,280062411,0,100,0.0,8.0,200.0,169.0,7,0
2372802115,3,28008,24.797000000005937,280072411,0,100,0.0,8.0,200.0,169.0,7,0
2372802115,3,28009,24.797000000005937,280082411,0,100,0.0,8.0,200.0,169.0,7,0
2372802115,3,28010,24.797000000005937,280092411,0,100,0.0,8.0,200.0,169.0,7,0
2372802115,3,28011,24.797000000005937,280102411,0,100,0.0,8.0,200.0,169.0,7,0
2372802115,3,28012,24.797000000005937,280112411,0,100,0.0,8.0,200.0,169.0,7,0
2372802115,3,28013,24.797000000005937,280122411,0,100,0.0,8.0,200.0,169.0,7,0
2372802115,3,28014,24.797000000005937,280132411,0,100,0.0,8.0,200.0,169.0,7,0
2372802115,3,28015,24.797000000005937,280142411,0,100,0.0,8.0,200.0,169.0,7,0
2372802115,3,28016,24.797000000005937,280152411,0,100,0.0,8.0,200.0,169.0,7,0
2372802115,3,28017,24.797000000005937,280162411,0,100,0.0,8.0,200.0,169.0,7,0
2372802115,3,28018,24.797000000005937,280172411,0,100,0.0,8.0,200.0,169.0,7,0
2372802115,3,28019,24.797000000005937,280182411,0,100,0.0,8.0,200.0,169.0,7,0
2372802115,3,28020,24.797000000005937,280192411,0,100,0.0,8.0,200.0,169.0,7,0
2372802115,3,28021,25.389999999999418,280202411,0,100,0.0,8.0,200.0,169.0,7,0
2372802115,3,28022,25.389999999999418,280212411,0,100,0.0,8.0,200.0,169.0,7,0
2372802115,3,28023,25.389999999999418,280222411,0,100,0.0,8.0,200.0,169.0,7,0
2372802115,3,28024,25.389999999999418,280232411,0,100,0.0,8.0,200.0,169.0,7,0
2372802115,3,28025,25.389999999999418,280242411,0,100,0.0,8.0,200.0,169.0,7,0
2372802115,3,28026,25.389999999999418,280252411,0,100,0.0,8.0,200.0,169.0,7,0
2372802115,3,28027,25.389999999999418,280262411,0,100,0.0,8.0,200.0,169.0,7,0
2372802115,3,28028,25.389999999999418,280272411,0,100,0.0,8.0,200.0,169.0,7,0
2372802115,3,28029,25.389999999999418,280282411,0,100,0.0,8.0,200.0,169.0,7,0
2372802115,3,28030,25.389999999999418,280292411,0,100,0.0,8.0,200.0,169.0,7,0
2372802115,3,28031,25.389999999999418,280302411,0,100,0.0,8.0,200.0,169.0,7,0
2372802115,3,28032,25.389999999999418,280312411,0,100,0.0,8.0,200.0,169.0,7,0
2372802115,3,28033,25.389999999999418,280322411,0,100,0.0,8.0,200.0,169.0,7,0
2372802115,3,28034,25.389999999999418,280332411,0,100,0.0,8.0,200.0,169.0,7,0
2372802115,3,28035,25.389999999999418,280342411,0,100,0.0,8.0,200.0,169.0,7,0
2372802115,3,28036,25.389999999999418,280352411,0,100,0.0,8.0,200.0,169.0,7,0
2372802115,3,28037,25.389999999999418,280362411,0,100,0.0,8.0,200.0,169.0,7,0
2372802115,3,28038,25.389999999999418,280372411,0,100,0.0,8.0,200.0,169.0,7,0
2372802115,3,28039,25.389999999999418,280382412,0,100,0.0,8.0,200.0,169.0,7,0
2372802115,3,28040,25.389999999999418,280392411,0,100,0.0,8.0,200.0,169.0,7,0
2372802115,3,28041,25.389999999999418,280402411,0,100,0.0,8.0,200.0,169.0,7,0
2372802115,3,28042,25.389999999999418,280412411,0,100,0.0,8.0,200.0,169.0,7,0
2372802115,3,28043,25.389999999999418,280422411,0,100,0.0,8.0,200.0,169.0,7,0
2372802115,3,28044,25.389999999999418,280432411,0,100,0.0,8.0,200.0,169.0,7,0
2372802115,3,28045,25.389999999999418,280442411,0,100,0.0,8.0,200.0,169.0,7,0
2372802115,3,28046,25.389999999999418,280452411,0,100,0.0,8.0,200.0,169.0,7,0
2372802115,3,28047,25.389999999999418,280462411,0,100,0.0,8.0,200.0,169.0,7,0
2372802115,3,28048,25.389999999999418,280472411,0,100,0.0,8.0,200.0,169.0,7,0
2372802115,3,28049,25.389999999999418,280482411,0,100,0.0,8.0,200.0,169.0,7,0
2372802115,3,28050,25.389999999999418,280492411,0,100,0.0,8.0,200.0,169.0,7,0
2372802115,3,28051,25.389999999999418,280502411,0,100,0.0,8.0,200.0,169.0,7,0
2372802115,3,28052,25.389999999999418,280512411,0,100,0.0,8.0,200.0,169.0,7,0
2372802115,3,28053,25.389999999999418,280522411,0,100,0.0,8.0,200.0,169.0,7,0
2372802115,3,28054,25.389999999999418,280532412,0,100,0.0,8.0,200.0,169.0,7,0
2372802115,3,28055,25.389999999999418,280542411,0,100,0.0,8.0,200.0,169.0,7,0
2372802115,3,28056,25.389999999999418,280552411,0,100,0.0,8.0,200.0,169.0,7,0
2372802115,3,28057,25.389999999999418,280562411,0,100,0.0,8.0,200.0,169.0,7,0
2372802115,3,28058,25.389999999999418,280572411,0,100,0.0,8.0,200.0,169.0,7,0
2372802115,3,28059,25.389999999999418,280582411,0,100,0.0,8.0,200.0,169.0,7,0
2372802115,3,28060,25.389999999999418,280592411,0,100,0.0,8.0,200.0,169.0,7,0
2372802115,3,28061,25.389999999999418,280602411,0,100,0.0,8.0,200.0,169.0,7,0
2372802115,3,28062,25.389999999999418,280612411,0,100,0.0,8.0,200.0,169.0,7,0
2372802115,3,28063,25.389999999999418,280622411,0,100,0.0,8.0,200.0,169.0,7,0
2372802115,3,28064,25.389999999999418,280632411,0,100,0.0,8.0,200.0,169.0,7,0
2372802115,3,28065,25.389999999999418,280642411,0,100,0.0,8.0,200.0,169.0,7,0
2372802115,3,28066,25.389999999999418,280652411,0,100,0.0,8.0,200.0,169.0,7,0
2372802115,3,28067,25.389999999999418,280662411,0,100,0.0,8.0,200.0,169.0,7,0
2372802115,3,28068,25.389999999999418,280672411,0,100,0.0,8.0,200.0,169.0,7,0
2372802115,3,28069,25.389999999999418,280682411,0,100,0.0,8.0,200.0,169.0,7,0
2372802115,3,28070,25.389999999999418,280692411,0,100,0.0,8.0,200.0,169.0,7,0
2372802115,3,28071,25.389999999999418,280702411,0,100,0.0,8.0,200.0,169.0,7,0
2372802115,3,28072,25.389999999999418,280712411,0,100,0.0,8.0,200.0,169.0,7,0
2372802115,3,28073,25.389999999999418,280722411,0,100,0.0,8.0,200.0,169.0,7,0
2372802115,3,28074,25.389999999999418,280732411,0,100,0.0,8.0,200.0,169.0,7,0
2372802115,3,28075,25.389999999999418,280742411,0,100,0.0,8.0,200.0,169.0,7,0
2372802115,3,28076,25.389999999999418,280752411,0,100,0.0,8.0,200.0,169.0,7,0
2372802115,3,28077,25.922000000005937,280762411,0,100,0.0,8.0,200.0,169.0,7,0
2372802115,3,28078,25.922000000005937,280772411,0,100,0.0,8.0,200.0,169.0,7,0
2372802115,3,28079,25.922000000005937,280782411,0,100,0.0,8.0,200.0,169.0,7,0
2372802115,3,28080,25.922000000005937,280792411,0,100,0.0,8.0,200.0,169.0,7,0
2372802115,3,28081,25.922000000005937,280802411,0,100,0.0,8.0,200.0,169.0,7,0
2372802115,3,28082,25.922000000005937,280812411,0,100,0.0,8.0,200.0,169.0,7,0
2372802115,3,28083,25.922000000005937,280822411,0,100,0.0,8.0,200.0,169.0,7,0
2372802115,3,28084,25.922000000005937,280832411,0,100,0.0,8.0,200.0,169.0,7,0
2372802115,3,28085,25.922000000005937,280842411,0,100,0.0,8.0,200.0,169.0,7,0
2372802115,3,28086,25.922000000005937,280852411,0,100,0.0,8.0,200.0,169.0,7,0
2372802115,3,28087,25.922000000005937,280862411,0,100,0.0,8.0,200.0,169.0,7,0
2372802115,3,28088,25.922000000005937,280872411,0,100,0.0,8.0,200.0,169.0,7,0
2372802115,3,28089,25.922000000005937,280882411,0,100,0.0,8.0,200.0,169.0,7,0
2372802115,3,28090,25.922000000005937,280892411,0,100,0.0,8.0,200.0,169.0,7,0
2372802115,3,28091,25.922000000005937,280902411,0,100,0.0,8.0,200.0,169.0,7,0
2372802115,3,28092,25.922000000005937,280912411,0,100,0.0,8.0,200.0,169.0,7,0
2372802115,3,28093,25.922000000005937,280922411,0,100,0.0,8.0,200.0,169.0,7,0
2372802115,3,28094,25.922000000005937,280932411,0,100,0.0,8.0,200.0,169.0,7,0
2372802115,3,28095,25.922000000005937,280942411,0,100,0.0,8.0,200.0,169.0,7,0
2372802115,3,28096,25.922000000005937,280952411,0,100,0.0,8.0,200.0,169.0,7,0
2372802115,3,28097,25.922000000005937,280962411,0,100,0.0,8.0,200.0,169.0,7,0
2372802115,3,28098,25.922000000005937,280972411,0,100,0.0,8.0,200.0,169.0,7,0
2372802115,3,28099,25.922000000005937,280982411,0,100,0.0,8.0,200.0,169.0,7,0
2372802115,3,28100,25.922000000005937,280992411,0,100,0.0,8.0,200.0,169.0,7,0
2372802115,3,28101,25.922000000005937,281002411,0,100,0.0,8.0,200.0,169.0,7,0
2372802115,3,28102,25.922000000005937,281012411,0,100,0.0,8.0,200.0,169.0,7,0
2372802115,3,28103,25.922000000005937,281022411,0,100,0.0,8.0,200.0,169.0,7,0
2372802115,3,28104,25.922000000005937,281032411,0,100,0.0,8.0,200.0,169.0,7,0
2372802115,3,28105,25.922000000005937,281042411,0,100,0.0,8.0,200.0,169.0,7,0
2372802115,3,28106,25.922000000005937,281052411,0,100,0.0,8.0,200.0,169.0,7,0
2372802115,3,28107,25.922000000005937,281062411,0,100,0.0,8.0,200.0,169.0,7,0
2372802115,3,28108,25.922000000005937,281072411,0,100,0.0,8.0,200.0,169.0,7,0
2372802115,3,28109,25.922000000005937,281082411,0,100,0.0,8.0,200.0,169.0,7,0
2372802115,3,28110,25.922000000005937,281092411,0,100,0.0,8.0,200.0,169.0,7,0
2372802115,3,28111,25.922000000005937,281102411,0,100,0.0,8.0,200.0,169.0,7,0
2372802115,3,28112,25.922000000005937,281112411,0,100,0.0,8.0,200.0,169.0,7,0
2372802115,3,28113,25.922000000005937,281122411,0,100,0.0,8.0,200.0,169.0,7,0
2372802115,3,28114,25.922000000005937,281132411,0,100,0.0,8.0,200.0,169.0,7,0
2372802115,3,28115,25.922000000005937,281142411,0,100,0.0,8.0,200.0,169.0,7,0
2372802115,3,28116,25.922000000005937,281152411,0,100,0.0,8.0,200.0,169.0,7,0
2372802115,3,28117,25.922000000005937,281162411,0,100,0.0,8.0,200.0,169.0,7,0
2372802115,3,28118,25.922000000005937,281172411,0,100,0.0,8.0,200.0,169.0,7,0
2372802115,3,28119,25.922000000005937,281182411,0,100,0.0,8.0,200.0,169.0,7,0
2372802115,3,28120,25.922000000005937,281192411,0,100,0.0,8.0,200.0,169.0,7,0
2372802115,3,28121,25.922000000005937,281202411,0,100,0.0,8.0,200.0,169.0,7,0
2372802115,3,28122,25.922000000005937,281212411,0,100,0.0,8.0,200.0,169.0,7,0
2372802115,3,28123,25.922000000005937,281222411,0,100,0.0,8.0,200.0,169.0,7,0
2372802115,3,28124,25.922000000005937,281232411,0,100,0.0,8.0,200.0,169.0,7,0
2372802115,3,28125,25.922000000005937,281242411,0,100,0.0,8.0,200.0,169.0,7,0
2372802115,3,28126,25.922000000005937,281252411,0,100,0.0,8.0,200.0,169.0,7,0
2372802115,3,28127,25.922000000005937,281262411,0,100,0.0,8.0,200.0,169.0,7,0
2372802115,3,28128,25.922000000005937,281272411,0,100,0.0,8.0,200.0,169.0,7,0
2372802115,3,28129,25.922000000005937,281282411,0,100,0.0,8.0,200.0,169.0,7,0
2372802115,3,28130,25.922000000005937,281292411,0,100,0.0,8.0,200.0,169.0,7,0
2372802115,3,28131,25.922000000005937,281302411,0,100,0.0,8.0,200.0,169.0,7,0
2372802115,3,28132,25.922000000005937,281312411,0,100,0.0,8.0,200.0,169.0,7,0
2372802115,3,28133,26.468000000008033,281322411,0,100,0.0,8.0,200.0,169.0,7,0
2372802115,3,28134,26.468000000008033,281332411,0,100,0.0,8.0,200.0,169.0,7,0
2372802115,3,28135,26.468000000008033,281342411,0,100,0.0,8.0,200.0,169.0,7,0
2372802115,3,28136,26.468000000008033,281352411,0,100,0.0,8.0,200.0,169.0,7,0
2372802115,3,28137,26.468000000008033,281362411,0,100,0.0,8.0,200.0,169.0,7,0
2372802115,3,28138,26.468000000008033,281372411,0,100,0.0,8.0,200.0,169.0,7,0
2372802115,3,28139,26.468000000008033,281382411,0,100,0.0,8.0,200.0,169.0,7,0
2372802115,3,28140,26.468000000008033,281392411,0,100,0.0,8.0,200.0,169.0,7,0
2372802115,3,28141,26.468000000008033,281402411,0,100,0.0,8.0,200.0,169.0,7,0
2372802115,3,28142,26.468000000008033,281412411,0,100,0.0,8.0,200.0,169.0,7,0
2372802115,3,28143,26.468000000008033,281422411,0,100,0.0,8.0,200.0,169.0,7,0
2372802115,3,28144,26.468000000008033,281432411,0,100,0.0,8.0,200.0,169.0,7,0
2372802115,3,28145,26.468000000008033,281442411,0,100,0.0,8.0,200.0,169.0,7,0
2372802115,3,28146,26.468000000008033,281452411,0,100,0.0,8.0,200.0,169.0,7,0
2372802115,3,28147,26.468000000008033,281462411,0,100,0.0,8.0,200.0,169.0,7,0
2372802115,3,28148,26.468000000008033,281472411,0,100,0.0,8.0,200.0,169.0,7,0
2372802115,3,28149,26.468000000008033,281482411,0,100,0.0,8.0,200.0,169.0,7,0
2372802115,3,28150,26.468000000008033,281492411,0,100,0.0,8.0,200.0,169.0,7,0
2372802115,3,28151,26.468000000008033,281502411,0,100,0.0,8.0,200.0,169.0,7,0
2372802115,3,28152,26.468000000008033,281512411,0,100,0.0,8.0,200.0,169.0,7,0
2372802115,3,28153,26.468000000008033,281522411,0,100,0.0,8.0,200.0,169.0,7,0
2372802115,3,28154,26.468000000008033,281532411,0,100,0.0,8.0,200.0,169.0,7,0
2372802115,3,28155,26.468000000008033,281542411,0,100,0.0,8.0,200.0,169.0,7,0
2372802115,3,28156,26.468000000008033,281552411,0,100,0.0,8.0,200.0,169.0,7,0
2372802115,3,28157,26.468000000008033,281562411,0,100,0.0,8.0,200.0,169.0,7,0
2372802115,3,28158,26.468000000008033,281572411,0,100,0.0,8.0,200.0,169.0,7,0
2372802115,3,28159,26.468000000008033,281582411,0,100,0.0,8.0,200.0,169.0,7,0
2372802115,3,28160,26.468000000008033,281592411,0,100,0.0,8.0,200.0,169.0,7,0
2372802115,3,28161,26.468000000008033,281602411,0,100,0.0,8.0,200.0,169.0,7,0
2372802115,3,28162,26.468000000008033,281612411,0,100,0.0,8.0,200.0,169.0,7,0
2372802115,3,28163,26.468000000008033,281622411,0,100,0.0,8.0,200.0,169.0,7,0
2372802115,3,28164,26.468000000008033,281632411,0,100,0.0,8.0,200.0,169.0,7,0
2372802115,3,28165,26.468000000008033,281642411,0,100,0.0,8.0,200.0,169.0,7,0
2372802115,3,28166,26.468000000008033,281652411,0,100,0.0,8.0,200.0,169.0,7,0
2372802115,3,28167,26.468000000008033,281662411,0,100,0.0,8.0,200.0,169.0,7,0
2372802115,3,28168,26.468000000008033,281672411,0,100,0.0,8.0,200.0,169.0,7,0
2372802115,3,28169,26.468000000008033,281682411,0,100,0.0,8.0,200.0,169.0,7,0
2372802115,3,28170,26.468000000008033,281692411,0,100,0.0,8.0,200.0,169.0,7,0
2372802115,3,28171,26.468000000008033,281702411,0,100,0.0,8.0,200.0,169.0,7,0
2372802115,3,28172,26.468000000008033,281712411,0,100,0.0,8.0,200.0,169.0,7,0
2372802115,3,28173,26.468000000008033,281722411,0,100,0.0,8.0,200.0,169.0,7,0
2372802115,3,28174,26.468000000008033,281732411,0,100,0.0,8.0,200.0,169.0,7,0
2372802115,3,28175,26.468000000008033,281742411,0,100,0.0,8.0,200.0,169.0,7,0
2372802115,3,28176,26.468000000008033,281752411,0,100,0.0,8.0,200.0,169.0,7,0
2372802115,3,28177,26.468000000008033,281762411,0,100,0.0,8.0,200.0,169.0,7,0
2372802115,3,28178,26.468000000008033,281772411,0,100,0.0,8.0,200.0,169.0,7,0
2372802115,3,28179,26.468000000008033,281782411,0,100,0.0,8.0,200.0,169.0,7,0
2372802115,3,28180,26.468000000008033,281792411,0,100,0.0,8.0,200.0,169.0,7,0
2372802115,3,28181,26.468000000008033,281802411,0,100,0.0,8.0,200.0,169.0,7,0
2372802115,3,28182,26.468000000008033,281812411,0,100,0.0,8.0,200.0,169.0,7,0
2372802115,3,28183,26.468000000008033,281822411,0,100,0.0,8.0,200.0,169.0,7,0
2372802115,3,28184,26.468000000008033,281832411,0,100,0.0,8.0,200.0,169.0,7,0
2372802115,3,28185,26.468000000008033,281842411,0,100,0.0,8.0,200.0,169.0,7,0
2372802115,3,28186,26.468000000008033,281852411,0,100,0.0,8.0,200.0,169.0,7,0
2372802115,3,28187,26.468000000008033,281862411,0,100,0.0,8.0,200.0,169.0,7,0
2372802115,3,28188,26.468000000008033,281872411,0,100,0.0,8.0,200.0,169.0,7,0
2372802115,3,28189,27.031000000002678,281882411,0,100,0.0,8.0,200.0,169.0,7,0
2372802115,3,28190,27.031000000002678,281892411,0,100,0.0,8.0,200.0,169.0,7,0
2372802115,3,28191,27.031000000002678,281902411,0,100,0.0,8.0,200.0,169.0,7,0
2372802115,3,28192,27.031000000002678,281912411,0,100,0.0,8.0,200.0,169.0,7,0
2372802115,3,28193,27.031000000002678,281922411,0,100,0.0,8.0,200.0,169.0,7,0
2372802115,3,28194,27.031000000002678,281932411,0,100,0.0,8.0,200.0,169.0,7,0
2372802115,3,28195,27.031000000002678,281942411,0,100,0.0,8.0,200.0,169.0,7,0
2372802115,3,28196,27.031000000002678,281952411,0,100,0.0,8.0,200.0,169.0,7,0
2372802115,3,28197,27.031000000002678,281962411,0,100,0.0,8.0,200.0,169.0,7,0
2372802115,3,28198,27.031000000002678,281972411,0,100,0.0,8.0,200.0,169.0,7,0
2372802115,3,28199,27.031000000002678,281982411,0,100,0.0,8.0,200.0,169.0,7,0
2372802115,3,28200,27.031000000002678,281992411,0,100,0.0,8.0,200.0,169.0,7,0
2372802115,3,28201,27.031000000002678,282002411,0,100,0.0,8.0,200.0,169.0,7,0
2372802115,3,28202,27.031000000002678,282012411,0,100,0.0,8.0,200.0,169.0,7,0
2372802115,3,28203,27.031000000002678,282022411,0,100,0.0,8.0,200.0,169.0,7,0
2372802115,3,28204,27.031000000002678,282032411,0,100,0.0,8.0,200.0,169.0,7,0
2372802115,3,28205,27.031000000002678,282042411,0,100,0.0,8.0,200.0,169.0,7,0
2372802115,3,28206,27.031000000002678,282052411,0,100,0.0,8.0,200.0,169.0,7,0
2372802115,3,28207,27.031000000002678,282062411,0,100,0.0,8.0,200.0,169.0,7,0
2372802115,3,28208,27.031000000002678,282072411,0,100,0.0,8.0,200.0,169.0,7,0
2372802115,3,28209,27.031000000002678,282082411,0,100,0.0,8.0,200.0,169.0,7,0
2372802115,3,28210,27.031000000002678,282092411,0,100,0.0,8.0,200.0,169.0,7,0
2372802115,3,28211,27.031000000002678,282102411,0,100,0.0,8.0,200.0,169.0,7,0
2372802115,3,28212,27.031000000002678,282112411,0,100,0.0,8.0,200.0,169.0,7,0
2372802115,3,28213,27.031000000002678,282122411,0,100,0.0,8.0,200.0,169.0,7,0
2372802115,3,28214,27.031000000002678,282132411,0,100,0.0,8.0,200.0,169.0,7,0
2372802115,3,28215,27.031000000002678,282142411,0,100,0.0,8.0,200.0,169.0,7,0
2372802115,3,28216,27.031000000002678,282152411,0,100,0.0,8.0,200.0,169.0,7,0
2372802115,3,28217,27.031000000002678,282162411,0,100,0.0,8.0,200.0,169.0,7,0
2372802115,3,28218,27.031000000002678,282172411,0,100,0.0,8.0,200.0,169.0,7,0
2372802115,3,28219,27.031000000002678,282182411,0,100,0.0,8.0,200.0,169.0,7,0
2372802115,3,28220,27.031000000002678,282192411,0,100,0.0,8.0,200.0,169.0,7,0
2372802115,3,28221,27.031000000002678,282202411,0,100,0.0,8.0,200.0,169.0,7,0
2372802115,3,28222,27.031000000002678,282212411,0,100,0.0,8.0,200.0,169.0,7,0
2372802115,3,28223,27.031000000002678,282222411,0,100,0.0,8.0,200.0,169.0,7,0
2372802115,3,28224,27.031000000002678,282232411,0,100,0.0,8.0,200.0,169.0,7,0
2372802115,3,28225,27.031000000002678,282242411,0,100,0.0,8.0,200.0,169.0,7,0
2372802115,3,28226,27.031000000002678,282252411,0,100,0.0,8.0,200.0,169.0,7,0
2372802115,3,28227,27.031000000002678,282262411,0,100,0.0,8.0,200.0,169.0,7,0
2372802115,3,28228,27.031000000002678,282272411,0,100,0.0,8.0,200.0,169.0,7,0
2372802115,3,28229,27.031000000002678,282282411,0,100,0.0,8.0,200.0,169.0,7,0
2372802115,3,28230,27.031000000002678,282292411,0,100,0.0,8.0,200.0,169.0,7,0
2372802115,3,28231,27.031000000002678,282302411,0,100,0.0,8.0,200.0,169.0,7,0
2372802115,3,28232,27.031000000002678,282312411,0,100,0.0,8.0,200.0,169.0,7,0
2372802115,3,28233,27.031000000002678,282322411,0,100,0.0,8.0,200.0,169.0,7,0
2372802115,3,28234,27.031000000002678,282332411,0,100,0.0,8.0,200.0,169.0,7,0
2372802115,3,28235,27.031000000002678,282342411,0,100,0.0,8.0,200.0,169.0,7,0
2372802115,3,28236,27.031000000002678,282352411,0,100,0.0,8.0,200.0,169.0,7,0
2372802115,3,28237,27.031000000002678,282362411,0,100,0.0,8.0,200.0,169.0,7,0
2372802115,3,28238,27.031000000002678,282372411,0,100,0.0,8.0,200.0,169.0,7,0
2372802115,3,28239,27.031000000002678,282382411,0,100,0.0,8.0,200.0,169.0,7,0
2372802115,3,28240,27.031000000002678,282392411,0,100,0.0,8.0,200.0,169.0,7,0
2372802115,3,28241,27.031000000002678,282402411,0,100,0.0,8.0,200.0,169.0,7,0
2372802115,3,28242,27.031000000002678,282412411,0,100,0.0,8.0,200.0,169.0,7,0
2372802115,3,28243,27.031000000002678,282422411,0,100,0.0,8.0,200.0,169.0,7,0
2372802115,3,28244,27.031000000002678,282432411,0,100,0.0,8.0,200.0,169.0,7,0
2372802115,3,28245,27.125,282442411,0,100,0.0,8.0,200.0,169.0,7,0
2372802115,3,28246,27.125,282452411,0,100,0.0,8.0,200.0,169.0,7,0
2372802115,3,28247,27.125,282462411,0,100,0.0,8.0,200.0,169.0,7,0
2372802115,3,28248,27.125,282472411,0,100,0.0,8.0,200.0,169.0,7,0
2372802115,3,28249,27.125,282482411,0,100,0.0,8.0,200.0,169.0,7,0
2372802115,3,28250,27.125,282492411,0,100,0.0,8.0,200.0,169.0,7,0
2372802115,3,28251,27.125,282502411,0,100,0.0,8.0,200.0,169.0,7,0
2372802115,3,28252,27.125,282512411,0,100,0.0,8.0,200.0,169.0,7,0
2372802115,3,28253,27.656000000002678,282522411,0,100,0.0,8.0,200.0,169.0,7,0
2372802115,3,28254,27.656000000002678,282532411,0,100,0.0,8.0,200.0,169.0,7,0
2372802115,3,28255,27.656000000002678,282542411,0,100,0.0,8.0,200.0,169.0,7,0
2372802115,3,28256,27.656000000002678,282552411,0,100,0.0,8.0,200.0,169.0,7,0
2372802115,3,28257,27.656000000002678,282562411,0,100,0.0,8.0,200.0,169.0,7,0
2372802115,3,28258,27.656000000002678,282572411,0,100,0.0,8.0,200.0,169.0,7,0
2372802115,3,28259,27.656000000002678,282582411,0,100,0.0,8.0,200.0,169.0,7,0
2372802115,3,28260,27.656000000002678,282592411,0,100,0.0,8.0,200.0,169.0,7,0
2372802115,3,28261,27.656000000002678,282602411,0,100,0.0,8.0,200.0,169.0,7,0
2372802115,3,28262,27.656000000002678,282612411,0,100,0.0,8.0,200.0,169.0,7,0
2372802115,3,28263,27.656000000002678,282622411,0,100,0.0,8.0,200.0,169.0,7,0
2372802115,3,28264,27.656000000002678,282632411,0,100,0.0,8.0,200.0,169.0,7,0
2372802115,3,28265,27.656000000002678,282642411,0,100,0.0,8.0,200.0,169.0,7,0
2372802115,3,28266,27.656000000002678,282652411,0,100,0.0,8.0,200.0,169.0,7,0
2372802115,3,28267,27.656000000002678,282662411,0,100,0.0,8.0,200.0,169.0,7,0
2372802115,3,28268,27.656000000002678,282672411,0,100,0.0,8.0,200.0,169.0,7,0
2372802115,3,28269,27.656000000002678,282682411,0,100,0.0,8.0,200.0,169.0,7,0
2372802115,3,28270,27.656000000002678,282692411,0,100,0.0,8.0,200.0,169.0,7,0
2372802115,3,28271,27.656000000002678,282702411,0,100,0.0,8.0,200.0,169.0,7,0
2372802115,3,28272,27.656000000002678,282712411,0,100,0.0,8.0,200.0,169.0,7,0
2372802115,3,28273,27.656000000002678,282722411,0,100,0.0,8.0,200.0,169.0,7,0
2372802115,3,28274,27.656000000002678,282732411,0,100,0.0,8.0,200.0,169.0,7,0
2372802115,3,28275,27.656000000002678,282742411,0,100,0.0,8.0,200.0,169.0,7,0
2372802115,3,28276,27.656000000002678,282752411,0,100,0.0,8.0,200.0,169.0,7,0
2372802115,3,28277,27.656000000002678,282762411,0,100,0.0,8.0,200.0,169.0,7,0
2372802115,3,28278,27.656000000002678,282772411,0,100,0.0,8.0,200.0,169.0,7,0
2372802115,3,28279,27.656000000002678,282782411,0,100,0.0,8.0,200.0,169.0,7,0
2372802115,3,28280,27.656000000002678,282792411,0,100,0.0,8.0,200.0,169.0,7,0
2372802115,3,28281,27.656000000002678,282802411,0,100,0.0,8.0,200.0,169.0,7,0
2372802115,3,28282,27.656000000002678,282812411,0,100,0.0,8.0,200.0,169.0,7,0
2372802115,3,28283,27.656000000002678,282822411,0,100,0.0,8.0,200.0,169.0,7,0
2372802115,3,28284,27.656000000002678,282832411,0,100,0.0,8.0,200.0,169.0,7,0
2372802115,3,28285,27.656000000002678,282842411,0,100,0.0,8.0,200.0,169.0,7,0
2372802115,3,28286,27.656000000002678,282852411,0,100,0.0,8.0,200.0,169.0,7,0
2372802115,3,28287,27.656000000002678,282862411,0,100,0.0,8.0,200.0,169.0,7,0
2372802115,3,28288,27.656000000002678,282872411,0,100,0.0,8.0,200.0,169.0,7,0
2372802115,3,28289,27.656000000002678,282882411,0,100,0.0,8.0,200.0,169.0,7,0
2372802115,3,28290,27.656000000002678,282892411,0,100,0.0,8.0,200.0,169.0,7,0
2372802115,3,28291,27.656000000002678,282902411,0,100,0.0,8.0,200.0,169.0,7,0
2372802115,3,28292,27.656000000002678,282912411,0,100,0.0,8.0,200.0,169.0,7,0
2372802115,3,28293,27.656000000002678,282922411,0,100,0.0,8.0,200.0,169.0,7,0
2372802115,3,28294,27.656000000002678,282932411,0,100,0.0,8.0,200.0,169.0,7,0
2372802115,3,28295,27.656000000002678,282942411,0,100,0.0,8.0,200.0,169.0,7,0
2372802115,3,28296,27.656000000002678,282952411,0,100,0.0,8.0,200.0,169.0,7,0
2372802115,3,28297,27.656000000002678,282962411,0,100,0.0,8.0,200.0,169.0,7,0
2372802115,3,28298,27.656000000002678,282972411,0,100,0.0,8.0,200.0,169.0,7,0
2372802115,3,28299,27.656000000002678,282982411,0,100,0.0,8.0,200.0,169.0,7,0
2372802115,3,28300,27.656000000002678,282992411,0,100,0.0,8.0,200.0,169.0,7,0
2372802115,3,28301,28.218000000008033,283002411,0,100,0.0,8.0,200.0,169.0,7,0
2372802115,3,28302,28.218000000008033,283012411,0,100,0.0,8.0,200.0,169.0,7,0
2372802115,3,28303,28.218000000008033,283022411,0,100,0.0,8.0,200.0,169.0,7,0
2372802115,3,28304,28.218000000008033,283032411,0,100,0.0,8.0,200.0,169.0,7,0
2372802115,3,28305,28.218000000008033,283042411,0,100,0.0,8.0,200.0,169.0,7,0
2372802115,3,28306,28.218000000008033,283052411,0,100,0.0,8.0,200.0,169.0,7,0
2372802115,3,28307,28.218000000008033,283062411,0,100,0.0,8.0,200.0,169.0,7,0
2372802115,3,28308,28.218000000008033,283072411,0,100,0.0,8.0,200.0,169.0,7,0
2372802115,3,28309,28.218000000008033,283082411,0,100,0.0,8.0,200.0,169.0,7,0
2372802115,3,28310,28.218000000008033,283092411,0,100,0.0,8.0,200.0,169.0,7,0
2372802115,3,28311,28.218000000008033,283102411,0,100,0.0,8.0,200.0,169.0,7,0
2372802115,3,28312,28.218000000008033,283112411,0,100,0.0,8.0,200.0,169.0,7,0
2372802115,3,28313,28.218000000008033,283122411,0,100,0.0,8.0,200.0,169.0,7,0
2372802115,3,28314,28.218000000008033,283132411,0,100,0.0,8.0,200.0,169.0,7,0
2372802115,3,28315,28.218000000008033,283142411,0,100,0.0,8.0,200.0,169.0,7,0
2372802115,3,28316,28.218000000008033,283152411,0,100,0.0,8.0,200.0,169.0,7,0
2372802115,3,28317,28.218000000008033,283162411,0,100,0.0,8.0,200.0,169.0,7,0
2372802115,3,28318,28.218000000008033,283172411,0,100,0.0,8.0,200.0,169.0,7,0
2372802115,3,28319,28.218000000008033,283182411,0,100,0.0,8.0,200.0,169.0,7,0
2372802115,3,28320,28.218000000008033,283192411,0,100,0.0,8.0,200.0,169.0,7,0
2372802115,3,28321,28.218000000008033,283202411,0,100,0.0,8.0,200.0,169.0,7,0
2372802115,3,28322,28.218000000008033,283212411,0,100,0.0,8.0,200.0,169.0,7,0
2372802115,3,28323,28.218000000008033,283222411,0,100,0.0,8.0,200.0,169.0,7,0
2372802115,3,28324,28.218000000008033,283232411,0,100,0.0,8.0,200.0,169.0,7,0
2372802115,3,28325,28.218000000008033,283242411,0,100,0.0,8.0,200.0,169.0,7,0
2372802115,3,28326,28.218000000008033,283252411,0,100,0.0,8.0,200.0,169.0,7,0
2372802115,3,28327,28.218000000008033,283262411,0,100,0.0,8.0,200.0,169.0,7,0
2372802115,3,28328,28.218000000008033,283272411,0,100,0.0,8.0,200.0,169.0,7,0
2372802115,3,28329,28.218000000008033,283282411,0,100,0.0,8.0,200.0,169.0,7,0
2372802115,3,28330,28.218000000008033,283292411,0,100,0.0,8.0,200.0,169.0,7,0
2372802115,3,28331,28.218000000008033,283302411,0,100,0.0,8.0,200.0,169.0,7,0
2372802115,3,28332,28.218000000008033,283312411,0,100,0.0,8.0,200.0,169.0,7,0
2372802115,3,28333,28.218000000008033,283322411,0,100,0.0,8.0,200.0,169.0,7,0
2372802115,3,28334,28.218000000008033,283332411,0,100,0.0,8.0,200.0,169.0,7,0
2372802115,3,28335,28.218000000008033,283342412,0,100,0.0,8.0,200.0,169.0,7,0
2372802115,3,28336,28.218000000008033,283352411,0,100,0.0,8.0,200.0,169.0,7,0
2372802115,3,28337,28.218000000008033,283362411,0,100,0.0,8.0,200.0,169.0,7,0
2372802115,3,28338,28.218000000008033,283372411,0,100,0.0,8.0,200.0,169.0,7,0
2372802115,3,28339,28.218000000008033,283382411,0,100,0.0,8.0,200.0,169.0,7,0
2372802115,3,28340,28.218000000008033,283392411,0,100,0.0,8.0,200.0,169.0,7,0
2372802115,3,28341,28.218000000008033,283402411,0,100,0.0,8.0,200.0,169.0,7,0
2372802115,3,28342,28.218000000008033,283412411,0,100,0.0,8.0,200.0,169.0,7,0
2372802115,3,28343,28.218000000008033,283422411,0,100,0.0,8.0,200.0,169.0,7,0
2372802115,3,28344,28.218000000008033,283432411,0,100,0.0,8.0,200.0,169.0,7,0
2372802115,3,28345,28.218000000008033,283442411,0,100,0.0,8.0,200.0,169.0,7,0
2372802115,3,28346,28.218000000008033,283452411,0,100,0.0,8.0,200.0,169.0,7,0
2372802115,3,28347,28.218000000008033,283462411,0,100,0.0,8.0,200.0,169.0,7,0
2372802115,3,28348,28.218000000008033,283472411,0,100,0.0,8.0,200.0,169.0,7,0
2372802115,3,28349,28.218000000008033,283482411,0,100,0.0,8.0,200.0,169.0,7,0
2372802115,3,28350,28.218000000008033,283492411,0,100,0.0,8.0,200.0,169.0,7,0
2372802115,3,28351,28.218000000008033,283502411,0,100,0.0,8.0,200.0,169.0,7,0
2372802115,3,28352,28.218000000008033,283512411,0,100,0.0,8.0,200.0,169.0,7,0
2372802115,3,28353,28.218000000008033,283522411,0,100,0.0,8.0,200.0,169.0,7,0
2372802115,3,28354,28.218000000008033,283532411,0,100,0.0,8.0,200.0,169.0,7,0
2372802115,3,28355,28.218000000008033,283542411,0,100,0.0,8.0,200.0,169.0,7,0
2372802115,3,28356,28.218000000008033,283552411,0,100,0.0,8.0,200.0,169.0,7,0
2372802115,3,28357,28.218000000008033,283562411,0,100,0.0,8.0,200.0,169.0,7,0
2372802115,3,28358,28.218000000008033,283572411,0,100,0.0,8.0,200.0,169.0,7,0
2372802115,3,28359,28.218000000008033,283582411,0,100,0.0,8.0,200.0,169.0,7,0
2372802115,3,28360,28.218000000008033,283592411,0,100,0.0,8.0,200.0,169.0,7,0
2372802115,3,28361,28.218000000008033,283602411,0,100,0.0,8.0,200.0,169.0,7,0
2372802115,3,28362,28.218000000008033,283612411,0,100,0.0,8.0,200.0,169.0,7,0
2372802115,3,28363,28.218000000008033,283622411,0,100,0.0,8.0,200.0,169.0,7,0
2372802115,3,28364,28.218000000008033,283632411,0,100,0.0,8.0,200.0,169.0,7,0
2372802115,3,28365,28.797000000005937,283642411,0,100,0.0,8.0,200.0,169.0,7,0
2372802115,3,28366,28.797000000005937,283652411,0,100,0.0,8.0,200.0,169.0,7,0
2372802115,3,28367,28.797000000005937,283662411,0,100,0.0,8.0,200.0,169.0,7,0
2372802115,3,28368,28.797000000005937,283672411,0,100,0.0,8.0,200.0,169.0,7,0
2372802115,3,28369,28.797000000005937,283682411,0,100,0.0,8.0,200.0,169.0,7,0
2372802115,3,28370,28.797000000005937,283692411,0,100,0.0,8.0,200.0,169.0,7,0
2372802115,3,28371,28.797000000005937,283702411,0,100,0.0,8.0,200.0,169.0,7,0
2372802115,3,28372,28.797000000005937,283712411,0,100,0.0,8.0,200.0,169.0,7,0
2372802115,3,28373,28.797000000005937,283722411,0,100,0.0,8.0,200.0,169.0,7,0
2372802115,3,28374,28.797000000005937,283732411,0,100,0.0,8.0,200.0,169.0,7,0
2372802115,3,28375,28.797000000005937,283742411,0,100,0.0,8.0,200.0,169.0,7,0
2372802115,3,28376,28.797000000005937,283752411,0,100,0.0,8.0,200.0,169.0,7,0
2372802115,3,28377,28.797000000005937,283762411,0,100,0.0,8.0,200.0,169.0,7,0
2372802115,3,28378,28.797000000005937,283772411,0,100,0.0,8.0,200.0,169.0,7,0
2372802115,3,28379,28.797000000005937,283782411,0,100,0.0,8.0,200.0,169.0,7,0
2372802115,3,28380,28.797000000005937,283792411,0,100,0.0,8.0,200.0,169.0,7,0
2372802115,3,28381,28.797000000005937,283802411,0,100,0.0,8.0,200.0,169.0,7,0
2372802115,3,28382,28.797000000005937,283812411,0,100,0.0,8.0,200.0,169.0,7,0
2372802115,3,28383,28.797000000005937,283822411,0,100,0.0,8.0,200.0,169.0,7,0
2372802115,3,28384,28.797000000005937,283832411,0,100,0.0,8.0,200.0,169.0,7,0
2372802115,3,28385,28.797000000005937,283842411,0,100,0.0,8.0,200.0,169.0,7,0
2372802115,3,28386,28.797000000005937,283852411,0,100,0.0,8.0,200.0,169.0,7,0
2372802115,3,28387,28.797000000005937,283862411,0,100,0.0,8.0,200.0,169.0,7,0
2372802115,3,28388,28.797000000005937,283872411,0,100,0.0,8.0,200.0,169.0,7,0
2372802115,3,28389,28.797000000005937,283882411,0,100,0.0,8.0,200.0,169.0,7,0
2372802115,3,28390,28.797000000005937,283892411,0,100,0.0,8.0,200.0,169.0,7,0
2372802115,3,28391,28.797000000005937,283902411,0,100,0.0,8.0,200.0,169.0,7,0
2372802115,3,28392,28.797000000005937,283912411,0,100,0.0,8.0,200.0,169.0,7,0
2372802115,3,28393,28.797000000005937,283922411,0,100,0.0,8.0,200.0,169.0,7,0
2372802115,3,28394,28.797000000005937,283932411,0,100,0.0,8.0,200.0,169.0,7,0
2372802115,3,28395,28.797000000005937,283942411,0,100,0.0,8.0,200.0,169.0,7,0
2372802115,3,28396,28.797000000005937,283952411,0,100,0.0,8.0,200.0,169.0,7,0
2372802115,3,28397,28.797000000005937,283962411,0,100,0.0,8.0,200.0,169.0,7,0
2372802115,3,28398,28.797000000005937,283972411,0,100,0.0,8.0,200.0,169.0,7,0
2372802115,3,28399,28.797000000005937,283982411,0,100,0.0,8.0,200.0,169.0,7,0
2372802115,3,28400,28.797000000005937,283992411,0,100,0.0,8.0,200.0,169.0,7,0
2372802115,3,28401,28.797000000005937,284002411,0,100,0.0,8.0,200.0,169.0,7,0
2372802115,3,28402,28.797000000005937,284012411,0,100,0.0,8.0,200.0,169.0,7,0
2372802115,3,28403,28.797000000005937,284022411,0,100,0.0,8.0,200.0,169.0,7,0
2372802115,3,28404,28.797000000005937,284032411,0,100,0.0,8.0,200.0,169.0,7,0
2372802115,3,28405,28.797000000005937,284042411,0,100,0.0,8.0,200.0,169.0,7,0
2372802115,3,28406,28.797000000005937,284052411,0,100,0.0,8.0,200.0,169.0,7,0
2372802115,3,28407,28.797000000005937,284062411,0,100,0.0,8.0,200.0,169.0,7,0
2372802115,3,28408,28.797000000005937,284072411,0,100,0.0,8.0,200.0,169.0,7,0
2372802115,3,28409,28.797000000005937,284082411,0,100,0.0,8.0,200.0,169.0,7,0
2372802115,3,28410,28.797000000005937,284092411,0,100,0.0,8.0,200.0,169.0,7,0
2372802115,3,28411,28.797000000005937,284102411,0,100,0.0,8.0,200.0,169.0,7,0
2372802115,3,28412,28.797000000005937,284112411,0,100,0.0,8.0,200.0,169.0,7,0
2372802115,3,28413,28.797000000005937,284122411,0,100,0.0,8.0,200.0,169.0,7,0
2372802115,3,28414,28.797000000005937,284132411,0,100,0.0,8.0,200.0,169.0,7,0
2372802115,3,28415,28.797000000005937,284142411,0,100,0.0,8.0,200.0,169.0,7,0
2372802115,3,28416,28.797000000005937,284152411,0,100,0.0,8.0,200.0,169.0,7,0
2372802115,3,28417,28.797000000005937,284162411,0,100,0.0,8.0,200.0,169.0,7,0
2372802115,3,28418,28.797000000005937,284172411,0,100,0.0,8.0,200.0,169.0,7,0
2372802115,3,28419,28.797000000005937,284182411,0,100,0.0,8.0,200.0,169.0,7,0
2372802115,3,28420,28.797000000005937,284192411,0,100,0.0,8.0,200.0,169.0,7,0
2372802115,3,28421,29.375,284202411,0,100,0.0,8.0,200.0,169.0,7,0
2372802115,3,28422,29.375,284212411,0,100,0.0,8.0,200.0,169.0,7,0
2372802115,3,28423,29.375,284222411,0,100,0.0,8.0,200.0,169.0,7,0
2372802115,3,28424,29.375,284232411,0,100,0.0,8.0,200.0,169.0,7,0
2372802115,3,28425,29.375,284242411,0,100,0.0,8.0,200.0,169.0,7,0
2372802115,3,28426,29.375,284252411,0,100,0.0,8.0,200.0,169.0,7,0
2372802115,3,28427,29.375,284262411,0,100,0.0,8.0,200.0,169.0,7,0
2372802115,3,28428,29.375,284272411,0,100,0.0,8.0,200.0,169.0,7,0
2372802115,3,28429,29.375,284282411,0,100,0.0,8.0,200.0,169.0,7,0
2372802115,3,28430,29.375,284292411,0,100,0.0,8.0,200.0,169.0,7,0
2372802115,3,28431,29.375,284302411,0,100,0.0,8.0,200.0,169.0,7,0
2372802115,3,28432,29.375,284312411,0,100,0.0,8.0,200.0,169.0,7,0
2372802115,3,28433,29.375,284322411,0,100,0.0,8.0,200.0,169.0,7,0
2372802115,3,28434,29.375,284332411,0,100,0.0,8.0,200.0,169.0,7,0
2372802115,3,28435,29.375,284342411,0,100,0.0,8.0,200.0,169.0,7,0
2372802115,3,28436,29.375,284352411,0,100,0.0,8.0,200.0,169.0,7,0
2372802115,3,28437,29.375,284362411,0,100,0.0,8.0,200.0,169.0,7,0
2372802115,3,28438,29.375,284372411,0,100,0.0,8.0,200.0,169.0,7,0
2372802115,3,28439,29.375,284382411,0,100,0.0,8.0,200.0,169.0,7,0
2372802115,3,28440,29.375,284392411,0,100,0.0,8.0,200.0,169.0,7,0
2372802115,3,28441,29.375,284402411,0,100,0.0,8.0,200.0,169.0,7,0
2372802115,3,28442,29.375,284412411,0,100,0.0,8.0,200.0,169.0,7,0
2372802115,3,28443,29.375,284422411,0,100,0.0,8.0,200.0,169.0,7,0
2372802115,3,28444,29.375,284432411,0,100,0.0,8.0,200.0,169.0,7,0
2372802115,3,28445,29.375,284442411,0,100,0.0,8.0,200.0,169.0,7,0
2372802115,3,28446,29.375,284452411,0,100,0.0,8.0,200.0,169.0,7,0
2372802115,3,28447,29.375,284462411,0,100,0.0,8.0,200.0,169.0,7,0
2372802115,3,28448,29.375,284472411,0,100,0.0,8.0,200.0,169.0,7,0
2372802115,3,28449,29.375,284482411,0,100,0.0,8.0,200.0,169.0,7,0
2372802115,3,28450,29.375,284492411,0,100,0.0,8.0,200.0,169.0,7,0
2372802115,3,28451,29.375,284502411,0,100,0.0,8.0,200.0,169.0,7,0
2372802115,3,28452,29.375,284512411,0,100,0.0,8.0,200.0,169.0,7,0
2372802115,3,28453,29.375,284522411,0,100,0.0,8.0,200.0,169.0,7,0
2372802115,3,28454,29.375,284532411,0,100,0.0,8.0,200.0,169.0,7,0
2372802115,3,28455,29.375,284542411,0,100,0.0,8.0,200.0,169.0,7,0
2372802115,3,28456,29.375,284552411,0,100,0.0,8.0,200.0,169.0,7,0
2372802115,3,28457,29.375,284562411,0,100,0.0,8.0,200.0,169.0,7,0
2372802115,3,28458,29.375,284572411,0,100,0.0,8.0,200.0,169.0,7,0
2372802115,3,28459,29.375,284582411,0,100,0.0,8.0,200.0,169.0,7,0
2372802115,3,28460,29.375,284592411,0,100,0.0,8.0,200.0,169.0,7,0
2372802115,3,28461,29.375,284602411,0,100,0.0,8.0,200.0,169.0,7,0
2372802115,3,28462,29.375,284612411,0,100,0.0,8.0,200.0,169.0,7,0
2372802115,3,28463,29.375,284622411,0,100,0.0,8.0,200.0,169.0,7,0
2372802115,3,28464,29.375,284632411,0,100,0.0,8.0,200.0,169.0,7,0
2372802115,3,28465,29.375,284642411,0,100,0.0,8.0,200.0,169.0,7,0
2372802115,3,28466,29.375,284652411,0,100,0.0,8.0,200.0,169.0,7,0
2372802115,3,28467,29.375,284662411,0,100,0.0,8.0,200.0,169.0,7,0
2372802115,3,28468,29.375,284672411,0,100,0.0,8.0,200.0,169.0,7,0
2372802115,3,28469,29.375,284682411,0,100,0.0,8.0,200.0,169.0,7,0
2372802115,3,28470,29.375,284692411,0,100,0.0,8.0,200.0,169.0,7,0
2372802115,3,28471,29.375,284702411,0,100,0.0,8.0,200.0,169.0,7,0
2372802115,3,28472,29.375,284712411,0,100,0.0,8.0,200.0,169.0,7,0
2372802115,3,28473,29.375,284722411,0,100,0.0,8.0,200.0,169.0,7,0
2372802115,3,28474,29.375,284732411,0,100,0.0,8.0,200.0,169.0,7,0
2372802115,3,28475,29.375,284742411,0,100,0.0,8.0,200.0,169.0,7,0
2372802115,3,28476,29.375,284752411,0,100,0.0,8.0,200.0,169.0,7,0
2372802115,3,28477,29.922000000005937,284762411,0,100,0.0,8.0,200.0,169.0,7,0
2372802115,3,28478,29.922000000005937,284772411,0,100,0.0,8.0,200.0,169.0,7,0
2372802115,3,28479,29.922000000005937,284782411,0,100,0.0,8.0,200.0,169.0,7,0
2372802115,3,28480,29.922000000005937,284792411,0,100,0.0,8.0,200.0,169.0,7,0
2372802115,3,28481,29.922000000005937,284802411,0,100,0.0,8.0,200.0,169.0,7,0
2372802115,3,28482,29.922000000005937,284812411,0,100,0.0,8.0,200.0,169.0,7,0
2372802115,3,28483,29.922000000005937,284822411,0,100,0.0,8.0,200.0,169.0,7,0
2372802115,3,28484,29.922000000005937,284832411,0,100,0.0,8.0,200.0,169.0,7,0
2372802115,3,28485,29.922000000005937,284842411,0,100,0.0,8.0,200.0,169.0,7,0
2372802115,3,28486,29.922000000005937,284852411,0,100,0.0,8.0,200.0,169.0,7,0
2372802115,3,28487,29.922000000005937,284862411,0,100,0.0,8.0,200.0,169.0,7,0
2372802115,3,28488,29.922000000005937,284872411,0,100,0.0,8.0,200.0,169.0,7,0
2372802115,3,28489,29.922000000005937,284882411,0,100,0.0,8.0,200.0,169.0,7,0
2372802115,3,28490,29.922000000005937,284892411,0,100,0.0,8.0,200.0,169.0,7,0
2372802115,3,28491,29.922000000005937,284902411,0,100,0.0,8.0,200.0,169.0,7,0
2372802115,3,28492,29.922000000005937,284912411,0,100,0.0,8.0,200.0,169.0,7,0
2372802115,3,28493,29.922000000005937,284922411,0,100,0.0,8.0,200.0,169.0,7,0
2372802115,3,28494,29.922000000005937,284932411,0,100,0.0,8.0,200.0,169.0,7,0
2372802115,3,28495,29.922000000005937,284942411,0,100,0.0,8.0,200.0,169.0,7,0
2372802115,3,28496,29.922000000005937,284952411,0,100,0.0,8.0,200.0,169.0,7,0
2372802115,3,28497,29.922000000005937,284962411,0,100,0.0,8.0,200.0,169.0,7,0
2372802115,3,28498,29.922000000005937,284972411,0,100,0.0,8.0,200.0,169.0,7,0
2372802115,3,28499,29.922000000005937,284982411,0,100,0.0,8.0,200.0,169.0,7,0
2372802115,3,28500,29.922000000005937,284992411,0,100,0.0,8.0,200.0,169.0,7,0
2372802115,3,28501,29.922000000005937,285002411,0,100,0.0,8.0,200.0,169.0,7,0
2372802115,3,28502,29.922000000005937,285012411,0,100,0.0,8.0,200.0,169.0,7,0
2372802115,3,28503,29.922000000005937,285022411,0,100,0.0,8.0,200.0,169.0,7,0
2372802115,3,28504,29.922000000005937,285032411,0,100,0.0,8.0,200.0,169.0,7,0
2372802115,3,28505,29.922000000005937,285042411,0,100,0.0,8.0,200.0,169.0,7,0
2372802115,3,28506,29.922000000005937,285052411,0,100,0.0,8.0,200.0,169.0,7,0
2372802115,3,28507,29.922000000005937,285062411,0,100,0.0,8.0,200.0,169.0,7,0
2372802115,3,28508,29.922000000005937,285072411,0,100,0.0,8.0,200.0,169.0,7,0
2372802115,3,28509,29.922000000005937,285082411,0,100,0.0,8.0,200.0,169.0,7,0
2372802115,3,28510,29.922000000005937,285092411,0,100,0.0,8.0,200.0,169.0,7,0
2372802115,3,28511,29.922000000005937,285102411,0,100,0.0,8.0,200.0,169.0,7,0
2372802115,3,28512,29.922000000005937,285112411,0,100,0.0,8.0,200.0,169.0,7,0
2372802115,3,28513,29.922000000005937,285122411,0,100,0.0,8.0,200.0,169.0,7,0
2372802115,3,28514,29.922000000005937,285132411,0,100,0.0,8.0,200.0,169.0,7,0
2372802115,3,28515,29.922000000005937,285142411,0,100,0.0,8.0,200.0,169.0,7,0
2372802115,3,28516,29.922000000005937,285152411,0,100,0.0,8.0,200.0,169.0,7,0
2372802115,3,28517,29.922000000005937,285162411,0,100,0.0,8.0,200.0,169.0,7,0
2372802115,3,28518,29.922000000005937,285172411,0,100,0.0,8.0,200.0,169.0,7,0
2372802115,3,28519,29.922000000005937,285182411,0,100,0.0,8.0,200.0,169.0,7,0
2372802115,3,28520,29.922000000005937,285192411,0,100,0.0,8.0,200.0,169.0,7,0
2372802115,3,28521,29.922000000005937,285202411,0,100,0.0,8.0,200.0,169.0,7,0
2372802115,3,28522,29.922000000005937,285212411,0,100,0.0,8.0,200.0,169.0,7,0
2372802115,3,28523,29.922000000005937,285222411,0,100,0.0,8.0,200.0,169.0,7,0
2372802115,3,28524,29.922000000005937,285232411,0,100,0.0,8.0,200.0,169.0,7,0
2372802115,3,28525,29.922000000005937,285242412,0,100,0.0,8.0,200.0,169.0,7,0
2372802115,3,28526,29.922000000005937,285252411,0,100,0.0,8.0,200.0,169.0,7,0
2372802115,3,28527,29.922000000005937,285262411,0,100,0.0,8.0,200.0,169.0,7,0
2372802115,3,28528,29.922000000005937,285272411,0,100,0.0,8.0,200.0,169.0,7,0
2372802115,3,28529,29.922000000005937,285282411,0,100,0.0,8.0,200.0,169.0,7,0
2372802115,3,28530,29.922000000005937,285292411,0,100,0.0,8.0,200.0,169.0,7,0
2372802115,3,28531,29.922000000005937,285302411,0,100,0.0,8.0,200.0,169.0,7,0
2372802115,3,28532,29.922000000005937,285312411,0,100,0.0,8.0,200.0,169.0,7,0
2372802115,3,28533,30.453000000008615,285322411,0,100,0.0,8.0,200.0,169.0,7,0
2372802115,3,28534,30.453000000008615,285332411,0,100,0.0,8.0,200.0,169.0,7,0
2372802115,3,28535,30.453000000008615,285342411,0,100,0.0,8.0,200.0,169.0,7,0
2372802115,3,28536,30.453000000008615,285352411,0,100,0.0,8.0,200.0,169.0,7,0
2372802115,3,28537,30.453000000008615,285362411,0,100,0.0,8.0,200.0,169.0,7,0
2372802115,3,28538,30.453000000008615,285372411,0,100,0.0,8.0,200.0,169.0,7,0
2372802115,3,28539,30.453000000008615,285382411,0,100,0.0,8.0,200.0,169.0,7,0
2372802115,3,28540,30.453000000008615,285392411,0,100,0.0,8.0,200.0,169.0,7,0
2372802115,3,28541,30.453000000008615,285402411,0,100,0.0,8.0,200.0,169.0,7,0
2372802115,3,28542,30.453000000008615,285412411,0,100,0.0,8.0,200.0,169.0,7,0
2372802115,3,28543,30.453000000008615,285422411,0,100,0.0,8.0,200.0,169.0,7,0
2372802115,3,28544,30.453000000008615,285432411,0,100,0.0,8.0,200.0,169.0,7,0
2372802115,3,28545,30.453000000008615,285442411,0,100,0.0,8.0,200.0,169.0,7,0
2372802115,3,28546,30.453000000008615,285452411,0,100,0.0,8.0,200.0,169.0,7,0
2372802115,3,28547,30.453000000008615,285462411,0,100,0.0,8.0,200.0,169.0,7,0
2372802115,3,28548,30.453000000008615,285472411,0,100,0.0,8.0,200.0,169.0,7,0
2372802115,3,28549,30.453000000008615,285482411,0,100,0.0,8.0,200.0,169.0,7,0
2372802115,3,28550,30.453000000008615,285492411,0,100,0.0,8.0,200.0,169.0,7,0
2372802115,3,28551,30.453000000008615,285502411,0,100,0.0,8.0,200.0,169.0,7,0
2372802115,3,28552,30.453000000008615,285512411,0,100,0.0,8.0,200.0,169.0,7,0
2372802115,3,28553,30.453000000008615,285522411,0,100,0.0,8.0,200.0,169.0,7,0
2372802115,3,28554,30.453000000008615,285532411,0,100,0.0,8.0,200.0,169.0,7,0
2372802115,3,28555,30.453000000008615,285542411,0,100,0.0,8.0,200.0,169.0,7,0
2372802115,3,28556,30.453000000008615,285552411,0,100,0.0,8.0,200.0,169.0,7,0
2372802115,3,28557,30.453000000008615,285562411,0,100,0.0,8.0,200.0,169.0,7,0
2372802115,3,28558,30.453000000008615,285572411,0,100,0.0,8.0,200.0,169.0,7,0
2372802115,3,28559,30.453000000008615,285582411,0,100,0.0,8.0,200.0,169.0,7,0
2372802115,3,28560,30.453000000008615,285592411,0,100,0.0,8.0,200.0,169.0,7,0
2372802115,3,28561,30.453000000008615,285602411,0,100,0.0,8.0,200.0,169.0,7,0
2372802115,3,28562,30.453000000008615,285612411,0,100,0.0,8.0,200.0,169.0,7,0
2372802115,3,28563,30.453000000008615,285622411,0,100,0.0,8.0,200.0,169.0,7,0
2372802115,3,28564,30.453000000008615,285632411,0,100,0.0,8.0,200.0,169.0,7,0
2372802115,3,28565,30.453000000008615,285642411,0,100,0.0,8.0,200.0,169.0,7,0
2372802115,3,28566,30.453000000008615,285652411,0,100,0.0,8.0,200.0,169.0,7,0
2372802115,3,28567,30.453000000008615,285662411,0,100,0.0,8.0,200.0,169.0,7,0
2372802115,3,28568,30.453000000008615,285672411,0,100,0.0,8.0,200.0,169.0,7,0
2372802115,3,28569,30.453000000008615,285682411,0,100,0.0,8.0,200.0,169.0,7,0
2372802115,3,28570,30.453000000008615,285692411,0,100,0.0,8.0,200.0,169.0,7,0
2372802115,3,28571,30.453000000008615,285702411,0,100,0.0,8.0,200.0,169.0,7,0
2372802115,3,28572,30.453000000008615,285712411,0,100,0.0,8.0,200.0,169.0,7,0
2372802115,3,28573,30.453000000008615,285722411,0,100,0.0,8.0,200.0,169.0,7,0
2372802115,3,28574,30.453000000008615,285732411,0,100,0.0,8.0,200.0,169.0,7,0
2372802115,3,28575,30.453000000008615,285742411,0,100,0.0,8.0,200.0,169.0,7,0
2372802115,3,28576,30.453000000008615,285752411,0,100,0.0,8.0,200.0,169.0,7,0
2372802115,3,28577,30.453000000008615,285762411,0,100,0.0,8.0,200.0,169.0,7,0
2372802115,3,28578,30.453000000008615,285772411,0,100,0.0,8.0,200.0,169.0,7,0
2372802115,3,28579,30.453000000008615,285782411,0,100,0.0,8.0,200.0,169.0,7,0
2372802115,3,28580,30.453000000008615,285792411,0,100,0.0,8.0,200.0,169.0,7,0
2372802115,3,28581,30.453000000008615,285802411,0,100,0.0,8.0,200.0,169.0,7,0
2372802115,3,28582,30.453000000008615,285812411,0,100,0.0,8.0,200.0,169.0,7,0
2372802115,3,28583,30.453000000008615,285822411,0,100,0.0,8.0,200.0,169.0,7,0
2372802115,3,28584,30.453000000008615,285832411,0,100,0.0,8.0,200.0,169.0,7,0
2372802115,3,28585,30.453000000008615,285842411,0,100,0.0,8.0,200.0,169.0,7,0
2372802115,3,28586,30.453000000008615,285852411,0,100,0.0,8.0,200.0,169.0,7,0
2372802115,3,28587,30.453000000008615,285862411,0,100,0.0,8.0,200.0,169.0,7,0
2372802115,3,28588,30.453000000008615,285872411,0,100,0.0,8.0,200.0,169.0,7,0
2372802115,3,28589,30.625,285882411,0,100,0.0,8.0,200.0,169.0,7,0
2372802115,3,28590,30.625,285892411,0,100,0.0,8.0,200.0,169.0,7,0
2372802115,3,28591,30.625,285902411,0,100,0.0,8.0,200.0,169.0,7,0
2372802115,3,28592,30.625,285912411,0,100,0.0,8.0,200.0,169.0,7,0
2372802115,3,28593,30.625,285922411,0,100,0.0,8.0,200.0,169.0,7,0
2372802115,3,28594,30.625,285932411,0,100,0.0,8.0,200.0,169.0,7,0
2372802115,3,28595,30.625,285942411,0,100,0.0,8.0,200.0,169.0,7,0
2372802115,3,28596,30.625,285952411,0,100,0.0,8.0,200.0,169.0,7,0
2372802115,3,28597,30.625,285962411,0,100,0.0,8.0,200.0,169.0,7,0
2372802115,3,28598,30.625,285972411,0,100,0.0,8.0,200.0,169.0,7,0
2372802115,3,28599,30.625,285982411,0,100,0.0,8.0,200.0,169.0,7,0
2372802115,3,28600,30.625,285992411,0,100,0.0,8.0,200.0,169.0,7,0
2372802115,3,28601,30.625,286002411,0,100,0.0,8.0,200.0,169.0,7,0
2372802115,3,28602,30.625,286012411,0,100,0.0,8.0,200.0,169.0,7,0
2372802115,3,28603,30.625,286022411,0,100,0.0,8.0,200.0,169.0,7,0
2372802115,3,28604,30.625,286032411,0,100,0.0,8.0,200.0,169.0,7,0
2372802115,3,28605,31.187000000005355,286042411,0,100,0.0,8.0,200.0,169.0,7,0
2372802115,3,28606,31.187000000005355,286052411,0,100,0.0,8.0,200.0,169.0,7,0
2372802115,3,28607,31.187000000005355,286062411,0,100,0.0,8.0,200.0,169.0,7,0
2372802115,3,28608,31.187000000005355,286072411,0,100,0.0,8.0,200.0,169.0,7,0
2372802115,3,28609,31.187000000005355,286082411,0,100,0.0,8.0,200.0,169.0,7,0
2372802115,3,28610,31.187000000005355,286092411,0,100,0.0,8.0,200.0,169.0,7,0
2372802115,3,28611,31.187000000005355,286102411,0,100,0.0,8.0,200.0,169.0,7,0
2372802115,3,28612,31.187000000005355,286112411,0,100,0.0,8.0,200.0,169.0,7,0
2372802115,3,28613,31.187000000005355,286122411,0,100,0.0,8.0,200.0,169.0,7,0
2372802115,3,28614,31.187000000005355,286132411,0,100,0.0,8.0,200.0,169.0,7,0
2372802115,3,28615,31.187000000005355,286142411,0,100,0.0,8.0,200.0,169.0,7,0
2372802115,3,28616,31.187000000005355,286152411,0,100,0.0,8.0,200.0,169.0,7,0
2372802115,3,28617,31.187000000005355,286162411,0,100,0.0,8.0,200.0,169.0,7,0
2372802115,3,28618,31.187000000005355,286172411,0,100,0.0,8.0,200.0,169.0,7,0
2372802115,3,28619,31.187000000005355,286182411,0,100,0.0,8.0,200.0,169.0,7,0
2372802115,3,28620,31.187000000005355,286192411,0,100,0.0,8.0,200.0,169.0,7,0
2372802115,3,28621,31.187000000005355,286202411,0,100,0.0,8.0,200.0,169.0,7,0
2372802115,3,28622,31.187000000005355,286212411,0,100,0.0,8.0,200.0,169.0,7,0
2372802115,3,28623,31.187000000005355,286222411,0,100,0.0,8.0,200.0,169.0,7,0
2372802115,3,28624,31.187000000005355,286232411,0,100,0.0,8.0,200.0,169.0,7,0
2372802115,3,28625,31.187000000005355,286242411,0,100,0.0,8.0,200.0,169.0,7,0
2372802115,3,28626,31.187000000005355,286252411,0,100,0.0,8.0,200.0,169.0,7,0
2372802115,3,28627,31.187000000005355,286262411,0,100,0.0,8.0,200.0,169.0,7,0
2372802115,3,28628,31.187000000005355,286272411,0,100,0.0,8.0,200.0,169.0,7,0
2372802115,3,28629,31.187000000005355,286282411,0,100,0.0,8.0,200.0,169.0,7,0
2372802115,3,28630,31.187000000005355,286292411,0,100,0.0,8.0,200.0,169.0,7,0
2372802115,3,28631,31.187000000005355,286302411,0,100,0.0,8.0,200.0,169.0,7,0
2372802115,3,28632,31.187000000005355,286312411,0,100,0.0,8.0,200.0,169.0,7,0
2372802115,3,28633,31.187000000005355,286322411,0,100,0.0,8.0,200.0,169.0,7,0
2372802115,3,28634,31.187000000005355,286332411,0,100,0.0,8.0,200.0,169.0,7,0
2372802115,3,28635,31.187000000005355,286342411,0,100,0.0,8.0,200.0,169.0,7,0
2372802115,3,28636,31.187000000005355,286352411,0,100,0.0,8.0,200.0,169.0,7,0
2372802115,3,28637,31.187000000005355,286362411,0,100,0.0,8.0,200.0,169.0,7,0
2372802115,3,28638,31.187000000005355,286372411,0,100,0.0,8.0,200.0,169.0,7,0
2372802115,3,28639,31.187000000005355,286382411,0,100,0.0,8.0,200.0,169.0,7,0
2372802115,3,28640,31.187000000005355,286392411,0,100,0.0,8.0,200.0,169.0,7,0
2372802115,3,28641,31.187000000005355,286402411,0,100,0.0,8.0,200.0,169.0,7,0
2372802115,3,28642,31.187000000005355,286412411,0,100,0.0,8.0,200.0,169.0,7,0
2372802115,3,28643,31.187000000005355,286422411,0,100,0.0,8.0,200.0,169.0,7,0
2372802115,3,28644,31.187000000005355,286432411,0,100,0.0,8.0,200.0,169.0,7,0
2372802115,3,28645,31.187000000005355,286442411,0,100,0.0,8.0,200.0,169.0,7,0
2372802115,3,28646,31.187000000005355,286452411,0,100,0.0,8.0,200.0,169.0,7,0
2372802115,3,28647,31.187000000005355,286462411,0,100,0.0,8.0,200.0,169.0,7,0
2372802115,3,28648,31.187000000005355,286472411,0,100,0.0,8.0,200.0,169.0,7,0
2372802115,3,28649,31.187000000005355,286482411,0,100,0.0,8.0,200.0,169.0,7,0
2372802115,3,28650,31.187000000005355,286492411,0,100,0.0,8.0,200.0,169.0,7,0
2372802115,3,28651,31.187000000005355,286502411,0,100,0.0,8.0,200.0,169.0,7,0
2372802115,3,28652,31.187000000005355,286512411,0,100,0.0,8.0,200.0,169.0,7,0
2372802115,3,28653,31.359000000011292,286522411,0,100,0.0,8.0,200.0,169.0,7,0
2372802115,3,28654,31.359000000011292,286532411,0,100,0.0,8.0,200.0,169.0,7,0
2372802115,3,28655,31.359000000011292,286542411,0,100,0.0,8.0,200.0,169.0,7,0
2372802115,3,28656,31.359000000011292,286552411,0,100,0.0,8.0,200.0,169.0,7,0
2372802115,3,28657,31.359000000011292,286562411,0,100,0.0,8.0,200.0,169.0,7,0
2372802115,3,28658,31.359000000011292,286572411,0,100,0.0,8.0,200.0,169.0,7,0
2372802115,3,28659,31.359000000011292,286582411,0,100,0.0,8.0,200.0,169.0,7,0
2372802115,3,28660,31.359000000011292,286592411,0,100,0.0,8.0,200.0,169.0,7,0
2372802115,3,28661,31.359000000011292,286602411,0,100,0.0,8.0,200.0,169.0,7,0
2372802115,3,28662,31.359000000011292,286612411,0,100,0.0,8.0,200.0,169.0,7,0
2372802115,3,28663,31.359000000011292,286622411,0,100,0.0,8.0,200.0,169.0,7,0
2372802115,3,28664,31.359000000011292,286632411,0,100,0.0,8.0,200.0,169.0,7,0
2372802115,3,28665,31.359000000011292,286642411,0,100,0.0,8.0,200.0,169.0,7,0
2372802115,3,28666,31.359000000011292,286652411,0,100,0.0,8.0,200.0,169.0,7,0
2372802115,3,28667,31.359000000011292,286662411,0,100,0.0,8.0,200.0,169.0,7,0
2372802115,3,28668,31.359000000011292,286672411,0,100,0.0,8.0,200.0,169.0,7,0
2372802115,3,28669,31.359000000011292,286682411,0,100,0.0,8.0,200.0,169.0,7,0
2372802115,3,28670,31.359000000011292,286692411,0,100,0.0,8.0,200.0,169.0,7,0
2372802115,3,28671,31.359000000011292,286702411,0,100,0.0,8.0,200.0,169.0,7,0
2372802115,3,28672,31.359000000011292,286712411,0,100,0.0,8.0,200.0,169.0,7,0
2372802115,3,28673,31.359000000011292,286722411,0,100,0.0,8.0,200.0,169.0,7,0
2372802115,3,28674,31.359000000011292,286732411,0,100,0.0,8.0,200.0,169.0,7,0
2372802115,3,28675,31.359000000011292,286742411,0,100,0.0,8.0,200.0,169.0,7,0
2372802115,3,28676,31.359000000011292,286752411,0,100,0.0,8.0,200.0,169.0,7,0
2372802115,3,28677,31.639999999999418,286762411,0,100,0.0,8.0,200.0,169.0,7,0
2372802115,3,28678,31.639999999999418,286772411,0,100,0.0,8.0,200.0,169.0,7,0
2372802115,3,28679,31.639999999999418,286782411,0,100,0.0,8.0,200.0,169.0,7,0
2372802115,3,28680,31.639999999999418,286792411,0,100,0.0,8.0,200.0,169.0,7,0
2372802115,3,28681,31.639999999999418,286802411,0,100,0.0,8.0,200.0,169.0,7,0
2372802115,3,28682,31.639999999999418,286812411,0,100,0.0,8.0,200.0,169.0,7,0
2372802115,3,28683,31.639999999999418,286822411,0,100,0.0,8.0,200.0,169.0,7,0
2372802115,3,28684,31.639999999999418,286832411,0,100,0.0,8.0,200.0,169.0,7,0
2372802115,3,28685,31.639999999999418,286842411,0,100,0.0,8.0,200.0,169.0,7,0
2372802115,3,28686,31.639999999999418,286852411,0,100,0.0,8.0,200.0,169.0,7,0
2372802115,3,28687,31.639999999999418,286862411,0,100,0.0,8.0,200.0,169.0,7,0
2372802115,3,28688,31.639999999999418,286872411,0,100,0.0,8.0,200.0,169.0,7,0
2372802115,3,28689,31.639999999999418,286882411,0,100,0.0,8.0,200.0,169.0,7,0
2372802115,3,28690,31.639999999999418,286892411,0,100,0.0,8.0,200.0,169.0,7,0
2372802115,3,28691,31.639999999999418,286902411,0,100,0.0,8.0,200.0,169.0,7,0
2372802115,3,28692,31.639999999999418,286912411,0,100,0.0,8.0,200.0,169.0,7,0
2372802115,3,28693,31.639999999999418,286922411,0,100,0.0,8.0,200.0,169.0,7,0
2372802115,3,28694,31.639999999999418,286932411,0,100,0.0,8.0,200.0,169.0,7,0
2372802115,3,28695,31.639999999999418,286942411,0,100,0.0,8.0,200.0,169.0,7,0
2372802115,3,28696,31.639999999999418,286952411,0,100,0.0,8.0,200.0,169.0,7,0
2372802115,3,28697,31.639999999999418,286962411,0,100,0.0,8.0,200.0,169.0,7,0
2372802115,3,28698,31.639999999999418,286972411,0,100,0.0,8.0,200.0,169.0,7,0
2372802115,3,28699,31.639999999999418,286982411,0,100,0.0,8.0,200.0,169.0,7,0
2372802115,3,28700,31.639999999999418,286992411,0,100,0.0,8.0,200.0,169.0,7,0
2372802115,3,28701,32.13999999999942,287002411,0,100,0.0,8.0,200.0,169.0,7,0
2372802115,3,28702,32.13999999999942,287012411,0,100,0.0,8.0,200.0,169.0,7,0
2372802115,3,28703,32.13999999999942,287022411,0,100,0.0,8.0,200.0,169.0,7,0
2372802115,3,28704,32.13999999999942,287032411,0,100,0.0,8.0,200.0,169.0,7,0
2372802115,3,28705,32.13999999999942,287042411,0,100,0.0,8.0,200.0,169.0,7,0
2372802115,3,28706,32.13999999999942,287052411,0,100,0.0,8.0,200.0,169.0,7,0
2372802115,3,28707,32.13999999999942,287062411,0,100,0.0,8.0,200.0,169.0,7,0
2372802115,3,28708,32.13999999999942,287072411,0,100,0.0,8.0,200.0,169.0,7,0
2372802115,3,28709,32.13999999999942,287082411,0,100,0.0,8.0,200.0,169.0,7,0
2372802115,3,28710,32.13999999999942,287092411,0,100,0.0,8.0,200.0,169.0,7,0
2372802115,3,28711,32.13999999999942,287102412,0,100,0.0,8.0,200.0,169.0,7,0
2372802115,3,28712,32.13999999999942,287112411,0,100,0.0,8.0,200.0,169.0,7,0
2372802115,3,28713,32.13999999999942,287122411,0,100,0.0,8.0,200.0,169.0,7,0
2372802115,3,28714,32.13999999999942,287132411,0,100,0.0,8.0,200.0,169.0,7,0
2372802115,3,28715,32.13999999999942,287142411,0,100,0.0,8.0,200.0,169.0,7,0
2372802115,3,28716,32.13999999999942,287152411,0,100,0.0,8.0,200.0,169.0,7,0
2372802115,3,28717,32.13999999999942,287162411,0,100,0.0,8.0,200.0,169.0,7,0
2372802115,3,28718,32.13999999999942,287172411,0,100,0.0,8.0,200.0,169.0,7,0
2372802115,3,28719,32.13999999999942,287182411,0,100,0.0,8.0,200.0,169.0,7,0
2372802115,3,28720,32.13999999999942,287192411,0,100,0.0,8.0,200.0,169.0,7,0
2372802115,3,28721,32.13999999999942,287202411,0,100,0.0,8.0,200.0,169.0,7,0
2372802115,3,28722,32.13999999999942,287212411,0,100,0.0,8.0,200.0,169.0,7,0
2372802115,3,28723,32.13999999999942,287222411,0,100,0.0,8.0,200.0,169.0,7,0
2372802115,3,28724,32.13999999999942,287232411,0,100,0.0,8.0,200.0,169.0,7,0
2372802115,3,28725,32.13999999999942,287242411,0,100,0.0,8.0,200.0,169.0,7,0
2372802115,3,28726,32.13999999999942,287252411,0,100,0.0,8.0,200.0,169.0,7,0
2372802115,3,28727,32.13999999999942,287262411,0,100,0.0,8.0,200.0,169.0,7,0
2372802115,3,28728,32.13999999999942,287272411,0,100,0.0,8.0,200.0,169.0,7,0
2372802115,3,28729,32.13999999999942,287282411,0,100,0.0,8.0,200.0,169.0,7,0
2372802115,3,28730,32.13999999999942,287292411,0,100,0.0,8.0,200.0,169.0,7,0
2372802115,3,28731,32.13999999999942,287302411,0,100,0.0,8.0,200.0,169.0,7,0
2372802115,3,28732,32.13999999999942,287312411,0,100,0.0,8.0,200.0,169.0,7,0
2372802115,3,28733,32.13999999999942,287322411,0,100,0.0,8.0,200.0,169.0,7,0
2372802115,3,28734,32.13999999999942,287332411,0,100,0.0,8.0,200.0,169.0,7,0
2372802115,3,28735,32.13999999999942,287342411,0,100,0.0,8.0,200.0,169.0,7,0
2372802115,3,28736,32.13999999999942,287352411,0,100,0.0,8.0,200.0,169.0,7,0
2372802115,3,28737,32.13999999999942,287362411,0,100,0.0,8.0,200.0,169.0,7,0
2372802115,3,28738,32.13999999999942,287372411,0,100,0.0,8.0,200.0,169.0,7,0
2372802115,3,28739,32.13999999999942,287382411,0,100,0.0,8.0,200.0,169.0,7,0
2372802115,3,28740,32.13999999999942,287392411,0,100,0.0,8.0,200.0,169.0,7,0
2372802115,3,28741,32.13999999999942,287402411,0,100,0.0,8.0,200.0,169.0,7,0
2372802115,3,28742,32.13999999999942,287412411,0,100,0.0,8.0,200.0,169.0,7,0
2372802115,3,28743,32.13999999999942,287422411,0,100,0.0,8.0,200.0,169.0,7,0
2372802115,3,28744,32.13999999999942,287432411,0,100,0.0,8.0,200.0,169.0,7,0
2372802115,3,28745,32.13999999999942,287442411,0,100,0.0,8.0,200.0,169.0,7,0
2372802115,3,28746,32.13999999999942,287452411,0,100,0.0,8.0,200.0,169.0,7,0
2372802115,3,28747,32.13999999999942,287462411,0,100,0.0,8.0,200.0,169.0,7,0
2372802115,3,28748,32.13999999999942,287472411,0,100,0.0,8.0,200.0,169.0,7,0
2372802115,3,28749,32.13999999999942,287482411,0,100,0.0,8.0,200.0,169.0,7,0
2372802115,3,28750,32.13999999999942,287492411,0,100,0.0,8.0,200.0,169.0,7,0
2372802115,3,28751,32.13999999999942,287502411,0,100,0.0,8.0,200.0,169.0,7,0
2372802115,3,28752,32.13999999999942,287512411,0,100,0.0,8.0,200.0,169.0,7,0
2372802115,3,28753,32.13999999999942,287522411,0,100,0.0,8.0,200.0,169.0,7,0
2372802115,3,28754,32.13999999999942,287532411,0,100,0.0,8.0,200.0,169.0,7,0
2372802115,3,28755,32.13999999999942,287542411,0,100,0.0,8.0,200.0,169.0,7,0
2372802115,3,28756,32.13999999999942,287552411,0,100,0.0,8.0,200.0,169.0,7,0
