session,param_revision,sample_seq,host_t,sample_us,encoder_raw,motor_pwm,speed_float,target_float,motor_integral,motor_prelimit,motor_flags,encoder_signed
81662400,8,49978,0.9220000000059372,499772411,0,100,0.0,10.0,200.0,186.0,7,0
81662400,8,49979,0.9220000000059372,499782411,0,100,0.0,10.0,200.0,186.0,7,0
81662400,8,49980,0.9220000000059372,499792411,0,100,0.0,10.0,200.0,186.0,7,0
81662400,8,49981,0.9220000000059372,499802411,0,100,0.0,10.0,200.0,186.0,7,0
81662400,8,49982,0.9220000000059372,499812411,0,100,0.0,10.0,200.0,186.0,7,0
81662400,8,49983,0.9220000000059372,499822411,0,100,0.0,10.0,200.0,186.0,7,0
81662400,8,49984,0.9220000000059372,499832411,0,100,0.0,10.0,200.0,186.0,7,0
81662400,8,49985,0.9220000000059372,499842411,0,100,0.0,10.0,200.0,186.0,7,0
81662400,8,49986,0.9220000000059372,499852411,0,100,0.0,10.0,200.0,186.0,7,0
81662400,8,49987,0.9220000000059372,499862411,0,100,0.0,10.0,200.0,186.0,7,0
81662400,8,49988,0.9220000000059372,499872411,0,100,0.0,10.0,200.0,186.0,7,0
81662400,8,49989,0.9220000000059372,499882411,0,100,0.0,10.0,200.0,186.0,7,0
81662400,8,49990,0.9220000000059372,499892411,0,100,0.0,10.0,200.0,186.0,7,0
81662400,8,49991,0.9220000000059372,499902411,0,100,0.0,10.0,200.0,186.0,7,0
81662400,8,49992,0.9220000000059372,499912411,0,100,0.0,10.0,200.0,186.0,7,0
81662400,9,49993,0.9220000000059372,499922411,0,100,0.0,10.0,200.0,186.0,7,0
81662400,9,49994,0.9220000000059372,499932411,0,100,0.0,10.0,200.0,186.0,7,0
81662400,9,49995,0.9220000000059372,499942411,0,100,0.0,10.0,200.0,186.0,7,0
81662400,9,49996,0.9220000000059372,499952411,0,100,0.0,10.0,200.0,186.0,7,0
81662400,9,49997,0.9220000000059372,499962411,0,100,0.0,10.0,200.0,186.0,7,0
81662400,9,49998,0.9220000000059372,499972411,0,100,0.0,10.0,200.0,186.0,7,0
81662400,9,49999,0.9220000000059372,499982411,0,100,0.0,10.0,200.0,186.0,7,0
81662400,9,50000,0.9220000000059372,499992411,0,100,0.0,10.0,200.0,186.0,7,0
81662400,9,50001,0.9220000000059372,500002411,0,100,0.0,10.0,200.0,186.0,7,0
81662400,9,50002,0.9220000000059372,500012411,0,100,0.0,10.0,200.0,186.0,7,0
81662400,9,50003,0.9220000000059372,500022411,0,100,0.0,10.0,200.0,186.0,7,0
81662400,9,50004,0.9220000000059372,500032411,0,100,0.0,10.0,200.0,186.0,7,0
81662400,9,50005,0.9220000000059372,500042411,0,100,0.0,10.0,200.0,186.0,7,0
81662400,9,50006,0.9220000000059372,500052411,0,100,0.0,10.0,200.0,186.0,7,0
81662400,9,50007,0.9220000000059372,500062411,0,100,0.0,10.0,200.0,186.0,7,0
81662400,9,50008,0.9220000000059372,500072411,0,100,0.0,10.0,200.0,186.0,7,0
81662400,9,50009,0.9220000000059372,500082411,0,100,0.0,10.0,200.0,186.0,7,0
81662400,9,50010,0.9220000000059372,500092411,0,100,0.0,10.0,200.0,186.0,7,0
81662400,9,50011,0.9220000000059372,500102411,0,100,0.0,10.0,200.0,186.0,7,0
81662400,9,50012,0.9220000000059372,500112411,0,100,0.0,10.0,200.0,186.0,7,0
81662400,9,50013,0.9220000000059372,500122411,0,100,0.0,10.0,200.0,186.0,7,0
81662400,9,50014,0.9220000000059372,500132411,0,100,0.0,10.0,200.0,186.0,7,0
81662400,9,50015,0.9220000000059372,500142411,0,100,0.0,10.0,200.0,186.0,7,0
81662400,9,50016,0.9220000000059372,500152411,0,100,0.0,10.0,200.0,186.0,7,0
81662400,9,50017,0.9220000000059372,500162411,0,100,0.0,10.0,200.0,186.0,7,0
81662400,9,50018,0.9220000000059372,500172411,0,100,0.0,10.0,200.0,186.0,7,0
81662400,9,50019,0.9220000000059372,500182411,0,100,0.0,10.0,200.0,186.0,7,0
81662400,9,50020,0.9220000000059372,500192411,0,100,0.0,10.0,200.0,186.0,7,0
81662400,9,50021,0.9220000000059372,500202411,0,100,0.0,10.0,200.0,186.0,7,0
81662400,9,50022,0.9220000000059372,500212411,0,100,0.0,10.0,200.0,186.0,7,0
81662400,9,50023,0.9220000000059372,500222411,0,100,0.0,10.0,200.0,186.0,7,0
81662400,9,50024,0.9220000000059372,500232411,0,100,0.0,10.0,200.0,186.0,7,0
81662400,9,50025,1.4220000000059372,500242411,0,100,0.0,10.0,200.0,186.0,7,0
81662400,9,50026,1.4220000000059372,500252411,0,100,0.0,10.0,200.0,186.0,7,0
81662400,9,50027,1.4220000000059372,500262411,0,100,0.0,10.0,200.0,186.0,7,0
81662400,9,50028,1.4220000000059372,500272411,0,100,0.0,10.0,200.0,186.0,7,0
81662400,9,50029,1.4220000000059372,500282411,0,100,0.0,10.0,200.0,186.0,7,0
81662400,9,50030,1.4220000000059372,500292411,0,100,0.0,10.0,200.0,186.0,7,0
81662400,9,50031,1.4220000000059372,500302411,0,100,0.0,10.0,200.0,186.0,7,0
81662400,9,50032,1.4220000000059372,500312411,0,100,0.0,10.0,200.0,186.0,7,0
81662400,9,50033,1.4220000000059372,500322411,0,100,0.0,10.0,200.0,186.0,7,0
81662400,9,50034,1.4220000000059372,500332411,0,100,0.0,10.0,200.0,186.0,7,0
81662400,9,50035,1.4220000000059372,500342411,0,100,0.0,10.0,200.0,186.0,7,0
81662400,9,50036,1.4220000000059372,500352411,0,100,0.0,10.0,200.0,186.0,7,0
81662400,9,50037,1.4220000000059372,500362411,0,100,0.0,10.0,200.0,186.0,7,0
81662400,9,50038,1.4220000000059372,500372411,0,100,0.0,10.0,200.0,186.0,7,0
81662400,9,50039,1.4220000000059372,500382411,0,100,0.0,10.0,200.0,186.0,7,0
81662400,9,50040,1.4220000000059372,500392411,0,100,0.0,10.0,200.0,186.0,7,0
81662400,9,50041,1.4220000000059372,500402411,0,100,0.0,10.0,200.0,186.0,7,0
81662400,9,50042,1.4220000000059372,500412411,0,100,0.0,10.0,200.0,186.0,7,0
81662400,9,50043,1.4220000000059372,500422411,0,100,0.0,10.0,200.0,186.0,7,0
81662400,9,50044,1.4220000000059372,500432411,0,100,0.0,10.0,200.0,186.0,7,0
81662400,9,50045,1.4220000000059372,500442411,0,100,0.0,10.0,200.0,186.0,7,0
81662400,9,50046,1.4220000000059372,500452411,0,100,0.0,10.0,200.0,186.0,7,0
81662400,9,50047,1.4220000000059372,500462411,0,100,0.0,10.0,200.0,186.0,7,0
81662400,9,50048,1.4220000000059372,500472411,0,100,0.0,10.0,200.0,186.0,7,0
81662400,9,50049,1.4220000000059372,500482411,0,100,0.0,10.0,200.0,186.0,7,0
81662400,9,50050,1.4220000000059372,500492411,0,100,0.0,10.0,200.0,186.0,7,0
81662400,9,50051,1.4220000000059372,500502411,0,100,0.0,10.0,200.0,186.0,7,0
81662400,9,50052,1.4220000000059372,500512411,0,100,0.0,10.0,200.0,186.0,7,0
81662400,9,50053,1.4220000000059372,500522411,0,100,0.0,10.0,200.0,186.0,7,0
81662400,9,50054,1.4220000000059372,500532411,0,100,0.0,10.0,200.0,186.0,7,0
81662400,9,50055,1.4220000000059372,500542411,0,100,0.0,10.0,200.0,186.0,7,0
81662400,9,50056,1.4220000000059372,500552411,0,100,0.0,10.0,200.0,186.0,7,0
81662400,9,50057,1.4220000000059372,500562411,0,100,0.0,10.0,200.0,186.0,7,0
81662400,9,50058,1.4220000000059372,500572411,0,100,0.0,10.0,200.0,186.0,7,0
81662400,9,50059,1.4220000000059372,500582411,0,100,0.0,10.0,200.0,186.0,7,0
81662400,9,50060,1.4220000000059372,500592411,0,100,0.0,10.0,200.0,186.0,7,0
81662400,9,50061,1.4220000000059372,500602411,0,100,0.0,10.0,200.0,186.0,7,0
81662400,9,50062,1.4220000000059372,500612411,0,100,0.0,10.0,200.0,186.0,7,0
81662400,9,50063,1.4220000000059372,500622411,0,100,0.0,10.0,200.0,186.0,7,0
81662400,9,50064,1.4220000000059372,500632411,0,100,0.0,10.0,200.0,186.0,7,0
81662400,9,50065,1.4220000000059372,500642411,0,100,0.0,10.0,200.0,186.0,7,0
81662400,9,50066,1.4220000000059372,500652411,0,100,0.0,10.0,200.0,186.0,7,0
81662400,9,50067,1.4220000000059372,500662411,0,100,0.0,10.0,200.0,186.0,7,0
81662400,9,50068,1.4220000000059372,500672411,0,100,0.0,10.0,200.0,186.0,7,0
81662400,9,50069,1.4220000000059372,500682411,0,100,0.0,10.0,200.0,186.0,7,0
81662400,9,50070,1.4220000000059372,500692411,0,100,0.0,10.0,200.0,186.0,7,0
81662400,9,50071,1.4220000000059372,500702411,0,100,0.0,10.0,200.0,186.0,7,0
81662400,9,50072,1.4220000000059372,500712411,0,100,0.0,10.0,200.0,186.0,7,0
81662400,9,50073,1.9220000000059372,500722411,0,100,0.0,10.0,200.0,186.0,7,0
81662400,9,50074,1.9220000000059372,500732411,0,100,0.0,10.0,200.0,186.0,7,0
81662400,9,50075,1.9220000000059372,500742411,0,100,0.0,10.0,200.0,186.0,7,0
81662400,9,50076,1.9220000000059372,500752411,0,100,0.0,10.0,200.0,186.0,7,0
81662400,9,50077,1.9220000000059372,500762411,0,100,0.0,10.0,200.0,186.0,7,0
81662400,9,50078,1.9220000000059372,500772411,0,100,0.0,10.0,200.0,186.0,7,0
81662400,9,50079,1.9220000000059372,500782411,0,100,0.0,10.0,200.0,186.0,7,0
81662400,9,50080,1.9220000000059372,500792411,0,100,0.0,10.0,200.0,186.0,7,0
81662400,9,50081,1.9220000000059372,500802411,0,100,0.0,10.0,200.0,186.0,7,0
81662400,9,50082,1.9220000000059372,500812411,0,100,0.0,10.0,200.0,186.0,7,0
81662400,9,50083,1.9220000000059372,500822411,0,100,0.0,10.0,200.0,186.0,7,0
81662400,9,50084,1.9220000000059372,500832411,0,100,0.0,10.0,200.0,186.0,7,0
81662400,9,50085,1.9220000000059372,500842411,0,100,0.0,10.0,200.0,186.0,7,0
81662400,9,50086,1.9220000000059372,500852411,0,100,0.0,10.0,200.0,186.0,7,0
81662400,9,50087,1.9220000000059372,500862411,0,100,0.0,10.0,200.0,186.0,7,0
81662400,9,50088,1.9220000000059372,500872411,0,100,0.0,10.0,200.0,186.0,7,0
81662400,9,50089,1.9220000000059372,500882411,0,100,0.0,10.0,200.0,186.0,7,0
81662400,9,50090,1.9220000000059372,500892411,0,100,0.0,10.0,200.0,186.0,7,0
81662400,9,50091,1.9220000000059372,500902411,0,100,0.0,10.0,200.0,186.0,7,0
81662400,9,50092,1.9220000000059372,500912411,0,100,0.0,10.0,200.0,186.0,7,0
81662400,9,50093,1.9220000000059372,500922411,0,100,0.0,10.0,200.0,186.0,7,0
81662400,9,50094,1.9220000000059372,500932411,0,100,0.0,10.0,200.0,186.0,7,0
81662400,9,50095,1.9220000000059372,500942411,0,100,0.0,10.0,200.0,186.0,7,0
81662400,9,50096,1.9220000000059372,500952411,0,100,0.0,10.0,200.0,186.0,7,0
81662400,9,50097,1.9220000000059372,500962411,0,100,0.0,10.0,200.0,186.0,7,0
81662400,9,50098,1.9220000000059372,500972411,0,100,0.0,10.0,200.0,186.0,7,0
81662400,9,50099,1.9220000000059372,500982411,0,100,0.0,10.0,200.0,186.0,7,0
81662400,9,50100,1.9220000000059372,500992411,0,100,0.0,10.0,200.0,186.0,7,0
81662400,9,50101,1.9220000000059372,501002411,0,100,0.0,10.0,200.0,186.0,7,0
81662400,9,50102,1.9220000000059372,501012411,0,100,0.0,10.0,200.0,186.0,7,0
81662400,9,50103,1.9220000000059372,501022411,0,100,0.0,10.0,200.0,186.0,7,0
81662400,9,50104,1.9220000000059372,501032411,0,100,0.0,10.0,200.0,186.0,7,0
81662400,9,50105,1.9220000000059372,501042411,0,100,0.0,10.0,200.0,186.0,7,0
81662400,9,50106,1.9220000000059372,501052411,0,100,0.0,10.0,200.0,186.0,7,0
81662400,9,50107,1.9220000000059372,501062411,0,100,0.0,10.0,200.0,186.0,7,0
81662400,9,50108,1.9220000000059372,501072411,0,100,0.0,10.0,200.0,186.0,7,0
81662400,9,50109,1.9220000000059372,501082411,0,100,0.0,10.0,200.0,186.0,7,0
81662400,9,50110,1.9220000000059372,501092411,0,100,0.0,10.0,200.0,186.0,7,0
81662400,9,50111,1.9220000000059372,501102411,0,100,0.0,10.0,200.0,186.0,7,0
81662400,9,50112,1.9220000000059372,501112411,0,100,0.0,10.0,200.0,186.0,7,0
81662400,9,50113,1.9220000000059372,501122411,0,100,0.0,10.0,200.0,186.0,7,0
81662400,9,50114,1.9220000000059372,501132411,0,100,0.0,10.0,200.0,186.0,7,0
81662400,9,50115,1.9220000000059372,501142411,0,100,0.0,10.0,200.0,186.0,7,0
81662400,9,50116,1.9220000000059372,501152411,0,100,0.0,10.0,200.0,186.0,7,0
81662400,9,50117,1.9220000000059372,501162411,0,100,0.0,10.0,200.0,186.0,7,0
81662400,9,50118,1.9220000000059372,501172411,0,100,0.0,10.0,200.0,186.0,7,0
81662400,9,50119,1.9220000000059372,501182411,0,100,0.0,10.0,200.0,186.0,7,0
81662400,9,50120,1.9220000000059372,501192411,0,100,0.0,10.0,200.0,186.0,7,0
81662400,9,50121,1.9220000000059372,501202411,0,100,0.0,10.0,200.0,186.0,7,0
81662400,9,50122,1.9220000000059372,501212411,0,100,0.0,10.0,200.0,186.0,7,0
81662400,9,50123,1.9220000000059372,501222411,0,100,0.0,10.0,200.0,186.0,7,0
81662400,9,50124,1.9220000000059372,501232411,0,100,0.0,10.0,200.0,186.0,7,0
81662400,9,50125,1.9220000000059372,501242411,0,100,0.0,10.0,200.0,186.0,7,0
81662400,9,50126,1.9220000000059372,501252411,0,100,0.0,10.0,200.0,186.0,7,0
81662400,9,50127,1.9220000000059372,501262411,0,100,0.0,10.0,200.0,186.0,7,0
81662400,9,50128,1.9220000000059372,501272411,0,100,0.0,10.0,200.0,186.0,7,0
81662400,9,50129,2.2189999999973224,501282411,0,100,0.0,10.0,200.0,186.0,7,0
81662400,9,50130,2.2189999999973224,501292411,0,100,0.0,10.0,200.0,186.0,7,0
81662400,9,50131,2.2189999999973224,501302411,0,100,0.0,10.0,200.0,186.0,7,0
81662400,9,50132,2.2189999999973224,501312411,0,100,0.0,10.0,200.0,186.0,7,0
81662400,9,50133,2.2189999999973224,501322411,0,100,0.0,10.0,200.0,186.0,7,0
81662400,9,50134,2.2189999999973224,501332411,0,100,0.0,10.0,200.0,186.0,7,0
81662400,9,50135,2.2189999999973224,501342411,0,100,0.0,10.0,200.0,186.0,7,0
81662400,9,50136,2.2189999999973224,501352411,0,100,0.0,10.0,200.0,186.0,7,0
81662400,9,50137,2.2189999999973224,501362411,0,100,0.0,10.0,200.0,186.0,7,0
81662400,9,50138,2.2189999999973224,501372411,0,100,0.0,10.0,200.0,186.0,7,0
81662400,9,50139,2.2189999999973224,501382411,0,100,0.0,10.0,200.0,186.0,7,0
81662400,9,50140,2.2189999999973224,501392411,0,100,0.0,10.0,200.0,186.0,7,0
81662400,9,50141,2.2189999999973224,501402411,0,100,0.0,10.0,200.0,186.0,7,0
81662400,9,50142,2.2189999999973224,501412411,0,100,0.0,10.0,200.0,186.0,7,0
81662400,9,50143,2.2189999999973224,501422411,0,100,0.0,10.0,200.0,186.0,7,0
81662400,9,50144,2.2189999999973224,501432411,0,100,0.0,10.0,200.0,186.0,7,0
81662400,9,50145,2.2189999999973224,501442411,0,100,0.0,10.0,200.0,186.0,7,0
81662400,9,50146,2.2189999999973224,501452411,0,100,0.0,10.0,200.0,186.0,7,0
81662400,9,50147,2.2189999999973224,501462411,0,100,0.0,10.0,200.0,186.0,7,0
81662400,9,50148,2.2189999999973224,501472411,0,100,0.0,10.0,200.0,186.0,7,0
81662400,9,50149,2.2189999999973224,501482411,0,100,0.0,10.0,200.0,186.0,7,0
81662400,9,50150,2.2189999999973224,501492411,0,100,0.0,10.0,200.0,186.0,7,0
81662400,9,50151,2.2189999999973224,501502411,0,100,0.0,10.0,200.0,186.0,7,0
81662400,9,50152,2.2189999999973224,501512411,0,100,0.0,10.0,200.0,186.0,7,0
81662400,9,50153,2.5310000000026776,501522411,0,100,0.0,10.0,200.0,186.0,7,0
81662400,9,50154,2.5310000000026776,501532411,0,100,0.0,10.0,200.0,186.0,7,0
81662400,9,50155,2.5310000000026776,501542411,0,100,0.0,10.0,200.0,186.0,7,0
81662400,9,50156,2.5310000000026776,501552411,0,100,0.0,10.0,200.0,186.0,7,0
81662400,9,50157,2.5310000000026776,501562411,0,100,0.0,10.0,200.0,186.0,7,0
81662400,9,50158,2.5310000000026776,501572411,0,100,0.0,10.0,200.0,186.0,7,0
81662400,9,50159,2.5310000000026776,501582411,0,100,0.0,10.0,200.0,186.0,7,0
81662400,9,50160,2.5310000000026776,501592411,0,100,0.0,10.0,200.0,186.0,7,0
81662400,9,50161,2.5310000000026776,501602411,0,100,0.0,10.0,200.0,186.0,7,0
81662400,9,50162,2.5310000000026776,501612411,0,100,0.0,10.0,200.0,186.0,7,0
81662400,9,50163,2.5310000000026776,501622411,0,100,0.0,10.0,200.0,186.0,7,0
81662400,9,50164,2.5310000000026776,501632411,0,100,0.0,10.0,200.0,186.0,7,0
81662400,9,50165,2.5310000000026776,501642411,0,100,0.0,10.0,200.0,186.0,7,0
81662400,9,50166,2.5310000000026776,501652411,0,100,0.0,10.0,200.0,186.0,7,0
81662400,9,50167,2.5310000000026776,501662411,0,100,0.0,10.0,200.0,186.0,7,0
81662400,9,50168,2.5310000000026776,501672411,0,100,0.0,10.0,200.0,186.0,7,0
81662400,9,50169,2.5310000000026776,501682411,0,100,0.0,10.0,200.0,186.0,7,0
81662400,9,50170,2.5310000000026776,501692411,0,100,0.0,10.0,200.0,186.0,7,0
81662400,9,50171,2.5310000000026776,501702411,0,100,0.0,10.0,200.0,186.0,7,0
81662400,9,50172,2.5310000000026776,501712411,0,100,0.0,10.0,200.0,186.0,7,0
81662400,9,50173,2.5310000000026776,501722411,0,100,0.0,10.0,200.0,186.0,7,0
81662400,9,50174,2.5310000000026776,501732411,0,100,0.0,10.0,200.0,186.0,7,0
81662400,9,50175,2.5310000000026776,501742411,0,100,0.0,10.0,200.0,186.0,7,0
81662400,9,50176,2.5310000000026776,501752411,0,100,0.0,10.0,200.0,186.0,7,0
81662400,9,50177,2.5310000000026776,501762411,0,100,0.0,10.0,200.0,186.0,7,0
81662400,9,50178,2.5310000000026776,501772411,0,100,0.0,10.0,200.0,186.0,7,0
81662400,9,50179,2.5310000000026776,501782411,0,100,0.0,10.0,200.0,186.0,7,0
81662400,9,50180,2.5310000000026776,501792411,0,100,0.0,10.0,200.0,186.0,7,0
81662400,9,50181,2.5310000000026776,501802411,0,100,0.0,10.0,200.0,186.0,7,0
81662400,9,50182,2.5310000000026776,501812411,0,100,0.0,10.0,200.0,186.0,7,0
81662400,9,50183,2.5310000000026776,501822411,0,100,0.0,10.0,200.0,186.0,7,0
81662400,9,50184,2.5310000000026776,501832411,0,100,0.0,10.0,200.0,186.0,7,0
81662400,9,50185,3.0939999999973224,501842411,0,100,0.0,10.0,200.0,186.0,7,0
81662400,9,50186,3.0939999999973224,501852411,0,100,0.0,10.0,200.0,186.0,7,0
81662400,9,50187,3.0939999999973224,501862411,0,100,0.0,10.0,200.0,186.0,7,0
81662400,9,50188,3.0939999999973224,501872411,0,100,0.0,10.0,200.0,186.0,7,0
81662400,9,50189,3.0939999999973224,501882411,0,100,0.0,10.0,200.0,186.0,7,0
81662400,9,50190,3.0939999999973224,501892411,0,100,0.0,10.0,200.0,186.0,7,0
81662400,9,50191,3.0939999999973224,501902411,0,100,0.0,10.0,200.0,186.0,7,0
81662400,9,50192,3.0939999999973224,501912411,0,100,0.0,10.0,200.0,186.0,7,0
81662400,9,50193,3.0939999999973224,501922411,0,100,0.0,10.0,200.0,186.0,7,0
81662400,9,50194,3.0939999999973224,501932411,0,100,0.0,10.0,200.0,186.0,7,0
81662400,9,50195,3.0939999999973224,501942411,0,100,0.0,10.0,200.0,186.0,7,0
81662400,9,50196,3.0939999999973224,501952411,0,100,0.0,10.0,200.0,186.0,7,0
81662400,9,50197,3.0939999999973224,501962411,0,100,0.0,10.0,200.0,186.0,7,0
81662400,9,50198,3.0939999999973224,501972411,0,100,0.0,10.0,200.0,186.0,7,0
81662400,9,50199,3.0939999999973224,501982411,0,100,0.0,10.0,200.0,186.0,7,0
81662400,9,50200,3.0939999999973224,501992411,0,100,0.0,10.0,200.0,186.0,7,0
81662400,9,50201,3.0939999999973224,502002411,0,100,0.0,10.0,200.0,186.0,7,0
81662400,9,50202,3.0939999999973224,502012411,0,100,0.0,10.0,200.0,186.0,7,0
81662400,9,50203,3.0939999999973224,502022411,0,100,0.0,10.0,200.0,186.0,7,0
81662400,9,50204,3.0939999999973224,502032411,0,100,0.0,10.0,200.0,186.0,7,0
81662400,9,50205,3.0939999999973224,502042411,0,100,0.0,10.0,200.0,186.0,7,0
81662400,9,50206,3.0939999999973224,502052411,0,100,0.0,10.0,200.0,186.0,7,0
81662400,9,50207,3.0939999999973224,502062411,0,100,0.0,10.0,200.0,186.0,7,0
81662400,9,50208,3.0939999999973224,502072411,0,100,0.0,10.0,200.0,186.0,7,0
81662400,9,50209,3.0939999999973224,502082411,0,100,0.0,10.0,200.0,186.0,7,0
81662400,9,50210,3.0939999999973224,502092411,0,100,0.0,10.0,200.0,186.0,7,0
81662400,9,50211,3.0939999999973224,502102411,0,100,0.0,10.0,200.0,186.0,7,0
81662400,9,50212,3.0939999999973224,502112411,0,100,0.0,10.0,200.0,186.0,7,0
81662400,9,50213,3.0939999999973224,502122411,0,100,0.0,10.0,200.0,186.0,7,0
81662400,9,50214,3.0939999999973224,502132411,0,100,0.0,10.0,200.0,186.0,7,0
81662400,9,50215,3.0939999999973224,502142411,0,100,0.0,10.0,200.0,186.0,7,0
81662400,9,50216,3.0939999999973224,502152411,0,100,0.0,10.0,200.0,186.0,7,0
81662400,9,50217,3.0939999999973224,502162411,0,100,0.0,10.0,200.0,186.0,7,0
81662400,9,50218,3.0939999999973224,502172411,0,100,0.0,10.0,200.0,186.0,7,0
81662400,9,50219,3.0939999999973224,502182411,0,100,0.0,10.0,200.0,186.0,7,0
81662400,9,50220,3.0939999999973224,502192411,0,100,0.0,10.0,200.0,186.0,7,0
81662400,9,50221,3.0939999999973224,502202411,0,100,0.0,10.0,200.0,186.0,7,0
81662400,9,50222,3.0939999999973224,502212411,0,100,0.0,10.0,200.0,186.0,7,0
81662400,9,50223,3.0939999999973224,502222411,0,100,0.0,10.0,200.0,186.0,7,0
81662400,9,50224,3.0939999999973224,502232411,0,100,0.0,10.0,200.0,186.0,7,0
81662400,9,50225,3.0939999999973224,502242411,0,100,0.0,10.0,200.0,186.0,7,0
81662400,9,50226,3.0939999999973224,502252411,0,100,0.0,10.0,200.0,186.0,7,0
81662400,9,50227,3.0939999999973224,502262411,0,100,0.0,10.0,200.0,186.0,7,0
81662400,9,50228,3.0939999999973224,502272411,0,100,0.0,10.0,200.0,186.0,7,0
81662400,9,50229,3.0939999999973224,502282411,0,100,0.0,10.0,200.0,186.0,7,0
81662400,9,50230,3.0939999999973224,502292411,0,100,0.0,10.0,200.0,186.0,7,0
81662400,9,50231,3.0939999999973224,502302411,0,100,0.0,10.0,200.0,186.0,7,0
81662400,9,50232,3.0939999999973224,502312411,0,100,0.0,10.0,200.0,186.0,7,0
81662400,9,50233,3.0939999999973224,502322411,0,100,0.0,10.0,200.0,186.0,7,0
81662400,9,50234,3.0939999999973224,502332411,0,100,0.0,10.0,200.0,186.0,7,0
81662400,9,50235,3.0939999999973224,502342411,0,100,0.0,10.0,200.0,186.0,7,0
81662400,9,50236,3.0939999999973224,502352411,0,100,0.0,10.0,200.0,186.0,7,0
81662400,9,50237,3.0939999999973224,502362411,0,100,0.0,10.0,200.0,186.0,7,0
81662400,9,50238,3.0939999999973224,502372411,0,100,0.0,10.0,200.0,186.0,7,0
81662400,9,50239,3.0939999999973224,502382411,0,100,0.0,10.0,200.0,186.0,7,0
81662400,9,50240,3.0939999999973224,502392411,0,100,0.0,10.0,200.0,186.0,7,0
81662400,9,50241,3.1560000000026776,502402411,0,100,0.0,10.0,200.0,186.0,7,0
81662400,9,50242,3.1560000000026776,502412420,0,100,0.0,10.0,200.0,186.0,7,0
81662400,9,50243,3.1560000000026776,502422411,0,100,0.0,10.0,200.0,186.0,7,0
81662400,9,50244,3.1560000000026776,502432411,0,100,0.0,10.0,200.0,186.0,7,0
81662400,9,50245,3.1560000000026776,502442411,0,100,0.0,10.0,200.0,186.0,7,0
81662400,9,50246,3.1560000000026776,502452411,0,100,0.0,10.0,200.0,186.0,7,0
81662400,9,50247,3.1560000000026776,502462411,0,100,0.0,10.0,200.0,186.0,7,0
81662400,9,50248,3.1560000000026776,502472411,0,100,0.0,10.0,200.0,186.0,7,0
81662400,9,50249,3.687999999994645,502482411,0,100,0.0,10.0,200.0,186.0,7,0
81662400,9,50250,3.687999999994645,502492411,0,100,0.0,10.0,200.0,186.0,7,0
81662400,9,50251,3.687999999994645,502502411,0,100,0.0,10.0,200.0,186.0,7,0
81662400,9,50252,3.687999999994645,502512411,0,100,0.0,10.0,200.0,186.0,7,0
81662400,9,50253,3.687999999994645,502522411,0,100,0.0,10.0,200.0,186.0,7,0
81662400,9,50254,3.687999999994645,502532411,0,100,0.0,10.0,200.0,186.0,7,0
81662400,9,50255,3.687999999994645,502542411,0,100,0.0,10.0,200.0,186.0,7,0
81662400,9,50256,3.687999999994645,502552411,0,100,0.0,10.0,200.0,186.0,7,0
81662400,9,50257,3.687999999994645,502562411,0,100,0.0,10.0,200.0,186.0,7,0
81662400,9,50258,3.687999999994645,502572411,0,100,0.0,10.0,200.0,186.0,7,0
81662400,9,50259,3.687999999994645,502582411,0,100,0.0,10.0,200.0,186.0,7,0
81662400,9,50260,3.687999999994645,502592411,0,100,0.0,10.0,200.0,186.0,7,0
81662400,9,50261,3.687999999994645,502602411,0,100,0.0,10.0,200.0,186.0,7,0
81662400,9,50262,3.687999999994645,502612411,0,100,0.0,10.0,200.0,186.0,7,0
81662400,9,50263,3.687999999994645,502622411,0,100,0.0,10.0,200.0,186.0,7,0
81662400,9,50264,3.687999999994645,502632411,0,100,0.0,10.0,200.0,186.0,7,0
81662400,9,50265,3.687999999994645,502642411,0,100,0.0,10.0,200.0,186.0,7,0
81662400,9,50266,3.687999999994645,502652411,0,100,0.0,10.0,200.0,186.0,7,0
81662400,9,50267,3.687999999994645,502662411,0,100,0.0,10.0,200.0,186.0,7,0
81662400,9,50268,3.687999999994645,502672411,0,100,0.0,10.0,200.0,186.0,7,0
81662400,9,50269,3.687999999994645,502682411,0,100,0.0,10.0,200.0,186.0,7,0
81662400,9,50270,3.687999999994645,502692411,0,100,0.0,10.0,200.0,186.0,7,0
81662400,9,50271,3.687999999994645,502702411,0,100,0.0,10.0,200.0,186.0,7,0
81662400,9,50272,3.687999999994645,502712411,0,100,0.0,10.0,200.0,186.0,7,0
81662400,9,50273,3.687999999994645,502722411,0,100,0.0,10.0,200.0,186.0,7,0
81662400,9,50274,3.687999999994645,502732411,0,100,0.0,10.0,200.0,186.0,7,0
81662400,9,50275,3.687999999994645,502742411,0,100,0.0,10.0,200.0,186.0,7,0
81662400,9,50276,3.687999999994645,502752411,0,100,0.0,10.0,200.0,186.0,7,0
81662400,9,50277,3.687999999994645,502762411,0,100,0.0,10.0,200.0,186.0,7,0
81662400,9,50278,3.687999999994645,502772411,0,100,0.0,10.0,200.0,186.0,7,0
81662400,9,50279,3.687999999994645,502782411,0,100,0.0,10.0,200.0,186.0,7,0
81662400,9,50280,3.687999999994645,502792411,0,100,0.0,10.0,200.0,186.0,7,0
81662400,9,50281,3.687999999994645,502802411,0,100,0.0,10.0,200.0,186.0,7,0
81662400,9,50282,3.687999999994645,502812411,0,100,0.0,10.0,200.0,186.0,7,0
81662400,9,50283,3.687999999994645,502822411,0,100,0.0,10.0,200.0,186.0,7,0
81662400,9,50284,3.687999999994645,502832411,0,100,0.0,10.0,200.0,186.0,7,0
81662400,9,50285,3.687999999994645,502842411,0,100,0.0,10.0,200.0,186.0,7,0
81662400,9,50286,3.687999999994645,502852411,0,100,0.0,10.0,200.0,186.0,7,0
81662400,9,50287,3.687999999994645,502862411,0,100,0.0,10.0,200.0,186.0,7,0
81662400,9,50288,3.687999999994645,502872411,0,100,0.0,10.0,200.0,186.0,7,0
81662400,9,50289,3.687999999994645,502882411,0,100,0.0,10.0,200.0,186.0,7,0
81662400,9,50290,3.687999999994645,502892411,0,100,0.0,10.0,200.0,186.0,7,0
81662400,9,50291,3.687999999994645,502902411,0,100,0.0,10.0,200.0,186.0,7,0
81662400,9,50292,3.687999999994645,502912411,0,100,0.0,10.0,200.0,186.0,7,0
81662400,9,50293,3.687999999994645,502922411,0,100,0.0,10.0,200.0,186.0,7,0
81662400,9,50294,3.687999999994645,502932411,0,100,0.0,10.0,200.0,186.0,7,0
81662400,9,50295,3.687999999994645,502942411,0,100,0.0,10.0,200.0,186.0,7,0
81662400,9,50296,3.687999999994645,502952411,0,100,0.0,10.0,200.0,186.0,7,0
81662400,9,50297,3.687999999994645,502962411,0,100,0.0,10.0,200.0,186.0,7,0
81662400,9,50298,3.687999999994645,502972411,0,100,0.0,10.0,200.0,186.0,7,0
81662400,9,50299,3.687999999994645,502982411,0,100,0.0,10.0,200.0,186.0,7,0
81662400,9,50300,3.687999999994645,502992411,0,100,0.0,10.0,200.0,186.0,7,0
81662400,9,50301,3.687999999994645,503002411,0,100,0.0,10.0,200.0,186.0,7,0
81662400,9,50302,3.687999999994645,503012411,0,100,0.0,10.0,200.0,186.0,7,0
81662400,9,50303,3.687999999994645,503022411,0,100,0.0,10.0,200.0,186.0,7,0
81662400,9,50304,3.687999999994645,503032411,0,100,0.0,10.0,200.0,186.0,7,0
81662400,9,50305,3.985000000000582,503042411,0,100,0.0,10.0,200.0,186.0,7,0
81662400,9,50306,3.985000000000582,503052411,0,100,0.0,10.0,200.0,186.0,7,0
81662400,9,50307,3.985000000000582,503062411,0,100,0.0,10.0,200.0,186.0,7,0
81662400,9,50308,3.985000000000582,503072417,0,100,0.0,10.0,200.0,186.0,7,0
81662400,9,50309,3.985000000000582,503082411,0,100,0.0,10.0,200.0,186.0,7,0
81662400,9,50310,3.985000000000582,503092411,0,100,0.0,10.0,200.0,186.0,7,0
81662400,9,50311,3.985000000000582,503102411,0,100,0.0,10.0,200.0,186.0,7,0
81662400,9,50312,3.985000000000582,503112411,0,100,0.0,10.0,200.0,186.0,7,0
81662400,9,50313,3.985000000000582,503122411,0,100,0.0,10.0,200.0,186.0,7,0
81662400,9,50314,3.985000000000582,503132411,0,100,0.0,10.0,200.0,186.0,7,0
81662400,9,50315,3.985000000000582,503142411,0,100,0.0,10.0,200.0,186.0,7,0
81662400,9,50316,3.985000000000582,503152411,0,100,0.0,10.0,200.0,186.0,7,0
81662400,9,50317,3.985000000000582,503162411,0,100,0.0,10.0,200.0,186.0,7,0
81662400,9,50318,3.985000000000582,503172411,0,100,0.0,10.0,200.0,186.0,7,0
81662400,9,50319,3.985000000000582,503182411,0,100,0.0,10.0,200.0,186.0,7,0
81662400,9,50320,3.985000000000582,503192411,0,100,0.0,10.0,200.0,186.0,7,0
81662400,9,50321,3.985000000000582,503202411,0,100,0.0,10.0,200.0,186.0,7,0
81662400,9,50322,3.985000000000582,503212411,0,100,0.0,10.0,200.0,186.0,7,0
81662400,9,50323,3.985000000000582,503222411,0,100,0.0,10.0,200.0,186.0,7,0
81662400,9,50324,3.985000000000582,503232411,0,100,0.0,10.0,200.0,186.0,7,0
81662400,9,50325,3.985000000000582,503242411,0,100,0.0,10.0,200.0,186.0,7,0
81662400,9,50326,3.985000000000582,503252411,0,100,0.0,10.0,200.0,186.0,7,0
81662400,9,50327,3.985000000000582,503262411,0,100,0.0,10.0,200.0,186.0,7,0
81662400,9,50328,3.985000000000582,503272411,0,100,0.0,10.0,200.0,186.0,7,0
81662400,9,50329,4.547000000005937,503282411,0,100,0.0,10.0,200.0,186.0,7,0
81662400,9,50330,4.547000000005937,503292411,0,100,0.0,10.0,200.0,186.0,7,0
81662400,9,50331,4.547000000005937,503302411,0,100,0.0,10.0,200.0,186.0,7,0
81662400,9,50332,4.547000000005937,503312411,0,100,0.0,10.0,200.0,186.0,7,0
81662400,9,50333,4.547000000005937,503322411,0,100,0.0,10.0,200.0,186.0,7,0
81662400,9,50334,4.547000000005937,503332411,0,100,0.0,10.0,200.0,186.0,7,0
81662400,9,50335,4.547000000005937,503342411,0,100,0.0,10.0,200.0,186.0,7,0
81662400,9,50336,4.547000000005937,503352411,0,100,0.0,10.0,200.0,186.0,7,0
81662400,9,50337,4.547000000005937,503362411,0,100,0.0,10.0,200.0,186.0,7,0
81662400,9,50338,4.547000000005937,503372411,0,100,0.0,10.0,200.0,186.0,7,0
81662400,9,50339,4.547000000005937,503382411,0,100,0.0,10.0,200.0,186.0,7,0
81662400,9,50340,4.547000000005937,503392411,0,100,0.0,10.0,200.0,186.0,7,0
81662400,9,50341,4.547000000005937,503402411,0,100,0.0,10.0,200.0,186.0,7,0
81662400,9,50342,4.547000000005937,503412411,0,100,0.0,10.0,200.0,186.0,7,0
81662400,9,50343,4.547000000005937,503422411,0,100,0.0,10.0,200.0,186.0,7,0
81662400,9,50344,4.547000000005937,503432411,0,100,0.0,10.0,200.0,186.0,7,0
81662400,9,50345,4.547000000005937,503442411,0,100,0.0,10.0,200.0,186.0,7,0
81662400,9,50346,4.547000000005937,503452411,0,100,0.0,10.0,200.0,186.0,7,0
81662400,9,50347,4.547000000005937,503462411,0,100,0.0,10.0,200.0,186.0,7,0
81662400,9,50348,4.547000000005937,503472411,0,100,0.0,10.0,200.0,186.0,7,0
81662400,9,50349,4.547000000005937,503482411,0,100,0.0,10.0,200.0,186.0,7,0
81662400,9,50350,4.547000000005937,503492411,0,100,0.0,10.0,200.0,186.0,7,0
81662400,9,50351,4.547000000005937,503502411,0,100,0.0,10.0,200.0,186.0,7,0
81662400,9,50352,4.547000000005937,503512411,0,100,0.0,10.0,200.0,186.0,7,0
81662400,9,50353,4.547000000005937,503522411,0,100,0.0,10.0,200.0,186.0,7,0
81662400,9,50354,4.547000000005937,503532411,0,100,0.0,10.0,200.0,186.0,7,0
81662400,9,50355,4.547000000005937,503542411,0,100,0.0,10.0,200.0,186.0,7,0
81662400,9,50356,4.547000000005937,503552411,0,100,0.0,10.0,200.0,186.0,7,0
81662400,9,50357,4.547000000005937,503562411,0,100,0.0,10.0,200.0,186.0,7,0
81662400,9,50358,4.547000000005937,503572411,0,100,0.0,10.0,200.0,186.0,7,0
81662400,9,50359,4.547000000005937,503582411,0,100,0.0,10.0,200.0,186.0,7,0
81662400,9,50360,4.547000000005937,503592411,0,100,0.0,10.0,200.0,186.0,7,0
81662400,9,50361,4.547000000005937,503602411,0,100,0.0,10.0,200.0,186.0,7,0
81662400,9,50362,4.547000000005937,503612411,0,100,0.0,10.0,200.0,186.0,7,0
81662400,9,50363,4.547000000005937,503622411,0,100,0.0,10.0,200.0,186.0,7,0
81662400,9,50364,4.547000000005937,503632411,0,100,0.0,10.0,200.0,186.0,7,0
81662400,9,50365,4.547000000005937,503642411,0,100,0.0,10.0,200.0,186.0,7,0
81662400,9,50366,4.547000000005937,503652411,0,100,0.0,10.0,200.0,186.0,7,0
81662400,9,50367,4.547000000005937,503662411,0,100,0.0,10.0,200.0,186.0,7,0
81662400,9,50368,4.547000000005937,503672411,0,100,0.0,10.0,200.0,186.0,7,0
81662400,9,50369,4.547000000005937,503682411,0,100,0.0,10.0,200.0,186.0,7,0
81662400,9,50370,4.547000000005937,503692411,0,100,0.0,10.0,200.0,186.0,7,0
81662400,9,50371,4.547000000005937,503702411,0,100,0.0,10.0,200.0,186.0,7,0
81662400,9,50372,4.547000000005937,503712411,0,100,0.0,10.0,200.0,186.0,7,0
81662400,9,50373,4.547000000005937,503722411,0,100,0.0,10.0,200.0,186.0,7,0
81662400,9,50374,4.547000000005937,503732411,0,100,0.0,10.0,200.0,186.0,7,0
81662400,9,50375,4.547000000005937,503742411,0,100,0.0,10.0,200.0,186.0,7,0
81662400,9,50376,4.547000000005937,503752411,0,100,0.0,10.0,200.0,186.0,7,0
81662400,9,50377,4.547000000005937,503762411,0,100,0.0,10.0,200.0,186.0,7,0
81662400,9,50378,4.547000000005937,503772411,0,100,0.0,10.0,200.0,186.0,7,0
81662400,9,50379,4.547000000005937,503782411,0,100,0.0,10.0,200.0,186.0,7,0
81662400,9,50380,4.547000000005937,503792411,0,100,0.0,10.0,200.0,186.0,7,0
81662400,9,50381,4.547000000005937,503802411,0,100,0.0,10.0,200.0,186.0,7,0
81662400,9,50382,4.547000000005937,503812411,0,100,0.0,10.0,200.0,186.0,7,0
81662400,9,50383,4.547000000005937,503822411,0,100,0.0,10.0,200.0,186.0,7,0
81662400,9,50384,4.547000000005937,503832411,0,100,0.0,10.0,200.0,186.0,7,0
81662400,9,50385,5.110000000000582,503842411,0,100,0.0,10.0,200.0,186.0,7,0
81662400,9,50386,5.110000000000582,503852411,0,100,0.0,10.0,200.0,186.0,7,0
81662400,9,50387,5.110000000000582,503862411,0,100,0.0,10.0,200.0,186.0,7,0
81662400,9,50388,5.110000000000582,503872411,0,100,0.0,10.0,200.0,186.0,7,0
81662400,9,50389,5.110000000000582,503882411,0,100,0.0,10.0,200.0,186.0,7,0
81662400,9,50390,5.110000000000582,503892411,0,100,0.0,10.0,200.0,186.0,7,0
81662400,9,50391,5.110000000000582,503902411,0,100,0.0,10.0,200.0,186.0,7,0
81662400,9,50392,5.110000000000582,503912411,0,100,0.0,10.0,200.0,186.0,7,0
81662400,9,50393,5.110000000000582,503922411,0,100,0.0,10.0,200.0,186.0,7,0
81662400,9,50394,5.110000000000582,503932411,0,100,0.0,10.0,200.0,186.0,7,0
81662400,9,50395,5.110000000000582,503942411,0,100,0.0,10.0,200.0,186.0,7,0
81662400,9,50396,5.110000000000582,503952411,0,100,0.0,10.0,200.0,186.0,7,0
81662400,9,50397,5.110000000000582,503962411,0,100,0.0,10.0,200.0,186.0,7,0
81662400,9,50398,5.110000000000582,503972411,0,100,0.0,10.0,200.0,186.0,7,0
81662400,9,50399,5.110000000000582,503982411,0,100,0.0,10.0,200.0,186.0,7,0
81662400,9,50400,5.110000000000582,503992411,0,100,0.0,10.0,200.0,186.0,7,0
81662400,9,50401,5.110000000000582,504002411,0,100,0.0,10.0,200.0,186.0,7,0
81662400,9,50402,5.110000000000582,504012411,0,100,0.0,10.0,200.0,186.0,7,0
81662400,9,50403,5.110000000000582,504022411,0,100,0.0,10.0,200.0,186.0,7,0
81662400,9,50404,5.110000000000582,504032411,0,100,0.0,10.0,200.0,186.0,7,0
81662400,9,50405,5.110000000000582,504042411,0,100,0.0,10.0,200.0,186.0,7,0
81662400,9,50406,5.110000000000582,504052411,0,100,0.0,10.0,200.0,186.0,7,0
81662400,9,50407,5.110000000000582,504062411,0,100,0.0,10.0,200.0,186.0,7,0
81662400,9,50408,5.110000000000582,504072411,0,100,0.0,10.0,200.0,186.0,7,0
81662400,9,50409,5.110000000000582,504082411,0,100,0.0,10.0,200.0,186.0,7,0
81662400,9,50410,5.110000000000582,504092411,0,100,0.0,10.0,200.0,186.0,7,0
81662400,9,50411,5.110000000000582,504102411,0,100,0.0,10.0,200.0,186.0,7,0
81662400,9,50412,5.110000000000582,504112411,0,100,0.0,10.0,200.0,186.0,7,0
81662400,9,50413,5.110000000000582,504122411,0,100,0.0,10.0,200.0,186.0,7,0
81662400,9,50414,5.110000000000582,504132411,0,100,0.0,10.0,200.0,186.0,7,0
81662400,9,50415,5.110000000000582,504142411,0,100,0.0,10.0,200.0,186.0,7,0
81662400,9,50416,5.110000000000582,504152411,0,100,0.0,10.0,200.0,186.0,7,0
81662400,9,50417,5.110000000000582,504162411,0,100,0.0,10.0,200.0,186.0,7,0
81662400,9,50418,5.110000000000582,504172411,0,100,0.0,10.0,200.0,186.0,7,0
81662400,9,50419,5.110000000000582,504182411,0,100,0.0,10.0,200.0,186.0,7,0
81662400,9,50420,5.110000000000582,504192411,0,100,0.0,10.0,200.0,186.0,7,0
81662400,9,50421,5.110000000000582,504202411,0,100,0.0,10.0,200.0,186.0,7,0
81662400,9,50422,5.110000000000582,504212411,0,100,0.0,10.0,200.0,186.0,7,0
81662400,9,50423,5.110000000000582,504222411,0,100,0.0,10.0,200.0,186.0,7,0
81662400,9,50424,5.110000000000582,504232411,0,100,0.0,10.0,200.0,186.0,7,0
81662400,9,50425,5.110000000000582,504242411,0,100,0.0,10.0,200.0,186.0,7,0
81662400,9,50426,5.110000000000582,504252411,0,100,0.0,10.0,200.0,186.0,7,0
81662400,9,50427,5.110000000000582,504262411,0,100,0.0,10.0,200.0,186.0,7,0
81662400,9,50428,5.110000000000582,504272411,0,100,0.0,10.0,200.0,186.0,7,0
81662400,9,50429,5.110000000000582,504282411,0,100,0.0,10.0,200.0,186.0,7,0
81662400,9,50430,5.110000000000582,504292411,0,100,0.0,10.0,200.0,186.0,7,0
81662400,9,50431,5.110000000000582,504302411,0,100,0.0,10.0,200.0,186.0,7,0
81662400,9,50432,5.110000000000582,504312411,0,100,0.0,10.0,200.0,186.0,7,0
81662400,9,50433,5.110000000000582,504322411,0,100,0.0,10.0,200.0,186.0,7,0
81662400,9,50434,5.110000000000582,504332411,0,100,0.0,10.0,200.0,186.0,7,0
81662400,9,50435,5.110000000000582,504342411,0,100,0.0,10.0,200.0,186.0,7,0
81662400,9,50436,5.110000000000582,504352411,0,100,0.0,10.0,200.0,186.0,7,0
81662400,9,50437,5.110000000000582,504362411,0,100,0.0,10.0,200.0,186.0,7,0
81662400,9,50438,5.110000000000582,504372411,0,100,0.0,10.0,200.0,186.0,7,0
81662400,9,50439,5.110000000000582,504382411,0,100,0.0,10.0,200.0,186.0,7,0
81662400,9,50440,5.110000000000582,504392411,0,100,0.0,10.0,200.0,186.0,7,0
81662400,9,50441,5.64100000000326,504402411,0,100,0.0,10.0,200.0,186.0,7,0
81662400,9,50442,5.64100000000326,504412411,0,100,0.0,10.0,200.0,186.0,7,0
81662400,9,50443,5.64100000000326,504422411,0,100,0.0,10.0,200.0,186.0,7,0
81662400,9,50444,5.64100000000326,504432411,0,100,0.0,10.0,200.0,186.0,7,0
81662400,9,50445,5.64100000000326,504442411,0,100,0.0,10.0,200.0,186.0,7,0
81662400,9,50446,5.64100000000326,504452411,0,100,0.0,10.0,200.0,186.0,7,0
81662400,9,50447,5.64100000000326,504462411,0,100,0.0,10.0,200.0,186.0,7,0
81662400,9,50448,5.64100000000326,504472411,0,100,0.0,10.0,200.0,186.0,7,0
81662400,9,50449,5.64100000000326,504482411,0,100,0.0,10.0,200.0,186.0,7,0
81662400,9,50450,5.64100000000326,504492411,0,100,0.0,10.0,200.0,186.0,7,0
81662400,9,50451,5.64100000000326,504502411,0,100,0.0,10.0,200.0,186.0,7,0
81662400,9,50452,5.64100000000326,504512411,0,100,0.0,10.0,200.0,186.0,7,0
81662400,9,50453,5.64100000000326,504522411,0,100,0.0,10.0,200.0,186.0,7,0
81662400,9,50454,5.64100000000326,504532411,0,100,0.0,10.0,200.0,186.0,7,0
81662400,9,50455,5.64100000000326,504542411,0,100,0.0,10.0,200.0,186.0,7,0
81662400,9,50456,5.64100000000326,504552411,0,100,0.0,10.0,200.0,186.0,7,0
81662400,9,50457,5.64100000000326,504562411,0,100,0.0,10.0,200.0,186.0,7,0
81662400,9,50458,5.64100000000326,504572411,0,100,0.0,10.0,200.0,186.0,7,0
81662400,9,50459,5.64100000000326,504582411,0,100,0.0,10.0,200.0,186.0,7,0
81662400,9,50460,5.64100000000326,504592411,0,100,0.0,10.0,200.0,186.0,7,0
81662400,9,50461,5.64100000000326,504602411,0,100,0.0,10.0,200.0,186.0,7,0
81662400,9,50462,5.64100000000326,504612411,0,100,0.0,10.0,200.0,186.0,7,0
81662400,9,50463,5.64100000000326,504622411,0,100,0.0,10.0,200.0,186.0,7,0
81662400,9,50464,5.64100000000326,504632411,0,100,0.0,10.0,200.0,186.0,7,0
81662400,9,50465,5.64100000000326,504642411,0,100,0.0,10.0,200.0,186.0,7,0
81662400,9,50466,5.64100000000326,504652411,0,100,0.0,10.0,200.0,186.0,7,0
81662400,9,50467,5.64100000000326,504662411,0,100,0.0,10.0,200.0,186.0,7,0
81662400,9,50468,5.64100000000326,504672411,0,100,0.0,10.0,200.0,186.0,7,0
81662400,9,50469,5.64100000000326,504682411,0,100,0.0,10.0,200.0,186.0,7,0
81662400,9,50470,5.64100000000326,504692411,0,100,0.0,10.0,200.0,186.0,7,0
81662400,9,50471,5.64100000000326,504702411,0,100,0.0,10.0,200.0,186.0,7,0
81662400,9,50472,5.64100000000326,504712411,0,100,0.0,10.0,200.0,186.0,7,0
81662400,9,50473,5.64100000000326,504722411,0,100,0.0,10.0,200.0,186.0,7,0
81662400,9,50474,5.64100000000326,504732411,0,100,0.0,10.0,200.0,186.0,7,0
81662400,9,50475,5.64100000000326,504742411,0,100,0.0,10.0,200.0,186.0,7,0
81662400,9,50476,5.64100000000326,504752411,0,100,0.0,10.0,200.0,186.0,7,0
81662400,9,50477,5.64100000000326,504762411,0,100,0.0,10.0,200.0,186.0,7,0
81662400,9,50478,5.64100000000326,504772411,0,100,0.0,10.0,200.0,186.0,7,0
81662400,9,50479,5.64100000000326,504782411,0,100,0.0,10.0,200.0,186.0,7,0
81662400,9,50480,5.64100000000326,504792411,0,100,0.0,10.0,200.0,186.0,7,0
81662400,9,50481,5.64100000000326,504802411,0,100,0.0,10.0,200.0,186.0,7,0
81662400,9,50482,5.64100000000326,504812411,0,100,0.0,10.0,200.0,186.0,7,0
81662400,9,50483,5.64100000000326,504822411,0,100,0.0,10.0,200.0,186.0,7,0
81662400,9,50484,5.64100000000326,504832411,0,100,0.0,10.0,200.0,186.0,7,0
81662400,9,50485,5.64100000000326,504842411,0,100,0.0,10.0,200.0,186.0,7,0
81662400,9,50486,5.64100000000326,504852411,0,100,0.0,10.0,200.0,186.0,7,0
81662400,9,50487,5.64100000000326,504862411,0,100,0.0,10.0,200.0,186.0,7,0
81662400,9,50488,5.64100000000326,504872411,0,100,0.0,10.0,200.0,186.0,7,0
81662400,9,50489,5.64100000000326,504882411,0,100,0.0,10.0,200.0,186.0,7,0
81662400,9,50490,5.64100000000326,504892411,0,100,0.0,10.0,200.0,186.0,7,0
81662400,9,50491,5.64100000000326,504902411,0,100,0.0,10.0,200.0,186.0,7,0
81662400,9,50492,5.64100000000326,504912411,0,100,0.0,10.0,200.0,186.0,7,0
81662400,9,50493,5.64100000000326,504922411,0,100,0.0,10.0,200.0,186.0,7,0
81662400,9,50494,5.64100000000326,504932411,0,100,0.0,10.0,200.0,186.0,7,0
81662400,9,50495,5.64100000000326,504942411,0,100,0.0,10.0,200.0,186.0,7,0
81662400,9,50496,5.64100000000326,504952411,0,100,0.0,10.0,200.0,186.0,7,0
81662400,9,50497,6.187999999994645,504962411,0,100,0.0,10.0,200.0,186.0,7,0
81662400,9,50498,6.187999999994645,504972411,0,100,0.0,10.0,200.0,186.0,7,0
81662400,9,50499,6.187999999994645,504982411,0,100,0.0,10.0,200.0,186.0,7,0
81662400,9,50500,6.187999999994645,504992411,0,100,0.0,10.0,200.0,186.0,7,0
81662400,9,50501,6.187999999994645,505002411,0,100,0.0,10.0,200.0,186.0,7,0
81662400,9,50502,6.187999999994645,505012411,0,100,0.0,10.0,200.0,186.0,7,0
81662400,9,50503,6.187999999994645,505022411,0,100,0.0,10.0,200.0,186.0,7,0
81662400,9,50504,6.187999999994645,505032411,0,100,0.0,10.0,200.0,186.0,7,0
81662400,9,50505,6.187999999994645,505042411,0,100,0.0,10.0,200.0,186.0,7,0
81662400,9,50506,6.187999999994645,505052411,0,100,0.0,10.0,200.0,186.0,7,0
81662400,9,50507,6.187999999994645,505062411,0,100,0.0,10.0,200.0,186.0,7,0
81662400,9,50508,6.187999999994645,505072411,0,100,0.0,10.0,200.0,186.0,7,0
81662400,9,50509,6.187999999994645,505082411,0,100,0.0,10.0,200.0,186.0,7,0
81662400,9,50510,6.187999999994645,505092411,0,100,0.0,10.0,200.0,186.0,7,0
81662400,9,50511,6.187999999994645,505102411,0,100,0.0,10.0,200.0,186.0,7,0
81662400,9,50512,6.187999999994645,505112411,0,100,0.0,10.0,200.0,186.0,7,0
81662400,9,50513,6.187999999994645,505122411,0,100,0.0,10.0,200.0,186.0,7,0
81662400,9,50514,6.187999999994645,505132411,0,100,0.0,10.0,200.0,186.0,7,0
81662400,9,50515,6.187999999994645,505142411,0,100,0.0,10.0,200.0,186.0,7,0
81662400,9,50516,6.187999999994645,505152411,0,100,0.0,10.0,200.0,186.0,7,0
81662400,9,50517,6.187999999994645,505162411,0,100,0.0,10.0,200.0,186.0,7,0
81662400,9,50518,6.187999999994645,505172411,0,100,0.0,10.0,200.0,186.0,7,0
81662400,9,50519,6.187999999994645,505182411,0,100,0.0,10.0,200.0,186.0,7,0
81662400,9,50520,6.187999999994645,505192411,0,100,0.0,10.0,200.0,186.0,7,0
81662400,9,50521,6.187999999994645,505202411,0,100,0.0,10.0,200.0,186.0,7,0
81662400,9,50522,6.187999999994645,505212411,0,100,0.0,10.0,200.0,186.0,7,0
81662400,9,50523,6.187999999994645,505222411,0,100,0.0,10.0,200.0,186.0,7,0
81662400,9,50524,6.187999999994645,505232411,0,100,0.0,10.0,200.0,186.0,7,0
81662400,9,50525,6.187999999994645,505242411,0,100,0.0,10.0,200.0,186.0,7,0
81662400,9,50526,6.187999999994645,505252411,0,100,0.0,10.0,200.0,186.0,7,0
81662400,9,50527,6.187999999994645,505262411,0,100,0.0,10.0,200.0,186.0,7,0
81662400,9,50528,6.187999999994645,505272411,0,100,0.0,10.0,200.0,186.0,7,0
81662400,9,50529,6.187999999994645,505282411,0,100,0.0,10.0,200.0,186.0,7,0
81662400,9,50530,6.187999999994645,505292411,0,100,0.0,10.0,200.0,186.0,7,0
81662400,9,50531,6.187999999994645,505302411,0,100,0.0,10.0,200.0,186.0,7,0
81662400,9,50532,6.187999999994645,505312411,0,100,0.0,10.0,200.0,186.0,7,0
81662400,9,50533,6.187999999994645,505322411,0,100,0.0,10.0,200.0,186.0,7,0
81662400,9,50534,6.187999999994645,505332411,0,100,0.0,10.0,200.0,186.0,7,0
81662400,9,50535,6.187999999994645,505342411,0,100,0.0,10.0,200.0,186.0,7,0
81662400,9,50536,6.187999999994645,505352411,0,100,0.0,10.0,200.0,186.0,7,0
81662400,9,50537,6.187999999994645,505362411,0,100,0.0,10.0,200.0,186.0,7,0
81662400,9,50538,6.187999999994645,505372411,0,100,0.0,10.0,200.0,186.0,7,0
81662400,9,50539,6.187999999994645,505382411,0,100,0.0,10.0,200.0,186.0,7,0
81662400,9,50540,6.187999999994645,505392411,0,100,0.0,10.0,200.0,186.0,7,0
81662400,9,50541,6.187999999994645,505402411,0,100,0.0,10.0,200.0,186.0,7,0
81662400,9,50542,6.187999999994645,505412411,0,100,0.0,10.0,200.0,186.0,7,0
81662400,9,50543,6.187999999994645,505422411,0,100,0.0,10.0,200.0,186.0,7,0
81662400,9,50544,6.187999999994645,505432411,0,100,0.0,10.0,200.0,186.0,7,0
81662400,9,50545,6.187999999994645,505442411,0,100,0.0,10.0,200.0,186.0,7,0
81662400,9,50546,6.187999999994645,505452411,0,100,0.0,10.0,200.0,186.0,7,0
81662400,9,50547,6.187999999994645,505462411,0,100,0.0,10.0,200.0,186.0,7,0
81662400,9,50548,6.187999999994645,505472411,0,100,0.0,10.0,200.0,186.0,7,0
81662400,9,50549,6.187999999994645,505482411,0,100,0.0,10.0,200.0,186.0,7,0
81662400,9,50550,6.187999999994645,505492411,0,100,0.0,10.0,200.0,186.0,7,0
81662400,9,50551,6.187999999994645,505502411,0,100,0.0,10.0,200.0,186.0,7,0
81662400,9,50552,6.187999999994645,505512411,0,100,0.0,10.0,200.0,186.0,7,0
81662400,9,50553,6.7810000000026776,505522411,0,100,0.0,10.0,200.0,186.0,7,0
81662400,9,50554,6.7810000000026776,505532411,0,100,0.0,10.0,200.0,186.0,7,0
81662400,9,50555,6.7810000000026776,505542411,0,100,0.0,10.0,200.0,186.0,7,0
81662400,9,50556,6.7810000000026776,505552411,0,100,0.0,10.0,200.0,186.0,7,0
81662400,9,50557,6.7810000000026776,505562411,0,100,0.0,10.0,200.0,186.0,7,0
81662400,9,50558,6.7810000000026776,505572411,0,100,0.0,10.0,200.0,186.0,7,0
81662400,9,50559,6.7810000000026776,505582411,0,100,0.0,10.0,200.0,186.0,7,0
81662400,9,50560,6.7810000000026776,505592411,0,100,0.0,10.0,200.0,186.0,7,0
81662400,9,50561,6.7810000000026776,505602411,0,100,0.0,10.0,200.0,186.0,7,0
81662400,9,50562,6.7810000000026776,505612411,0,100,0.0,10.0,200.0,186.0,7,0
81662400,9,50563,6.7810000000026776,505622411,0,100,0.0,10.0,200.0,186.0,7,0
81662400,9,50564,6.7810000000026776,505632411,0,100,0.0,10.0,200.0,186.0,7,0
81662400,9,50565,6.7810000000026776,505642411,0,100,0.0,10.0,200.0,186.0,7,0
81662400,9,50566,6.7810000000026776,505652411,0,100,0.0,10.0,200.0,186.0,7,0
81662400,9,50567,6.7810000000026776,505662411,0,100,0.0,10.0,200.0,186.0,7,0
81662400,9,50568,6.7810000000026776,505672411,0,100,0.0,10.0,200.0,186.0,7,0
81662400,9,50569,6.7810000000026776,505682411,0,100,0.0,10.0,200.0,186.0,7,0
81662400,9,50570,6.7810000000026776,505692411,0,100,0.0,10.0,200.0,186.0,7,0
81662400,9,50571,6.7810000000026776,505702411,0,100,0.0,10.0,200.0,186.0,7,0
81662400,9,50572,6.7810000000026776,505712411,0,100,0.0,10.0,200.0,186.0,7,0
81662400,9,50573,6.7810000000026776,505722411,0,100,0.0,10.0,200.0,186.0,7,0
81662400,9,50574,6.7810000000026776,505732411,0,100,0.0,10.0,200.0,186.0,7,0
81662400,9,50575,6.7810000000026776,505742411,0,100,0.0,10.0,200.0,186.0,7,0
81662400,9,50576,6.7810000000026776,505752411,0,100,0.0,10.0,200.0,186.0,7,0
81662400,9,50577,6.7810000000026776,505762411,0,100,0.0,10.0,200.0,186.0,7,0
81662400,9,50578,6.7810000000026776,505772411,0,100,0.0,10.0,200.0,186.0,7,0
81662400,9,50579,6.7810000000026776,505782411,0,100,0.0,10.0,200.0,186.0,7,0
81662400,9,50580,6.7810000000026776,505792411,0,100,0.0,10.0,200.0,186.0,7,0
81662400,9,50581,6.7810000000026776,505802411,0,100,0.0,10.0,200.0,186.0,7,0
81662400,9,50582,6.7810000000026776,505812411,0,100,0.0,10.0,200.0,186.0,7,0
81662400,9,50583,6.7810000000026776,505822411,0,100,0.0,10.0,200.0,186.0,7,0
81662400,9,50584,6.7810000000026776,505832411,0,100,0.0,10.0,200.0,186.0,7,0
81662400,9,50585,6.7810000000026776,505842411,0,100,0.0,10.0,200.0,186.0,7,0
81662400,9,50586,6.7810000000026776,505852411,0,100,0.0,10.0,200.0,186.0,7,0
81662400,9,50587,6.7810000000026776,505862411,0,100,0.0,10.0,200.0,186.0,7,0
81662400,9,50588,6.7810000000026776,505872411,0,100,0.0,10.0,200.0,186.0,7,0
81662400,9,50589,6.7810000000026776,505882411,0,100,0.0,10.0,200.0,186.0,7,0
81662400,9,50590,6.7810000000026776,505892411,0,100,0.0,10.0,200.0,186.0,7,0
81662400,9,50591,6.7810000000026776,505902411,0,100,0.0,10.0,200.0,186.0,7,0
81662400,9,50592,6.7810000000026776,505912411,0,100,0.0,10.0,200.0,186.0,7,0
81662400,9,50593,6.7810000000026776,505922411,0,100,0.0,10.0,200.0,186.0,7,0
81662400,9,50594,6.7810000000026776,505932411,0,100,0.0,10.0,200.0,186.0,7,0
81662400,9,50595,6.7810000000026776,505942411,0,100,0.0,10.0,200.0,186.0,7,0
81662400,9,50596,6.7810000000026776,505952411,0,100,0.0,10.0,200.0,186.0,7,0
81662400,9,50597,6.7810000000026776,505962411,0,100,0.0,10.0,200.0,186.0,7,0
81662400,9,50598,6.7810000000026776,505972411,0,100,0.0,10.0,200.0,186.0,7,0
81662400,9,50599,6.7810000000026776,505982411,0,100,0.0,10.0,200.0,186.0,7,0
81662400,9,50600,6.7810000000026776,505992411,0,100,0.0,10.0,200.0,186.0,7,0
81662400,9,50601,6.7810000000026776,506002411,0,100,0.0,10.0,200.0,186.0,7,0
81662400,9,50602,6.7810000000026776,506012411,0,100,0.0,10.0,200.0,186.0,7,0
81662400,9,50603,6.7810000000026776,506022411,0,100,0.0,10.0,200.0,186.0,7,0
81662400,9,50604,6.7810000000026776,506032411,0,100,0.0,10.0,200.0,186.0,7,0
81662400,9,50605,6.7810000000026776,506042411,0,100,0.0,10.0,200.0,186.0,7,0
81662400,9,50606,6.7810000000026776,506052411,0,100,0.0,10.0,200.0,186.0,7,0
81662400,9,50607,6.7810000000026776,506062411,0,100,0.0,10.0,200.0,186.0,7,0
81662400,9,50608,6.7810000000026776,506072411,0,100,0.0,10.0,200.0,186.0,7,0
81662400,9,50609,7.327999999994063,506082411,0,100,0.0,10.0,200.0,186.0,7,0
81662400,9,50610,7.327999999994063,506092411,0,100,0.0,10.0,200.0,186.0,7,0
81662400,9,50611,7.327999999994063,506102411,0,100,0.0,10.0,200.0,186.0,7,0
81662400,9,50612,7.327999999994063,506112411,0,100,0.0,10.0,200.0,186.0,7,0
81662400,9,50613,7.327999999994063,506122411,0,100,0.0,10.0,200.0,186.0,7,0
81662400,9,50614,7.327999999994063,506132411,0,100,0.0,10.0,200.0,186.0,7,0
81662400,9,50615,7.327999999994063,506142411,0,100,0.0,10.0,200.0,186.0,7,0
81662400,9,50616,7.327999999994063,506152411,0,100,0.0,10.0,200.0,186.0,7,0
81662400,9,50617,7.327999999994063,506162411,0,100,0.0,10.0,200.0,186.0,7,0
81662400,9,50618,7.327999999994063,506172411,0,100,0.0,10.0,200.0,186.0,7,0
81662400,9,50619,7.327999999994063,506182411,0,100,0.0,10.0,200.0,186.0,7,0
81662400,9,50620,7.327999999994063,506192411,0,100,0.0,10.0,200.0,186.0,7,0
81662400,9,50621,7.327999999994063,506202411,0,100,0.0,10.0,200.0,186.0,7,0
81662400,9,50622,7.327999999994063,506212411,0,100,0.0,10.0,200.0,186.0,7,0
81662400,9,50623,7.327999999994063,506222411,0,100,0.0,10.0,200.0,186.0,7,0
81662400,9,50624,7.327999999994063,506232411,0,100,0.0,10.0,200.0,186.0,7,0
81662400,9,50625,7.327999999994063,506242411,0,100,0.0,10.0,200.0,186.0,7,0
81662400,9,50626,7.327999999994063,506252411,0,100,0.0,10.0,200.0,186.0,7,0
81662400,9,50627,7.327999999994063,506262411,0,100,0.0,10.0,200.0,186.0,7,0
81662400,9,50628,7.327999999994063,506272411,0,100,0.0,10.0,200.0,186.0,7,0
81662400,9,50629,7.327999999994063,506282411,0,100,0.0,10.0,200.0,186.0,7,0
81662400,9,50630,7.327999999994063,506292411,0,100,0.0,10.0,200.0,186.0,7,0
81662400,9,50631,7.327999999994063,506302411,0,100,0.0,10.0,200.0,186.0,7,0
81662400,9,50632,7.327999999994063,506312411,0,100,0.0,10.0,200.0,186.0,7,0
81662400,9,50633,7.327999999994063,506322411,0,100,0.0,10.0,200.0,186.0,7,0
81662400,9,50634,7.327999999994063,506332411,0,100,0.0,10.0,200.0,186.0,7,0
81662400,9,50635,7.327999999994063,506342411,0,100,0.0,10.0,200.0,186.0,7,0
81662400,9,50636,7.327999999994063,506352411,0,100,0.0,10.0,200.0,186.0,7,0
81662400,9,50637,7.327999999994063,506362411,0,100,0.0,10.0,200.0,186.0,7,0
81662400,9,50638,7.327999999994063,506372411,0,100,0.0,10.0,200.0,186.0,7,0
81662400,9,50639,7.327999999994063,506382411,0,100,0.0,10.0,200.0,186.0,7,0
81662400,9,50640,7.327999999994063,506392411,0,100,0.0,10.0,200.0,186.0,7,0
81662400,9,50641,7.327999999994063,506402411,0,100,0.0,10.0,200.0,186.0,7,0
81662400,9,50642,7.327999999994063,506412411,0,100,0.0,10.0,200.0,186.0,7,0
81662400,9,50643,7.327999999994063,506422411,0,100,0.0,10.0,200.0,186.0,7,0
81662400,9,50644,7.327999999994063,506432411,0,100,0.0,10.0,200.0,186.0,7,0
81662400,9,50645,7.327999999994063,506442411,0,100,0.0,10.0,200.0,186.0,7,0
81662400,9,50646,7.327999999994063,506452411,0,100,0.0,10.0,200.0,186.0,7,0
81662400,9,50647,7.327999999994063,506462411,0,100,0.0,10.0,200.0,186.0,7,0
81662400,9,50648,7.327999999994063,506472411,0,100,0.0,10.0,200.0,186.0,7,0
81662400,9,50649,7.327999999994063,506482411,0,100,0.0,10.0,200.0,186.0,7,0
81662400,9,50650,7.327999999994063,506492411,0,100,0.0,10.0,200.0,186.0,7,0
81662400,9,50651,7.327999999994063,506502411,0,100,0.0,10.0,200.0,186.0,7,0
81662400,9,50652,7.327999999994063,506512411,0,100,0.0,10.0,200.0,186.0,7,0
81662400,9,50653,7.327999999994063,506522411,0,100,0.0,10.0,200.0,186.0,7,0
81662400,9,50654,7.327999999994063,506532411,0,100,0.0,10.0,200.0,186.0,7,0
81662400,9,50655,7.327999999994063,506542411,0,100,0.0,10.0,200.0,186.0,7,0
81662400,9,50656,7.327999999994063,506552411,0,100,0.0,10.0,200.0,186.0,7,0
81662400,9,50657,7.327999999994063,506562411,0,100,0.0,10.0,200.0,186.0,7,0
81662400,9,50658,7.327999999994063,506572411,0,100,0.0,10.0,200.0,186.0,7,0
81662400,9,50659,7.327999999994063,506582411,0,100,0.0,10.0,200.0,186.0,7,0
81662400,9,50660,7.327999999994063,506592411,0,100,0.0,10.0,200.0,186.0,7,0
81662400,9,50661,7.327999999994063,506602411,0,100,0.0,10.0,200.0,186.0,7,0
81662400,9,50662,7.327999999994063,506612411,0,100,0.0,10.0,200.0,186.0,7,0
81662400,9,50663,7.327999999994063,506622411,0,100,0.0,10.0,200.0,186.0,7,0
81662400,9,50664,7.327999999994063,506632411,0,100,0.0,10.0,200.0,186.0,7,0
81662400,9,50665,7.547000000005937,506642411,0,100,0.0,10.0,200.0,186.0,7,0
81662400,9,50666,7.547000000005937,506652411,0,100,0.0,10.0,200.0,186.0,7,0
81662400,9,50667,7.547000000005937,506662411,0,100,0.0,10.0,200.0,186.0,7,0
81662400,9,50668,7.547000000005937,506672411,0,100,0.0,10.0,200.0,186.0,7,0
81662400,9,50669,7.547000000005937,506682411,0,100,0.0,10.0,200.0,186.0,7,0
81662400,9,50670,7.547000000005937,506692411,0,100,0.0,10.0,200.0,186.0,7,0
81662400,9,50671,7.547000000005937,506702411,0,100,0.0,10.0,200.0,186.0,7,0
81662400,9,50672,7.547000000005937,506712411,0,100,0.0,10.0,200.0,186.0,7,0
81662400,9,50673,7.547000000005937,506722411,0,100,0.0,10.0,200.0,186.0,7,0
81662400,9,50674,7.547000000005937,506732411,0,100,0.0,10.0,200.0,186.0,7,0
81662400,9,50675,7.547000000005937,506742411,0,100,0.0,10.0,200.0,186.0,7,0
81662400,9,50676,7.547000000005937,506752411,0,100,0.0,10.0,200.0,186.0,7,0
81662400,9,50677,7.547000000005937,506762411,0,100,0.0,10.0,200.0,186.0,7,0
81662400,9,50678,7.547000000005937,506772411,0,100,0.0,10.0,200.0,186.0,7,0
81662400,9,50679,7.547000000005937,506782411,0,100,0.0,10.0,200.0,186.0,7,0
81662400,9,50680,7.547000000005937,506792411,0,100,0.0,10.0,200.0,186.0,7,0
81662400,9,50681,7.547000000005937,506802411,0,100,0.0,10.0,200.0,186.0,7,0
81662400,9,50682,7.547000000005937,506812411,0,100,0.0,10.0,200.0,186.0,7,0
81662400,9,50683,7.547000000005937,506822411,0,100,0.0,10.0,200.0,186.0,7,0
81662400,9,50684,7.547000000005937,506832411,0,100,0.0,10.0,200.0,186.0,7,0
81662400,9,50685,7.547000000005937,506842411,0,100,0.0,10.0,200.0,186.0,7,0
81662400,9,50686,7.547000000005937,506852411,0,100,0.0,10.0,200.0,186.0,7,0
81662400,9,50687,7.547000000005937,506862411,0,100,0.0,10.0,200.0,186.0,7,0
81662400,9,50688,7.547000000005937,506872411,0,100,0.0,10.0,200.0,186.0,7,0
81662400,9,50689,8.077999999994063,506882411,0,100,0.0,10.0,200.0,186.0,7,0
81662400,9,50690,8.077999999994063,506892411,0,100,0.0,10.0,200.0,186.0,7,0
81662400,9,50691,8.077999999994063,506902411,0,100,0.0,10.0,200.0,186.0,7,0
81662400,9,50692,8.077999999994063,506912411,0,100,0.0,10.0,200.0,186.0,7,0
81662400,9,50693,8.077999999994063,506922411,0,100,0.0,10.0,200.0,186.0,7,0
81662400,9,50694,8.077999999994063,506932411,0,100,0.0,10.0,200.0,186.0,7,0
81662400,9,50695,8.077999999994063,506942411,0,100,0.0,10.0,200.0,186.0,7,0
81662400,9,50696,8.077999999994063,506952411,0,100,0.0,10.0,200.0,186.0,7,0
81662400,9,50697,8.077999999994063,506962411,0,100,0.0,10.0,200.0,186.0,7,0
81662400,9,50698,8.077999999994063,506972411,0,100,0.0,10.0,200.0,186.0,7,0
81662400,9,50699,8.077999999994063,506982411,0,100,0.0,10.0,200.0,186.0,7,0
81662400,9,50700,8.077999999994063,506992411,0,100,0.0,10.0,200.0,186.0,7,0
81662400,9,50701,8.077999999994063,507002411,0,100,0.0,10.0,200.0,186.0,7,0
81662400,9,50702,8.077999999994063,507012411,0,100,0.0,10.0,200.0,186.0,7,0
81662400,9,50703,8.077999999994063,507022411,0,100,0.0,10.0,200.0,186.0,7,0
81662400,9,50704,8.077999999994063,507032411,0,100,0.0,10.0,200.0,186.0,7,0
81662400,9,50705,8.077999999994063,507042411,0,100,0.0,10.0,200.0,186.0,7,0
81662400,9,50706,8.077999999994063,507052411,0,100,0.0,10.0,200.0,186.0,7,0
81662400,9,50707,8.077999999994063,507062411,0,100,0.0,10.0,200.0,186.0,7,0
81662400,9,50708,8.077999999994063,507072411,0,100,0.0,10.0,200.0,186.0,7,0
81662400,9,50709,8.077999999994063,507082411,0,100,0.0,10.0,200.0,186.0,7,0
81662400,9,50710,8.077999999994063,507092411,0,100,0.0,10.0,200.0,186.0,7,0
81662400,9,50711,8.077999999994063,507102411,0,100,0.0,10.0,200.0,186.0,7,0
81662400,9,50712,8.077999999994063,507112411,0,100,0.0,10.0,200.0,186.0,7,0
81662400,9,50713,8.077999999994063,507122411,0,100,0.0,10.0,200.0,186.0,7,0
81662400,9,50714,8.077999999994063,507132411,0,100,0.0,10.0,200.0,186.0,7,0
81662400,9,50715,8.077999999994063,507142411,0,100,0.0,10.0,200.0,186.0,7,0
81662400,9,50716,8.077999999994063,507152411,0,100,0.0,10.0,200.0,186.0,7,0
81662400,9,50717,8.077999999994063,507162411,0,100,0.0,10.0,200.0,186.0,7,0
81662400,9,50718,8.077999999994063,507172411,0,100,0.0,10.0,200.0,186.0,7,0
81662400,9,50719,8.077999999994063,507182411,0,100,0.0,10.0,200.0,186.0,7,0
81662400,9,50720,8.077999999994063,507192411,0,100,0.0,10.0,200.0,186.0,7,0
81662400,9,50721,8.077999999994063,507202411,0,100,0.0,10.0,200.0,186.0,7,0
81662400,9,50722,8.077999999994063,507212411,0,100,0.0,10.0,200.0,186.0,7,0
81662400,9,50723,8.077999999994063,507222411,0,100,0.0,10.0,200.0,186.0,7,0
81662400,9,50724,8.077999999994063,507232411,0,100,0.0,10.0,200.0,186.0,7,0
81662400,9,50725,8.077999999994063,507242411,0,100,0.0,10.0,200.0,186.0,7,0
81662400,9,50726,8.077999999994063,507252411,0,100,0.0,10.0,200.0,186.0,7,0
81662400,9,50727,8.077999999994063,507262411,0,100,0.0,10.0,200.0,186.0,7,0
81662400,9,50728,8.077999999994063,507272411,0,100,0.0,10.0,200.0,186.0,7,0
81662400,9,50729,8.077999999994063,507282411,0,100,0.0,10.0,200.0,186.0,7,0
81662400,9,50730,8.077999999994063,507292411,0,100,0.0,10.0,200.0,186.0,7,0
81662400,9,50731,8.077999999994063,507302411,0,100,0.0,10.0,200.0,186.0,7,0
81662400,9,50732,8.077999999994063,507312411,0,100,0.0,10.0,200.0,186.0,7,0
81662400,9,50733,8.077999999994063,507322411,0,100,0.0,10.0,200.0,186.0,7,0
81662400,9,50734,8.077999999994063,507332411,0,100,0.0,10.0,200.0,186.0,7,0
81662400,9,50735,8.077999999994063,507342411,0,100,0.0,10.0,200.0,186.0,7,0
81662400,9,50736,8.077999999994063,507352411,0,100,0.0,10.0,200.0,186.0,7,0
81662400,9,50737,8.077999999994063,507362411,0,100,0.0,10.0,200.0,186.0,7,0
81662400,9,50738,8.077999999994063,507372411,0,100,0.0,10.0,200.0,186.0,7,0
81662400,9,50739,8.077999999994063,507382411,0,100,0.0,10.0,200.0,186.0,7,0
81662400,9,50740,8.077999999994063,507392411,0,100,0.0,10.0,200.0,186.0,7,0
81662400,9,50741,8.077999999994063,507402411,0,100,0.0,10.0,200.0,186.0,7,0
81662400,9,50742,8.077999999994063,507412411,0,100,0.0,10.0,200.0,186.0,7,0
81662400,9,50743,8.077999999994063,507422411,0,100,0.0,10.0,200.0,186.0,7,0
81662400,9,50744,8.077999999994063,507432411,0,100,0.0,10.0,200.0,186.0,7,0
81662400,9,50745,8.64100000000326,507442411,0,100,0.0,10.0,200.0,186.0,7,0
81662400,9,50746,8.64100000000326,507452411,0,100,0.0,10.0,200.0,186.0,7,0
81662400,9,50747,8.64100000000326,507462411,0,100,0.0,10.0,200.0,186.0,7,0
81662400,9,50748,8.64100000000326,507472411,0,100,0.0,10.0,200.0,186.0,7,0
81662400,9,50749,8.64100000000326,507482411,0,100,0.0,10.0,200.0,186.0,7,0
81662400,9,50750,8.64100000000326,507492411,0,100,0.0,10.0,200.0,186.0,7,0
81662400,9,50751,8.64100000000326,507502411,0,100,0.0,10.0,200.0,186.0,7,0
81662400,9,50752,8.64100000000326,507512411,0,100,0.0,10.0,200.0,186.0,7,0
81662400,9,50753,8.64100000000326,507522411,0,100,0.0,10.0,200.0,186.0,7,0
81662400,9,50754,8.64100000000326,507532411,0,100,0.0,10.0,200.0,186.0,7,0
81662400,9,50755,8.64100000000326,507542411,0,100,0.0,10.0,200.0,186.0,7,0
81662400,9,50756,8.64100000000326,507552411,0,100,0.0,10.0,200.0,186.0,7,0
81662400,9,50757,8.64100000000326,507562411,0,100,0.0,10.0,200.0,186.0,7,0
81662400,9,50758,8.64100000000326,507572411,0,100,0.0,10.0,200.0,186.0,7,0
81662400,9,50759,8.64100000000326,507582411,0,100,0.0,10.0,200.0,186.0,7,0
81662400,9,50760,8.64100000000326,507592411,0,100,0.0,10.0,200.0,186.0,7,0
81662400,9,50761,8.64100000000326,507602411,0,100,0.0,10.0,200.0,186.0,7,0
81662400,9,50762,8.64100000000326,507612411,0,100,0.0,10.0,200.0,186.0,7,0
81662400,9,50763,8.64100000000326,507622411,0,100,0.0,10.0,200.0,186.0,7,0
81662400,9,50764,8.64100000000326,507632411,0,100,0.0,10.0,200.0,186.0,7,0
81662400,9,50765,8.64100000000326,507642411,0,100,0.0,10.0,200.0,186.0,7,0
81662400,9,50766,8.64100000000326,507652411,0,100,0.0,10.0,200.0,186.0,7,0
81662400,9,50767,8.64100000000326,507662411,0,100,0.0,10.0,200.0,186.0,7,0
81662400,9,50768,8.64100000000326,507672411,0,100,0.0,10.0,200.0,186.0,7,0
81662400,9,50769,8.64100000000326,507682411,0,100,0.0,10.0,200.0,186.0,7,0
81662400,9,50770,8.64100000000326,507692411,0,100,0.0,10.0,200.0,186.0,7,0
81662400,9,50771,8.64100000000326,507702411,0,100,0.0,10.0,200.0,186.0,7,0
81662400,9,50772,8.64100000000326,507712411,0,100,0.0,10.0,200.0,186.0,7,0
81662400,9,50773,8.64100000000326,507722411,0,100,0.0,10.0,200.0,186.0,7,0
81662400,9,50774,8.64100000000326,507732411,0,100,0.0,10.0,200.0,186.0,7,0
81662400,9,50775,8.64100000000326,507742411,0,100,0.0,10.0,200.0,186.0,7,0
81662400,9,50776,8.64100000000326,507752411,0,100,0.0,10.0,200.0,186.0,7,0
81662400,9,50777,8.64100000000326,507762411,0,100,0.0,10.0,200.0,186.0,7,0
81662400,9,50778,8.64100000000326,507772411,0,100,0.0,10.0,200.0,186.0,7,0
81662400,9,50779,8.64100000000326,507782411,0,100,0.0,10.0,200.0,186.0,7,0
81662400,9,50780,8.64100000000326,507792411,0,100,0.0,10.0,200.0,186.0,7,0
81662400,9,50781,8.64100000000326,507802411,0,100,0.0,10.0,200.0,186.0,7,0
81662400,9,50782,8.64100000000326,507812411,0,100,0.0,10.0,200.0,186.0,7,0
81662400,9,50783,8.64100000000326,507822411,0,100,0.0,10.0,200.0,186.0,7,0
81662400,9,50784,8.64100000000326,507832411,0,100,0.0,10.0,200.0,186.0,7,0
81662400,9,50785,8.64100000000326,507842411,0,100,0.0,10.0,200.0,186.0,7,0
81662400,9,50786,8.64100000000326,507852411,0,100,0.0,10.0,200.0,186.0,7,0
81662400,9,50787,8.64100000000326,507862411,0,100,0.0,10.0,200.0,186.0,7,0
81662400,9,50788,8.64100000000326,507872411,0,100,0.0,10.0,200.0,186.0,7,0
81662400,9,50789,8.64100000000326,507882411,0,100,0.0,10.0,200.0,186.0,7,0
81662400,9,50790,8.64100000000326,507892411,0,100,0.0,10.0,200.0,186.0,7,0
81662400,9,50791,8.64100000000326,507902411,0,100,0.0,10.0,200.0,186.0,7,0
81662400,9,50792,8.64100000000326,507912411,0,100,0.0,10.0,200.0,186.0,7,0
81662400,9,50793,8.64100000000326,507922411,0,100,0.0,10.0,200.0,186.0,7,0
81662400,9,50794,8.64100000000326,507932411,0,100,0.0,10.0,200.0,186.0,7,0
81662400,9,50795,8.64100000000326,507942411,0,100,0.0,10.0,200.0,186.0,7,0
81662400,9,50796,8.64100000000326,507952411,0,100,0.0,10.0,200.0,186.0,7,0
81662400,9,50797,8.64100000000326,507962411,0,100,0.0,10.0,200.0,186.0,7,0
81662400,9,50798,8.64100000000326,507972411,0,100,0.0,10.0,200.0,186.0,7,0
81662400,9,50799,8.64100000000326,507982411,0,100,0.0,10.0,200.0,186.0,7,0
81662400,9,50800,8.64100000000326,507992411,0,100,0.0,10.0,200.0,186.0,7,0
81662400,9,50801,9.218999999997322,508002411,0,100,0.0,10.0,200.0,186.0,7,0
81662400,9,50802,9.218999999997322,508012411,0,100,0.0,10.0,200.0,186.0,7,0
81662400,9,50803,9.218999999997322,508022411,0,100,0.0,10.0,200.0,186.0,7,0
81662400,9,50804,9.218999999997322,508032411,0,100,0.0,10.0,200.0,186.0,7,0
81662400,9,50805,9.218999999997322,508042411,0,100,0.0,10.0,200.0,186.0,7,0
81662400,9,50806,9.218999999997322,508052411,0,100,0.0,10.0,200.0,186.0,7,0
81662400,9,50807,9.218999999997322,508062411,0,100,0.0,10.0,200.0,186.0,7,0
81662400,9,50808,9.218999999997322,508072411,0,100,0.0,10.0,200.0,186.0,7,0
81662400,9,50809,9.218999999997322,508082411,0,100,0.0,10.0,200.0,186.0,7,0
81662400,9,50810,9.218999999997322,508092411,0,100,0.0,10.0,200.0,186.0,7,0
81662400,9,50811,9.218999999997322,508102411,0,100,0.0,10.0,200.0,186.0,7,0
81662400,9,50812,9.218999999997322,508112411,0,100,0.0,10.0,200.0,186.0,7,0
81662400,9,50813,9.218999999997322,508122411,0,100,0.0,10.0,200.0,186.0,7,0
81662400,9,50814,9.218999999997322,508132411,0,100,0.0,10.0,200.0,186.0,7,0
81662400,9,50815,9.218999999997322,508142411,0,100,0.0,10.0,200.0,186.0,7,0
81662400,9,50816,9.218999999997322,508152411,0,100,0.0,10.0,200.0,186.0,7,0
81662400,9,50817,9.218999999997322,508162411,0,100,0.0,10.0,200.0,186.0,7,0
81662400,9,50818,9.218999999997322,508172411,0,100,0.0,10.0,200.0,186.0,7,0
81662400,9,50819,9.218999999997322,508182411,0,100,0.0,10.0,200.0,186.0,7,0
81662400,9,50820,9.218999999997322,508192411,0,100,0.0,10.0,200.0,186.0,7,0
81662400,9,50821,9.218999999997322,508202411,0,100,0.0,10.0,200.0,186.0,7,0
81662400,9,50822,9.218999999997322,508212411,0,100,0.0,10.0,200.0,186.0,7,0
81662400,9,50823,9.218999999997322,508222411,0,100,0.0,10.0,200.0,186.0,7,0
81662400,9,50824,9.218999999997322,508232411,0,100,0.0,10.0,200.0,186.0,7,0
81662400,9,50825,9.218999999997322,508242411,0,100,0.0,10.0,200.0,186.0,7,0
81662400,9,50826,9.218999999997322,508252411,0,100,0.0,10.0,200.0,186.0,7,0
81662400,9,50827,9.218999999997322,508262411,0,100,0.0,10.0,200.0,186.0,7,0
81662400,9,50828,9.218999999997322,508272411,0,100,0.0,10.0,200.0,186.0,7,0
81662400,9,50829,9.218999999997322,508282411,0,100,0.0,10.0,200.0,186.0,7,0
81662400,9,50830,9.218999999997322,508292411,0,100,0.0,10.0,200.0,186.0,7,0
81662400,9,50831,9.218999999997322,508302411,0,100,0.0,10.0,200.0,186.0,7,0
81662400,9,50832,9.218999999997322,508312411,0,100,0.0,10.0,200.0,186.0,7,0
81662400,9,50833,9.218999999997322,508322411,0,100,0.0,10.0,200.0,186.0,7,0
81662400,9,50834,9.218999999997322,508332411,0,100,0.0,10.0,200.0,186.0,7,0
81662400,9,50835,9.218999999997322,508342411,0,100,0.0,10.0,200.0,186.0,7,0
81662400,9,50836,9.218999999997322,508352411,0,100,0.0,10.0,200.0,186.0,7,0
81662400,9,50837,9.218999999997322,508362411,0,100,0.0,10.0,200.0,186.0,7,0
81662400,9,50838,9.218999999997322,508372411,0,100,0.0,10.0,200.0,186.0,7,0
81662400,9,50839,9.218999999997322,508382411,0,100,0.0,10.0,200.0,186.0,7,0
81662400,9,50840,9.218999999997322,508392411,0,100,0.0,10.0,200.0,186.0,7,0
81662400,9,50841,9.218999999997322,508402411,0,100,0.0,10.0,200.0,186.0,7,0
81662400,9,50842,9.218999999997322,508412411,0,100,0.0,10.0,200.0,186.0,7,0
81662400,9,50843,9.218999999997322,508422411,0,100,0.0,10.0,200.0,186.0,7,0
81662400,9,50844,9.218999999997322,508432411,0,100,0.0,10.0,200.0,186.0,7,0
81662400,9,50845,9.218999999997322,508442411,0,100,0.0,10.0,200.0,186.0,7,0
81662400,9,50846,9.218999999997322,508452411,0,100,0.0,10.0,200.0,186.0,7,0
81662400,9,50847,9.218999999997322,508462411,0,100,0.0,10.0,200.0,186.0,7,0
81662400,9,50848,9.218999999997322,508472411,0,100,0.0,10.0,200.0,186.0,7,0
81662400,9,50849,9.75,508482411,0,100,0.0,10.0,200.0,186.0,7,0
81662400,9,50850,9.75,508492411,0,100,0.0,10.0,200.0,186.0,7,0
81662400,9,50851,9.75,508502411,0,100,0.0,10.0,200.0,186.0,7,0
81662400,9,50852,9.75,508512411,0,100,0.0,10.0,200.0,186.0,7,0
81662400,9,50853,9.75,508522411,0,100,0.0,10.0,200.0,186.0,7,0
81662400,9,50854,9.75,508532411,0,100,0.0,10.0,200.0,186.0,7,0
81662400,9,50855,9.75,508542411,0,100,0.0,10.0,200.0,186.0,7,0
81662400,9,50856,9.75,508552411,0,100,0.0,10.0,200.0,186.0,7,0
81662400,9,50857,9.75,508562411,0,100,0.0,10.0,200.0,186.0,7,0
81662400,9,50858,9.75,508572411,0,100,0.0,10.0,200.0,186.0,7,0
81662400,9,50859,9.75,508582411,0,100,0.0,10.0,200.0,186.0,7,0
81662400,9,50860,9.75,508592411,0,100,0.0,10.0,200.0,186.0,7,0
81662400,9,50861,9.75,508602411,0,100,0.0,10.0,200.0,186.0,7,0
81662400,9,50862,9.75,508612411,0,100,0.0,10.0,200.0,186.0,7,0
81662400,9,50863,9.75,508622411,0,100,0.0,10.0,200.0,186.0,7,0
81662400,9,50864,9.75,508632411,0,100,0.0,10.0,200.0,186.0,7,0
81662400,9,50865,9.75,508642411,0,100,0.0,10.0,200.0,186.0,7,0
81662400,9,50866,9.75,508652411,0,100,0.0,10.0,200.0,186.0,7,0
81662400,9,50867,9.75,508662411,0,100,0.0,10.0,200.0,186.0,7,0
81662400,9,50868,9.75,508672411,0,100,0.0,10.0,200.0,186.0,7,0
81662400,9,50869,9.75,508682411,0,100,0.0,10.0,200.0,186.0,7,0
81662400,9,50870,9.75,508692411,0,100,0.0,10.0,200.0,186.0,7,0
81662400,9,50871,9.75,508702411,0,100,0.0,10.0,200.0,186.0,7,0
81662400,9,50872,9.75,508712411,0,100,0.0,10.0,200.0,186.0,7,0
81662400,9,50873,9.75,508722411,0,100,0.0,10.0,200.0,186.0,7,0
81662400,9,50874,9.75,508732411,0,100,0.0,10.0,200.0,186.0,7,0
81662400,9,50875,9.75,508742411,0,100,0.0,10.0,200.0,186.0,7,0
81662400,9,50876,9.75,508752411,0,100,0.0,10.0,200.0,186.0,7,0
81662400,9,50877,9.75,508762411,0,100,0.0,10.0,200.0,186.0,7,0
81662400,9,50878,9.75,508772411,0,100,0.0,10.0,200.0,186.0,7,0
81662400,9,50879,9.75,508782411,0,100,0.0,10.0,200.0,186.0,7,0
81662400,9,50880,9.75,508792411,0,100,0.0,10.0,200.0,186.0,7,0
81662400,9,50881,9.75,508802411,0,100,0.0,10.0,200.0,186.0,7,0
81662400,9,50882,9.75,508812411,0,100,0.0,10.0,200.0,186.0,7,0
81662400,9,50883,9.75,508822411,0,100,0.0,10.0,200.0,186.0,7,0
81662400,9,50884,9.75,508832411,0,100,0.0,10.0,200.0,186.0,7,0
81662400,9,50885,9.75,508842411,0,100,0.0,10.0,200.0,186.0,7,0
81662400,9,50886,9.75,508852411,0,100,0.0,10.0,200.0,186.0,7,0
81662400,9,50887,9.75,508862411,0,100,0.0,10.0,200.0,186.0,7,0
81662400,9,50888,9.75,508872411,0,100,0.0,10.0,200.0,186.0,7,0
81662400,9,50889,9.75,508882411,0,100,0.0,10.0,200.0,186.0,7,0
81662400,9,50890,9.75,508892411,0,100,0.0,10.0,200.0,186.0,7,0
81662400,9,50891,9.75,508902411,0,100,0.0,10.0,200.0,186.0,7,0
81662400,9,50892,9.75,508912411,0,100,0.0,10.0,200.0,186.0,7,0
81662400,9,50893,9.75,508922411,0,100,0.0,10.0,200.0,186.0,7,0
81662400,9,50894,9.75,508932411,0,100,0.0,10.0,200.0,186.0,7,0
81662400,9,50895,9.75,508942411,0,100,0.0,10.0,200.0,186.0,7,0
81662400,9,50896,9.75,508952411,0,100,0.0,10.0,200.0,186.0,7,0
81662400,9,50897,9.75,508962411,0,100,0.0,10.0,200.0,186.0,7,0
81662400,9,50898,9.75,508972411,0,100,0.0,10.0,200.0,186.0,7,0
81662400,9,50899,9.75,508982411,0,100,0.0,10.0,200.0,186.0,7,0
81662400,9,50900,9.75,508992411,0,100,0.0,10.0,200.0,186.0,7,0
81662400,9,50901,9.75,509002411,0,100,0.0,10.0,200.0,186.0,7,0
81662400,9,50902,9.75,509012411,0,100,0.0,10.0,200.0,186.0,7,0
81662400,9,50903,9.75,509022411,0,100,0.0,10.0,200.0,186.0,7,0
81662400,9,50904,9.75,509032411,0,100,0.0,10.0,200.0,186.0,7,0
81662400,9,50905,9.75,509042411,0,100,0.0,10.0,200.0,186.0,7,0
81662400,9,50906,9.75,509052411,0,100,0.0,10.0,200.0,186.0,7,0
81662400,9,50907,9.75,509062411,0,100,0.0,10.0,200.0,186.0,7,0
81662400,9,50908,9.75,509072411,0,100,0.0,10.0,200.0,186.0,7,0
81662400,9,50909,9.75,509082411,0,100,0.0,10.0,200.0,186.0,7,0
81662400,9,50910,9.75,509092411,0,100,0.0,10.0,200.0,186.0,7,0
81662400,9,50911,9.75,509102411,0,100,0.0,10.0,200.0,186.0,7,0
81662400,9,50912,9.75,509112411,0,100,0.0,10.0,200.0,186.0,7,0
81662400,9,50913,10.281000000002678,509122411,0,100,0.0,10.0,200.0,186.0,7,0
81662400,9,50914,10.281000000002678,509132411,0,100,0.0,10.0,200.0,186.0,7,0
81662400,9,50915,10.281000000002678,509142411,0,100,0.0,10.0,200.0,186.0,7,0
81662400,9,50916,10.281000000002678,509152411,0,100,0.0,10.0,200.0,186.0,7,0
81662400,9,50917,10.281000000002678,509162411,0,100,0.0,10.0,200.0,186.0,7,0
81662400,9,50918,10.281000000002678,509172411,0,100,0.0,10.0,200.0,186.0,7,0
81662400,9,50919,10.281000000002678,509182411,0,100,0.0,10.0,200.0,186.0,7,0
81662400,9,50920,10.281000000002678,509192411,0,100,0.0,10.0,200.0,186.0,7,0
81662400,9,50921,10.281000000002678,509202411,0,100,0.0,10.0,200.0,186.0,7,0
81662400,9,50922,10.281000000002678,509212411,0,100,0.0,10.0,200.0,186.0,7,0
81662400,9,50923,10.281000000002678,509222411,0,100,0.0,10.0,200.0,186.0,7,0
81662400,9,50924,10.281000000002678,509232411,0,100,0.0,10.0,200.0,186.0,7,0
81662400,9,50925,10.281000000002678,509242411,0,100,0.0,10.0,200.0,186.0,7,0
81662400,9,50926,10.281000000002678,509252411,0,100,0.0,10.0,200.0,186.0,7,0
81662400,9,50927,10.281000000002678,509262411,0,100,0.0,10.0,200.0,186.0,7,0
81662400,9,50928,10.281000000002678,509272411,0,100,0.0,10.0,200.0,186.0,7,0
81662400,9,50929,10.281000000002678,509282420,0,100,0.0,10.0,200.0,186.0,7,0
81662400,9,50930,10.281000000002678,509292411,0,100,0.0,10.0,200.0,186.0,7,0
81662400,9,50931,10.281000000002678,509302411,0,100,0.0,10.0,200.0,186.0,7,0
81662400,9,50932,10.281000000002678,509312411,0,100,0.0,10.0,200.0,186.0,7,0
81662400,9,50933,10.281000000002678,509322411,0,100,0.0,10.0,200.0,186.0,7,0
81662400,9,50934,10.281000000002678,509332411,0,100,0.0,10.0,200.0,186.0,7,0
81662400,9,50935,10.281000000002678,509342411,0,100,0.0,10.0,200.0,186.0,7,0
81662400,9,50936,10.281000000002678,509352411,0,100,0.0,10.0,200.0,186.0,7,0
81662400,9,50937,10.281000000002678,509362411,0,100,0.0,10.0,200.0,186.0,7,0
81662400,9,50938,10.281000000002678,509372411,0,100,0.0,10.0,200.0,186.0,7,0
81662400,9,50939,10.281000000002678,509382411,0,100,0.0,10.0,200.0,186.0,7,0
81662400,9,50940,10.281000000002678,509392411,0,100,0.0,10.0,200.0,186.0,7,0
81662400,9,50941,10.281000000002678,509402411,0,100,0.0,10.0,200.0,186.0,7,0
81662400,9,50942,10.281000000002678,509412411,0,100,0.0,10.0,200.0,186.0,7,0
81662400,9,50943,10.281000000002678,509422411,0,100,0.0,10.0,200.0,186.0,7,0
81662400,9,50944,10.281000000002678,509432411,0,100,0.0,10.0,200.0,186.0,7,0
81662400,9,50945,10.281000000002678,509442411,0,100,0.0,10.0,200.0,186.0,7,0
81662400,9,50946,10.281000000002678,509452411,0,100,0.0,10.0,200.0,186.0,7,0
81662400,9,50947,10.281000000002678,509462411,0,100,0.0,10.0,200.0,186.0,7,0
81662400,9,50948,10.281000000002678,509472411,0,100,0.0,10.0,200.0,186.0,7,0
81662400,9,50949,10.281000000002678,509482411,0,100,0.0,10.0,200.0,186.0,7,0
81662400,9,50950,10.281000000002678,509492411,0,100,0.0,10.0,200.0,186.0,7,0
81662400,9,50951,10.281000000002678,509502411,0,100,0.0,10.0,200.0,186.0,7,0
81662400,9,50952,10.281000000002678,509512411,0,100,0.0,10.0,200.0,186.0,7,0
81662400,9,50953,10.281000000002678,509522411,0,100,0.0,10.0,200.0,186.0,7,0
81662400,9,50954,10.281000000002678,509532411,0,100,0.0,10.0,200.0,186.0,7,0
81662400,9,50955,10.281000000002678,509542411,0,100,0.0,10.0,200.0,186.0,7,0
81662400,9,50956,10.281000000002678,509552411,0,100,0.0,10.0,200.0,186.0,7,0
81662400,9,50957,10.281000000002678,509562412,0,100,0.0,10.0,200.0,186.0,7,0
81662400,9,50958,10.281000000002678,509572411,0,100,0.0,10.0,200.0,186.0,7,0
81662400,9,50959,10.281000000002678,509582411,0,100,0.0,10.0,200.0,186.0,7,0
81662400,9,50960,10.281000000002678,509592411,0,100,0.0,10.0,200.0,186.0,7,0
81662400,9,50961,10.827999999994063,509602411,0,100,0.0,10.0,200.0,186.0,7,0
81662400,9,50962,10.827999999994063,509612411,0,100,0.0,10.0,200.0,186.0,7,0
81662400,9,50963,10.827999999994063,509622411,0,100,0.0,10.0,200.0,186.0,7,0
81662400,9,50964,10.827999999994063,509632411,0,100,0.0,10.0,200.0,186.0,7,0
81662400,9,50965,10.827999999994063,509642411,0,100,0.0,10.0,200.0,186.0,7,0
81662400,9,50966,10.827999999994063,509652411,0,100,0.0,10.0,200.0,186.0,7,0
81662400,9,50967,10.827999999994063,509662411,0,100,0.0,10.0,200.0,186.0,7,0
81662400,9,50968,10.827999999994063,509672411,0,100,0.0,10.0,200.0,186.0,7,0
81662400,9,50969,10.827999999994063,509682411,0,100,0.0,10.0,200.0,186.0,7,0
81662400,9,50970,10.827999999994063,509692411,0,100,0.0,10.0,200.0,186.0,7,0
81662400,9,50971,10.827999999994063,509702411,0,100,0.0,10.0,200.0,186.0,7,0
81662400,9,50972,10.827999999994063,509712411,0,100,0.0,10.0,200.0,186.0,7,0
81662400,9,50973,10.827999999994063,509722411,0,100,0.0,10.0,200.0,186.0,7,0
81662400,9,50974,10.827999999994063,509732411,0,100,0.0,10.0,200.0,186.0,7,0
81662400,9,50975,10.827999999994063,509742411,0,100,0.0,10.0,200.0,186.0,7,0
81662400,9,50976,10.827999999994063,509752411,0,100,0.0,10.0,200.0,186.0,7,0
81662400,9,50977,10.827999999994063,509762411,0,100,0.0,10.0,200.0,186.0,7,0
81662400,9,50978,10.827999999994063,509772411,0,100,0.0,10.0,200.0,186.0,7,0
81662400,9,50979,10.827999999994063,509782411,0,100,0.0,10.0,200.0,186.0,7,0
81662400,9,50980,10.827999999994063,509792411,0,100,0.0,10.0,200.0,186.0,7,0
81662400,9,50981,10.827999999994063,509802411,0,100,0.0,10.0,200.0,186.0,7,0
81662400,9,50982,10.827999999994063,509812411,0,100,0.0,10.0,200.0,186.0,7,0
81662400,9,50983,10.827999999994063,509822411,0,100,0.0,10.0,200.0,186.0,7,0
81662400,9,50984,10.827999999994063,509832411,0,100,0.0,10.0,200.0,186.0,7,0
81662400,9,50985,10.827999999994063,509842411,0,100,0.0,10.0,200.0,186.0,7,0
81662400,9,50986,10.827999999994063,509852411,0,100,0.0,10.0,200.0,186.0,7,0
81662400,9,50987,10.827999999994063,509862411,0,100,0.0,10.0,200.0,186.0,7,0
81662400,9,50988,10.827999999994063,509872411,0,100,0.0,10.0,200.0,186.0,7,0
81662400,9,50989,10.827999999994063,509882411,0,100,0.0,10.0,200.0,186.0,7,0
81662400,9,50990,10.827999999994063,509892411,0,100,0.0,10.0,200.0,186.0,7,0
81662400,9,50991,10.827999999994063,509902411,0,100,0.0,10.0,200.0,186.0,7,0
81662400,9,50992,10.827999999994063,509912411,0,100,0.0,10.0,200.0,186.0,7,0
81662400,9,50993,10.827999999994063,509922411,0,100,0.0,10.0,200.0,186.0,7,0
81662400,9,50994,10.827999999994063,509932411,0,100,0.0,10.0,200.0,186.0,7,0
81662400,9,50995,10.827999999994063,509942411,0,100,0.0,10.0,200.0,186.0,7,0
81662400,9,50996,10.827999999994063,509952411,0,100,0.0,10.0,200.0,186.0,7,0
81662400,9,50997,10.827999999994063,509962411,0,100,0.0,10.0,200.0,186.0,7,0
81662400,9,50998,10.827999999994063,509972411,0,100,0.0,10.0,200.0,186.0,7,0
81662400,9,50999,10.827999999994063,509982411,0,100,0.0,10.0,200.0,186.0,7,0
81662400,9,51000,10.827999999994063,509992411,0,100,0.0,10.0,200.0,186.0,7,0
81662400,9,51001,10.827999999994063,510002411,0,100,0.0,10.0,200.0,186.0,7,0
81662400,9,51002,10.827999999994063,510012411,0,100,0.0,10.0,200.0,186.0,7,0
81662400,9,51003,10.827999999994063,510022411,0,100,0.0,10.0,200.0,186.0,7,0
81662400,9,51004,10.827999999994063,510032411,0,100,0.0,10.0,200.0,186.0,7,0
81662400,9,51005,10.827999999994063,510042411,0,100,0.0,10.0,200.0,186.0,7,0
81662400,9,51006,10.827999999994063,510052411,0,100,0.0,10.0,200.0,186.0,7,0
81662400,9,51007,10.827999999994063,510062411,0,100,0.0,10.0,200.0,186.0,7,0
81662400,9,51008,10.827999999994063,510072411,0,100,0.0,10.0,200.0,186.0,7,0
81662400,9,51009,10.827999999994063,510082411,0,100,0.0,10.0,200.0,186.0,7,0
81662400,9,51010,10.827999999994063,510092411,0,100,0.0,10.0,200.0,186.0,7,0
81662400,9,51011,10.827999999994063,510102411,0,100,0.0,10.0,200.0,186.0,7,0
81662400,9,51012,10.827999999994063,510112411,0,100,0.0,10.0,200.0,186.0,7,0
81662400,9,51013,10.827999999994063,510122411,0,100,0.0,10.0,200.0,186.0,7,0
81662400,9,51014,10.827999999994063,510132411,0,100,0.0,10.0,200.0,186.0,7,0
81662400,9,51015,10.827999999994063,510142411,0,100,0.0,10.0,200.0,186.0,7,0
81662400,9,51016,10.827999999994063,510152411,0,100,0.0,10.0,200.0,186.0,7,0
81662400,9,51017,11.375,510162411,0,100,0.0,10.0,200.0,186.0,7,0
81662400,9,51018,11.375,510172411,0,100,0.0,10.0,200.0,186.0,7,0
81662400,9,51019,11.375,510182411,0,100,0.0,10.0,200.0,186.0,7,0
81662400,9,51020,11.375,510192411,0,100,0.0,10.0,200.0,186.0,7,0
81662400,9,51021,11.375,510202411,0,100,0.0,10.0,200.0,186.0,7,0
81662400,9,51022,11.375,510212411,0,100,0.0,10.0,200.0,186.0,7,0
81662400,9,51023,11.375,510222411,0,100,0.0,10.0,200.0,186.0,7,0
81662400,9,51024,11.375,510232411,0,100,0.0,10.0,200.0,186.0,7,0
81662400,9,51025,11.375,510242411,0,100,0.0,10.0,200.0,186.0,7,0
81662400,9,51026,11.375,510252411,0,100,0.0,10.0,200.0,186.0,7,0
81662400,9,51027,11.375,510262411,0,100,0.0,10.0,200.0,186.0,7,0
81662400,9,51028,11.375,510272411,0,100,0.0,10.0,200.0,186.0,7,0
81662400,9,51029,11.375,510282411,0,100,0.0,10.0,200.0,186.0,7,0
81662400,9,51030,11.375,510292411,0,100,0.0,10.0,200.0,186.0,7,0
81662400,9,51031,11.375,510302411,0,100,0.0,10.0,200.0,186.0,7,0
81662400,9,51032,11.375,510312411,0,100,0.0,10.0,200.0,186.0,7,0
81662400,9,51033,11.375,510322411,0,100,0.0,10.0,200.0,186.0,7,0
81662400,9,51034,11.375,510332411,0,100,0.0,10.0,200.0,186.0,7,0
81662400,9,51035,11.375,510342411,0,100,0.0,10.0,200.0,186.0,7,0
81662400,9,51036,11.375,510352411,0,100,0.0,10.0,200.0,186.0,7,0
81662400,9,51037,11.375,510362411,0,100,0.0,10.0,200.0,186.0,7,0
81662400,9,51038,11.375,510372411,0,100,0.0,10.0,200.0,186.0,7,0
81662400,9,51039,11.375,510382411,0,100,0.0,10.0,200.0,186.0,7,0
81662400,9,51040,11.375,510392411,0,100,0.0,10.0,200.0,186.0,7,0
81662400,9,51041,11.375,510402411,0,100,0.0,10.0,200.0,186.0,7,0
81662400,9,51042,11.375,510412411,0,100,0.0,10.0,200.0,186.0,7,0
81662400,9,51043,11.375,510422411,0,100,0.0,10.0,200.0,186.0,7,0
81662400,9,51044,11.375,510432411,0,100,0.0,10.0,200.0,186.0,7,0
81662400,9,51045,11.375,510442411,0,100,0.0,10.0,200.0,186.0,7,0
81662400,9,51046,11.375,510452411,0,100,0.0,10.0,200.0,186.0,7,0
81662400,9,51047,11.375,510462411,0,100,0.0,10.0,200.0,186.0,7,0
81662400,9,51048,11.375,510472411,0,100,0.0,10.0,200.0,186.0,7,0
81662400,9,51049,11.375,510482411,0,100,0.0,10.0,200.0,186.0,7,0
81662400,9,51050,11.375,510492411,0,100,0.0,10.0,200.0,186.0,7,0
81662400,9,51051,11.375,510502411,0,100,0.0,10.0,200.0,186.0,7,0
81662400,9,51052,11.375,510512411,0,100,0.0,10.0,200.0,186.0,7,0
81662400,9,51053,11.375,510522411,0,100,0.0,10.0,200.0,186.0,7,0
81662400,9,51054,11.375,510532411,0,100,0.0,10.0,200.0,186.0,7,0
81662400,9,51055,11.375,510542411,0,100,0.0,10.0,200.0,186.0,7,0
81662400,9,51056,11.375,510552411,0,100,0.0,10.0,200.0,186.0,7,0
81662400,9,51057,11.375,510562411,0,100,0.0,10.0,200.0,186.0,7,0
81662400,9,51058,11.375,510572411,0,100,0.0,10.0,200.0,186.0,7,0
81662400,9,51059,11.375,510582411,0,100,0.0,10.0,200.0,186.0,7,0
81662400,9,51060,11.375,510592411,0,100,0.0,10.0,200.0,186.0,7,0
81662400,9,51061,11.375,510602411,0,100,0.0,10.0,200.0,186.0,7,0
81662400,9,51062,11.375,510612411,0,100,0.0,10.0,200.0,186.0,7,0
81662400,9,51063,11.375,510622411,0,100,0.0,10.0,200.0,186.0,7,0
81662400,9,51064,11.375,510632411,0,100,0.0,10.0,200.0,186.0,7,0
81662400,9,51065,11.375,510642411,0,100,0.0,10.0,200.0,186.0,7,0
81662400,9,51066,11.375,510652411,0,100,0.0,10.0,200.0,186.0,7,0
81662400,9,51067,11.375,510662412,0,100,0.0,10.0,200.0,186.0,7,0
81662400,9,51068,11.375,510672411,0,100,0.0,10.0,200.0,186.0,7,0
81662400,9,51069,11.375,510682411,0,100,0.0,10.0,200.0,186.0,7,0
81662400,9,51070,11.375,510692411,0,100,0.0,10.0,200.0,186.0,7,0
81662400,9,51071,11.375,510702411,0,100,0.0,10.0,200.0,186.0,7,0
81662400,9,51072,11.375,510712411,0,100,0.0,10.0,200.0,186.0,7,0
81662400,9,51073,11.922000000005937,510722411,0,100,0.0,10.0,200.0,186.0,7,0
81662400,9,51074,11.922000000005937,510732411,0,100,0.0,10.0,200.0,186.0,7,0
81662400,9,51075,11.922000000005937,510742411,0,100,0.0,10.0,200.0,186.0,7,0
81662400,9,51076,11.922000000005937,510752411,0,100,0.0,10.0,200.0,186.0,7,0
81662400,9,51077,11.922000000005937,510762411,0,100,0.0,10.0,200.0,186.0,7,0
81662400,9,51078,11.922000000005937,510772411,0,100,0.0,10.0,200.0,186.0,7,0
81662400,9,51079,11.922000000005937,510782411,0,100,0.0,10.0,200.0,186.0,7,0
81662400,9,51080,11.922000000005937,510792411,0,100,0.0,10.0,200.0,186.0,7,0
81662400,9,51081,11.922000000005937,510802411,0,100,0.0,10.0,200.0,186.0,7,0
81662400,9,51082,11.922000000005937,510812411,0,100,0.0,10.0,200.0,186.0,7,0
81662400,9,51083,11.922000000005937,510822411,0,100,0.0,10.0,200.0,186.0,7,0
81662400,9,51084,11.922000000005937,510832411,0,100,0.0,10.0,200.0,186.0,7,0
81662400,9,51085,11.922000000005937,510842411,0,100,0.0,10.0,200.0,186.0,7,0
81662400,9,51086,11.922000000005937,510852411,0,100,0.0,10.0,200.0,186.0,7,0
81662400,9,51087,11.922000000005937,510862411,0,100,0.0,10.0,200.0,186.0,7,0
81662400,9,51088,11.922000000005937,510872411,0,100,0.0,10.0,200.0,186.0,7,0
81662400,9,51089,11.922000000005937,510882411,0,100,0.0,10.0,200.0,186.0,7,0
81662400,9,51090,11.922000000005937,510892411,0,100,0.0,10.0,200.0,186.0,7,0
81662400,9,51091,11.922000000005937,510902411,0,100,0.0,10.0,200.0,186.0,7,0
81662400,9,51092,11.922000000005937,510912411,0,100,0.0,10.0,200.0,186.0,7,0
81662400,9,51093,11.922000000005937,510922411,0,100,0.0,10.0,200.0,186.0,7,0
81662400,9,51094,11.922000000005937,510932411,0,100,0.0,10.0,200.0,186.0,7,0
81662400,9,51095,11.922000000005937,510942411,0,100,0.0,10.0,200.0,186.0,7,0
81662400,9,51096,11.922000000005937,510952411,0,100,0.0,10.0,200.0,186.0,7,0
81662400,9,51097,11.922000000005937,510962411,0,100,0.0,10.0,200.0,186.0,7,0
81662400,9,51098,11.922000000005937,510972411,0,100,0.0,10.0,200.0,186.0,7,0
81662400,9,51099,11.922000000005937,510982411,0,100,0.0,10.0,200.0,186.0,7,0
81662400,9,51100,11.922000000005937,510992411,0,100,0.0,10.0,200.0,186.0,7,0
81662400,9,51101,11.922000000005937,511002411,0,100,0.0,10.0,200.0,186.0,7,0
81662400,9,51102,11.922000000005937,511012411,0,100,0.0,10.0,200.0,186.0,7,0
81662400,9,51103,11.922000000005937,511022411,0,100,0.0,10.0,200.0,186.0,7,0
81662400,9,51104,11.922000000005937,511032411,0,100,0.0,10.0,200.0,186.0,7,0
81662400,9,51105,11.922000000005937,511042411,0,100,0.0,10.0,200.0,186.0,7,0
81662400,9,51106,11.922000000005937,511052411,0,100,0.0,10.0,200.0,186.0,7,0
81662400,9,51107,11.922000000005937,511062411,0,100,0.0,10.0,200.0,186.0,7,0
81662400,9,51108,11.922000000005937,511072411,0,100,0.0,10.0,200.0,186.0,7,0
81662400,9,51109,11.922000000005937,511082411,0,100,0.0,10.0,200.0,186.0,7,0
81662400,9,51110,11.922000000005937,511092411,0,100,0.0,10.0,200.0,186.0,7,0
81662400,9,51111,11.922000000005937,511102411,0,100,0.0,10.0,200.0,186.0,7,0
81662400,9,51112,11.922000000005937,511112411,0,100,0.0,10.0,200.0,186.0,7,0
81662400,9,51113,11.922000000005937,511122411,0,100,0.0,10.0,200.0,186.0,7,0
81662400,9,51114,11.922000000005937,511132411,0,100,0.0,10.0,200.0,186.0,7,0
81662400,9,51115,11.922000000005937,511142411,0,100,0.0,10.0,200.0,186.0,7,0
81662400,9,51116,11.922000000005937,511152411,0,100,0.0,10.0,200.0,186.0,7,0
81662400,9,51117,11.922000000005937,511162411,0,100,0.0,10.0,200.0,186.0,7,0
81662400,9,51118,11.922000000005937,511172411,0,100,0.0,10.0,200.0,186.0,7,0
81662400,9,51119,11.922000000005937,511182411,0,100,0.0,10.0,200.0,186.0,7,0
81662400,9,51120,11.922000000005937,511192411,0,100,0.0,10.0,200.0,186.0,7,0
81662400,9,51121,11.922000000005937,511202411,0,100,0.0,10.0,200.0,186.0,7,0
81662400,9,51122,11.922000000005937,511212411,0,100,0.0,10.0,200.0,186.0,7,0
81662400,9,51123,11.922000000005937,511222411,0,100,0.0,10.0,200.0,186.0,7,0
81662400,9,51124,11.922000000005937,511232411,0,100,0.0,10.0,200.0,186.0,7,0
81662400,9,51125,11.922000000005937,511242411,0,100,0.0,10.0,200.0,186.0,7,0
81662400,9,51126,11.922000000005937,511252411,0,100,0.0,10.0,200.0,186.0,7,0
81662400,9,51127,11.922000000005937,511262411,0,100,0.0,10.0,200.0,186.0,7,0
81662400,9,51128,11.922000000005937,511272411,0,100,0.0,10.0,200.0,186.0,7,0
81662400,9,51129,12.485000000000582,511282411,0,100,0.0,10.0,200.0,186.0,7,0
81662400,9,51130,12.485000000000582,511292411,0,100,0.0,10.0,200.0,186.0,7,0
81662400,9,51131,12.485000000000582,511302411,0,100,0.0,10.0,200.0,186.0,7,0
81662400,9,51132,12.485000000000582,511312411,0,100,0.0,10.0,200.0,186.0,7,0
81662400,9,51133,12.485000000000582,511322411,0,100,0.0,10.0,200.0,186.0,7,0
81662400,9,51134,12.485000000000582,511332411,0,100,0.0,10.0,200.0,186.0,7,0
81662400,9,51135,12.485000000000582,511342411,0,100,0.0,10.0,200.0,186.0,7,0
81662400,9,51136,12.485000000000582,511352411,0,100,0.0,10.0,200.0,186.0,7,0
81662400,9,51137,12.485000000000582,511362411,0,100,0.0,10.0,200.0,186.0,7,0
81662400,9,51138,12.485000000000582,511372411,0,100,0.0,10.0,200.0,186.0,7,0
81662400,9,51139,12.485000000000582,511382411,0,100,0.0,10.0,200.0,186.0,7,0
81662400,9,51140,12.485000000000582,511392411,0,100,0.0,10.0,200.0,186.0,7,0
81662400,9,51141,12.485000000000582,511402411,0,100,0.0,10.0,200.0,186.0,7,0
81662400,9,51142,12.485000000000582,511412411,0,100,0.0,10.0,200.0,186.0,7,0
81662400,9,51143,12.485000000000582,511422411,0,100,0.0,10.0,200.0,186.0,7,0
81662400,9,51144,12.485000000000582,511432411,0,100,0.0,10.0,200.0,186.0,7,0
81662400,9,51145,12.485000000000582,511442411,0,100,0.0,10.0,200.0,186.0,7,0
81662400,9,51146,12.485000000000582,511452411,0,100,0.0,10.0,200.0,186.0,7,0
81662400,9,51147,12.485000000000582,511462411,0,100,0.0,10.0,200.0,186.0,7,0
81662400,9,51148,12.485000000000582,511472411,0,100,0.0,10.0,200.0,186.0,7,0
81662400,9,51149,12.485000000000582,511482411,0,100,0.0,10.0,200.0,186.0,7,0
81662400,9,51150,12.485000000000582,511492411,0,100,0.0,10.0,200.0,186.0,7,0
81662400,9,51151,12.485000000000582,511502411,0,100,0.0,10.0,200.0,186.0,7,0
81662400,9,51152,12.485000000000582,511512411,0,100,0.0,10.0,200.0,186.0,7,0
81662400,9,51153,12.485000000000582,511522411,0,100,0.0,10.0,200.0,186.0,7,0
81662400,9,51154,12.485000000000582,511532411,0,100,0.0,10.0,200.0,186.0,7,0
81662400,9,51155,12.485000000000582,511542411,0,100,0.0,10.0,200.0,186.0,7,0
81662400,9,51156,12.485000000000582,511552411,0,100,0.0,10.0,200.0,186.0,7,0
81662400,9,51157,12.485000000000582,511562411,0,100,0.0,10.0,200.0,186.0,7,0
81662400,9,51158,12.485000000000582,511572411,0,100,0.0,10.0,200.0,186.0,7,0
81662400,9,51159,12.485000000000582,511582411,0,100,0.0,10.0,200.0,186.0,7,0
81662400,9,51160,12.485000000000582,511592411,0,100,0.0,10.0,200.0,186.0,7,0
81662400,9,51161,12.485000000000582,511602411,0,100,0.0,10.0,200.0,186.0,7,0
81662400,9,51162,12.485000000000582,511612411,0,100,0.0,10.0,200.0,186.0,7,0
81662400,9,51163,12.485000000000582,511622411,0,100,0.0,10.0,200.0,186.0,7,0
81662400,9,51164,12.485000000000582,511632411,0,100,0.0,10.0,200.0,186.0,7,0
81662400,9,51165,12.485000000000582,511642411,0,100,0.0,10.0,200.0,186.0,7,0
81662400,9,51166,12.485000000000582,511652411,0,100,0.0,10.0,200.0,186.0,7,0
81662400,9,51167,12.485000000000582,511662411,0,100,0.0,10.0,200.0,186.0,7,0
81662400,9,51168,12.485000000000582,511672411,0,100,0.0,10.0,200.0,186.0,7,0
81662400,9,51169,12.485000000000582,511682411,0,100,0.0,10.0,200.0,186.0,7,0
81662400,9,51170,12.485000000000582,511692411,0,100,0.0,10.0,200.0,186.0,7,0
81662400,9,51171,12.485000000000582,511702411,0,100,0.0,10.0,200.0,186.0,7,0
81662400,9,51172,12.485000000000582,511712411,0,100,0.0,10.0,200.0,186.0,7,0
81662400,9,51173,12.485000000000582,511722411,0,100,0.0,10.0,200.0,186.0,7,0
81662400,9,51174,12.485000000000582,511732411,0,100,0.0,10.0,200.0,186.0,7,0
81662400,9,51175,12.485000000000582,511742411,0,100,0.0,10.0,200.0,186.0,7,0
81662400,9,51176,12.485000000000582,511752411,0,100,0.0,10.0,200.0,186.0,7,0
81662400,9,51177,12.485000000000582,511762411,0,100,0.0,10.0,200.0,186.0,7,0
81662400,9,51178,12.485000000000582,511772411,0,100,0.0,10.0,200.0,186.0,7,0
81662400,9,51179,12.485000000000582,511782411,0,100,0.0,10.0,200.0,186.0,7,0
81662400,9,51180,12.485000000000582,511792411,0,100,0.0,10.0,200.0,186.0,7,0
81662400,9,51181,12.485000000000582,511802411,0,100,0.0,10.0,200.0,186.0,7,0
81662400,9,51182,12.485000000000582,511812411,0,100,0.0,10.0,200.0,186.0,7,0
81662400,9,51183,12.485000000000582,511822411,0,100,0.0,10.0,200.0,186.0,7,0
81662400,9,51184,12.485000000000582,511832411,0,100,0.0,10.0,200.0,186.0,7,0
81662400,9,51185,12.64100000000326,511842411,0,100,0.0,10.0,200.0,186.0,7,0
81662400,9,51186,12.64100000000326,511852411,0,100,0.0,10.0,200.0,186.0,7,0
81662400,9,51187,12.64100000000326,511862411,0,100,0.0,10.0,200.0,186.0,7,0
81662400,9,51188,12.64100000000326,511872411,0,100,0.0,10.0,200.0,186.0,7,0
81662400,9,51189,12.64100000000326,511882411,0,100,0.0,10.0,200.0,186.0,7,0
81662400,9,51190,12.64100000000326,511892411,0,100,0.0,10.0,200.0,186.0,7,0
81662400,9,51191,12.64100000000326,511902411,0,100,0.0,10.0,200.0,186.0,7,0
81662400,9,51192,12.64100000000326,511912411,0,100,0.0,10.0,200.0,186.0,7,0
81662400,9,51193,13.235000000000582,511922411,0,100,0.0,10.0,200.0,186.0,7,0
81662400,9,51194,13.235000000000582,511932411,0,100,0.0,10.0,200.0,186.0,7,0
81662400,9,51195,13.235000000000582,511942411,0,100,0.0,10.0,200.0,186.0,7,0
81662400,9,51196,13.235000000000582,511952411,0,100,0.0,10.0,200.0,186.0,7,0
81662400,9,51197,13.235000000000582,511962411,0,100,0.0,10.0,200.0,186.0,7,0
81662400,9,51198,13.235000000000582,511972411,0,100,0.0,10.0,200.0,186.0,7,0
81662400,9,51199,13.235000000000582,511982411,0,100,0.0,10.0,200.0,186.0,7,0
81662400,9,51200,13.235000000000582,511992411,0,100,0.0,10.0,200.0,186.0,7,0
81662400,9,51201,13.235000000000582,512002411,0,100,0.0,10.0,200.0,186.0,7,0
81662400,9,51202,13.235000000000582,512012411,0,100,0.0,10.0,200.0,186.0,7,0
81662400,9,51203,13.235000000000582,512022411,0,100,0.0,10.0,200.0,186.0,7,0
81662400,9,51204,13.235000000000582,512032411,0,100,0.0,10.0,200.0,186.0,7,0
81662400,9,51205,13.235000000000582,512042411,0,100,0.0,10.0,200.0,186.0,7,0
81662400,9,51206,13.235000000000582,512052411,0,100,0.0,10.0,200.0,186.0,7,0
81662400,9,51207,13.235000000000582,512062411,0,100,0.0,10.0,200.0,186.0,7,0
81662400,9,51208,13.235000000000582,512072411,0,100,0.0,10.0,200.0,186.0,7,0
81662400,9,51209,13.235000000000582,512082411,0,100,0.0,10.0,200.0,186.0,7,0
81662400,9,51210,13.235000000000582,512092411,0,100,0.0,10.0,200.0,186.0,7,0
81662400,9,51211,13.235000000000582,512102411,0,100,0.0,10.0,200.0,186.0,7,0
81662400,9,51212,13.235000000000582,512112411,0,100,0.0,10.0,200.0,186.0,7,0
81662400,9,51213,13.235000000000582,512122411,0,100,0.0,10.0,200.0,186.0,7,0
81662400,9,51214,13.235000000000582,512132411,0,100,0.0,10.0,200.0,186.0,7,0
81662400,9,51215,13.235000000000582,512142411,0,100,0.0,10.0,200.0,186.0,7,0
81662400,9,51216,13.235000000000582,512152411,0,100,0.0,10.0,200.0,186.0,7,0
81662400,9,51217,13.235000000000582,512162411,0,100,0.0,10.0,200.0,186.0,7,0
81662400,9,51218,13.235000000000582,512172411,0,100,0.0,10.0,200.0,186.0,7,0
81662400,9,51219,13.235000000000582,512182411,0,100,0.0,10.0,200.0,186.0,7,0
81662400,9,51220,13.235000000000582,512192411,0,100,0.0,10.0,200.0,186.0,7,0
81662400,9,51221,13.235000000000582,512202411,0,100,0.0,10.0,200.0,186.0,7,0
81662400,9,51222,13.235000000000582,512212411,0,100,0.0,10.0,200.0,186.0,7,0
81662400,9,51223,13.235000000000582,512222411,0,100,0.0,10.0,200.0,186.0,7,0
81662400,9,51224,13.235000000000582,512232411,0,100,0.0,10.0,200.0,186.0,7,0
81662400,9,51225,13.235000000000582,512242411,0,100,0.0,10.0,200.0,186.0,7,0
81662400,9,51226,13.235000000000582,512252411,0,100,0.0,10.0,200.0,186.0,7,0
81662400,9,51227,13.235000000000582,512262411,0,100,0.0,10.0,200.0,186.0,7,0
81662400,9,51228,13.235000000000582,512272411,0,100,0.0,10.0,200.0,186.0,7,0
81662400,9,51229,13.235000000000582,512282411,0,100,0.0,10.0,200.0,186.0,7,0
81662400,9,51230,13.235000000000582,512292411,0,100,0.0,10.0,200.0,186.0,7,0
81662400,9,51231,13.235000000000582,512302411,0,100,0.0,10.0,200.0,186.0,7,0
81662400,9,51232,13.235000000000582,512312411,0,100,0.0,10.0,200.0,186.0,7,0
81662400,9,51233,13.235000000000582,512322411,0,100,0.0,10.0,200.0,186.0,7,0
81662400,9,51234,13.235000000000582,512332412,0,100,0.0,10.0,200.0,186.0,7,0
81662400,9,51235,13.235000000000582,512342411,0,100,0.0,10.0,200.0,186.0,7,0
81662400,9,51236,13.235000000000582,512352411,0,100,0.0,10.0,200.0,186.0,7,0
81662400,9,51237,13.235000000000582,512362411,0,100,0.0,10.0,200.0,186.0,7,0
81662400,9,51238,13.235000000000582,512372411,0,100,0.0,10.0,200.0,186.0,7,0
81662400,9,51239,13.235000000000582,512382411,0,100,0.0,10.0,200.0,186.0,7,0
81662400,9,51240,13.235000000000582,512392411,0,100,0.0,10.0,200.0,186.0,7,0
81662400,9,51241,13.235000000000582,512402411,0,100,0.0,10.0,200.0,186.0,7,0
81662400,9,51242,13.235000000000582,512412411,0,100,0.0,10.0,200.0,186.0,7,0
81662400,9,51243,13.235000000000582,512422411,0,100,0.0,10.0,200.0,186.0,7,0
81662400,9,51244,13.235000000000582,512432411,0,100,0.0,10.0,200.0,186.0,7,0
81662400,9,51245,13.235000000000582,512442411,0,100,0.0,10.0,200.0,186.0,7,0
81662400,9,51246,13.235000000000582,512452411,0,100,0.0,10.0,200.0,186.0,7,0
81662400,9,51247,13.235000000000582,512462411,0,100,0.0,10.0,200.0,186.0,7,0
81662400,9,51248,13.235000000000582,512472411,0,100,0.0,10.0,200.0,186.0,7,0
81662400,9,51249,13.735000000000582,512482411,0,100,0.0,10.0,200.0,186.0,7,0
81662400,9,51250,13.735000000000582,512492411,0,100,0.0,10.0,200.0,186.0,7,0
81662400,9,51251,13.735000000000582,512502411,0,100,0.0,10.0,200.0,186.0,7,0
81662400,9,51252,13.735000000000582,512512411,0,100,0.0,10.0,200.0,186.0,7,0
81662400,9,51253,13.735000000000582,512522411,0,100,0.0,10.0,200.0,186.0,7,0
81662400,9,51254,13.735000000000582,512532411,0,100,0.0,10.0,200.0,186.0,7,0
81662400,9,51255,13.735000000000582,512542411,0,100,0.0,10.0,200.0,186.0,7,0
81662400,9,51256,13.735000000000582,512552411,0,100,0.0,10.0,200.0,186.0,7,0
81662400,9,51257,13.735000000000582,512562411,0,100,0.0,10.0,200.0,186.0,7,0
81662400,9,51258,13.735000000000582,512572411,0,100,0.0,10.0,200.0,186.0,7,0
81662400,9,51259,13.735000000000582,512582411,0,100,0.0,10.0,200.0,186.0,7,0
81662400,9,51260,13.735000000000582,512592411,0,100,0.0,10.0,200.0,186.0,7,0
81662400,9,51261,13.735000000000582,512602411,0,100,0.0,10.0,200.0,186.0,7,0
81662400,9,51262,13.735000000000582,512612411,0,100,0.0,10.0,200.0,186.0,7,0
81662400,9,51263,13.735000000000582,512622411,0,100,0.0,10.0,200.0,186.0,7,0
81662400,9,51264,13.735000000000582,512632411,0,100,0.0,10.0,200.0,186.0,7,0
81662400,9,51265,13.735000000000582,512642411,0,100,0.0,10.0,200.0,186.0,7,0
81662400,9,51266,13.735000000000582,512652411,0,100,0.0,10.0,200.0,186.0,7,0
81662400,9,51267,13.735000000000582,512662411,0,100,0.0,10.0,200.0,186.0,7,0
81662400,9,51268,13.735000000000582,512672411,0,100,0.0,10.0,200.0,186.0,7,0
81662400,9,51269,13.735000000000582,512682411,0,100,0.0,10.0,200.0,186.0,7,0
81662400,9,51270,13.735000000000582,512692411,0,100,0.0,10.0,200.0,186.0,7,0
81662400,9,51271,13.735000000000582,512702411,0,100,0.0,10.0,200.0,186.0,7,0
81662400,9,51272,13.735000000000582,512712411,0,100,0.0,10.0,200.0,186.0,7,0
81662400,9,51273,13.735000000000582,512722411,0,100,0.0,10.0,200.0,186.0,7,0
81662400,9,51274,13.735000000000582,512732411,0,100,0.0,10.0,200.0,186.0,7,0
81662400,9,51275,13.735000000000582,512742411,0,100,0.0,10.0,200.0,186.0,7,0
81662400,9,51276,13.735000000000582,512752411,0,100,0.0,10.0,200.0,186.0,7,0
81662400,9,51277,13.735000000000582,512762411,0,100,0.0,10.0,200.0,186.0,7,0
81662400,9,51278,13.735000000000582,512772411,0,100,0.0,10.0,200.0,186.0,7,0
81662400,9,51279,13.735000000000582,512782411,0,100,0.0,10.0,200.0,186.0,7,0
81662400,9,51280,13.735000000000582,512792411,0,100,0.0,10.0,200.0,186.0,7,0
81662400,9,51281,13.735000000000582,512802411,0,100,0.0,10.0,200.0,186.0,7,0
81662400,9,51282,13.735000000000582,512812411,0,100,0.0,10.0,200.0,186.0,7,0
81662400,9,51283,13.735000000000582,512822411,0,100,0.0,10.0,200.0,186.0,7,0
81662400,9,51284,13.735000000000582,512832411,0,100,0.0,10.0,200.0,186.0,7,0
81662400,9,51285,13.735000000000582,512842411,0,100,0.0,10.0,200.0,186.0,7,0
81662400,9,51286,13.735000000000582,512852411,0,100,0.0,10.0,200.0,186.0,7,0
81662400,9,51287,13.735000000000582,512862411,0,100,0.0,10.0,200.0,186.0,7,0
81662400,9,51288,13.735000000000582,512872411,0,100,0.0,10.0,200.0,186.0,7,0
81662400,9,51289,13.735000000000582,512882411,0,100,0.0,10.0,200.0,186.0,7,0
81662400,9,51290,13.735000000000582,512892411,0,100,0.0,10.0,200.0,186.0,7,0
81662400,9,51291,13.735000000000582,512902411,0,100,0.0,10.0,200.0,186.0,7,0
81662400,9,51292,13.735000000000582,512912411,0,100,0.0,10.0,200.0,186.0,7,0
81662400,9,51293,13.735000000000582,512922411,0,100,0.0,10.0,200.0,186.0,7,0
81662400,9,51294,13.735000000000582,512932411,0,100,0.0,10.0,200.0,186.0,7,0
81662400,9,51295,13.735000000000582,512942411,0,100,0.0,10.0,200.0,186.0,7,0
81662400,9,51296,13.735000000000582,512952411,0,100,0.0,10.0,200.0,186.0,7,0
81662400,9,51297,13.735000000000582,512962411,0,100,0.0,10.0,200.0,186.0,7,0
81662400,9,51298,13.735000000000582,512972411,0,100,0.0,10.0,200.0,186.0,7,0
81662400,9,51299,13.735000000000582,512982411,0,100,0.0,10.0,200.0,186.0,7,0
81662400,9,51300,13.735000000000582,512992411,0,100,0.0,10.0,200.0,186.0,7,0
81662400,9,51301,13.735000000000582,513002411,0,100,0.0,10.0,200.0,186.0,7,0
81662400,9,51302,13.735000000000582,513012411,0,100,0.0,10.0,200.0,186.0,7,0
81662400,9,51303,13.735000000000582,513022411,0,100,0.0,10.0,200.0,186.0,7,0
81662400,9,51304,13.735000000000582,513032411,0,100,0.0,10.0,200.0,186.0,7,0
81662400,9,51305,13.735000000000582,513042411,0,100,0.0,10.0,200.0,186.0,7,0
81662400,9,51306,13.735000000000582,513052411,0,100,0.0,10.0,200.0,186.0,7,0
81662400,9,51307,13.735000000000582,513062411,0,100,0.0,10.0,200.0,186.0,7,0
81662400,9,51308,13.735000000000582,513072411,0,100,0.0,10.0,200.0,186.0,7,0
81662400,9,51309,13.735000000000582,513082411,0,100,0.0,10.0,200.0,186.0,7,0
81662400,9,51310,13.735000000000582,513092411,0,100,0.0,10.0,200.0,186.0,7,0
81662400,9,51311,13.735000000000582,513102411,0,100,0.0,10.0,200.0,186.0,7,0
81662400,9,51312,13.735000000000582,513112411,0,100,0.0,10.0,200.0,186.0,7,0
81662400,9,51313,13.968999999997322,513122411,0,100,0.0,10.0,200.0,186.0,7,0
81662400,9,51314,13.968999999997322,513132411,0,100,0.0,10.0,200.0,186.0,7,0
81662400,9,51315,13.968999999997322,513142411,0,100,0.0,10.0,200.0,186.0,7,0
81662400,9,51316,13.968999999997322,513152411,0,100,0.0,10.0,200.0,186.0,7,0
81662400,9,51317,13.968999999997322,513162411,0,100,0.0,10.0,200.0,186.0,7,0
81662400,9,51318,13.968999999997322,513172411,0,100,0.0,10.0,200.0,186.0,7,0
81662400,9,51319,13.968999999997322,513182411,0,100,0.0,10.0,200.0,186.0,7,0
81662400,9,51320,13.968999999997322,513192411,0,100,0.0,10.0,200.0,186.0,7,0
81662400,9,51321,13.968999999997322,513202411,0,100,0.0,10.0,200.0,186.0,7,0
81662400,9,51322,13.968999999997322,513212411,0,100,0.0,10.0,200.0,186.0,7,0
81662400,9,51323,13.968999999997322,513222411,0,100,0.0,10.0,200.0,186.0,7,0
81662400,9,51324,13.968999999997322,513232411,0,100,0.0,10.0,200.0,186.0,7,0
81662400,9,51325,13.968999999997322,513242411,0,100,0.0,10.0,200.0,186.0,7,0
81662400,9,51326,13.968999999997322,513252411,0,100,0.0,10.0,200.0,186.0,7,0
81662400,9,51327,13.968999999997322,513262411,0,100,0.0,10.0,200.0,186.0,7,0
81662400,9,51328,13.968999999997322,513272411,0,100,0.0,10.0,200.0,186.0,7,0
81662400,9,51329,14.452999999994063,513282411,0,100,0.0,10.0,200.0,186.0,7,0
81662400,9,51330,14.452999999994063,513292411,0,100,0.0,10.0,200.0,186.0,7,0
81662400,9,51331,14.452999999994063,513302411,0,100,0.0,10.0,200.0,186.0,7,0
81662400,9,51332,14.452999999994063,513312411,0,100,0.0,10.0,200.0,186.0,7,0
81662400,9,51333,14.452999999994063,513322411,0,100,0.0,10.0,200.0,186.0,7,0
81662400,9,51334,14.452999999994063,513332411,0,100,0.0,10.0,200.0,186.0,7,0
81662400,9,51335,14.452999999994063,513342411,0,100,0.0,10.0,200.0,186.0,7,0
81662400,9,51336,14.452999999994063,513352411,0,100,0.0,10.0,200.0,186.0,7,0
81662400,9,51337,14.452999999994063,513362411,0,100,0.0,10.0,200.0,186.0,7,0
81662400,9,51338,14.452999999994063,513372411,0,100,0.0,10.0,200.0,186.0,7,0
81662400,9,51339,14.452999999994063,513382411,0,100,0.0,10.0,200.0,186.0,7,0
81662400,9,51340,14.452999999994063,513392411,0,100,0.0,10.0,200.0,186.0,7,0
81662400,9,51341,14.452999999994063,513402411,0,100,0.0,10.0,200.0,186.0,7,0
81662400,9,51342,14.452999999994063,513412411,0,100,0.0,10.0,200.0,186.0,7,0
81662400,9,51343,14.452999999994063,513422411,0,100,0.0,10.0,200.0,186.0,7,0
81662400,9,51344,14.452999999994063,513432411,0,100,0.0,10.0,200.0,186.0,7,0
81662400,9,51345,14.452999999994063,513442411,0,100,0.0,10.0,200.0,186.0,7,0
81662400,9,51346,14.452999999994063,513452411,0,100,0.0,10.0,200.0,186.0,7,0
81662400,9,51347,14.452999999994063,513462411,0,100,0.0,10.0,200.0,186.0,7,0
81662400,9,51348,14.452999999994063,513472411,0,100,0.0,10.0,200.0,186.0,7,0
81662400,9,51349,14.452999999994063,513482411,0,100,0.0,10.0,200.0,186.0,7,0
81662400,9,51350,14.452999999994063,513492411,0,100,0.0,10.0,200.0,186.0,7,0
81662400,9,51351,14.452999999994063,513502411,0,100,0.0,10.0,200.0,186.0,7,0
81662400,9,51352,14.452999999994063,513512411,0,100,0.0,10.0,200.0,186.0,7,0
81662400,9,51353,14.452999999994063,513522411,0,100,0.0,10.0,200.0,186.0,7,0
81662400,9,51354,14.452999999994063,513532411,0,100,0.0,10.0,200.0,186.0,7,0
81662400,9,51355,14.452999999994063,513542411,0,100,0.0,10.0,200.0,186.0,7,0
81662400,9,51356,14.452999999994063,513552411,0,100,0.0,10.0,200.0,186.0,7,0
81662400,9,51357,14.452999999994063,513562411,0,100,0.0,10.0,200.0,186.0,7,0
81662400,9,51358,14.452999999994063,513572411,0,100,0.0,10.0,200.0,186.0,7,0
81662400,9,51359,14.452999999994063,513582411,0,100,0.0,10.0,200.0,186.0,7,0
81662400,9,51360,14.452999999994063,513592411,0,100,0.0,10.0,200.0,186.0,7,0
81662400,9,51361,14.452999999994063,513602411,0,100,0.0,10.0,200.0,186.0,7,0
81662400,9,51362,14.452999999994063,513612411,0,100,0.0,10.0,200.0,186.0,7,0
81662400,9,51363,14.452999999994063,513622411,0,100,0.0,10.0,200.0,186.0,7,0
81662400,9,51364,14.452999999994063,513632411,0,100,0.0,10.0,200.0,186.0,7,0
81662400,9,51365,14.452999999994063,513642411,0,100,0.0,10.0,200.0,186.0,7,0
81662400,9,51366,14.452999999994063,513652411,0,100,0.0,10.0,200.0,186.0,7,0
81662400,9,51367,14.452999999994063,513662411,0,100,0.0,10.0,200.0,186.0,7,0
81662400,9,51368,14.452999999994063,513672411,0,100,0.0,10.0,200.0,186.0,7,0
81662400,9,51369,14.452999999994063,513682411,0,100,0.0,10.0,200.0,186.0,7,0
81662400,9,51370,14.452999999994063,513692411,0,100,0.0,10.0,200.0,186.0,7,0
81662400,9,51371,14.452999999994063,513702411,0,100,0.0,10.0,200.0,186.0,7,0
81662400,9,51372,14.452999999994063,513712411,0,100,0.0,10.0,200.0,186.0,7,0
81662400,9,51373,14.452999999994063,513722411,0,100,0.0,10.0,200.0,186.0,7,0
81662400,9,51374,14.452999999994063,513732411,0,100,0.0,10.0,200.0,186.0,7,0
81662400,9,51375,14.452999999994063,513742411,0,100,0.0,10.0,200.0,186.0,7,0
81662400,9,51376,14.452999999994063,513752411,0,100,0.0,10.0,200.0,186.0,7,0
81662400,9,51377,15.01600000000326,513762411,0,100,0.0,10.0,200.0,186.0,7,0
81662400,9,51378,15.01600000000326,513772411,0,100,0.0,10.0,200.0,186.0,7,0
81662400,9,51379,15.01600000000326,513782411,0,100,0.0,10.0,200.0,186.0,7,0
81662400,9,51380,15.01600000000326,513792411,0,100,0.0,10.0,200.0,186.0,7,0
81662400,9,51381,15.01600000000326,513802411,0,100,0.0,10.0,200.0,186.0,7,0
81662400,9,51382,15.01600000000326,513812411,0,100,0.0,10.0,200.0,186.0,7,0
81662400,9,51383,15.01600000000326,513822411,0,100,0.0,10.0,200.0,186.0,7,0
81662400,9,51384,15.01600000000326,513832411,0,100,0.0,10.0,200.0,186.0,7,0
81662400,9,51385,15.01600000000326,513842411,0,100,0.0,10.0,200.0,186.0,7,0
81662400,9,51386,15.01600000000326,513852411,0,100,0.0,10.0,200.0,186.0,7,0
81662400,9,51387,15.01600000000326,513862411,0,100,0.0,10.0,200.0,186.0,7,0
81662400,9,51388,15.01600000000326,513872411,0,100,0.0,10.0,200.0,186.0,7,0
81662400,9,51389,15.01600000000326,513882411,0,100,0.0,10.0,200.0,186.0,7,0
81662400,9,51390,15.01600000000326,513892411,0,100,0.0,10.0,200.0,186.0,7,0
81662400,9,51391,15.01600000000326,513902411,0,100,0.0,10.0,200.0,186.0,7,0
81662400,9,51392,15.01600000000326,513912411,0,100,0.0,10.0,200.0,186.0,7,0
81662400,9,51393,15.01600000000326,513922411,0,100,0.0,10.0,200.0,186.0,7,0
81662400,9,51394,15.01600000000326,513932411,0,100,0.0,10.0,200.0,186.0,7,0
81662400,9,51395,15.01600000000326,513942411,0,100,0.0,10.0,200.0,186.0,7,0
81662400,9,51396,15.01600000000326,513952411,0,100,0.0,10.0,200.0,186.0,7,0
81662400,9,51397,15.01600000000326,513962411,0,100,0.0,10.0,200.0,186.0,7,0
81662400,9,51398,15.01600000000326,513972411,0,100,0.0,10.0,200.0,186.0,7,0
81662400,9,51399,15.01600000000326,513982420,0,100,0.0,10.0,200.0,186.0,7,0
81662400,9,51400,15.01600000000326,513992411,0,100,0.0,10.0,200.0,186.0,7,0
81662400,9,51401,15.01600000000326,514002411,0,100,0.0,10.0,200.0,186.0,7,0
81662400,9,51402,15.01600000000326,514012411,0,100,0.0,10.0,200.0,186.0,7,0
81662400,9,51403,15.01600000000326,514022411,0,100,0.0,10.0,200.0,186.0,7,0
81662400,9,51404,15.01600000000326,514032411,0,100,0.0,10.0,200.0,186.0,7,0
81662400,9,51405,15.01600000000326,514042411,0,100,0.0,10.0,200.0,186.0,7,0
81662400,9,51406,15.01600000000326,514052411,0,100,0.0,10.0,200.0,186.0,7,0
81662400,9,51407,15.01600000000326,514062411,0,100,0.0,10.0,200.0,186.0,7,0
81662400,9,51408,15.01600000000326,514072411,0,100,0.0,10.0,200.0,186.0,7,0
81662400,9,51409,15.01600000000326,514082411,0,100,0.0,10.0,200.0,186.0,7,0
81662400,9,51410,15.01600000000326,514092411,0,100,0.0,10.0,200.0,186.0,7,0
81662400,9,51411,15.01600000000326,514102411,0,100,0.0,10.0,200.0,186.0,7,0
81662400,9,51412,15.01600000000326,514112411,0,100,0.0,10.0,200.0,186.0,7,0
81662400,9,51413,15.01600000000326,514122411,0,100,0.0,10.0,200.0,186.0,7,0
81662400,9,51414,15.01600000000326,514132411,0,100,0.0,10.0,200.0,186.0,7,0
81662400,9,51415,15.01600000000326,514142411,0,100,0.0,10.0,200.0,186.0,7,0
81662400,9,51416,15.01600000000326,514152411,0,100,0.0,10.0,200.0,186.0,7,0
81662400,9,51417,15.01600000000326,514162411,0,100,0.0,10.0,200.0,186.0,7,0
81662400,9,51418,15.01600000000326,514172411,0,100,0.0,10.0,200.0,186.0,7,0
81662400,9,51419,15.01600000000326,514182411,0,100,0.0,10.0,200.0,186.0,7,0
81662400,9,51420,15.01600000000326,514192411,0,100,0.0,10.0,200.0,186.0,7,0
81662400,9,51421,15.01600000000326,514202411,0,100,0.0,10.0,200.0,186.0,7,0
81662400,9,51422,15.01600000000326,514212411,0,100,0.0,10.0,200.0,186.0,7,0
81662400,9,51423,15.01600000000326,514222411,0,100,0.0,10.0,200.0,186.0,7,0
81662400,9,51424,15.01600000000326,514232411,0,100,0.0,10.0,200.0,186.0,7,0
81662400,9,51425,15.01600000000326,514242411,0,100,0.0,10.0,200.0,186.0,7,0
81662400,9,51426,15.01600000000326,514252411,0,100,0.0,10.0,200.0,186.0,7,0
81662400,9,51427,15.01600000000326,514262411,0,100,0.0,10.0,200.0,186.0,7,0
81662400,9,51428,15.01600000000326,514272411,0,100,0.0,10.0,200.0,186.0,7,0
81662400,9,51429,15.01600000000326,514282411,0,100,0.0,10.0,200.0,186.0,7,0
81662400,9,51430,15.01600000000326,514292411,0,100,0.0,10.0,200.0,186.0,7,0
81662400,9,51431,15.01600000000326,514302411,0,100,0.0,10.0,200.0,186.0,7,0
81662400,9,51432,15.01600000000326,514312411,0,100,0.0,10.0,200.0,186.0,7,0
81662400,9,51433,15.172000000005937,514322411,0,100,0.0,10.0,200.0,186.0,7,0
81662400,9,51434,15.172000000005937,514332411,0,100,0.0,10.0,200.0,186.0,7,0
81662400,9,51435,15.172000000005937,514342411,0,100,0.0,10.0,200.0,186.0,7,0
81662400,9,51436,15.172000000005937,514352411,0,100,0.0,10.0,200.0,186.0,7,0
81662400,9,51437,15.172000000005937,514362411,0,100,0.0,10.0,200.0,186.0,7,0
81662400,9,51438,15.172000000005937,514372411,0,100,0.0,10.0,200.0,186.0,7,0
81662400,9,51439,15.172000000005937,514382411,0,100,0.0,10.0,200.0,186.0,7,0
81662400,9,51440,15.172000000005937,514392411,0,100,0.0,10.0,200.0,186.0,7,0
81662400,9,51441,15.172000000005937,514402411,0,100,0.0,10.0,200.0,186.0,7,0
81662400,9,51442,15.172000000005937,514412411,0,100,0.0,10.0,200.0,186.0,7,0
81662400,9,51443,15.172000000005937,514422411,0,100,0.0,10.0,200.0,186.0,7,0
81662400,9,51444,15.172000000005937,514432411,0,100,0.0,10.0,200.0,186.0,7,0
81662400,9,51445,15.172000000005937,514442411,0,100,0.0,10.0,200.0,186.0,7,0
81662400,9,51446,15.172000000005937,514452411,0,100,0.0,10.0,200.0,186.0,7,0
81662400,9,51447,15.172000000005937,514462411,0,100,0.0,10.0,200.0,186.0,7,0
81662400,9,51448,15.172000000005937,514472411,0,100,0.0,10.0,200.0,186.0,7,0
81662400,9,51449,15.672000000005937,514482411,0,100,0.0,10.0,200.0,186.0,7,0
81662400,9,51450,15.672000000005937,514492411,0,100,0.0,10.0,200.0,186.0,7,0
81662400,9,51451,15.672000000005937,514502411,0,100,0.0,10.0,200.0,186.0,7,0
81662400,9,51452,15.672000000005937,514512411,0,100,0.0,10.0,200.0,186.0,7,0
81662400,9,51453,15.672000000005937,514522411,0,100,0.0,10.0,200.0,186.0,7,0
81662400,9,51454,15.672000000005937,514532411,0,100,0.0,10.0,200.0,186.0,7,0
81662400,9,51455,15.672000000005937,514542411,0,100,0.0,10.0,200.0,186.0,7,0
81662400,9,51456,15.672000000005937,514552411,0,100,0.0,10.0,200.0,186.0,7,0
81662400,9,51457,15.672000000005937,514562411,0,100,0.0,10.0,200.0,186.0,7,0
81662400,9,51458,15.672000000005937,514572411,0,100,0.0,10.0,200.0,186.0,7,0
81662400,9,51459,15.672000000005937,514582411,0,100,0.0,10.0,200.0,186.0,7,0
81662400,9,51460,15.672000000005937,514592411,0,100,0.0,10.0,200.0,186.0,7,0
81662400,9,51461,15.672000000005937,514602411,0,100,0.0,10.0,200.0,186.0,7,0
81662400,9,51462,15.672000000005937,514612411,0,100,0.0,10.0,200.0,186.0,7,0
81662400,9,51463,15.672000000005937,514622411,0,100,0.0,10.0,200.0,186.0,7,0
81662400,9,51464,15.672000000005937,514632411,0,100,0.0,10.0,200.0,186.0,7,0
81662400,9,51465,15.672000000005937,514642411,0,100,0.0,10.0,200.0,186.0,7,0
81662400,9,51466,15.672000000005937,514652411,0,100,0.0,10.0,200.0,186.0,7,0
81662400,9,51467,15.672000000005937,514662411,0,100,0.0,10.0,200.0,186.0,7,0
81662400,9,51468,15.672000000005937,514672411,0,100,0.0,10.0,200.0,186.0,7,0
81662400,9,51469,15.672000000005937,514682411,0,100,0.0,10.0,200.0,186.0,7,0
81662400,9,51470,15.672000000005937,514692411,0,100,0.0,10.0,200.0,186.0,7,0
81662400,9,51471,15.672000000005937,514702411,0,100,0.0,10.0,200.0,186.0,7,0
81662400,9,51472,15.672000000005937,514712411,0,100,0.0,10.0,200.0,186.0,7,0
81662400,9,51473,15.672000000005937,514722411,0,100,0.0,10.0,200.0,186.0,7,0
81662400,9,51474,15.672000000005937,514732411,0,100,0.0,10.0,200.0,186.0,7,0
81662400,9,51475,15.672000000005937,514742411,0,100,0.0,10.0,200.0,186.0,7,0
81662400,9,51476,15.672000000005937,514752411,0,100,0.0,10.0,200.0,186.0,7,0
81662400,9,51477,15.672000000005937,514762411,0,100,0.0,10.0,200.0,186.0,7,0
81662400,9,51478,15.672000000005937,514772411,0,100,0.0,10.0,200.0,186.0,7,0
81662400,9,51479,15.672000000005937,514782411,0,100,0.0,10.0,200.0,186.0,7,0
81662400,9,51480,15.672000000005937,514792411,0,100,0.0,10.0,200.0,186.0,7,0
81662400,9,51481,15.672000000005937,514802411,0,100,0.0,10.0,200.0,186.0,7,0
81662400,9,51482,15.672000000005937,514812411,0,100,0.0,10.0,200.0,186.0,7,0
81662400,9,51483,15.672000000005937,514822411,0,100,0.0,10.0,200.0,186.0,7,0
81662400,9,51484,15.672000000005937,514832411,0,100,0.0,10.0,200.0,186.0,7,0
81662400,9,51485,15.672000000005937,514842411,0,100,0.0,10.0,200.0,186.0,7,0
81662400,9,51486,15.672000000005937,514852411,0,100,0.0,10.0,200.0,186.0,7,0
81662400,9,51487,15.672000000005937,514862411,0,100,0.0,10.0,200.0,186.0,7,0
81662400,9,51488,15.672000000005937,514872411,0,100,0.0,10.0,200.0,186.0,7,0
81662400,9,51489,15.672000000005937,514882411,0,100,0.0,10.0,200.0,186.0,7,0
81662400,9,51490,15.672000000005937,514892411,0,100,0.0,10.0,200.0,186.0,7,0
81662400,9,51491,15.672000000005937,514902411,0,100,0.0,10.0,200.0,186.0,7,0
81662400,9,51492,15.672000000005937,514912411,0,100,0.0,10.0,200.0,186.0,7,0
81662400,9,51493,15.672000000005937,514922411,0,100,0.0,10.0,200.0,186.0,7,0
81662400,9,51494,15.672000000005937,514932411,0,100,0.0,10.0,200.0,186.0,7,0
81662400,9,51495,15.672000000005937,514942411,0,100,0.0,10.0,200.0,186.0,7,0
81662400,9,51496,15.672000000005937,514952411,0,100,0.0,10.0,200.0,186.0,7,0
81662400,9,51497,15.672000000005937,514962411,0,100,0.0,10.0,200.0,186.0,7,0
81662400,9,51498,15.672000000005937,514972411,0,100,0.0,10.0,200.0,186.0,7,0
81662400,9,51499,15.672000000005937,514982411,0,100,0.0,10.0,200.0,186.0,7,0
81662400,9,51500,15.672000000005937,514992411,0,100,0.0,10.0,200.0,186.0,7,0
81662400,9,51501,15.672000000005937,515002411,0,100,0.0,10.0,200.0,186.0,7,0
81662400,9,51502,15.672000000005937,515012411,0,100,0.0,10.0,200.0,186.0,7,0
81662400,9,51503,15.672000000005937,515022411,0,100,0.0,10.0,200.0,186.0,7,0
81662400,9,51504,15.672000000005937,515032411,0,100,0.0,10.0,200.0,186.0,7,0
81662400,9,51505,16.25,515042411,0,100,0.0,10.0,200.0,186.0,7,0
81662400,9,51506,16.25,515052411,0,100,0.0,10.0,200.0,186.0,7,0
81662400,9,51507,16.25,515062411,0,100,0.0,10.0,200.0,186.0,7,0
81662400,9,51508,16.25,515072411,0,100,0.0,10.0,200.0,186.0,7,0
81662400,9,51509,16.25,515082411,0,100,0.0,10.0,200.0,186.0,7,0
81662400,9,51510,16.25,515092411,0,100,0.0,10.0,200.0,186.0,7,0
81662400,9,51511,16.25,515102411,0,100,0.0,10.0,200.0,186.0,7,0
81662400,9,51512,16.25,515112411,0,100,0.0,10.0,200.0,186.0,7,0
81662400,9,51513,16.25,515122411,0,100,0.0,10.0,200.0,186.0,7,0
81662400,9,51514,16.25,515132411,0,100,0.0,10.0,200.0,186.0,7,0
81662400,9,51515,16.25,515142411,0,100,0.0,10.0,200.0,186.0,7,0
81662400,9,51516,16.25,515152411,0,100,0.0,10.0,200.0,186.0,7,0
81662400,9,51517,16.25,515162411,0,100,0.0,10.0,200.0,186.0,7,0
81662400,9,51518,16.25,515172411,0,100,0.0,10.0,200.0,186.0,7,0
81662400,9,51519,16.25,515182411,0,100,0.0,10.0,200.0,186.0,7,0
81662400,9,51520,16.25,515192411,0,100,0.0,10.0,200.0,186.0,7,0
81662400,9,51521,16.25,515202411,0,100,0.0,10.0,200.0,186.0,7,0
81662400,9,51522,16.25,515212411,0,100,0.0,10.0,200.0,186.0,7,0
81662400,9,51523,16.25,515222411,0,100,0.0,10.0,200.0,186.0,7,0
81662400,9,51524,16.25,515232411,0,100,0.0,10.0,200.0,186.0,7,0
81662400,9,51525,16.25,515242411,0,100,0.0,10.0,200.0,186.0,7,0
81662400,9,51526,16.25,515252411,0,100,0.0,10.0,200.0,186.0,7,0
81662400,9,51527,16.25,515262411,0,100,0.0,10.0,200.0,186.0,7,0
81662400,9,51528,16.25,515272411,0,100,0.0,10.0,200.0,186.0,7,0
81662400,9,51529,16.25,515282411,0,100,0.0,10.0,200.0,186.0,7,0
81662400,9,51530,16.25,515292411,0,100,0.0,10.0,200.0,186.0,7,0
81662400,9,51531,16.25,515302411,0,100,0.0,10.0,200.0,186.0,7,0
81662400,9,51532,16.25,515312411,0,100,0.0,10.0,200.0,186.0,7,0
81662400,9,51533,16.25,515322411,0,100,0.0,10.0,200.0,186.0,7,0
81662400,9,51534,16.25,515332411,0,100,0.0,10.0,200.0,186.0,7,0
81662400,9,51535,16.25,515342411,0,100,0.0,10.0,200.0,186.0,7,0
81662400,9,51536,16.25,515352411,0,100,0.0,10.0,200.0,186.0,7,0
81662400,9,51537,16.25,515362411,0,100,0.0,10.0,200.0,186.0,7,0
81662400,9,51538,16.25,515372411,0,100,0.0,10.0,200.0,186.0,7,0
81662400,9,51539,16.25,515382411,0,100,0.0,10.0,200.0,186.0,7,0
81662400,9,51540,16.25,515392411,0,100,0.0,10.0,200.0,186.0,7,0
81662400,9,51541,16.25,515402411,0,100,0.0,10.0,200.0,186.0,7,0
81662400,9,51542,16.25,515412411,0,100,0.0,10.0,200.0,186.0,7,0
81662400,9,51543,16.25,515422411,0,100,0.0,10.0,200.0,186.0,7,0
81662400,9,51544,16.25,515432411,0,100,0.0,10.0,200.0,186.0,7,0
81662400,9,51545,16.25,515442411,0,100,0.0,10.0,200.0,186.0,7,0
81662400,9,51546,16.25,515452411,0,100,0.0,10.0,200.0,186.0,7,0
81662400,9,51547,16.25,515462411,0,100,0.0,10.0,200.0,186.0,7,0
81662400,9,51548,16.25,515472411,0,100,0.0,10.0,200.0,186.0,7,0
81662400,9,51549,16.25,515482411,0,100,0.0,10.0,200.0,186.0,7,0
81662400,9,51550,16.25,515492411,0,100,0.0,10.0,200.0,186.0,7,0
81662400,9,51551,16.25,515502411,0,100,0.0,10.0,200.0,186.0,7,0
81662400,9,51552,16.25,515512411,0,100,0.0,10.0,200.0,186.0,7,0
81662400,9,51553,16.25,515522411,0,100,0.0,10.0,200.0,186.0,7,0
81662400,9,51554,16.25,515532411,0,100,0.0,10.0,200.0,186.0,7,0
81662400,9,51555,16.25,515542411,0,100,0.0,10.0,200.0,186.0,7,0
81662400,9,51556,16.25,515552411,0,100,0.0,10.0,200.0,186.0,7,0
81662400,9,51557,16.25,515562411,0,100,0.0,10.0,200.0,186.0,7,0
81662400,9,51558,16.25,515572411,0,100,0.0,10.0,200.0,186.0,7,0
81662400,9,51559,16.25,515582411,0,100,0.0,10.0,200.0,186.0,7,0
81662400,9,51560,16.25,515592411,0,100,0.0,10.0,200.0,186.0,7,0
81662400,9,51561,16.547000000005937,515602411,0,100,0.0,10.0,200.0,186.0,7,0
81662400,9,51562,16.547000000005937,515612411,0,100,0.0,10.0,200.0,186.0,7,0
81662400,9,51563,16.547000000005937,515622411,0,100,0.0,10.0,200.0,186.0,7,0
81662400,9,51564,16.547000000005937,515632411,0,100,0.0,10.0,200.0,186.0,7,0
81662400,9,51565,16.547000000005937,515642411,0,100,0.0,10.0,200.0,186.0,7,0
81662400,9,51566,16.547000000005937,515652411,0,100,0.0,10.0,200.0,186.0,7,0
81662400,9,51567,16.547000000005937,515662411,0,100,0.0,10.0,200.0,186.0,7,0
81662400,9,51568,16.547000000005937,515672411,0,100,0.0,10.0,200.0,186.0,7,0
81662400,9,51569,16.547000000005937,515682411,0,100,0.0,10.0,200.0,186.0,7,0
81662400,9,51570,16.547000000005937,515692411,0,100,0.0,10.0,200.0,186.0,7,0
81662400,9,51571,16.547000000005937,515702411,0,100,0.0,10.0,200.0,186.0,7,0
81662400,9,51572,16.547000000005937,515712411,0,100,0.0,10.0,200.0,186.0,7,0
81662400,9,51573,16.547000000005937,515722411,0,100,0.0,10.0,200.0,186.0,7,0
81662400,9,51574,16.547000000005937,515732411,0,100,0.0,10.0,200.0,186.0,7,0
81662400,9,51575,16.547000000005937,515742411,0,100,0.0,10.0,200.0,186.0,7,0
81662400,9,51576,16.547000000005937,515752411,0,100,0.0,10.0,200.0,186.0,7,0
81662400,9,51577,16.547000000005937,515762411,0,100,0.0,10.0,200.0,186.0,7,0
81662400,9,51578,16.547000000005937,515772411,0,100,0.0,10.0,200.0,186.0,7,0
81662400,9,51579,16.547000000005937,515782411,0,100,0.0,10.0,200.0,186.0,7,0
81662400,9,51580,16.547000000005937,515792411,0,100,0.0,10.0,200.0,186.0,7,0
81662400,9,51581,16.547000000005937,515802411,0,100,0.0,10.0,200.0,186.0,7,0
81662400,9,51582,16.547000000005937,515812411,0,100,0.0,10.0,200.0,186.0,7,0
81662400,9,51583,16.547000000005937,515822411,0,100,0.0,10.0,200.0,186.0,7,0
81662400,9,51584,16.547000000005937,515832411,0,100,0.0,10.0,200.0,186.0,7,0
81662400,9,51585,16.827999999994063,515842411,0,100,0.0,10.0,200.0,186.0,7,0
81662400,9,51586,16.827999999994063,515852411,0,100,0.0,10.0,200.0,186.0,7,0
81662400,9,51587,16.827999999994063,515862411,0,100,0.0,10.0,200.0,186.0,7,0
81662400,9,51588,16.827999999994063,515872411,0,100,0.0,10.0,200.0,186.0,7,0
81662400,9,51589,16.827999999994063,515882411,0,100,0.0,10.0,200.0,186.0,7,0
81662400,9,51590,16.827999999994063,515892411,0,100,0.0,10.0,200.0,186.0,7,0
81662400,9,51591,16.827999999994063,515902411,0,100,0.0,10.0,200.0,186.0,7,0
81662400,9,51592,16.827999999994063,515912411,0,100,0.0,10.0,200.0,186.0,7,0
81662400,9,51593,16.827999999994063,515922411,0,100,0.0,10.0,200.0,186.0,7,0
81662400,9,51594,16.827999999994063,515932411,0,100,0.0,10.0,200.0,186.0,7,0
81662400,9,51595,16.827999999994063,515942411,0,100,0.0,10.0,200.0,186.0,7,0
81662400,9,51596,16.827999999994063,515952411,0,100,0.0,10.0,200.0,186.0,7,0
81662400,9,51597,16.827999999994063,515962411,0,100,0.0,10.0,200.0,186.0,7,0
81662400,9,51598,16.827999999994063,515972411,0,100,0.0,10.0,200.0,186.0,7,0
81662400,9,51599,16.827999999994063,515982411,0,100,0.0,10.0,200.0,186.0,7,0
81662400,9,51600,16.827999999994063,515992411,0,100,0.0,10.0,200.0,186.0,7,0
81662400,9,51601,16.827999999994063,516002411,0,100,0.0,10.0,200.0,186.0,7,0
81662400,9,51602,16.827999999994063,516012411,0,100,0.0,10.0,200.0,186.0,7,0
81662400,9,51603,16.827999999994063,516022411,0,100,0.0,10.0,200.0,186.0,7,0
81662400,9,51604,16.827999999994063,516032411,0,100,0.0,10.0,200.0,186.0,7,0
81662400,9,51605,16.827999999994063,516042411,0,100,0.0,10.0,200.0,186.0,7,0
81662400,9,51606,16.827999999994063,516052411,0,100,0.0,10.0,200.0,186.0,7,0
81662400,9,51607,16.827999999994063,516062411,0,100,0.0,10.0,200.0,186.0,7,0
81662400,9,51608,16.827999999994063,516072411,0,100,0.0,10.0,200.0,186.0,7,0
81662400,9,51609,16.827999999994063,516082411,0,100,0.0,10.0,200.0,186.0,7,0
81662400,9,51610,16.827999999994063,516092411,0,100,0.0,10.0,200.0,186.0,7,0
81662400,9,51611,16.827999999994063,516102411,0,100,0.0,10.0,200.0,186.0,7,0
81662400,9,51612,16.827999999994063,516112411,0,100,0.0,10.0,200.0,186.0,7,0
81662400,9,51613,16.827999999994063,516122411,0,100,0.0,10.0,200.0,186.0,7,0
81662400,9,51614,16.827999999994063,516132411,0,100,0.0,10.0,200.0,186.0,7,0
81662400,9,51615,16.827999999994063,516142411,0,100,0.0,10.0,200.0,186.0,7,0
81662400,9,51616,16.827999999994063,516152411,0,100,0.0,10.0,200.0,186.0,7,0
81662400,9,51617,17.360000000000582,516162411,0,100,0.0,10.0,200.0,186.0,7,0
81662400,9,51618,17.360000000000582,516172411,0,100,0.0,10.0,200.0,186.0,7,0
81662400,9,51619,17.360000000000582,516182411,0,100,0.0,10.0,200.0,186.0,7,0
81662400,9,51620,17.360000000000582,516192411,0,100,0.0,10.0,200.0,186.0,7,0
81662400,9,51621,17.360000000000582,516202411,0,100,0.0,10.0,200.0,186.0,7,0
81662400,9,51622,17.360000000000582,516212411,0,100,0.0,10.0,200.0,186.0,7,0
81662400,9,51623,17.360000000000582,516222411,0,100,0.0,10.0,200.0,186.0,7,0
81662400,9,51624,17.360000000000582,516232411,0,100,0.0,10.0,200.0,186.0,7,0
81662400,9,51625,17.360000000000582,516242411,0,100,0.0,10.0,200.0,186.0,7,0
81662400,9,51626,17.360000000000582,516252411,0,100,0.0,10.0,200.0,186.0,7,0
81662400,9,51627,17.360000000000582,516262411,0,100,0.0,10.0,200.0,186.0,7,0
81662400,9,51628,17.360000000000582,516272411,0,100,0.0,10.0,200.0,186.0,7,0
81662400,9,51629,17.360000000000582,516282411,0,100,0.0,10.0,200.0,186.0,7,0
81662400,9,51630,17.360000000000582,516292411,0,100,0.0,10.0,200.0,186.0,7,0
81662400,9,51631,17.360000000000582,516302411,0,100,0.0,10.0,200.0,186.0,7,0
81662400,9,51632,17.360000000000582,516312411,0,100,0.0,10.0,200.0,186.0,7,0
81662400,9,51633,17.360000000000582,516322411,0,100,0.0,10.0,200.0,186.0,7,0
81662400,9,51634,17.360000000000582,516332411,0,100,0.0,10.0,200.0,186.0,7,0
81662400,9,51635,17.360000000000582,516342411,0,100,0.0,10.0,200.0,186.0,7,0
81662400,9,51636,17.360000000000582,516352411,0,100,0.0,10.0,200.0,186.0,7,0
81662400,9,51637,17.360000000000582,516362411,0,100,0.0,10.0,200.0,186.0,7,0
81662400,9,51638,17.360000000000582,516372411,0,100,0.0,10.0,200.0,186.0,7,0
81662400,9,51639,17.360000000000582,516382411,0,100,0.0,10.0,200.0,186.0,7,0
81662400,9,51640,17.360000000000582,516392411,0,100,0.0,10.0,200.0,186.0,7,0
81662400,9,51641,17.360000000000582,516402411,0,100,0.0,10.0,200.0,186.0,7,0
81662400,9,51642,17.360000000000582,516412411,0,100,0.0,10.0,200.0,186.0,7,0
81662400,9,51643,17.360000000000582,516422411,0,100,0.0,10.0,200.0,186.0,7,0
81662400,9,51644,17.360000000000582,516432411,0,100,0.0,10.0,200.0,186.0,7,0
81662400,9,51645,17.360000000000582,516442411,0,100,0.0,10.0,200.0,186.0,7,0
81662400,9,51646,17.360000000000582,516452411,0,100,0.0,10.0,200.0,186.0,7,0
81662400,9,51647,17.360000000000582,516462411,0,100,0.0,10.0,200.0,186.0,7,0
81662400,9,51648,17.360000000000582,516472411,0,100,0.0,10.0,200.0,186.0,7,0
81662400,9,51649,17.360000000000582,516482411,0,100,0.0,10.0,200.0,186.0,7,0
81662400,9,51650,17.360000000000582,516492411,0,100,0.0,10.0,200.0,186.0,7,0
81662400,9,51651,17.360000000000582,516502411,0,100,0.0,10.0,200.0,186.0,7,0
81662400,9,51652,17.360000000000582,516512411,0,100,0.0,10.0,200.0,186.0,7,0
81662400,9,51653,17.360000000000582,516522418,0,100,0.0,10.0,200.0,186.0,7,0
81662400,9,51654,17.360000000000582,516532411,0,100,0.0,10.0,200.0,186.0,7,0
81662400,9,51655,17.360000000000582,516542411,0,100,0.0,10.0,200.0,186.0,7,0
81662400,9,51656,17.360000000000582,516552411,0,100,0.0,10.0,200.0,186.0,7,0
81662400,9,51657,17.360000000000582,516562411,0,100,0.0,10.0,200.0,186.0,7,0
81662400,9,51658,17.360000000000582,516572411,0,100,0.0,10.0,200.0,186.0,7,0
81662400,9,51659,17.360000000000582,516582411,0,100,0.0,10.0,200.0,186.0,7,0
81662400,9,51660,17.360000000000582,516592411,0,100,0.0,10.0,200.0,186.0,7,0
81662400,9,51661,17.360000000000582,516602411,0,100,0.0,10.0,200.0,186.0,7,0
81662400,9,51662,17.360000000000582,516612411,0,100,0.0,10.0,200.0,186.0,7,0
81662400,9,51663,17.360000000000582,516622411,0,100,0.0,10.0,200.0,186.0,7,0
81662400,9,51664,17.360000000000582,516632411,0,100,0.0,10.0,200.0,186.0,7,0
81662400,9,51665,17.360000000000582,516642411,0,100,0.0,10.0,200.0,186.0,7,0
81662400,9,51666,17.360000000000582,516652411,0,100,0.0,10.0,200.0,186.0,7,0
81662400,9,51667,17.360000000000582,516662411,0,100,0.0,10.0,200.0,186.0,7,0
81662400,9,51668,17.360000000000582,516672411,0,100,0.0,10.0,200.0,186.0,7,0
81662400,9,51669,17.360000000000582,516682411,0,100,0.0,10.0,200.0,186.0,7,0
81662400,9,51670,17.360000000000582,516692411,0,100,0.0,10.0,200.0,186.0,7,0
81662400,9,51671,17.360000000000582,516702411,0,100,0.0,10.0,200.0,186.0,7,0
81662400,9,51672,17.360000000000582,516712411,0,100,0.0,10.0,200.0,186.0,7,0
81662400,9,51673,17.687999999994645,516722411,0,100,0.0,10.0,200.0,186.0,7,0
81662400,9,51674,17.687999999994645,516732411,0,100,0.0,10.0,200.0,186.0,7,0
81662400,9,51675,17.687999999994645,516742411,0,100,0.0,10.0,200.0,186.0,7,0
81662400,9,51676,17.687999999994645,516752411,0,100,0.0,10.0,200.0,186.0,7,0
81662400,9,51677,17.687999999994645,516762411,0,100,0.0,10.0,200.0,186.0,7,0
81662400,9,51678,17.687999999994645,516772411,0,100,0.0,10.0,200.0,186.0,7,0
81662400,9,51679,17.687999999994645,516782411,0,100,0.0,10.0,200.0,186.0,7,0
81662400,9,51680,17.687999999994645,516792411,0,100,0.0,10.0,200.0,186.0,7,0
81662400,9,51681,17.687999999994645,516802411,0,100,0.0,10.0,200.0,186.0,7,0
81662400,9,51682,17.687999999994645,516812411,0,100,0.0,10.0,200.0,186.0,7,0
81662400,9,51683,17.687999999994645,516822411,0,100,0.0,10.0,200.0,186.0,7,0
81662400,9,51684,17.687999999994645,516832411,0,100,0.0,10.0,200.0,186.0,7,0
81662400,9,51685,17.687999999994645,516842411,0,100,0.0,10.0,200.0,186.0,7,0
81662400,9,51686,17.687999999994645,516852411,0,100,0.0,10.0,200.0,186.0,7,0
81662400,9,51687,17.687999999994645,516862411,0,100,0.0,10.0,200.0,186.0,7,0
81662400,9,51688,17.687999999994645,516872411,0,100,0.0,10.0,200.0,186.0,7,0
81662400,9,51689,17.687999999994645,516882411,0,100,0.0,10.0,200.0,186.0,7,0
81662400,9,51690,17.687999999994645,516892411,0,100,0.0,10.0,200.0,186.0,7,0
81662400,9,51691,17.687999999994645,516902411,0,100,0.0,10.0,200.0,186.0,7,0
81662400,9,51692,17.687999999994645,516912411,0,100,0.0,10.0,200.0,186.0,7,0
81662400,9,51693,17.687999999994645,516922411,0,100,0.0,10.0,200.0,186.0,7,0
81662400,9,51694,17.687999999994645,516932411,0,100,0.0,10.0,200.0,186.0,7,0
81662400,9,51695,17.687999999994645,516942411,0,100,0.0,10.0,200.0,186.0,7,0
81662400,9,51696,17.687999999994645,516952411,0,100,0.0,10.0,200.0,186.0,7,0
81662400,9,51697,18.235000000000582,516962411,0,100,0.0,10.0,200.0,186.0,7,0
81662400,9,51698,18.235000000000582,516972411,0,100,0.0,10.0,200.0,186.0,7,0
81662400,9,51699,18.235000000000582,516982411,0,100,0.0,10.0,200.0,186.0,7,0
81662400,9,51700,18.235000000000582,516992411,0,100,0.0,10.0,200.0,186.0,7,0
81662400,9,51701,18.235000000000582,517002411,0,100,0.0,10.0,200.0,186.0,7,0
81662400,9,51702,18.235000000000582,517012411,0,100,0.0,10.0,200.0,186.0,7,0
81662400,9,51703,18.235000000000582,517022411,0,100,0.0,10.0,200.0,186.0,7,0
81662400,9,51704,18.235000000000582,517032411,0,100,0.0,10.0,200.0,186.0,7,0
81662400,9,51705,18.235000000000582,517042411,0,100,0.0,10.0,200.0,186.0,7,0
81662400,9,51706,18.235000000000582,517052411,0,100,0.0,10.0,200.0,186.0,7,0
81662400,9,51707,18.235000000000582,517062411,0,100,0.0,10.0,200.0,186.0,7,0
81662400,9,51708,18.235000000000582,517072411,0,100,0.0,10.0,200.0,186.0,7,0
81662400,9,51709,18.235000000000582,517082411,0,100,0.0,10.0,200.0,186.0,7,0
81662400,9,51710,18.235000000000582,517092411,0,100,0.0,10.0,200.0,186.0,7,0
81662400,9,51711,18.235000000000582,517102411,0,100,0.0,10.0,200.0,186.0,7,0
81662400,9,51712,18.235000000000582,517112411,0,100,0.0,10.0,200.0,186.0,7,0
81662400,9,51713,18.235000000000582,517122411,0,100,0.0,10.0,200.0,186.0,7,0
81662400,9,51714,18.235000000000582,517132411,0,100,0.0,10.0,200.0,186.0,7,0
81662400,9,51715,18.235000000000582,517142411,0,100,0.0,10.0,200.0,186.0,7,0
81662400,9,51716,18.235000000000582,517152411,0,100,0.0,10.0,200.0,186.0,7,0
81662400,9,51717,18.235000000000582,517162411,0,100,0.0,10.0,200.0,186.0,7,0
81662400,9,51718,18.235000000000582,517172411,0,100,0.0,10.0,200.0,186.0,7,0
81662400,9,51719,18.235000000000582,517182411,0,100,0.0,10.0,200.0,186.0,7,0
81662400,9,51720,18.235000000000582,517192411,0,100,0.0,10.0,200.0,186.0,7,0
81662400,9,51721,18.235000000000582,517202411,0,100,0.0,10.0,200.0,186.0,7,0
81662400,9,51722,18.235000000000582,517212411,0,100,0.0,10.0,200.0,186.0,7,0
81662400,9,51723,18.235000000000582,517222411,0,100,0.0,10.0,200.0,186.0,7,0
81662400,9,51724,18.235000000000582,517232411,0,100,0.0,10.0,200.0,186.0,7,0
81662400,9,51725,18.235000000000582,517242411,0,100,0.0,10.0,200.0,186.0,7,0
81662400,9,51726,18.235000000000582,517252411,0,100,0.0,10.0,200.0,186.0,7,0
81662400,9,51727,18.235000000000582,517262411,0,100,0.0,10.0,200.0,186.0,7,0
81662400,9,51728,18.235000000000582,517272411,0,100,0.0,10.0,200.0,186.0,7,0
81662400,9,51729,18.235000000000582,517282411,0,100,0.0,10.0,200.0,186.0,7,0
81662400,9,51730,18.235000000000582,517292411,0,100,0.0,10.0,200.0,186.0,7,0
81662400,9,51731,18.235000000000582,517302411,0,100,0.0,10.0,200.0,186.0,7,0
81662400,9,51732,18.235000000000582,517312411,0,100,0.0,10.0,200.0,186.0,7,0
81662400,9,51733,18.235000000000582,517322411,0,100,0.0,10.0,200.0,186.0,7,0
81662400,9,51734,18.235000000000582,517332411,0,100,0.0,10.0,200.0,186.0,7,0
81662400,9,51735,18.235000000000582,517342411,0,100,0.0,10.0,200.0,186.0,7,0
81662400,9,51736,18.235000000000582,517352411,0,100,0.0,10.0,200.0,186.0,7,0
81662400,9,51737,18.235000000000582,517362411,0,100,0.0,10.0,200.0,186.0,7,0
81662400,9,51738,18.235000000000582,517372411,0,100,0.0,10.0,200.0,186.0,7,0
81662400,9,51739,18.235000000000582,517382411,0,100,0.0,10.0,200.0,186.0,7,0
81662400,9,51740,18.235000000000582,517392411,0,100,0.0,10.0,200.0,186.0,7,0
81662400,9,51741,18.235000000000582,517402411,0,100,0.0,10.0,200.0,186.0,7,0
81662400,9,51742,18.235000000000582,517412411,0,100,0.0,10.0,200.0,186.0,7,0
81662400,9,51743,18.235000000000582,517422411,0,100,0.0,10.0,200.0,186.0,7,0
81662400,9,51744,18.235000000000582,517432411,0,100,0.0,10.0,200.0,186.0,7,0
81662400,9,51745,18.235000000000582,517442411,0,100,0.0,10.0,200.0,186.0,7,0
81662400,9,51746,18.235000000000582,517452411,0,100,0.0,10.0,200.0,186.0,7,0
81662400,9,51747,18.235000000000582,517462411,0,100,0.0,10.0,200.0,186.0,7,0
81662400,9,51748,18.235000000000582,517472411,0,100,0.0,10.0,200.0,186.0,7,0
81662400,9,51749,18.235000000000582,517482411,0,100,0.0,10.0,200.0,186.0,7,0
81662400,9,51750,18.235000000000582,517492411,0,100,0.0,10.0,200.0,186.0,7,0
81662400,9,51751,18.235000000000582,517502411,0,100,0.0,10.0,200.0,186.0,7,0
81662400,9,51752,18.235000000000582,517512411,0,100,0.0,10.0,200.0,186.0,7,0
81662400,9,51753,18.76600000000326,517522411,0,100,0.0,10.0,200.0,186.0,7,0
81662400,9,51754,18.76600000000326,517532411,0,100,0.0,10.0,200.0,186.0,7,0
81662400,9,51755,18.76600000000326,517542411,0,100,0.0,10.0,200.0,186.0,7,0
81662400,9,51756,18.76600000000326,517552411,0,100,0.0,10.0,200.0,186.0,7,0
81662400,9,51757,18.76600000000326,517562411,0,100,0.0,10.0,200.0,186.0,7,0
81662400,9,51758,18.76600000000326,517572411,0,100,0.0,10.0,200.0,186.0,7,0
81662400,9,51759,18.76600000000326,517582411,0,100,0.0,10.0,200.0,186.0,7,0
81662400,9,51760,18.76600000000326,517592411,0,100,0.0,10.0,200.0,186.0,7,0
81662400,9,51761,18.76600000000326,517602411,0,100,0.0,10.0,200.0,186.0,7,0
81662400,9,51762,18.76600000000326,517612411,0,100,0.0,10.0,200.0,186.0,7,0
81662400,9,51763,18.76600000000326,517622411,0,100,0.0,10.0,200.0,186.0,7,0
81662400,9,51764,18.76600000000326,517632411,0,100,0.0,10.0,200.0,186.0,7,0
81662400,9,51765,18.76600000000326,517642411,0,100,0.0,10.0,200.0,186.0,7,0
81662400,9,51766,18.76600000000326,517652411,0,100,0.0,10.0,200.0,186.0,7,0
81662400,9,51767,18.76600000000326,517662411,0,100,0.0,10.0,200.0,186.0,7,0
81662400,9,51768,18.76600000000326,517672411,0,100,0.0,10.0,200.0,186.0,7,0
81662400,9,51769,18.76600000000326,517682411,0,100,0.0,10.0,200.0,186.0,7,0
81662400,9,51770,18.76600000000326,517692411,0,100,0.0,10.0,200.0,186.0,7,0
81662400,9,51771,18.76600000000326,517702411,0,100,0.0,10.0,200.0,186.0,7,0
81662400,9,51772,18.76600000000326,517712411,0,100,0.0,10.0,200.0,186.0,7,0
81662400,9,51773,18.76600000000326,517722411,0,100,0.0,10.0,200.0,186.0,7,0
81662400,9,51774,18.76600000000326,517732411,0,100,0.0,10.0,200.0,186.0,7,0
81662400,9,51775,18.76600000000326,517742411,0,100,0.0,10.0,200.0,186.0,7,0
81662400,9,51776,18.76600000000326,517752411,0,100,0.0,10.0,200.0,186.0,7,0
81662400,9,51777,18.76600000000326,517762411,0,100,0.0,10.0,200.0,186.0,7,0
81662400,9,51778,18.76600000000326,517772411,0,100,0.0,10.0,200.0,186.0,7,0
81662400,9,51779,18.76600000000326,517782411,0,100,0.0,10.0,200.0,186.0,7,0
81662400,9,51780,18.76600000000326,517792411,0,100,0.0,10.0,200.0,186.0,7,0
81662400,9,51781,18.76600000000326,517802411,0,100,0.0,10.0,200.0,186.0,7,0
81662400,9,51782,18.76600000000326,517812411,0,100,0.0,10.0,200.0,186.0,7,0
81662400,9,51783,18.76600000000326,517822411,0,100,0.0,10.0,200.0,186.0,7,0
81662400,9,51784,18.76600000000326,517832411,0,100,0.0,10.0,200.0,186.0,7,0
81662400,9,51785,18.76600000000326,517842411,0,100,0.0,10.0,200.0,186.0,7,0
81662400,9,51786,18.76600000000326,517852411,0,100,0.0,10.0,200.0,186.0,7,0
81662400,9,51787,18.76600000000326,517862411,0,100,0.0,10.0,200.0,186.0,7,0
81662400,9,51788,18.76600000000326,517872411,0,100,0.0,10.0,200.0,186.0,7,0
81662400,9,51789,18.76600000000326,517882411,0,100,0.0,10.0,200.0,186.0,7,0
81662400,9,51790,18.76600000000326,517892411,0,100,0.0,10.0,200.0,186.0,7,0
81662400,9,51791,18.76600000000326,517902411,0,100,0.0,10.0,200.0,186.0,7,0
81662400,9,51792,18.76600000000326,517912411,0,100,0.0,10.0,200.0,186.0,7,0
81662400,9,51793,18.76600000000326,517922411,0,100,0.0,10.0,200.0,186.0,7,0
81662400,9,51794,18.76600000000326,517932411,0,100,0.0,10.0,200.0,186.0,7,0
81662400,9,51795,18.76600000000326,517942411,0,100,0.0,10.0,200.0,186.0,7,0
81662400,9,51796,18.76600000000326,517952411,0,100,0.0,10.0,200.0,186.0,7,0
81662400,9,51797,18.76600000000326,517962411,0,100,0.0,10.0,200.0,186.0,7,0
81662400,9,51798,18.76600000000326,517972411,0,100,0.0,10.0,200.0,186.0,7,0
81662400,9,51799,18.76600000000326,517982411,0,100,0.0,10.0,200.0,186.0,7,0
81662400,9,51800,18.76600000000326,517992411,0,100,0.0,10.0,200.0,186.0,7,0
81662400,9,51801,18.76600000000326,518002411,0,100,0.0,10.0,200.0,186.0,7,0
81662400,9,51802,18.76600000000326,518012411,0,100,0.0,10.0,200.0,186.0,7,0
81662400,9,51803,18.76600000000326,518022411,0,100,0.0,10.0,200.0,186.0,7,0
81662400,9,51804,18.76600000000326,518032411,0,100,0.0,10.0,200.0,186.0,7,0
81662400,9,51805,18.76600000000326,518042411,0,100,0.0,10.0,200.0,186.0,7,0
81662400,9,51806,18.76600000000326,518052411,0,100,0.0,10.0,200.0,186.0,7,0
81662400,9,51807,18.76600000000326,518062411,0,100,0.0,10.0,200.0,186.0,7,0
81662400,9,51808,18.76600000000326,518072411,0,100,0.0,10.0,200.0,186.0,7,0
81662400,9,51809,19.375,518082411,0,100,0.0,10.0,200.0,186.0,7,0
81662400,9,51810,19.375,518092411,0,100,0.0,10.0,200.0,186.0,7,0
81662400,9,51811,19.375,518102411,0,100,0.0,10.0,200.0,186.0,7,0
81662400,9,51812,19.375,518112411,0,100,0.0,10.0,200.0,186.0,7,0
81662400,9,51813,19.375,518122411,0,100,0.0,10.0,200.0,186.0,7,0
81662400,9,51814,19.375,518132411,0,100,0.0,10.0,200.0,186.0,7,0
81662400,9,51815,19.375,518142412,0,100,0.0,10.0,200.0,186.0,7,0
81662400,9,51816,19.375,518152411,0,100,0.0,10.0,200.0,186.0,7,0
81662400,9,51817,19.375,518162411,0,100,0.0,10.0,200.0,186.0,7,0
81662400,9,51818,19.375,518172411,0,100,0.0,10.0,200.0,186.0,7,0
81662400,9,51819,19.375,518182411,0,100,0.0,10.0,200.0,186.0,7,0
81662400,9,51820,19.375,518192411,0,100,0.0,10.0,200.0,186.0,7,0
81662400,9,51821,19.375,518202411,0,100,0.0,10.0,200.0,186.0,7,0
81662400,9,51822,19.375,518212411,0,100,0.0,10.0,200.0,186.0,7,0
81662400,9,51823,19.375,518222411,0,100,0.0,10.0,200.0,186.0,7,0
81662400,9,51824,19.375,518232411,0,100,0.0,10.0,200.0,186.0,7,0
81662400,9,51825,19.375,518242411,0,100,0.0,10.0,200.0,186.0,7,0
81662400,9,51826,19.375,518252411,0,100,0.0,10.0,200.0,186.0,7,0
81662400,9,51827,19.375,518262411,0,100,0.0,10.0,200.0,186.0,7,0
81662400,9,51828,19.375,518272411,0,100,0.0,10.0,200.0,186.0,7,0
81662400,9,51829,19.375,518282411,0,100,0.0,10.0,200.0,186.0,7,0
81662400,9,51830,19.375,518292411,0,100,0.0,10.0,200.0,186.0,7,0
81662400,9,51831,19.375,518302411,0,100,0.0,10.0,200.0,186.0,7,0
81662400,9,51832,19.375,518312411,0,100,0.0,10.0,200.0,186.0,7,0
81662400,9,51833,19.375,518322411,0,100,0.0,10.0,200.0,186.0,7,0
81662400,9,51834,19.375,518332411,0,100,0.0,10.0,200.0,186.0,7,0
81662400,9,51835,19.375,518342411,0,100,0.0,10.0,200.0,186.0,7,0
81662400,9,51836,19.375,518352411,0,100,0.0,10.0,200.0,186.0,7,0
81662400,9,51837,19.375,518362411,0,100,0.0,10.0,200.0,186.0,7,0
81662400,9,51838,19.375,518372411,0,100,0.0,10.0,200.0,186.0,7,0
81662400,9,51839,19.375,518382411,0,100,0.0,10.0,200.0,186.0,7,0
81662400,9,51840,19.375,518392411,0,100,0.0,10.0,200.0,186.0,7,0
81662400,9,51841,19.375,518402411,0,100,0.0,10.0,200.0,186.0,7,0
81662400,9,51842,19.375,518412411,0,100,0.0,10.0,200.0,186.0,7,0
81662400,9,51843,19.375,518422411,0,100,0.0,10.0,200.0,186.0,7,0
81662400,9,51844,19.375,518432411,0,100,0.0,10.0,200.0,186.0,7,0
81662400,9,51845,19.375,518442411,0,100,0.0,10.0,200.0,186.0,7,0
81662400,9,51846,19.375,518452411,0,100,0.0,10.0,200.0,186.0,7,0
81662400,9,51847,19.375,518462411,0,100,0.0,10.0,200.0,186.0,7,0
81662400,9,51848,19.375,518472411,0,100,0.0,10.0,200.0,186.0,7,0
81662400,9,51849,19.375,518482411,0,100,0.0,10.0,200.0,186.0,7,0
81662400,9,51850,19.375,518492411,0,100,0.0,10.0,200.0,186.0,7,0
81662400,9,51851,19.375,518502411,0,100,0.0,10.0,200.0,186.0,7,0
81662400,9,51852,19.375,518512411,0,100,0.0,10.0,200.0,186.0,7,0
81662400,9,51853,19.375,518522411,0,100,0.0,10.0,200.0,186.0,7,0
81662400,9,51854,19.375,518532411,0,100,0.0,10.0,200.0,186.0,7,0
81662400,9,51855,19.375,518542411,0,100,0.0,10.0,200.0,186.0,7,0
81662400,9,51856,19.375,518552411,0,100,0.0,10.0,200.0,186.0,7,0
81662400,9,51857,19.375,518562411,0,100,0.0,10.0,200.0,186.0,7,0
81662400,9,51858,19.375,518572411,0,100,0.0,10.0,200.0,186.0,7,0
81662400,9,51859,19.375,518582411,0,100,0.0,10.0,200.0,186.0,7,0
81662400,9,51860,19.375,518592411,0,100,0.0,10.0,200.0,186.0,7,0
81662400,9,51861,19.375,518602411,0,100,0.0,10.0,200.0,186.0,7,0
81662400,9,51862,19.375,518612411,0,100,0.0,10.0,200.0,186.0,7,0
81662400,9,51863,19.375,518622411,0,100,0.0,10.0,200.0,186.0,7,0
81662400,9,51864,19.375,518632411,0,100,0.0,10.0,200.0,186.0,7,0
81662400,9,51865,19.375,518642411,0,100,0.0,10.0,200.0,186.0,7,0
81662400,9,51866,19.375,518652411,0,100,0.0,10.0,200.0,186.0,7,0
81662400,9,51867,19.375,518662411,0,100,0.0,10.0,200.0,186.0,7,0
81662400,9,51868,19.375,518672411,0,100,0.0,10.0,200.0,186.0,7,0
81662400,9,51869,19.375,518682411,0,100,0.0,10.0,200.0,186.0,7,0
81662400,9,51870,19.375,518692411,0,100,0.0,10.0,200.0,186.0,7,0
81662400,9,51871,19.375,518702411,0,100,0.0,10.0,200.0,186.0,7,0
81662400,9,51872,19.375,518712411,0,100,0.0,10.0,200.0,186.0,7,0
81662400,9,51873,19.89100000000326,518722411,0,100,0.0,10.0,200.0,186.0,7,0
81662400,9,51874,19.89100000000326,518732411,0,100,0.0,10.0,200.0,186.0,7,0
81662400,9,51875,19.89100000000326,518742411,0,100,0.0,10.0,200.0,186.0,7,0
81662400,9,51876,19.89100000000326,518752411,0,100,0.0,10.0,200.0,186.0,7,0
81662400,9,51877,19.89100000000326,518762411,0,100,0.0,10.0,200.0,186.0,7,0
81662400,9,51878,19.89100000000326,518772411,0,100,0.0,10.0,200.0,186.0,7,0
81662400,9,51879,19.89100000000326,518782411,0,100,0.0,10.0,200.0,186.0,7,0
81662400,9,51880,19.89100000000326,518792411,0,100,0.0,10.0,200.0,186.0,7,0
81662400,9,51881,19.89100000000326,518802411,0,100,0.0,10.0,200.0,186.0,7,0
81662400,9,51882,19.89100000000326,518812411,0,100,0.0,10.0,200.0,186.0,7,0
81662400,9,51883,19.89100000000326,518822411,0,100,0.0,10.0,200.0,186.0,7,0
81662400,9,51884,19.89100000000326,518832411,0,100,0.0,10.0,200.0,186.0,7,0
81662400,9,51885,19.89100000000326,518842411,0,100,0.0,10.0,200.0,186.0,7,0
81662400,9,51886,19.89100000000326,518852411,0,100,0.0,10.0,200.0,186.0,7,0
81662400,9,51887,19.89100000000326,518862411,0,100,0.0,10.0,200.0,186.0,7,0
81662400,9,51888,19.89100000000326,518872411,0,100,0.0,10.0,200.0,186.0,7,0
81662400,9,51889,19.89100000000326,518882411,0,100,0.0,10.0,200.0,186.0,7,0
81662400,9,51890,19.89100000000326,518892411,0,100,0.0,10.0,200.0,186.0,7,0
81662400,9,51891,19.89100000000326,518902411,0,100,0.0,10.0,200.0,186.0,7,0
81662400,9,51892,19.89100000000326,518912411,0,100,0.0,10.0,200.0,186.0,7,0
81662400,9,51893,19.89100000000326,518922411,0,100,0.0,10.0,200.0,186.0,7,0
81662400,9,51894,19.89100000000326,518932411,0,100,0.0,10.0,200.0,186.0,7,0
81662400,9,51895,19.89100000000326,518942411,0,100,0.0,10.0,200.0,186.0,7,0
81662400,9,51896,19.89100000000326,518952411,0,100,0.0,10.0,200.0,186.0,7,0
81662400,9,51897,19.89100000000326,518962411,0,100,0.0,10.0,200.0,186.0,7,0
81662400,9,51898,19.89100000000326,518972411,0,100,0.0,10.0,200.0,186.0,7,0
81662400,9,51899,19.89100000000326,518982411,0,100,0.0,10.0,200.0,186.0,7,0
81662400,9,51900,19.89100000000326,518992411,0,100,0.0,10.0,200.0,186.0,7,0
81662400,9,51901,19.89100000000326,519002411,0,100,0.0,10.0,200.0,186.0,7,0
81662400,9,51902,19.89100000000326,519012411,0,100,0.0,10.0,200.0,186.0,7,0
81662400,9,51903,19.89100000000326,519022411,0,100,0.0,10.0,200.0,186.0,7,0
81662400,9,51904,19.89100000000326,519032411,0,100,0.0,10.0,200.0,186.0,7,0
81662400,9,51905,19.89100000000326,519042411,0,100,0.0,10.0,200.0,186.0,7,0
81662400,9,51906,19.89100000000326,519052411,0,100,0.0,10.0,200.0,186.0,7,0
81662400,9,51907,19.89100000000326,519062411,0,100,0.0,10.0,200.0,186.0,7,0
81662400,9,51908,19.89100000000326,519072411,0,100,0.0,10.0,200.0,186.0,7,0
81662400,9,51909,19.89100000000326,519082411,0,100,0.0,10.0,200.0,186.0,7,0
81662400,9,51910,19.89100000000326,519092411,0,100,0.0,10.0,200.0,186.0,7,0
81662400,9,51911,19.89100000000326,519102411,0,100,0.0,10.0,200.0,186.0,7,0
81662400,9,51912,19.89100000000326,519112411,0,100,0.0,10.0,200.0,186.0,7,0
81662400,9,51913,19.89100000000326,519122411,0,100,0.0,10.0,200.0,186.0,7,0
81662400,9,51914,19.89100000000326,519132411,0,100,0.0,10.0,200.0,186.0,7,0
81662400,9,51915,19.89100000000326,519142411,0,100,0.0,10.0,200.0,186.0,7,0
81662400,9,51916,19.89100000000326,519152411,0,100,0.0,10.0,200.0,186.0,7,0
81662400,9,51917,19.89100000000326,519162411,0,100,0.0,10.0,200.0,186.0,7,0
81662400,9,51918,19.89100000000326,519172411,0,100,0.0,10.0,200.0,186.0,7,0
81662400,9,51919,19.89100000000326,519182411,0,100,0.0,10.0,200.0,186.0,7,0
81662400,9,51920,19.89100000000326,519192411,0,100,0.0,10.0,200.0,186.0,7,0
81662400,9,51921,20.437999999994645,519202411,0,100,0.0,10.0,200.0,186.0,7,0
81662400,9,51922,20.437999999994645,519212411,0,100,0.0,10.0,200.0,186.0,7,0
81662400,9,51923,20.437999999994645,519222411,0,100,0.0,10.0,200.0,186.0,7,0
81662400,9,51924,20.437999999994645,519232411,0,100,0.0,10.0,200.0,186.0,7,0
81662400,9,51925,20.437999999994645,519242411,0,100,0.0,10.0,200.0,186.0,7,0
81662400,9,51926,20.437999999994645,519252411,0,100,0.0,10.0,200.0,186.0,7,0
81662400,9,51927,20.437999999994645,519262411,0,100,0.0,10.0,200.0,186.0,7,0
81662400,9,51928,20.437999999994645,519272411,0,100,0.0,10.0,200.0,186.0,7,0
81662400,9,51929,20.437999999994645,519282411,0,100,0.0,10.0,200.0,186.0,7,0
81662400,9,51930,20.437999999994645,519292411,0,100,0.0,10.0,200.0,186.0,7,0
81662400,9,51931,20.437999999994645,519302411,0,100,0.0,10.0,200.0,186.0,7,0
81662400,9,51932,20.437999999994645,519312411,0,100,0.0,10.0,200.0,186.0,7,0
81662400,9,51933,20.437999999994645,519322411,0,100,0.0,10.0,200.0,186.0,7,0
81662400,9,51934,20.437999999994645,519332411,0,100,0.0,10.0,200.0,186.0,7,0
81662400,9,51935,20.437999999994645,519342421,0,100,0.0,10.0,200.0,186.0,7,0
81662400,9,51936,20.437999999994645,519352411,0,100,0.0,10.0,200.0,186.0,7,0
81662400,9,51937,20.437999999994645,519362411,0,100,0.0,10.0,200.0,186.0,7,0
81662400,9,51938,20.437999999994645,519372411,0,100,0.0,10.0,200.0,186.0,7,0
81662400,9,51939,20.437999999994645,519382411,0,100,0.0,10.0,200.0,186.0,7,0
81662400,9,51940,20.437999999994645,519392411,0,100,0.0,10.0,200.0,186.0,7,0
81662400,9,51941,20.437999999994645,519402411,0,100,0.0,10.0,200.0,186.0,7,0
81662400,9,51942,20.437999999994645,519412411,0,100,0.0,10.0,200.0,186.0,7,0
81662400,9,51943,20.437999999994645,519422411,0,100,0.0,10.0,200.0,186.0,7,0
81662400,9,51944,20.437999999994645,519432411,0,100,0.0,10.0,200.0,186.0,7,0
81662400,9,51945,20.437999999994645,519442411,0,100,0.0,10.0,200.0,186.0,7,0
81662400,9,51946,20.437999999994645,519452411,0,100,0.0,10.0,200.0,186.0,7,0
81662400,9,51947,20.437999999994645,519462411,0,100,0.0,10.0,200.0,186.0,7,0
81662400,9,51948,20.437999999994645,519472411,0,100,0.0,10.0,200.0,186.0,7,0
81662400,9,51949,20.437999999994645,519482411,0,100,0.0,10.0,200.0,186.0,7,0
81662400,9,51950,20.437999999994645,519492411,0,100,0.0,10.0,200.0,186.0,7,0
81662400,9,51951,20.437999999994645,519502411,0,100,0.0,10.0,200.0,186.0,7,0
81662400,9,51952,20.437999999994645,519512411,0,100,0.0,10.0,200.0,186.0,7,0
81662400,9,51953,20.437999999994645,519522411,0,100,0.0,10.0,200.0,186.0,7,0
81662400,9,51954,20.437999999994645,519532411,0,100,0.0,10.0,200.0,186.0,7,0
81662400,9,51955,20.437999999994645,519542411,0,100,0.0,10.0,200.0,186.0,7,0
81662400,9,51956,20.437999999994645,519552411,0,100,0.0,10.0,200.0,186.0,7,0
81662400,9,51957,20.437999999994645,519562411,0,100,0.0,10.0,200.0,186.0,7,0
81662400,9,51958,20.437999999994645,519572411,0,100,0.0,10.0,200.0,186.0,7,0
81662400,9,51959,20.437999999994645,519582411,0,100,0.0,10.0,200.0,186.0,7,0
81662400,9,51960,20.437999999994645,519592411,0,100,0.0,10.0,200.0,186.0,7,0
81662400,9,51961,20.437999999994645,519602411,0,100,0.0,10.0,200.0,186.0,7,0
81662400,9,51962,20.437999999994645,519612411,0,100,0.0,10.0,200.0,186.0,7,0
81662400,9,51963,20.437999999994645,519622411,0,100,0.0,10.0,200.0,186.0,7,0
81662400,9,51964,20.437999999994645,519632411,0,100,0.0,10.0,200.0,186.0,7,0
81662400,9,51965,20.437999999994645,519642411,0,100,0.0,10.0,200.0,186.0,7,0
81662400,9,51966,20.437999999994645,519652411,0,100,0.0,10.0,200.0,186.0,7,0
81662400,9,51967,20.437999999994645,519662411,0,100,0.0,10.0,200.0,186.0,7,0
81662400,9,51968,20.437999999994645,519672411,0,100,0.0,10.0,200.0,186.0,7,0
81662400,9,51969,20.437999999994645,519682411,0,100,0.0,10.0,200.0,186.0,7,0
81662400,9,51970,20.437999999994645,519692411,0,100,0.0,10.0,200.0,186.0,7,0
81662400,9,51971,20.437999999994645,519702411,0,100,0.0,10.0,200.0,186.0,7,0
81662400,9,51972,20.437999999994645,519712411,0,100,0.0,10.0,200.0,186.0,7,0
81662400,9,51973,20.437999999994645,519722411,0,100,0.0,10.0,200.0,186.0,7,0
81662400,9,51974,20.437999999994645,519732411,0,100,0.0,10.0,200.0,186.0,7,0
81662400,9,51975,20.437999999994645,519742411,0,100,0.0,10.0,200.0,186.0,7,0
81662400,9,51976,20.437999999994645,519752411,0,100,0.0,10.0,200.0,186.0,7,0
81662400,9,51977,20.827999999994063,519762411,0,100,0.0,10.0,200.0,186.0,7,0
81662400,9,51978,20.827999999994063,519772411,0,100,0.0,10.0,200.0,186.0,7,0
81662400,9,51979,20.827999999994063,519782411,0,100,0.0,10.0,200.0,186.0,7,0
81662400,9,51980,20.827999999994063,519792411,0,100,0.0,10.0,200.0,186.0,7,0
81662400,9,51981,20.827999999994063,519802411,0,100,0.0,10.0,200.0,186.0,7,0
81662400,9,51982,20.827999999994063,519812411,0,100,0.0,10.0,200.0,186.0,7,0
81662400,9,51983,20.827999999994063,519822411,0,100,0.0,10.0,200.0,186.0,7,0
81662400,9,51984,20.827999999994063,519832411,0,100,0.0,10.0,200.0,186.0,7,0
81662400,9,51985,20.827999999994063,519842411,0,100,0.0,10.0,200.0,186.0,7,0
81662400,9,51986,20.827999999994063,519852411,0,100,0.0,10.0,200.0,186.0,7,0
81662400,9,51987,20.827999999994063,519862411,0,100,0.0,10.0,200.0,186.0,7,0
81662400,9,51988,20.827999999994063,519872411,0,100,0.0,10.0,200.0,186.0,7,0
81662400,9,51989,20.827999999994063,519882411,0,100,0.0,10.0,200.0,186.0,7,0
81662400,9,51990,20.827999999994063,519892411,0,100,0.0,10.0,200.0,186.0,7,0
81662400,9,51991,20.827999999994063,519902411,0,100,0.0,10.0,200.0,186.0,7,0
81662400,9,51992,20.827999999994063,519912411,0,100,0.0,10.0,200.0,186.0,7,0
81662400,9,51993,20.827999999994063,519922411,0,100,0.0,10.0,200.0,186.0,7,0
81662400,9,51994,20.827999999994063,519932411,0,100,0.0,10.0,200.0,186.0,7,0
81662400,9,51995,20.827999999994063,519942411,0,100,0.0,10.0,200.0,186.0,7,0
81662400,9,51996,20.827999999994063,519952411,0,100,0.0,10.0,200.0,186.0,7,0
81662400,9,51997,20.827999999994063,519962411,0,100,0.0,10.0,200.0,186.0,7,0
81662400,9,51998,20.827999999994063,519972411,0,100,0.0,10.0,200.0,186.0,7,0
81662400,9,51999,20.827999999994063,519982411,0,100,0.0,10.0,200.0,186.0,7,0
81662400,9,52000,20.827999999994063,519992411,0,100,0.0,10.0,200.0,186.0,7,0
81662400,9,52001,20.827999999994063,520002411,0,100,0.0,10.0,200.0,186.0,7,0
81662400,9,52002,20.827999999994063,520012411,0,100,0.0,10.0,200.0,186.0,7,0
81662400,9,52003,20.827999999994063,520022411,0,100,0.0,10.0,200.0,186.0,7,0
81662400,9,52004,20.827999999994063,520032411,0,100,0.0,10.0,200.0,186.0,7,0
81662400,9,52005,20.827999999994063,520042411,0,100,0.0,10.0,200.0,186.0,7,0
81662400,9,52006,20.827999999994063,520052411,0,100,0.0,10.0,200.0,186.0,7,0
81662400,9,52007,20.827999999994063,520062411,0,100,0.0,10.0,200.0,186.0,7,0
81662400,9,52008,20.827999999994063,520072411,0,100,0.0,10.0,200.0,186.0,7,0
81662400,9,52009,20.827999999994063,520082411,0,100,0.0,10.0,200.0,186.0,7,0
81662400,9,52010,20.827999999994063,520092411,0,100,0.0,10.0,200.0,186.0,7,0
81662400,9,52011,20.827999999994063,520102411,0,100,0.0,10.0,200.0,186.0,7,0
81662400,9,52012,20.827999999994063,520112411,0,100,0.0,10.0,200.0,186.0,7,0
81662400,9,52013,20.827999999994063,520122411,0,100,0.0,10.0,200.0,186.0,7,0
81662400,9,52014,20.827999999994063,520132411,0,100,0.0,10.0,200.0,186.0,7,0
81662400,9,52015,20.827999999994063,520142411,0,100,0.0,10.0,200.0,186.0,7,0
81662400,9,52016,20.827999999994063,520152411,0,100,0.0,10.0,200.0,186.0,7,0
81662400,9,52017,21.093999999997322,520162411,0,100,0.0,10.0,200.0,186.0,7,0
81662400,9,52018,21.093999999997322,520172411,0,100,0.0,10.0,200.0,186.0,7,0
81662400,9,52019,21.093999999997322,520182411,0,100,0.0,10.0,200.0,186.0,7,0
81662400,9,52020,21.093999999997322,520192411,0,100,0.0,10.0,200.0,186.0,7,0
81662400,9,52021,21.093999999997322,520202411,0,100,0.0,10.0,200.0,186.0,7,0
81662400,9,52022,21.093999999997322,520212411,0,100,0.0,10.0,200.0,186.0,7,0
81662400,9,52023,21.093999999997322,520222411,0,100,0.0,10.0,200.0,186.0,7,0
81662400,9,52024,21.093999999997322,520232411,0,100,0.0,10.0,200.0,186.0,7,0
81662400,9,52025,21.093999999997322,520242411,0,100,0.0,10.0,200.0,186.0,7,0
81662400,9,52026,21.093999999997322,520252411,0,100,0.0,10.0,200.0,186.0,7,0
81662400,9,52027,21.093999999997322,520262411,0,100,0.0,10.0,200.0,186.0,7,0
81662400,9,52028,21.093999999997322,520272411,0,100,0.0,10.0,200.0,186.0,7,0
81662400,9,52029,21.093999999997322,520282411,0,100,0.0,10.0,200.0,186.0,7,0
81662400,9,52030,21.093999999997322,520292411,0,100,0.0,10.0,200.0,186.0,7,0
81662400,9,52031,21.093999999997322,520302411,0,100,0.0,10.0,200.0,186.0,7,0
81662400,9,52032,21.093999999997322,520312411,0,100,0.0,10.0,200.0,186.0,7,0
81662400,9,52033,21.093999999997322,520322411,0,100,0.0,10.0,200.0,186.0,7,0
81662400,9,52034,21.093999999997322,520332411,0,100,0.0,10.0,200.0,186.0,7,0
81662400,9,52035,21.093999999997322,520342411,0,100,0.0,10.0,200.0,186.0,7,0
81662400,9,52036,21.093999999997322,520352411,0,100,0.0,10.0,200.0,186.0,7,0
81662400,9,52037,21.093999999997322,520362411,0,100,0.0,10.0,200.0,186.0,7,0
81662400,9,52038,21.093999999997322,520372411,0,100,0.0,10.0,200.0,186.0,7,0
81662400,9,52039,21.093999999997322,520382411,0,100,0.0,10.0,200.0,186.0,7,0
81662400,9,52040,21.093999999997322,520392411,0,100,0.0,10.0,200.0,186.0,7,0
81662400,9,52041,21.593999999997322,520402411,0,100,0.0,10.0,200.0,186.0,7,0
81662400,9,52042,21.593999999997322,520412411,0,100,0.0,10.0,200.0,186.0,7,0
81662400,9,52043,21.593999999997322,520422411,0,100,0.0,10.0,200.0,186.0,7,0
81662400,9,52044,21.593999999997322,520432411,0,100,0.0,10.0,200.0,186.0,7,0
81662400,9,52045,21.593999999997322,520442411,0,100,0.0,10.0,200.0,186.0,7,0
81662400,9,52046,21.593999999997322,520452411,0,100,0.0,10.0,200.0,186.0,7,0
81662400,9,52047,21.593999999997322,520462411,0,100,0.0,10.0,200.0,186.0,7,0
81662400,9,52048,21.593999999997322,520472411,0,100,0.0,10.0,200.0,186.0,7,0
81662400,9,52049,21.593999999997322,520482411,0,100,0.0,10.0,200.0,186.0,7,0
81662400,9,52050,21.593999999997322,520492411,0,100,0.0,10.0,200.0,186.0,7,0
81662400,9,52051,21.593999999997322,520502411,0,100,0.0,10.0,200.0,186.0,7,0
81662400,9,52052,21.593999999997322,520512411,0,100,0.0,10.0,200.0,186.0,7,0
81662400,9,52053,21.593999999997322,520522411,0,100,0.0,10.0,200.0,186.0,7,0
81662400,9,52054,21.593999999997322,520532411,0,100,0.0,10.0,200.0,186.0,7,0
81662400,9,52055,21.593999999997322,520542411,0,100,0.0,10.0,200.0,186.0,7,0
81662400,9,52056,21.593999999997322,520552411,0,100,0.0,10.0,200.0,186.0,7,0
81662400,9,52057,21.593999999997322,520562411,0,100,0.0,10.0,200.0,186.0,7,0
81662400,9,52058,21.593999999997322,520572411,0,100,0.0,10.0,200.0,186.0,7,0
81662400,9,52059,21.593999999997322,520582411,0,100,0.0,10.0,200.0,186.0,7,0
81662400,9,52060,21.593999999997322,520592411,0,100,0.0,10.0,200.0,186.0,7,0
81662400,9,52061,21.593999999997322,520602411,0,100,0.0,10.0,200.0,186.0,7,0
81662400,9,52062,21.593999999997322,520612411,0,100,0.0,10.0,200.0,186.0,7,0
81662400,9,52063,21.593999999997322,520622411,0,100,0.0,10.0,200.0,186.0,7,0
81662400,9,52064,21.593999999997322,520632411,0,100,0.0,10.0,200.0,186.0,7,0
81662400,9,52065,21.593999999997322,520642411,0,100,0.0,10.0,200.0,186.0,7,0
81662400,9,52066,21.593999999997322,520652411,0,100,0.0,10.0,200.0,186.0,7,0
81662400,9,52067,21.593999999997322,520662411,0,100,0.0,10.0,200.0,186.0,7,0
81662400,9,52068,21.593999999997322,520672411,0,100,0.0,10.0,200.0,186.0,7,0
81662400,9,52069,21.593999999997322,520682411,0,100,0.0,10.0,200.0,186.0,7,0
81662400,9,52070,21.593999999997322,520692411,0,100,0.0,10.0,200.0,186.0,7,0
81662400,9,52071,21.593999999997322,520702411,0,100,0.0,10.0,200.0,186.0,7,0
81662400,9,52072,21.593999999997322,520712411,0,100,0.0,10.0,200.0,186.0,7,0
81662400,9,52073,21.593999999997322,520722411,0,100,0.0,10.0,200.0,186.0,7,0
81662400,9,52074,21.593999999997322,520732411,0,100,0.0,10.0,200.0,186.0,7,0
81662400,9,52075,21.593999999997322,520742411,0,100,0.0,10.0,200.0,186.0,7,0
81662400,9,52076,21.593999999997322,520752411,0,100,0.0,10.0,200.0,186.0,7,0
81662400,9,52077,21.593999999997322,520762411,0,100,0.0,10.0,200.0,186.0,7,0
81662400,9,52078,21.593999999997322,520772411,0,100,0.0,10.0,200.0,186.0,7,0
81662400,9,52079,21.593999999997322,520782411,0,100,0.0,10.0,200.0,186.0,7,0
81662400,9,52080,21.593999999997322,520792411,0,100,0.0,10.0,200.0,186.0,7,0
81662400,9,52081,21.593999999997322,520802411,0,100,0.0,10.0,200.0,186.0,7,0
81662400,9,52082,21.593999999997322,520812411,0,100,0.0,10.0,200.0,186.0,7,0
81662400,9,52083,21.593999999997322,520822411,0,100,0.0,10.0,200.0,186.0,7,0
81662400,9,52084,21.593999999997322,520832411,0,100,0.0,10.0,200.0,186.0,7,0
81662400,9,52085,21.593999999997322,520842411,0,100,0.0,10.0,200.0,186.0,7,0
81662400,9,52086,21.593999999997322,520852411,0,100,0.0,10.0,200.0,186.0,7,0
81662400,9,52087,21.593999999997322,520862411,0,100,0.0,10.0,200.0,186.0,7,0
81662400,9,52088,21.593999999997322,520872411,0,100,0.0,10.0,200.0,186.0,7,0
81662400,9,52089,21.593999999997322,520882411,0,100,0.0,10.0,200.0,186.0,7,0
81662400,9,52090,21.593999999997322,520892411,0,100,0.0,10.0,200.0,186.0,7,0
81662400,9,52091,21.593999999997322,520902411,0,100,0.0,10.0,200.0,186.0,7,0
81662400,9,52092,21.593999999997322,520912411,0,100,0.0,10.0,200.0,186.0,7,0
81662400,9,52093,21.593999999997322,520922411,0,100,0.0,10.0,200.0,186.0,7,0
81662400,9,52094,21.593999999997322,520932411,0,100,0.0,10.0,200.0,186.0,7,0
81662400,9,52095,21.593999999997322,520942411,0,100,0.0,10.0,200.0,186.0,7,0
81662400,9,52096,21.593999999997322,520952411,0,100,0.0,10.0,200.0,186.0,7,0
81662400,9,52097,21.797000000005937,520962411,0,100,0.0,10.0,200.0,186.0,7,0
81662400,9,52098,21.797000000005937,520972411,0,100,0.0,10.0,200.0,186.0,7,0
81662400,9,52099,21.797000000005937,520982411,0,100,0.0,10.0,200.0,186.0,7,0
81662400,9,52100,21.797000000005937,520992411,0,100,0.0,10.0,200.0,186.0,7,0
81662400,9,52101,21.797000000005937,521002411,0,100,0.0,10.0,200.0,186.0,7,0
81662400,9,52102,21.797000000005937,521012411,0,100,0.0,10.0,200.0,186.0,7,0
81662400,9,52103,21.797000000005937,521022411,0,100,0.0,10.0,200.0,186.0,7,0
81662400,9,52104,21.797000000005937,521032411,0,100,0.0,10.0,200.0,186.0,7,0
81662400,9,52105,21.797000000005937,521042411,0,100,0.0,10.0,200.0,186.0,7,0
81662400,9,52106,21.797000000005937,521052411,0,100,0.0,10.0,200.0,186.0,7,0
81662400,9,52107,21.797000000005937,521062411,0,100,0.0,10.0,200.0,186.0,7,0
81662400,9,52108,21.797000000005937,521072411,0,100,0.0,10.0,200.0,186.0,7,0
81662400,9,52109,21.797000000005937,521082411,0,100,0.0,10.0,200.0,186.0,7,0
81662400,9,52110,21.797000000005937,521092411,0,100,0.0,10.0,200.0,186.0,7,0
81662400,9,52111,21.797000000005937,521102411,0,100,0.0,10.0,200.0,186.0,7,0
81662400,9,52112,21.797000000005937,521112411,0,100,0.0,10.0,200.0,186.0,7,0
81662400,9,52113,22.047000000005937,521122411,0,100,0.0,10.0,200.0,186.0,7,0
81662400,9,52114,22.047000000005937,521132411,0,100,0.0,10.0,200.0,186.0,7,0
81662400,9,52115,22.047000000005937,521142411,0,100,0.0,10.0,200.0,186.0,7,0
81662400,9,52116,22.047000000005937,521152411,0,100,0.0,10.0,200.0,186.0,7,0
81662400,9,52117,22.047000000005937,521162411,0,100,0.0,10.0,200.0,186.0,7,0
81662400,9,52118,22.047000000005937,521172411,0,100,0.0,10.0,200.0,186.0,7,0
81662400,9,52119,22.047000000005937,521182411,0,100,0.0,10.0,200.0,186.0,7,0
81662400,9,52120,22.047000000005937,521192411,0,100,0.0,10.0,200.0,186.0,7,0
81662400,9,52121,22.047000000005937,521202411,0,100,0.0,10.0,200.0,186.0,7,0
81662400,9,52122,22.047000000005937,521212411,0,100,0.0,10.0,200.0,186.0,7,0
81662400,9,52123,22.047000000005937,521222411,0,100,0.0,10.0,200.0,186.0,7,0
81662400,9,52124,22.047000000005937,521232411,0,100,0.0,10.0,200.0,186.0,7,0
81662400,9,52125,22.047000000005937,521242411,0,100,0.0,10.0,200.0,186.0,7,0
81662400,9,52126,22.047000000005937,521252411,0,100,0.0,10.0,200.0,186.0,7,0
81662400,9,52127,22.047000000005937,521262411,0,100,0.0,10.0,200.0,186.0,7,0
81662400,9,52128,22.047000000005937,521272411,0,100,0.0,10.0,200.0,186.0,7,0
81662400,9,52129,22.047000000005937,521282411,0,100,0.0,10.0,200.0,186.0,7,0
81662400,9,52130,22.047000000005937,521292412,0,100,0.0,10.0,200.0,186.0,7,0
81662400,9,52131,22.047000000005937,521302411,0,100,0.0,10.0,200.0,186.0,7,0
81662400,9,52132,22.047000000005937,521312411,0,100,0.0,10.0,200.0,186.0,7,0
81662400,9,52133,22.047000000005937,521322411,0,100,0.0,10.0,200.0,186.0,7,0
81662400,9,52134,22.047000000005937,521332411,0,100,0.0,10.0,200.0,186.0,7,0
81662400,9,52135,22.047000000005937,521342411,0,100,0.0,10.0,200.0,186.0,7,0
81662400,9,52136,22.047000000005937,521352411,0,100,0.0,10.0,200.0,186.0,7,0
81662400,9,52137,22.562999999994645,521362411,0,100,0.0,10.0,200.0,186.0,7,0
81662400,9,52138,22.562999999994645,521372411,0,100,0.0,10.0,200.0,186.0,7,0
81662400,9,52139,22.562999999994645,521382411,0,100,0.0,10.0,200.0,186.0,7,0
81662400,9,52140,22.562999999994645,521392411,0,100,0.0,10.0,200.0,186.0,7,0
81662400,9,52141,22.562999999994645,521402411,0,100,0.0,10.0,200.0,186.0,7,0
81662400,9,52142,22.562999999994645,521412411,0,100,0.0,10.0,200.0,186.0,7,0
81662400,9,52143,22.562999999994645,521422411,0,100,0.0,10.0,200.0,186.0,7,0
81662400,9,52144,22.562999999994645,521432411,0,100,0.0,10.0,200.0,186.0,7,0
81662400,9,52145,22.562999999994645,521442411,0,100,0.0,10.0,200.0,186.0,7,0
81662400,9,52146,22.562999999994645,521452411,0,100,0.0,10.0,200.0,186.0,7,0
81662400,9,52147,22.562999999994645,521462411,0,100,0.0,10.0,200.0,186.0,7,0
81662400,9,52148,22.562999999994645,521472411,0,100,0.0,10.0,200.0,186.0,7,0
81662400,9,52149,22.562999999994645,521482411,0,100,0.0,10.0,200.0,186.0,7,0
81662400,9,52150,22.562999999994645,521492411,0,100,0.0,10.0,200.0,186.0,7,0
81662400,9,52151,22.562999999994645,521502411,0,100,0.0,10.0,200.0,186.0,7,0
81662400,9,52152,22.562999999994645,521512411,0,100,0.0,10.0,200.0,186.0,7,0
81662400,9,52153,22.562999999994645,521522411,0,100,0.0,10.0,200.0,186.0,7,0
81662400,9,52154,22.562999999994645,521532411,0,100,0.0,10.0,200.0,186.0,7,0
81662400,9,52155,22.562999999994645,521542411,0,100,0.0,10.0,200.0,186.0,7,0
81662400,9,52156,22.562999999994645,521552411,0,100,0.0,10.0,200.0,186.0,7,0
81662400,9,52157,22.562999999994645,521562411,0,100,0.0,10.0,200.0,186.0,7,0
81662400,9,52158,22.562999999994645,521572411,0,100,0.0,10.0,200.0,186.0,7,0
81662400,9,52159,22.562999999994645,521582411,0,100,0.0,10.0,200.0,186.0,7,0
81662400,9,52160,22.562999999994645,521592411,0,100,0.0,10.0,200.0,186.0,7,0
81662400,9,52161,22.562999999994645,521602411,0,100,0.0,10.0,200.0,186.0,7,0
81662400,9,52162,22.562999999994645,521612411,0,100,0.0,10.0,200.0,186.0,7,0
81662400,9,52163,22.562999999994645,521622411,0,100,0.0,10.0,200.0,186.0,7,0
81662400,9,52164,22.562999999994645,521632411,0,100,0.0,10.0,200.0,186.0,7,0
81662400,9,52165,22.562999999994645,521642411,0,100,0.0,10.0,200.0,186.0,7,0
81662400,9,52166,22.562999999994645,521652411,0,100,0.0,10.0,200.0,186.0,7,0
81662400,9,52167,22.562999999994645,521662411,0,100,0.0,10.0,200.0,186.0,7,0
81662400,9,52168,22.562999999994645,521672411,0,100,0.0,10.0,200.0,186.0,7,0
81662400,9,52169,22.562999999994645,521682411,0,100,0.0,10.0,200.0,186.0,7,0
81662400,9,52170,22.562999999994645,521692411,0,100,0.0,10.0,200.0,186.0,7,0
81662400,9,52171,22.562999999994645,521702411,0,100,0.0,10.0,200.0,186.0,7,0
81662400,9,52172,22.562999999994645,521712411,0,100,0.0,10.0,200.0,186.0,7,0
81662400,9,52173,22.562999999994645,521722411,0,100,0.0,10.0,200.0,186.0,7,0
81662400,9,52174,22.562999999994645,521732411,0,100,0.0,10.0,200.0,186.0,7,0
81662400,9,52175,22.562999999994645,521742411,0,100,0.0,10.0,200.0,186.0,7,0
81662400,9,52176,22.562999999994645,521752411,0,100,0.0,10.0,200.0,186.0,7,0
81662400,9,52177,22.562999999994645,521762411,0,100,0.0,10.0,200.0,186.0,7,0
81662400,9,52178,22.562999999994645,521772411,0,100,0.0,10.0,200.0,186.0,7,0
81662400,9,52179,22.562999999994645,521782411,0,100,0.0,10.0,200.0,186.0,7,0
81662400,9,52180,22.562999999994645,521792411,0,100,0.0,10.0,200.0,186.0,7,0
81662400,9,52181,22.562999999994645,521802411,0,100,0.0,10.0,200.0,186.0,7,0
81662400,9,52182,22.562999999994645,521812411,0,100,0.0,10.0,200.0,186.0,7,0
81662400,9,52183,22.562999999994645,521822411,0,100,0.0,10.0,200.0,186.0,7,0
81662400,9,52184,22.562999999994645,521832411,0,100,0.0,10.0,200.0,186.0,7,0
81662400,9,52185,23.110000000000582,521842411,0,100,0.0,10.0,200.0,186.0,7,0
81662400,9,52186,23.110000000000582,521852411,0,100,0.0,10.0,200.0,186.0,7,0
81662400,9,52187,23.110000000000582,521862411,0,100,0.0,10.0,200.0,186.0,7,0
81662400,9,52188,23.110000000000582,521872411,0,100,0.0,10.0,200.0,186.0,7,0
81662400,9,52189,23.110000000000582,521882411,0,100,0.0,10.0,200.0,186.0,7,0
81662400,9,52190,23.110000000000582,521892411,0,100,0.0,10.0,200.0,186.0,7,0
81662400,9,52191,23.110000000000582,521902411,0,100,0.0,10.0,200.0,186.0,7,0
81662400,9,52192,23.110000000000582,521912411,0,100,0.0,10.0,200.0,186.0,7,0
81662400,9,52193,23.110000000000582,521922411,0,100,0.0,10.0,200.0,186.0,7,0
81662400,9,52194,23.110000000000582,521932411,0,100,0.0,10.0,200.0,186.0,7,0
81662400,9,52195,23.110000000000582,521942411,0,100,0.0,10.0,200.0,186.0,7,0
81662400,9,52196,23.110000000000582,521952411,0,100,0.0,10.0,200.0,186.0,7,0
81662400,9,52197,23.110000000000582,521962411,0,100,0.0,10.0,200.0,186.0,7,0
81662400,9,52198,23.110000000000582,521972411,0,100,0.0,10.0,200.0,186.0,7,0
81662400,9,52199,23.110000000000582,521982411,0,100,0.0,10.0,200.0,186.0,7,0
81662400,9,52200,23.110000000000582,521992411,0,100,0.0,10.0,200.0,186.0,7,0
81662400,9,52201,23.110000000000582,522002411,0,100,0.0,10.0,200.0,186.0,7,0
81662400,9,52202,23.110000000000582,522012411,0,100,0.0,10.0,200.0,186.0,7,0
81662400,9,52203,23.110000000000582,522022411,0,100,0.0,10.0,200.0,186.0,7,0
81662400,9,52204,23.110000000000582,522032411,0,100,0.0,10.0,200.0,186.0,7,0
81662400,9,52205,23.110000000000582,522042411,0,100,0.0,10.0,200.0,186.0,7,0
81662400,9,52206,23.110000000000582,522052411,0,100,0.0,10.0,200.0,186.0,7,0
81662400,9,52207,23.110000000000582,522062411,0,100,0.0,10.0,200.0,186.0,7,0
81662400,9,52208,23.110000000000582,522072411,0,100,0.0,10.0,200.0,186.0,7,0
81662400,9,52209,23.110000000000582,522082411,0,100,0.0,10.0,200.0,186.0,7,0
81662400,9,52210,23.110000000000582,522092412,0,100,0.0,10.0,200.0,186.0,7,0
81662400,9,52211,23.110000000000582,522102411,0,100,0.0,10.0,200.0,186.0,7,0
81662400,9,52212,23.110000000000582,522112411,0,100,0.0,10.0,200.0,186.0,7,0
81662400,9,52213,23.110000000000582,522122411,0,100,0.0,10.0,200.0,186.0,7,0
81662400,9,52214,23.110000000000582,522132411,0,100,0.0,10.0,200.0,186.0,7,0
81662400,9,52215,23.110000000000582,522142411,0,100,0.0,10.0,200.0,186.0,7,0
81662400,9,52216,23.110000000000582,522152411,0,100,0.0,10.0,200.0,186.0,7,0
81662400,9,52217,23.110000000000582,522162411,0,100,0.0,10.0,200.0,186.0,7,0
81662400,9,52218,23.110000000000582,522172411,0,100,0.0,10.0,200.0,186.0,7,0
81662400,9,52219,23.110000000000582,522182411,0,100,0.0,10.0,200.0,186.0,7,0
81662400,9,52220,23.110000000000582,522192411,0,100,0.0,10.0,200.0,186.0,7,0
81662400,9,52221,23.110000000000582,522202411,0,100,0.0,10.0,200.0,186.0,7,0
81662400,9,52222,23.110000000000582,522212411,0,100,0.0,10.0,200.0,186.0,7,0
81662400,9,52223,23.110000000000582,522222411,0,100,0.0,10.0,200.0,186.0,7,0
81662400,9,52224,23.110000000000582,522232411,0,100,0.0,10.0,200.0,186.0,7,0
81662400,9,52225,23.110000000000582,522242412,0,100,0.0,10.0,200.0,186.0,7,0
81662400,9,52226,23.110000000000582,522252411,0,100,0.0,10.0,200.0,186.0,7,0
81662400,9,52227,23.110000000000582,522262411,0,100,0.0,10.0,200.0,186.0,7,0
81662400,9,52228,23.110000000000582,522272411,0,100,0.0,10.0,200.0,186.0,7,0
81662400,9,52229,23.110000000000582,522282411,0,100,0.0,10.0,200.0,186.0,7,0
81662400,9,52230,23.110000000000582,522292411,0,100,0.0,10.0,200.0,186.0,7,0
81662400,9,52231,23.110000000000582,522302411,0,100,0.0,10.0,200.0,186.0,7,0
81662400,9,52232,23.110000000000582,522312411,0,100,0.0,10.0,200.0,186.0,7,0
81662400,9,52233,23.110000000000582,522322411,0,100,0.0,10.0,200.0,186.0,7,0
81662400,9,52234,23.110000000000582,522332411,0,100,0.0,10.0,200.0,186.0,7,0
81662400,9,52235,23.110000000000582,522342411,0,100,0.0,10.0,200.0,186.0,7,0
81662400,9,52236,23.110000000000582,522352411,0,100,0.0,10.0,200.0,186.0,7,0
81662400,9,52237,23.110000000000582,522362411,0,100,0.0,10.0,200.0,186.0,7,0
81662400,9,52238,23.110000000000582,522372411,0,100,0.0,10.0,200.0,186.0,7,0
81662400,9,52239,23.110000000000582,522382411,0,100,0.0,10.0,200.0,186.0,7,0
81662400,9,52240,23.110000000000582,522392411,0,100,0.0,10.0,200.0,186.0,7,0
81662400,9,52241,23.39100000000326,522402411,0,100,0.0,10.0,200.0,186.0,7,0
81662400,9,52242,23.39100000000326,522412411,0,100,0.0,10.0,200.0,186.0,7,0
81662400,9,52243,23.39100000000326,522422411,0,100,0.0,10.0,200.0,186.0,7,0
81662400,9,52244,23.39100000000326,522432411,0,100,0.0,10.0,200.0,186.0,7,0
81662400,9,52245,23.39100000000326,522442411,0,100,0.0,10.0,200.0,186.0,7,0
81662400,9,52246,23.39100000000326,522452411,0,100,0.0,10.0,200.0,186.0,7,0
81662400,9,52247,23.39100000000326,522462411,0,100,0.0,10.0,200.0,186.0,7,0
81662400,9,52248,23.39100000000326,522472411,0,100,0.0,10.0,200.0,186.0,7,0
81662400,9,52249,23.39100000000326,522482411,0,100,0.0,10.0,200.0,186.0,7,0
81662400,9,52250,23.39100000000326,522492411,0,100,0.0,10.0,200.0,186.0,7,0
81662400,9,52251,23.39100000000326,522502411,0,100,0.0,10.0,200.0,186.0,7,0
81662400,9,52252,23.39100000000326,522512411,0,100,0.0,10.0,200.0,186.0,7,0
81662400,9,52253,23.39100000000326,522522411,0,100,0.0,10.0,200.0,186.0,7,0
81662400,9,52254,23.39100000000326,522532411,0,100,0.0,10.0,200.0,186.0,7,0
81662400,9,52255,23.39100000000326,522542411,0,100,0.0,10.0,200.0,186.0,7,0
81662400,9,52256,23.39100000000326,522552411,0,100,0.0,10.0,200.0,186.0,7,0
81662400,9,52257,23.39100000000326,522562411,0,100,0.0,10.0,200.0,186.0,7,0
81662400,9,52258,23.39100000000326,522572411,0,100,0.0,10.0,200.0,186.0,7,0
81662400,9,52259,23.39100000000326,522582411,0,100,0.0,10.0,200.0,186.0,7,0
81662400,9,52260,23.39100000000326,522592411,0,100,0.0,10.0,200.0,186.0,7,0
81662400,9,52261,23.39100000000326,522602411,0,100,0.0,10.0,200.0,186.0,7,0
81662400,9,52262,23.39100000000326,522612411,0,100,0.0,10.0,200.0,186.0,7,0
81662400,9,52263,23.39100000000326,522622411,0,100,0.0,10.0,200.0,186.0,7,0
81662400,9,52264,23.39100000000326,522632411,0,100,0.0,10.0,200.0,186.0,7,0
81662400,9,52265,23.906000000002678,522642411,0,100,0.0,10.0,200.0,186.0,7,0
81662400,9,52266,23.906000000002678,522652411,0,100,0.0,10.0,200.0,186.0,7,0
81662400,9,52267,23.906000000002678,522662411,0,100,0.0,10.0,200.0,186.0,7,0
81662400,9,52268,23.906000000002678,522672411,0,100,0.0,10.0,200.0,186.0,7,0
81662400,9,52269,23.906000000002678,522682411,0,100,0.0,10.0,200.0,186.0,7,0
81662400,9,52270,23.906000000002678,522692411,0,100,0.0,10.0,200.0,186.0,7,0
81662400,9,52271,23.906000000002678,522702411,0,100,0.0,10.0,200.0,186.0,7,0
81662400,9,52272,23.906000000002678,522712411,0,100,0.0,10.0,200.0,186.0,7,0
81662400,9,52273,23.906000000002678,522722411,0,100,0.0,10.0,200.0,186.0,7,0
81662400,9,52274,23.906000000002678,522732411,0,100,0.0,10.0,200.0,186.0,7,0
81662400,9,52275,23.906000000002678,522742411,0,100,0.0,10.0,200.0,186.0,7,0
81662400,9,52276,23.906000000002678,522752411,0,100,0.0,10.0,200.0,186.0,7,0
81662400,9,52277,23.906000000002678,522762411,0,100,0.0,10.0,200.0,186.0,7,0
81662400,9,52278,23.906000000002678,522772411,0,100,0.0,10.0,200.0,186.0,7,0
81662400,9,52279,23.906000000002678,522782411,0,100,0.0,10.0,200.0,186.0,7,0
81662400,9,52280,23.906000000002678,522792411,0,100,0.0,10.0,200.0,186.0,7,0
81662400,9,52281,23.906000000002678,522802411,0,100,0.0,10.0,200.0,186.0,7,0
81662400,9,52282,23.906000000002678,522812411,0,100,0.0,10.0,200.0,186.0,7,0
81662400,9,52283,23.906000000002678,522822411,0,100,0.0,10.0,200.0,186.0,7,0
81662400,9,52284,23.906000000002678,522832411,0,100,0.0,10.0,200.0,186.0,7,0
81662400,9,52285,23.906000000002678,522842411,0,100,0.0,10.0,200.0,186.0,7,0
81662400,9,52286,23.906000000002678,522852411,0,100,0.0,10.0,200.0,186.0,7,0
81662400,9,52287,23.906000000002678,522862411,0,100,0.0,10.0,200.0,186.0,7,0
81662400,9,52288,23.906000000002678,522872411,0,100,0.0,10.0,200.0,186.0,7,0
81662400,9,52289,23.906000000002678,522882411,0,100,0.0,10.0,200.0,186.0,7,0
81662400,9,52290,23.906000000002678,522892411,0,100,0.0,10.0,200.0,186.0,7,0
81662400,9,52291,23.906000000002678,522902411,0,100,0.0,10.0,200.0,186.0,7,0
81662400,9,52292,23.906000000002678,522912411,0,100,0.0,10.0,200.0,186.0,7,0
81662400,9,52293,23.906000000002678,522922411,0,100,0.0,10.0,200.0,186.0,7,0
81662400,9,52294,23.906000000002678,522932411,0,100,0.0,10.0,200.0,186.0,7,0
81662400,9,52295,23.906000000002678,522942411,0,100,0.0,10.0,200.0,186.0,7,0
81662400,9,52296,23.906000000002678,522952411,0,100,0.0,10.0,200.0,186.0,7,0
81662400,9,52297,23.906000000002678,522962411,0,100,0.0,10.0,200.0,186.0,7,0
81662400,9,52298,23.906000000002678,522972411,0,100,0.0,10.0,200.0,186.0,7,0
81662400,9,52299,23.906000000002678,522982411,0,100,0.0,10.0,200.0,186.0,7,0
81662400,9,52300,23.906000000002678,522992411,0,100,0.0,10.0,200.0,186.0,7,0
81662400,9,52301,23.906000000002678,523002411,0,100,0.0,10.0,200.0,186.0,7,0
81662400,9,52302,23.906000000002678,523012411,0,100,0.0,10.0,200.0,186.0,7,0
81662400,9,52303,23.906000000002678,523022411,0,100,0.0,10.0,200.0,186.0,7,0
81662400,9,52304,23.906000000002678,523032411,0,100,0.0,10.0,200.0,186.0,7,0
81662400,9,52305,23.906000000002678,523042411,0,100,0.0,10.0,200.0,186.0,7,0
81662400,9,52306,23.906000000002678,523052411,0,100,0.0,10.0,200.0,186.0,7,0
81662400,9,52307,23.906000000002678,523062411,0,100,0.0,10.0,200.0,186.0,7,0
81662400,9,52308,23.906000000002678,523072411,0,100,0.0,10.0,200.0,186.0,7,0
81662400,9,52309,23.906000000002678,523082411,0,100,0.0,10.0,200.0,186.0,7,0
81662400,9,52310,23.906000000002678,523092411,0,100,0.0,10.0,200.0,186.0,7,0
81662400,9,52311,23.906000000002678,523102411,0,100,0.0,10.0,200.0,186.0,7,0
81662400,9,52312,23.906000000002678,523112411,0,100,0.0,10.0,200.0,186.0,7,0
81662400,9,52313,23.906000000002678,523122411,0,100,0.0,10.0,200.0,186.0,7,0
81662400,9,52314,23.906000000002678,523132411,0,100,0.0,10.0,200.0,186.0,7,0
81662400,9,52315,23.906000000002678,523142411,0,100,0.0,10.0,200.0,186.0,7,0
81662400,9,52316,23.906000000002678,523152411,0,100,0.0,10.0,200.0,186.0,7,0
81662400,9,52317,23.906000000002678,523162411,0,100,0.0,10.0,200.0,186.0,7,0
81662400,9,52318,23.906000000002678,523172411,0,100,0.0,10.0,200.0,186.0,7,0
81662400,9,52319,23.906000000002678,523182411,0,100,0.0,10.0,200.0,186.0,7,0
81662400,9,52320,23.906000000002678,523192411,0,100,0.0,10.0,200.0,186.0,7,0
81662400,9,52321,24.281000000002678,523202411,0,100,0.0,10.0,200.0,186.0,7,0
81662400,9,52322,24.281000000002678,523212411,0,100,0.0,10.0,200.0,186.0,7,0
81662400,9,52323,24.281000000002678,523222411,0,100,0.0,10.0,200.0,186.0,7,0
81662400,9,52324,24.281000000002678,523232411,0,100,0.0,10.0,200.0,186.0,7,0
81662400,9,52325,24.281000000002678,523242411,0,100,0.0,10.0,200.0,186.0,7,0
81662400,9,52326,24.281000000002678,523252411,0,100,0.0,10.0,200.0,186.0,7,0
81662400,9,52327,24.281000000002678,523262411,0,100,0.0,10.0,200.0,186.0,7,0
81662400,9,52328,24.281000000002678,523272411,0,100,0.0,10.0,200.0,186.0,7,0
81662400,9,52329,24.281000000002678,523282411,0,100,0.0,10.0,200.0,186.0,7,0
81662400,9,52330,24.281000000002678,523292411,0,100,0.0,10.0,200.0,186.0,7,0
81662400,9,52331,24.281000000002678,523302411,0,100,0.0,10.0,200.0,186.0,7,0
81662400,9,52332,24.281000000002678,523312411,0,100,0.0,10.0,200.0,186.0,7,0
81662400,9,52333,24.281000000002678,523322411,0,100,0.0,10.0,200.0,186.0,7,0
81662400,9,52334,24.281000000002678,523332411,0,100,0.0,10.0,200.0,186.0,7,0
81662400,9,52335,24.281000000002678,523342411,0,100,0.0,10.0,200.0,186.0,7,0
81662400,9,52336,24.281000000002678,523352411,0,100,0.0,10.0,200.0,186.0,7,0
81662400,9,52337,24.281000000002678,523362411,0,100,0.0,10.0,200.0,186.0,7,0
81662400,9,52338,24.281000000002678,523372411,0,100,0.0,10.0,200.0,186.0,7,0
81662400,9,52339,24.281000000002678,523382411,0,100,0.0,10.0,200.0,186.0,7,0
81662400,9,52340,24.281000000002678,523392411,0,100,0.0,10.0,200.0,186.0,7,0
81662400,9,52341,24.281000000002678,523402411,0,100,0.0,10.0,200.0,186.0,7,0
81662400,9,52342,24.281000000002678,523412411,0,100,0.0,10.0,200.0,186.0,7,0
81662400,9,52343,24.281000000002678,523422411,0,100,0.0,10.0,200.0,186.0,7,0
81662400,9,52344,24.281000000002678,523432411,0,100,0.0,10.0,200.0,186.0,7,0
81662400,9,52345,24.281000000002678,523442411,0,100,0.0,10.0,200.0,186.0,7,0
81662400,9,52346,24.281000000002678,523452411,0,100,0.0,10.0,200.0,186.0,7,0
81662400,9,52347,24.281000000002678,523462411,0,100,0.0,10.0,200.0,186.0,7,0
81662400,9,52348,24.281000000002678,523472411,0,100,0.0,10.0,200.0,186.0,7,0
81662400,9,52349,24.281000000002678,523482411,0,100,0.0,10.0,200.0,186.0,7,0
81662400,9,52350,24.281000000002678,523492411,0,100,0.0,10.0,200.0,186.0,7,0
81662400,9,52351,24.281000000002678,523502411,0,100,0.0,10.0,200.0,186.0,7,0
81662400,9,52352,24.281000000002678,523512411,0,100,0.0,10.0,200.0,186.0,7,0
81662400,9,52353,24.281000000002678,523522411,0,100,0.0,10.0,200.0,186.0,7,0
81662400,9,52354,24.281000000002678,523532411,0,100,0.0,10.0,200.0,186.0,7,0
81662400,9,52355,24.281000000002678,523542411,0,100,0.0,10.0,200.0,186.0,7,0
81662400,9,52356,24.281000000002678,523552411,0,100,0.0,10.0,200.0,186.0,7,0
81662400,9,52357,24.281000000002678,523562411,0,100,0.0,10.0,200.0,186.0,7,0
81662400,9,52358,24.281000000002678,523572412,0,100,0.0,10.0,200.0,186.0,7,0
81662400,9,52359,24.281000000002678,523582411,0,100,0.0,10.0,200.0,186.0,7,0
81662400,9,52360,24.281000000002678,523592411,0,100,0.0,10.0,200.0,186.0,7,0
81662400,9,52361,24.827999999994063,523602411,0,100,0.0,10.0,200.0,186.0,7,0
81662400,9,52362,24.827999999994063,523612411,0,100,0.0,10.0,200.0,186.0,7,0
81662400,9,52363,24.827999999994063,523622411,0,100,0.0,10.0,200.0,186.0,7,0
81662400,9,52364,24.827999999994063,523632411,0,100,0.0,10.0,200.0,186.0,7,0
81662400,9,52365,24.827999999994063,523642411,0,100,0.0,10.0,200.0,186.0,7,0
81662400,9,52366,24.827999999994063,523652411,0,100,0.0,10.0,200.0,186.0,7,0
81662400,9,52367,24.827999999994063,523662411,0,100,0.0,10.0,200.0,186.0,7,0
81662400,9,52368,24.827999999994063,523672411,0,100,0.0,10.0,200.0,186.0,7,0
81662400,9,52369,24.827999999994063,523682411,0,100,0.0,10.0,200.0,186.0,7,0
81662400,9,52370,24.827999999994063,523692411,0,100,0.0,10.0,200.0,186.0,7,0
81662400,9,52371,24.827999999994063,523702411,0,100,0.0,10.0,200.0,186.0,7,0
81662400,9,52372,24.827999999994063,523712411,0,100,0.0,10.0,200.0,186.0,7,0
81662400,9,52373,24.827999999994063,523722411,0,100,0.0,10.0,200.0,186.0,7,0
81662400,9,52374,24.827999999994063,523732411,0,100,0.0,10.0,200.0,186.0,7,0
81662400,9,52375,24.827999999994063,523742411,0,100,0.0,10.0,200.0,186.0,7,0
81662400,9,52376,24.827999999994063,523752411,0,100,0.0,10.0,200.0,186.0,7,0
81662400,9,52377,24.827999999994063,523762411,0,100,0.0,10.0,200.0,186.0,7,0
81662400,9,52378,24.827999999994063,523772411,0,100,0.0,10.0,200.0,186.0,7,0
81662400,9,52379,24.827999999994063,523782411,0,100,0.0,10.0,200.0,186.0,7,0
81662400,9,52380,24.827999999994063,523792411,0,100,0.0,10.0,200.0,186.0,7,0
81662400,9,52381,24.827999999994063,523802411,0,100,0.0,10.0,200.0,186.0,7,0
81662400,9,52382,24.827999999994063,523812411,0,100,0.0,10.0,200.0,186.0,7,0
81662400,9,52383,24.827999999994063,523822411,0,100,0.0,10.0,200.0,186.0,7,0
81662400,9,52384,24.827999999994063,523832411,0,100,0.0,10.0,200.0,186.0,7,0
81662400,9,52385,24.827999999994063,523842411,0,100,0.0,10.0,200.0,186.0,7,0
81662400,9,52386,24.827999999994063,523852411,0,100,0.0,10.0,200.0,186.0,7,0
81662400,9,52387,24.827999999994063,523862411,0,100,0.0,10.0,200.0,186.0,7,0
81662400,9,52388,24.827999999994063,523872411,0,100,0.0,10.0,200.0,186.0,7,0
81662400,9,52389,24.827999999994063,523882411,0,100,0.0,10.0,200.0,186.0,7,0
81662400,9,52390,24.827999999994063,523892411,0,100,0.0,10.0,200.0,186.0,7,0
81662400,9,52391,24.827999999994063,523902411,0,100,0.0,10.0,200.0,186.0,7,0
81662400,9,52392,24.827999999994063,523912411,0,100,0.0,10.0,200.0,186.0,7,0
81662400,9,52393,24.827999999994063,523922411,0,100,0.0,10.0,200.0,186.0,7,0
81662400,9,52394,24.827999999994063,523932411,0,100,0.0,10.0,200.0,186.0,7,0
81662400,9,52395,24.827999999994063,523942411,0,100,0.0,10.0,200.0,186.0,7,0
81662400,9,52396,24.827999999994063,523952411,0,100,0.0,10.0,200.0,186.0,7,0
81662400,9,52397,24.827999999994063,523962411,0,100,0.0,10.0,200.0,186.0,7,0
81662400,9,52398,24.827999999994063,523972411,0,100,0.0,10.0,200.0,186.0,7,0
81662400,9,52399,24.827999999994063,523982411,0,100,0.0,10.0,200.0,186.0,7,0
81662400,9,52400,24.827999999994063,523992411,0,100,0.0,10.0,200.0,186.0,7,0
81662400,9,52401,24.827999999994063,524002411,0,100,0.0,10.0,200.0,186.0,7,0
81662400,9,52402,24.827999999994063,524012411,0,100,0.0,10.0,200.0,186.0,7,0
81662400,9,52403,24.827999999994063,524022411,0,100,0.0,10.0,200.0,186.0,7,0
81662400,9,52404,24.827999999994063,524032411,0,100,0.0,10.0,200.0,186.0,7,0
81662400,9,52405,24.827999999994063,524042411,0,100,0.0,10.0,200.0,186.0,7,0
81662400,9,52406,24.827999999994063,524052411,0,100,0.0,10.0,200.0,186.0,7,0
81662400,9,52407,24.827999999994063,524062411,0,100,0.0,10.0,200.0,186.0,7,0
81662400,9,52408,24.827999999994063,524072411,0,100,0.0,10.0,200.0,186.0,7,0
81662400,9,52409,24.827999999994063,524082411,0,100,0.0,10.0,200.0,186.0,7,0
81662400,9,52410,24.827999999994063,524092411,0,100,0.0,10.0,200.0,186.0,7,0
81662400,9,52411,24.827999999994063,524102411,0,100,0.0,10.0,200.0,186.0,7,0
81662400,9,52412,24.827999999994063,524112411,0,100,0.0,10.0,200.0,186.0,7,0
81662400,9,52413,24.827999999994063,524122411,0,100,0.0,10.0,200.0,186.0,7,0
81662400,9,52414,24.827999999994063,524132411,0,100,0.0,10.0,200.0,186.0,7,0
81662400,9,52415,24.827999999994063,524142411,0,100,0.0,10.0,200.0,186.0,7,0
81662400,9,52416,24.827999999994063,524152411,0,100,0.0,10.0,200.0,186.0,7,0
81662400,9,52417,25.39100000000326,524162411,0,100,0.0,10.0,200.0,186.0,7,0
81662400,9,52418,25.39100000000326,524172411,0,100,0.0,10.0,200.0,186.0,7,0
81662400,9,52419,25.39100000000326,524182411,0,100,0.0,10.0,200.0,186.0,7,0
81662400,9,52420,25.39100000000326,524192411,0,100,0.0,10.0,200.0,186.0,7,0
81662400,9,52421,25.39100000000326,524202411,0,100,0.0,10.0,200.0,186.0,7,0
81662400,9,52422,25.39100000000326,524212411,0,100,0.0,10.0,200.0,186.0,7,0
81662400,9,52423,25.39100000000326,524222411,0,100,0.0,10.0,200.0,186.0,7,0
81662400,9,52424,25.39100000000326,524232411,0,100,0.0,10.0,200.0,186.0,7,0
81662400,9,52425,25.39100000000326,524242411,0,100,0.0,10.0,200.0,186.0,7,0
81662400,9,52426,25.39100000000326,524252411,0,100,0.0,10.0,200.0,186.0,7,0
81662400,9,52427,25.39100000000326,524262411,0,100,0.0,10.0,200.0,186.0,7,0
81662400,9,52428,25.39100000000326,524272411,0,100,0.0,10.0,200.0,186.0,7,0
81662400,9,52429,25.39100000000326,524282411,0,100,0.0,10.0,200.0,186.0,7,0
81662400,9,52430,25.39100000000326,524292411,0,100,0.0,10.0,200.0,186.0,7,0
81662400,9,52431,25.39100000000326,524302411,0,100,0.0,10.0,200.0,186.0,7,0
81662400,9,52432,25.39100000000326,524312411,0,100,0.0,10.0,200.0,186.0,7,0
81662400,9,52433,25.39100000000326,524322411,0,100,0.0,10.0,200.0,186.0,7,0
81662400,9,52434,25.39100000000326,524332412,0,100,0.0,10.0,200.0,186.0,7,0
81662400,9,52435,25.39100000000326,524342411,0,100,0.0,10.0,200.0,186.0,7,0
81662400,9,52436,25.39100000000326,524352411,0,100,0.0,10.0,200.0,186.0,7,0
81662400,9,52437,25.39100000000326,524362411,0,100,0.0,10.0,200.0,186.0,7,0
81662400,9,52438,25.39100000000326,524372411,0,100,0.0,10.0,200.0,186.0,7,0
81662400,9,52439,25.39100000000326,524382411,0,100,0.0,10.0,200.0,186.0,7,0
81662400,9,52440,25.39100000000326,524392411,0,100,0.0,10.0,200.0,186.0,7,0
81662400,9,52441,25.39100000000326,524402411,0,100,0.0,10.0,200.0,186.0,7,0
81662400,9,52442,25.39100000000326,524412411,0,100,0.0,10.0,200.0,186.0,7,0
81662400,9,52443,25.39100000000326,524422411,0,100,0.0,10.0,200.0,186.0,7,0
81662400,9,52444,25.39100000000326,524432411,0,100,0.0,10.0,200.0,186.0,7,0
81662400,9,52445,25.39100000000326,524442411,0,100,0.0,10.0,200.0,186.0,7,0
81662400,9,52446,25.39100000000326,524452411,0,100,0.0,10.0,200.0,186.0,7,0
81662400,9,52447,25.39100000000326,524462411,0,100,0.0,10.0,200.0,186.0,7,0
81662400,9,52448,25.39100000000326,524472411,0,100,0.0,10.0,200.0,186.0,7,0
81662400,9,52449,25.39100000000326,524482411,0,100,0.0,10.0,200.0,186.0,7,0
81662400,9,52450,25.39100000000326,524492411,0,100,0.0,10.0,200.0,186.0,7,0
81662400,9,52451,25.39100000000326,524502411,0,100,0.0,10.0,200.0,186.0,7,0
81662400,9,52452,25.39100000000326,524512411,0,100,0.0,10.0,200.0,186.0,7,0
81662400,9,52453,25.39100000000326,524522411,0,100,0.0,10.0,200.0,186.0,7,0
81662400,9,52454,25.39100000000326,524532411,0,100,0.0,10.0,200.0,186.0,7,0
81662400,9,52455,25.39100000000326,524542411,0,100,0.0,10.0,200.0,186.0,7,0
81662400,9,52456,25.39100000000326,524552411,0,100,0.0,10.0,200.0,186.0,7,0
81662400,9,52457,25.39100000000326,524562411,0,100,0.0,10.0,200.0,186.0,7,0
81662400,9,52458,25.39100000000326,524572411,0,100,0.0,10.0,200.0,186.0,7,0
81662400,9,52459,25.39100000000326,524582411,0,100,0.0,10.0,200.0,186.0,7,0
81662400,9,52460,25.39100000000326,524592411,0,100,0.0,10.0,200.0,186.0,7,0
81662400,9,52461,25.39100000000326,524602411,0,100,0.0,10.0,200.0,186.0,7,0
81662400,9,52462,25.39100000000326,524612411,0,100,0.0,10.0,200.0,186.0,7,0
81662400,9,52463,25.39100000000326,524622411,0,100,0.0,10.0,200.0,186.0,7,0
81662400,9,52464,25.39100000000326,524632411,0,100,0.0,10.0,200.0,186.0,7,0
81662400,9,52465,25.39100000000326,524642411,0,100,0.0,10.0,200.0,186.0,7,0
81662400,9,52466,25.39100000000326,524652411,0,100,0.0,10.0,200.0,186.0,7,0
81662400,9,52467,25.39100000000326,524662411,0,100,0.0,10.0,200.0,186.0,7,0
81662400,9,52468,25.39100000000326,524672411,0,100,0.0,10.0,200.0,186.0,7,0
81662400,9,52469,25.39100000000326,524682411,0,100,0.0,10.0,200.0,186.0,7,0
81662400,9,52470,25.39100000000326,524692411,0,100,0.0,10.0,200.0,186.0,7,0
81662400,9,52471,25.39100000000326,524702411,0,100,0.0,10.0,200.0,186.0,7,0
81662400,9,52472,25.39100000000326,524712411,0,100,0.0,10.0,200.0,186.0,7,0
81662400,9,52473,25.922000000005937,524722411,0,100,0.0,10.0,200.0,186.0,7,0
81662400,9,52474,25.922000000005937,524732411,0,100,0.0,10.0,200.0,186.0,7,0
81662400,9,52475,25.922000000005937,524742411,0,100,0.0,10.0,200.0,186.0,7,0
81662400,9,52476,25.922000000005937,524752411,0,100,0.0,10.0,200.0,186.0,7,0
81662400,9,52477,25.922000000005937,524762411,0,100,0.0,10.0,200.0,186.0,7,0
81662400,9,52478,25.922000000005937,524772411,0,100,0.0,10.0,200.0,186.0,7,0
81662400,9,52479,25.922000000005937,524782411,0,100,0.0,10.0,200.0,186.0,7,0
81662400,9,52480,25.922000000005937,524792411,0,100,0.0,10.0,200.0,186.0,7,0
81662400,9,52481,25.922000000005937,524802411,0,100,0.0,10.0,200.0,186.0,7,0
81662400,9,52482,25.922000000005937,524812411,0,100,0.0,10.0,200.0,186.0,7,0
81662400,9,52483,25.922000000005937,524822411,0,100,0.0,10.0,200.0,186.0,7,0
81662400,9,52484,25.922000000005937,524832411,0,100,0.0,10.0,200.0,186.0,7,0
81662400,9,52485,25.922000000005937,524842411,0,100,0.0,10.0,200.0,186.0,7,0
81662400,9,52486,25.922000000005937,524852411,0,100,0.0,10.0,200.0,186.0,7,0
81662400,9,52487,25.922000000005937,524862411,0,100,0.0,10.0,200.0,186.0,7,0
81662400,9,52488,25.922000000005937,524872411,0,100,0.0,10.0,200.0,186.0,7,0
81662400,9,52489,25.922000000005937,524882411,0,100,0.0,10.0,200.0,186.0,7,0
81662400,9,52490,25.922000000005937,524892411,0,100,0.0,10.0,200.0,186.0,7,0
81662400,9,52491,25.922000000005937,524902411,0,100,0.0,10.0,200.0,186.0,7,0
81662400,9,52492,25.922000000005937,524912411,0,100,0.0,10.0,200.0,186.0,7,0
81662400,9,52493,25.922000000005937,524922411,0,100,0.0,10.0,200.0,186.0,7,0
81662400,9,52494,25.922000000005937,524932411,0,100,0.0,10.0,200.0,186.0,7,0
81662400,9,52495,25.922000000005937,524942411,0,100,0.0,10.0,200.0,186.0,7,0
81662400,9,52496,25.922000000005937,524952411,0,100,0.0,10.0,200.0,186.0,7,0
81662400,9,52497,25.922000000005937,524962411,0,100,0.0,10.0,200.0,186.0,7,0
81662400,9,52498,25.922000000005937,524972411,0,100,0.0,10.0,200.0,186.0,7,0
81662400,9,52499,25.922000000005937,524982411,0,100,0.0,10.0,200.0,186.0,7,0
81662400,9,52500,25.922000000005937,524992411,0,100,0.0,10.0,200.0,186.0,7,0
81662400,9,52501,25.922000000005937,525002411,0,100,0.0,10.0,200.0,186.0,7,0
81662400,9,52502,25.922000000005937,525012411,0,100,0.0,10.0,200.0,186.0,7,0
81662400,9,52503,25.922000000005937,525022411,0,100,0.0,10.0,200.0,186.0,7,0
81662400,9,52504,25.922000000005937,525032411,0,100,0.0,10.0,200.0,186.0,7,0
81662400,9,52505,25.922000000005937,525042411,0,100,0.0,10.0,200.0,186.0,7,0
81662400,9,52506,25.922000000005937,525052411,0,100,0.0,10.0,200.0,186.0,7,0
81662400,9,52507,25.922000000005937,525062411,0,100,0.0,10.0,200.0,186.0,7,0
81662400,9,52508,25.922000000005937,525072411,0,100,0.0,10.0,200.0,186.0,7,0
81662400,9,52509,25.922000000005937,525082411,0,100,0.0,10.0,200.0,186.0,7,0
81662400,9,52510,25.922000000005937,525092411,0,100,0.0,10.0,200.0,186.0,7,0
81662400,9,52511,25.922000000005937,525102411,0,100,0.0,10.0,200.0,186.0,7,0
81662400,9,52512,25.922000000005937,525112411,0,100,0.0,10.0,200.0,186.0,7,0
81662400,9,52513,25.922000000005937,525122411,0,100,0.0,10.0,200.0,186.0,7,0
81662400,9,52514,25.922000000005937,525132411,0,100,0.0,10.0,200.0,186.0,7,0
81662400,9,52515,25.922000000005937,525142411,0,100,0.0,10.0,200.0,186.0,7,0
81662400,9,52516,25.922000000005937,525152411,0,100,0.0,10.0,200.0,186.0,7,0
81662400,9,52517,25.922000000005937,525162411,0,100,0.0,10.0,200.0,186.0,7,0
81662400,9,52518,25.922000000005937,525172411,0,100,0.0,10.0,200.0,186.0,7,0
81662400,9,52519,25.922000000005937,525182411,0,100,0.0,10.0,200.0,186.0,7,0
81662400,9,52520,25.922000000005937,525192411,0,100,0.0,10.0,200.0,186.0,7,0
81662400,9,52521,25.922000000005937,525202411,0,100,0.0,10.0,200.0,186.0,7,0
81662400,9,52522,25.922000000005937,525212411,0,100,0.0,10.0,200.0,186.0,7,0
81662400,9,52523,25.922000000005937,525222411,0,100,0.0,10.0,200.0,186.0,7,0
81662400,9,52524,25.922000000005937,525232411,0,100,0.0,10.0,200.0,186.0,7,0
81662400,9,52525,25.922000000005937,525242411,0,100,0.0,10.0,200.0,186.0,7,0
81662400,9,52526,25.922000000005937,525252411,0,100,0.0,10.0,200.0,186.0,7,0
81662400,9,52527,25.922000000005937,525262411,0,100,0.0,10.0,200.0,186.0,7,0
81662400,9,52528,25.922000000005937,525272411,0,100,0.0,10.0,200.0,186.0,7,0
81662400,9,52529,26.5,525282411,0,100,0.0,10.0,200.0,186.0,7,0
81662400,9,52530,26.5,525292411,0,100,0.0,10.0,200.0,186.0,7,0
81662400,9,52531,26.5,525302411,0,100,0.0,10.0,200.0,186.0,7,0
81662400,9,52532,26.5,525312411,0,100,0.0,10.0,200.0,186.0,7,0
81662400,9,52533,26.5,525322411,0,100,0.0,10.0,200.0,186.0,7,0
81662400,9,52534,26.5,525332411,0,100,0.0,10.0,200.0,186.0,7,0
81662400,9,52535,26.5,525342411,0,100,0.0,10.0,200.0,186.0,7,0
81662400,9,52536,26.5,525352411,0,100,0.0,10.0,200.0,186.0,7,0
81662400,9,52537,26.5,525362411,0,100,0.0,10.0,200.0,186.0,7,0
81662400,9,52538,26.5,525372411,0,100,0.0,10.0,200.0,186.0,7,0
81662400,9,52539,26.5,525382411,0,100,0.0,10.0,200.0,186.0,7,0
81662400,9,52540,26.5,525392411,0,100,0.0,10.0,200.0,186.0,7,0
81662400,9,52541,26.5,525402411,0,100,0.0,10.0,200.0,186.0,7,0
81662400,9,52542,26.5,525412411,0,100,0.0,10.0,200.0,186.0,7,0
81662400,9,52543,26.5,525422411,0,100,0.0,10.0,200.0,186.0,7,0
81662400,9,52544,26.5,525432411,0,100,0.0,10.0,200.0,186.0,7,0
81662400,9,52545,26.5,525442411,0,100,0.0,10.0,200.0,186.0,7,0
81662400,9,52546,26.5,525452411,0,100,0.0,10.0,200.0,186.0,7,0
81662400,9,52547,26.5,525462411,0,100,0.0,10.0,200.0,186.0,7,0
81662400,9,52548,26.5,525472411,0,100,0.0,10.0,200.0,186.0,7,0
81662400,9,52549,26.5,525482411,0,100,0.0,10.0,200.0,186.0,7,0
81662400,9,52550,26.5,525492411,0,100,0.0,10.0,200.0,186.0,7,0
81662400,9,52551,26.5,525502411,0,100,0.0,10.0,200.0,186.0,7,0
81662400,9,52552,26.5,525512411,0,100,0.0,10.0,200.0,186.0,7,0
81662400,9,52553,26.5,525522411,0,100,0.0,10.0,200.0,186.0,7,0
81662400,9,52554,26.5,525532411,0,100,0.0,10.0,200.0,186.0,7,0
81662400,9,52555,26.5,525542411,0,100,0.0,10.0,200.0,186.0,7,0
81662400,9,52556,26.5,525552411,0,100,0.0,10.0,200.0,186.0,7,0
81662400,9,52557,26.5,525562411,0,100,0.0,10.0,200.0,186.0,7,0
81662400,9,52558,26.5,525572411,0,100,0.0,10.0,200.0,186.0,7,0
81662400,9,52559,26.5,525582411,0,100,0.0,10.0,200.0,186.0,7,0
81662400,9,52560,26.5,525592411,0,100,0.0,10.0,200.0,186.0,7,0
81662400,9,52561,26.5,525602411,0,100,0.0,10.0,200.0,186.0,7,0
81662400,9,52562,26.5,525612411,0,100,0.0,10.0,200.0,186.0,7,0
81662400,9,52563,26.5,525622411,0,100,0.0,10.0,200.0,186.0,7,0
81662400,9,52564,26.5,525632411,0,100,0.0,10.0,200.0,186.0,7,0
81662400,9,52565,26.5,525642411,0,100,0.0,10.0,200.0,186.0,7,0
81662400,9,52566,26.5,525652411,0,100,0.0,10.0,200.0,186.0,7,0
81662400,9,52567,26.5,525662411,0,100,0.0,10.0,200.0,186.0,7,0
81662400,9,52568,26.5,525672411,0,100,0.0,10.0,200.0,186.0,7,0
81662400,9,52569,26.5,525682411,0,100,0.0,10.0,200.0,186.0,7,0
81662400,9,52570,26.5,525692411,0,100,0.0,10.0,200.0,186.0,7,0
81662400,9,52571,26.5,525702411,0,100,0.0,10.0,200.0,186.0,7,0
81662400,9,52572,26.5,525712411,0,100,0.0,10.0,200.0,186.0,7,0
81662400,9,52573,26.5,525722411,0,100,0.0,10.0,200.0,186.0,7,0
81662400,9,52574,26.5,525732411,0,100,0.0,10.0,200.0,186.0,7,0
81662400,9,52575,26.5,525742411,0,100,0.0,10.0,200.0,186.0,7,0
81662400,9,52576,26.5,525752411,0,100,0.0,10.0,200.0,186.0,7,0
81662400,9,52577,26.5,525762411,0,100,0.0,10.0,200.0,186.0,7,0
81662400,9,52578,26.5,525772411,0,100,0.0,10.0,200.0,186.0,7,0
81662400,9,52579,26.5,525782411,0,100,0.0,10.0,200.0,186.0,7,0
81662400,9,52580,26.5,525792411,0,100,0.0,10.0,200.0,186.0,7,0
81662400,9,52581,26.5,525802411,0,100,0.0,10.0,200.0,186.0,7,0
81662400,9,52582,26.5,525812411,0,100,0.0,10.0,200.0,186.0,7,0
81662400,9,52583,26.5,525822411,0,100,0.0,10.0,200.0,186.0,7,0
81662400,9,52584,26.5,525832411,0,100,0.0,10.0,200.0,186.0,7,0
81662400,9,52585,27.093999999997322,525842411,0,100,0.0,10.0,200.0,186.0,7,0
81662400,9,52586,27.093999999997322,525852411,0,100,0.0,10.0,200.0,186.0,7,0
81662400,9,52587,27.093999999997322,525862411,0,100,0.0,10.0,200.0,186.0,7,0
81662400,9,52588,27.093999999997322,525872411,0,100,0.0,10.0,200.0,186.0,7,0
81662400,9,52589,27.093999999997322,525882411,0,100,0.0,10.0,200.0,186.0,7,0
81662400,9,52590,27.093999999997322,525892411,0,100,0.0,10.0,200.0,186.0,7,0
81662400,9,52591,27.093999999997322,525902411,0,100,0.0,10.0,200.0,186.0,7,0
81662400,9,52592,27.093999999997322,525912411,0,100,0.0,10.0,200.0,186.0,7,0
81662400,9,52593,27.093999999997322,525922411,0,100,0.0,10.0,200.0,186.0,7,0
81662400,9,52594,27.093999999997322,525932411,0,100,0.0,10.0,200.0,186.0,7,0
81662400,9,52595,27.093999999997322,525942411,0,100,0.0,10.0,200.0,186.0,7,0
81662400,9,52596,27.093999999997322,525952411,0,100,0.0,10.0,200.0,186.0,7,0
81662400,9,52597,27.093999999997322,525962411,0,100,0.0,10.0,200.0,186.0,7,0
81662400,9,52598,27.093999999997322,525972411,0,100,0.0,10.0,200.0,186.0,7,0
81662400,9,52599,27.093999999997322,525982411,0,100,0.0,10.0,200.0,186.0,7,0
81662400,9,52600,27.093999999997322,525992411,0,100,0.0,10.0,200.0,186.0,7,0
81662400,9,52601,27.093999999997322,526002411,0,100,0.0,10.0,200.0,186.0,7,0
81662400,9,52602,27.093999999997322,526012411,0,100,0.0,10.0,200.0,186.0,7,0
81662400,9,52603,27.093999999997322,526022411,0,100,0.0,10.0,200.0,186.0,7,0
81662400,9,52604,27.093999999997322,526032411,0,100,0.0,10.0,200.0,186.0,7,0
81662400,9,52605,27.093999999997322,526042411,0,100,0.0,10.0,200.0,186.0,7,0
81662400,9,52606,27.093999999997322,526052411,0,100,0.0,10.0,200.0,186.0,7,0
81662400,9,52607,27.093999999997322,526062411,0,100,0.0,10.0,200.0,186.0,7,0
81662400,9,52608,27.093999999997322,526072411,0,100,0.0,10.0,200.0,186.0,7,0
81662400,9,52609,27.093999999997322,526082411,0,100,0.0,10.0,200.0,186.0,7,0
81662400,9,52610,27.093999999997322,526092411,0,100,0.0,10.0,200.0,186.0,7,0
81662400,9,52611,27.093999999997322,526102411,0,100,0.0,10.0,200.0,186.0,7,0
81662400,9,52612,27.093999999997322,526112411,0,100,0.0,10.0,200.0,186.0,7,0
81662400,9,52613,27.093999999997322,526122411,0,100,0.0,10.0,200.0,186.0,7,0
81662400,9,52614,27.093999999997322,526132411,0,100,0.0,10.0,200.0,186.0,7,0
81662400,9,52615,27.093999999997322,526142411,0,100,0.0,10.0,200.0,186.0,7,0
81662400,9,52616,27.093999999997322,526152411,0,100,0.0,10.0,200.0,186.0,7,0
81662400,9,52617,27.093999999997322,526162411,0,100,0.0,10.0,200.0,186.0,7,0
81662400,9,52618,27.093999999997322,526172411,0,100,0.0,10.0,200.0,186.0,7,0
81662400,9,52619,27.093999999997322,526182411,0,100,0.0,10.0,200.0,186.0,7,0
81662400,9,52620,27.093999999997322,526192411,0,100,0.0,10.0,200.0,186.0,7,0
81662400,9,52621,27.093999999997322,526202411,0,100,0.0,10.0,200.0,186.0,7,0
81662400,9,52622,27.093999999997322,526212411,0,100,0.0,10.0,200.0,186.0,7,0
81662400,9,52623,27.093999999997322,526222411,0,100,0.0,10.0,200.0,186.0,7,0
81662400,9,52624,27.093999999997322,526232411,0,100,0.0,10.0,200.0,186.0,7,0
81662400,9,52625,27.093999999997322,526242411,0,100,0.0,10.0,200.0,186.0,7,0
81662400,9,52626,27.093999999997322,526252411,0,100,0.0,10.0,200.0,186.0,7,0
81662400,9,52627,27.093999999997322,526262411,0,100,0.0,10.0,200.0,186.0,7,0
81662400,9,52628,27.093999999997322,526272411,0,100,0.0,10.0,200.0,186.0,7,0
81662400,9,52629,27.093999999997322,526282411,0,100,0.0,10.0,200.0,186.0,7,0
81662400,9,52630,27.093999999997322,526292411,0,100,0.0,10.0,200.0,186.0,7,0
81662400,9,52631,27.093999999997322,526302411,0,100,0.0,10.0,200.0,186.0,7,0
81662400,9,52632,27.093999999997322,526312411,0,100,0.0,10.0,200.0,186.0,7,0
81662400,9,52633,27.093999999997322,526322411,0,100,0.0,10.0,200.0,186.0,7,0
81662400,9,52634,27.093999999997322,526332411,0,100,0.0,10.0,200.0,186.0,7,0
81662400,9,52635,27.093999999997322,526342411,0,100,0.0,10.0,200.0,186.0,7,0
81662400,9,52636,27.093999999997322,526352411,0,100,0.0,10.0,200.0,186.0,7,0
81662400,9,52637,27.093999999997322,526362411,0,100,0.0,10.0,200.0,186.0,7,0
81662400,9,52638,27.093999999997322,526372411,0,100,0.0,10.0,200.0,186.0,7,0
81662400,9,52639,27.093999999997322,526382411,0,100,0.0,10.0,200.0,186.0,7,0
81662400,9,52640,27.093999999997322,526392411,0,100,0.0,10.0,200.0,186.0,7,0
81662400,9,52641,27.625,526402411,0,100,0.0,10.0,200.0,186.0,7,0
81662400,9,52642,27.625,526412411,0,100,0.0,10.0,200.0,186.0,7,0
81662400,9,52643,27.625,526422411,0,100,0.0,10.0,200.0,186.0,7,0
81662400,9,52644,27.625,526432411,0,100,0.0,10.0,200.0,186.0,7,0
81662400,9,52645,27.625,526442411,0,100,0.0,10.0,200.0,186.0,7,0
81662400,9,52646,27.625,526452411,0,100,0.0,10.0,200.0,186.0,7,0
81662400,9,52647,27.625,526462411,0,100,0.0,10.0,200.0,186.0,7,0
81662400,9,52648,27.625,526472411,0,100,0.0,10.0,200.0,186.0,7,0
81662400,9,52649,27.625,526482411,0,100,0.0,10.0,200.0,186.0,7,0
81662400,9,52650,27.625,526492411,0,100,0.0,10.0,200.0,186.0,7,0
81662400,9,52651,27.625,526502411,0,100,0.0,10.0,200.0,186.0,7,0
81662400,9,52652,27.625,526512411,0,100,0.0,10.0,200.0,186.0,7,0
81662400,9,52653,27.625,526522411,0,100,0.0,10.0,200.0,186.0,7,0
81662400,9,52654,27.625,526532411,0,100,0.0,10.0,200.0,186.0,7,0
81662400,9,52655,27.625,526542411,0,100,0.0,10.0,200.0,186.0,7,0
81662400,9,52656,27.625,526552411,0,100,0.0,10.0,200.0,186.0,7,0
81662400,9,52657,27.625,526562411,0,100,0.0,10.0,200.0,186.0,7,0
81662400,9,52658,27.625,526572411,0,100,0.0,10.0,200.0,186.0,7,0
81662400,9,52659,27.625,526582411,0,100,0.0,10.0,200.0,186.0,7,0
81662400,9,52660,27.625,526592411,0,100,0.0,10.0,200.0,186.0,7,0
81662400,9,52661,27.625,526602411,0,100,0.0,10.0,200.0,186.0,7,0
81662400,9,52662,27.625,526612411,0,100,0.0,10.0,200.0,186.0,7,0
81662400,9,52663,27.625,526622411,0,100,0.0,10.0,200.0,186.0,7,0
81662400,9,52664,27.625,526632411,0,100,0.0,10.0,200.0,186.0,7,0
81662400,9,52665,27.625,526642411,0,100,0.0,10.0,200.0,186.0,7,0
81662400,9,52666,27.625,526652411,0,100,0.0,10.0,200.0,186.0,7,0
81662400,9,52667,27.625,526662411,0,100,0.0,10.0,200.0,186.0,7,0
81662400,9,52668,27.625,526672411,0,100,0.0,10.0,200.0,186.0,7,0
81662400,9,52669,27.625,526682411,0,100,0.0,10.0,200.0,186.0,7,0
81662400,9,52670,27.625,526692411,0,100,0.0,10.0,200.0,186.0,7,0
81662400,9,52671,27.625,526702411,0,100,0.0,10.0,200.0,186.0,7,0
81662400,9,52672,27.625,526712411,0,100,0.0,10.0,200.0,186.0,7,0
81662400,9,52673,27.625,526722411,0,100,0.0,10.0,200.0,186.0,7,0
81662400,9,52674,27.625,526732411,0,100,0.0,10.0,200.0,186.0,7,0
81662400,9,52675,27.625,526742411,0,100,0.0,10.0,200.0,186.0,7,0
81662400,9,52676,27.625,526752411,0,100,0.0,10.0,200.0,186.0,7,0
81662400,9,52677,27.625,526762411,0,100,0.0,10.0,200.0,186.0,7,0
81662400,9,52678,27.625,526772411,0,100,0.0,10.0,200.0,186.0,7,0
81662400,9,52679,27.625,526782411,0,100,0.0,10.0,200.0,186.0,7,0
81662400,9,52680,27.625,526792411,0,100,0.0,10.0,200.0,186.0,7,0
81662400,9,52681,27.625,526802411,0,100,0.0,10.0,200.0,186.0,7,0
81662400,9,52682,27.625,526812411,0,100,0.0,10.0,200.0,186.0,7,0
81662400,9,52683,27.625,526822411,0,100,0.0,10.0,200.0,186.0,7,0
81662400,9,52684,27.625,526832411,0,100,0.0,10.0,200.0,186.0,7,0
81662400,9,52685,27.625,526842411,0,100,0.0,10.0,200.0,186.0,7,0
81662400,9,52686,27.625,526852411,0,100,0.0,10.0,200.0,186.0,7,0
81662400,9,52687,27.625,526862411,0,100,0.0,10.0,200.0,186.0,7,0
81662400,9,52688,27.625,526872411,0,100,0.0,10.0,200.0,186.0,7,0
81662400,9,52689,27.625,526882411,0,100,0.0,10.0,200.0,186.0,7,0
81662400,9,52690,27.625,526892411,0,100,0.0,10.0,200.0,186.0,7,0
81662400,9,52691,27.625,526902411,0,100,0.0,10.0,200.0,186.0,7,0
81662400,9,52692,27.625,526912411,0,100,0.0,10.0,200.0,186.0,7,0
81662400,9,52693,27.625,526922411,0,100,0.0,10.0,200.0,186.0,7,0
81662400,9,52694,27.625,526932411,0,100,0.0,10.0,200.0,186.0,7,0
81662400,9,52695,27.625,526942411,0,100,0.0,10.0,200.0,186.0,7,0
81662400,9,52696,27.625,526952411,0,100,0.0,10.0,200.0,186.0,7,0
81662400,9,52697,28.172000000005937,526962411,0,100,0.0,10.0,200.0,186.0,7,0
81662400,9,52698,28.172000000005937,526972411,0,100,0.0,10.0,200.0,186.0,7,0
81662400,9,52699,28.172000000005937,526982411,0,100,0.0,10.0,200.0,186.0,7,0
81662400,9,52700,28.172000000005937,526992411,0,100,0.0,10.0,200.0,186.0,7,0
81662400,9,52701,28.172000000005937,527002411,0,100,0.0,10.0,200.0,186.0,7,0
81662400,9,52702,28.172000000005937,527012411,0,100,0.0,10.0,200.0,186.0,7,0
81662400,9,52703,28.172000000005937,527022411,0,100,0.0,10.0,200.0,186.0,7,0
81662400,9,52704,28.172000000005937,527032411,0,100,0.0,10.0,200.0,186.0,7,0
81662400,9,52705,28.172000000005937,527042411,0,100,0.0,10.0,200.0,186.0,7,0
81662400,9,52706,28.172000000005937,527052411,0,100,0.0,10.0,200.0,186.0,7,0
81662400,9,52707,28.172000000005937,527062411,0,100,0.0,10.0,200.0,186.0,7,0
81662400,9,52708,28.172000000005937,527072411,0,100,0.0,10.0,200.0,186.0,7,0
81662400,9,52709,28.172000000005937,527082411,0,100,0.0,10.0,200.0,186.0,7,0
81662400,9,52710,28.172000000005937,527092411,0,100,0.0,10.0,200.0,186.0,7,0
81662400,9,52711,28.172000000005937,527102411,0,100,0.0,10.0,200.0,186.0,7,0
81662400,9,52712,28.172000000005937,527112411,0,100,0.0,10.0,200.0,186.0,7,0
81662400,9,52713,28.172000000005937,527122411,0,100,0.0,10.0,200.0,186.0,7,0
81662400,9,52714,28.172000000005937,527132411,0,100,0.0,10.0,200.0,186.0,7,0
81662400,9,52715,28.172000000005937,527142411,0,100,0.0,10.0,200.0,186.0,7,0
81662400,9,52716,28.172000000005937,527152411,0,100,0.0,10.0,200.0,186.0,7,0
81662400,9,52717,28.172000000005937,527162411,0,100,0.0,10.0,200.0,186.0,7,0
81662400,9,52718,28.172000000005937,527172411,0,100,0.0,10.0,200.0,186.0,7,0
81662400,9,52719,28.172000000005937,527182411,0,100,0.0,10.0,200.0,186.0,7,0
81662400,9,52720,28.172000000005937,527192411,0,100,0.0,10.0,200.0,186.0,7,0
81662400,9,52721,28.172000000005937,527202411,0,100,0.0,10.0,200.0,186.0,7,0
81662400,9,52722,28.172000000005937,527212411,0,100,0.0,10.0,200.0,186.0,7,0
81662400,9,52723,28.172000000005937,527222411,0,100,0.0,10.0,200.0,186.0,7,0
81662400,9,52724,28.172000000005937,527232411,0,100,0.0,10.0,200.0,186.0,7,0
81662400,9,52725,28.172000000005937,527242411,0,100,0.0,10.0,200.0,186.0,7,0
81662400,9,52726,28.172000000005937,527252411,0,100,0.0,10.0,200.0,186.0,7,0
81662400,9,52727,28.172000000005937,527262411,0,100,0.0,10.0,200.0,186.0,7,0
81662400,9,52728,28.172000000005937,527272411,0,100,0.0,10.0,200.0,186.0,7,0
81662400,9,52729,28.172000000005937,527282411,0,100,0.0,10.0,200.0,186.0,7,0
81662400,9,52730,28.172000000005937,527292412,0,100,0.0,10.0,200.0,186.0,7,0
81662400,9,52731,28.172000000005937,527302411,0,100,0.0,10.0,200.0,186.0,7,0
81662400,9,52732,28.172000000005937,527312411,0,100,0.0,10.0,200.0,186.0,7,0
81662400,9,52733,28.172000000005937,527322411,0,100,0.0,10.0,200.0,186.0,7,0
81662400,9,52734,28.172000000005937,527332411,0,100,0.0,10.0,200.0,186.0,7,0
81662400,9,52735,28.172000000005937,527342411,0,100,0.0,10.0,200.0,186.0,7,0
81662400,9,52736,28.172000000005937,527352411,0,100,0.0,10.0,200.0,186.0,7,0
81662400,9,52737,28.172000000005937,527362411,0,100,0.0,10.0,200.0,186.0,7,0
81662400,9,52738,28.172000000005937,527372411,0,100,0.0,10.0,200.0,186.0,7,0
81662400,9,52739,28.172000000005937,527382411,0,100,0.0,10.0,200.0,186.0,7,0
81662400,9,52740,28.172000000005937,527392411,0,100,0.0,10.0,200.0,186.0,7,0
81662400,9,52741,28.172000000005937,527402411,0,100,0.0,10.0,200.0,186.0,7,0
81662400,9,52742,28.172000000005937,527412411,0,100,0.0,10.0,200.0,186.0,7,0
81662400,9,52743,28.172000000005937,527422411,0,100,0.0,10.0,200.0,186.0,7,0
81662400,9,52744,28.172000000005937,527432411,0,100,0.0,10.0,200.0,186.0,7,0
81662400,9,52745,28.172000000005937,527442411,0,100,0.0,10.0,200.0,186.0,7,0
81662400,9,52746,28.172000000005937,527452411,0,100,0.0,10.0,200.0,186.0,7,0
81662400,9,52747,28.172000000005937,527462411,0,100,0.0,10.0,200.0,186.0,7,0
81662400,9,52748,28.172000000005937,527472411,0,100,0.0,10.0,200.0,186.0,7,0
81662400,9,52749,28.172000000005937,527482411,0,100,0.0,10.0,200.0,186.0,7,0
81662400,9,52750,28.172000000005937,527492411,0,100,0.0,10.0,200.0,186.0,7,0
81662400,9,52751,28.172000000005937,527502411,0,100,0.0,10.0,200.0,186.0,7,0
81662400,9,52752,28.172000000005937,527512411,0,100,0.0,10.0,200.0,186.0,7,0
81662400,9,52753,28.75,527522411,0,100,0.0,10.0,200.0,186.0,7,0
81662400,9,52754,28.75,527532411,0,100,0.0,10.0,200.0,186.0,7,0
81662400,9,52755,28.75,527542411,0,100,0.0,10.0,200.0,186.0,7,0
81662400,9,52756,28.75,527552411,0,100,0.0,10.0,200.0,186.0,7,0
81662400,9,52757,28.75,527562411,0,100,0.0,10.0,200.0,186.0,7,0
81662400,9,52758,28.75,527572411,0,100,0.0,10.0,200.0,186.0,7,0
81662400,9,52759,28.75,527582411,0,100,0.0,10.0,200.0,186.0,7,0
81662400,9,52760,28.75,527592411,0,100,0.0,10.0,200.0,186.0,7,0
81662400,9,52761,28.75,527602411,0,100,0.0,10.0,200.0,186.0,7,0
81662400,9,52762,28.75,527612411,0,100,0.0,10.0,200.0,186.0,7,0
81662400,9,52763,28.75,527622411,0,100,0.0,10.0,200.0,186.0,7,0
81662400,9,52764,28.75,527632411,0,100,0.0,10.0,200.0,186.0,7,0
81662400,9,52765,28.75,527642411,0,100,0.0,10.0,200.0,186.0,7,0
81662400,9,52766,28.75,527652411,0,100,0.0,10.0,200.0,186.0,7,0
81662400,9,52767,28.75,527662411,0,100,0.0,10.0,200.0,186.0,7,0
81662400,9,52768,28.75,527672411,0,100,0.0,10.0,200.0,186.0,7,0
81662400,9,52769,28.75,527682411,0,100,0.0,10.0,200.0,186.0,7,0
81662400,9,52770,28.75,527692411,0,100,0.0,10.0,200.0,186.0,7,0
81662400,9,52771,28.75,527702411,0,100,0.0,10.0,200.0,186.0,7,0
81662400,9,52772,28.75,527712411,0,100,0.0,10.0,200.0,186.0,7,0
81662400,9,52773,28.75,527722411,0,100,0.0,10.0,200.0,186.0,7,0
81662400,9,52774,28.75,527732411,0,100,0.0,10.0,200.0,186.0,7,0
81662400,9,52775,28.75,527742411,0,100,0.0,10.0,200.0,186.0,7,0
81662400,9,52776,28.75,527752411,0,100,0.0,10.0,200.0,186.0,7,0
81662400,9,52777,28.75,527762411,0,100,0.0,10.0,200.0,186.0,7,0
81662400,9,52778,28.75,527772411,0,100,0.0,10.0,200.0,186.0,7,0
81662400,9,52779,28.75,527782411,0,100,0.0,10.0,200.0,186.0,7,0
81662400,9,52780,28.75,527792411,0,100,0.0,10.0,200.0,186.0,7,0
81662400,9,52781,28.75,527802411,0,100,0.0,10.0,200.0,186.0,7,0
81662400,9,52782,28.75,527812411,0,100,0.0,10.0,200.0,186.0,7,0
81662400,9,52783,28.75,527822412,0,100,0.0,10.0,200.0,186.0,7,0
81662400,9,52784,28.75,527832411,0,100,0.0,10.0,200.0,186.0,7,0
81662400,9,52785,28.75,527842411,0,100,0.0,10.0,200.0,186.0,7,0
81662400,9,52786,28.75,527852411,0,100,0.0,10.0,200.0,186.0,7,0
81662400,9,52787,28.75,527862411,0,100,0.0,10.0,200.0,186.0,7,0
81662400,9,52788,28.75,527872411,0,100,0.0,10.0,200.0,186.0,7,0
81662400,9,52789,28.75,527882411,0,100,0.0,10.0,200.0,186.0,7,0
81662400,9,52790,28.75,527892411,0,100,0.0,10.0,200.0,186.0,7,0
81662400,9,52791,28.75,527902411,0,100,0.0,10.0,200.0,186.0,7,0
81662400,9,52792,28.75,527912411,0,100,0.0,10.0,200.0,186.0,7,0
81662400,9,52793,28.75,527922411,0,100,0.0,10.0,200.0,186.0,7,0
81662400,9,52794,28.75,527932411,0,100,0.0,10.0,200.0,186.0,7,0
81662400,9,52795,28.75,527942411,0,100,0.0,10.0,200.0,186.0,7,0
81662400,9,52796,28.75,527952411,0,100,0.0,10.0,200.0,186.0,7,0
81662400,9,52797,28.75,527962411,0,100,0.0,10.0,200.0,186.0,7,0
81662400,9,52798,28.75,527972411,0,100,0.0,10.0,200.0,186.0,7,0
81662400,9,52799,28.75,527982411,0,100,0.0,10.0,200.0,186.0,7,0
81662400,9,52800,28.75,527992411,0,100,0.0,10.0,200.0,186.0,7,0
81662400,9,52801,28.75,528002411,0,100,0.0,10.0,200.0,186.0,7,0
81662400,9,52802,28.75,528012411,0,100,0.0,10.0,200.0,186.0,7,0
81662400,9,52803,28.75,528022411,0,100,0.0,10.0,200.0,186.0,7,0
81662400,9,52804,28.75,528032411,0,100,0.0,10.0,200.0,186.0,7,0
81662400,9,52805,28.75,528042411,0,100,0.0,10.0,200.0,186.0,7,0
81662400,9,52806,28.75,528052412,0,100,0.0,10.0,200.0,186.0,7,0
81662400,9,52807,28.75,528062411,0,100,0.0,10.0,200.0,186.0,7,0
81662400,9,52808,28.75,528072411,0,100,0.0,10.0,200.0,186.0,7,0
81662400,9,52809,29.01600000000326,528082411,0,100,0.0,10.0,200.0,186.0,7,0
81662400,9,52810,29.01600000000326,528092411,0,100,0.0,10.0,200.0,186.0,7,0
81662400,9,52811,29.01600000000326,528102411,0,100,0.0,10.0,200.0,186.0,7,0
81662400,9,52812,29.01600000000326,528112411,0,100,0.0,10.0,200.0,186.0,7,0
81662400,9,52813,29.01600000000326,528122411,0,100,0.0,10.0,200.0,186.0,7,0
81662400,9,52814,29.01600000000326,528132411,0,100,0.0,10.0,200.0,186.0,7,0
81662400,9,52815,29.01600000000326,528142411,0,100,0.0,10.0,200.0,186.0,7,0
81662400,9,52816,29.01600000000326,528152411,0,100,0.0,10.0,200.0,186.0,7,0
81662400,9,52817,29.01600000000326,528162411,0,100,0.0,10.0,200.0,186.0,7,0
81662400,9,52818,29.01600000000326,528172411,0,100,0.0,10.0,200.0,186.0,7,0
81662400,9,52819,29.01600000000326,528182411,0,100,0.0,10.0,200.0,186.0,7,0
81662400,9,52820,29.01600000000326,528192411,0,100,0.0,10.0,200.0,186.0,7,0
81662400,9,52821,29.01600000000326,528202411,0,100,0.0,10.0,200.0,186.0,7,0
81662400,9,52822,29.01600000000326,528212411,0,100,0.0,10.0,200.0,186.0,7,0
81662400,9,52823,29.01600000000326,528222411,0,100,0.0,10.0,200.0,186.0,7,0
81662400,9,52824,29.01600000000326,528232411,0,100,0.0,10.0,200.0,186.0,7,0
81662400,9,52825,29.01600000000326,528242412,0,100,0.0,10.0,200.0,186.0,7,0
81662400,9,52826,29.01600000000326,528252411,0,100,0.0,10.0,200.0,186.0,7,0
81662400,9,52827,29.01600000000326,528262411,0,100,0.0,10.0,200.0,186.0,7,0
81662400,9,52828,29.01600000000326,528272411,0,100,0.0,10.0,200.0,186.0,7,0
81662400,9,52829,29.01600000000326,528282411,0,100,0.0,10.0,200.0,186.0,7,0
81662400,9,52830,29.01600000000326,528292411,0,100,0.0,10.0,200.0,186.0,7,0
81662400,9,52831,29.01600000000326,528302411,0,100,0.0,10.0,200.0,186.0,7,0
81662400,9,52832,29.01600000000326,528312411,0,100,0.0,10.0,200.0,186.0,7,0
81662400,9,52833,29.51600000000326,528322411,0,100,0.0,10.0,200.0,186.0,7,0
81662400,9,52834,29.51600000000326,528332411,0,100,0.0,10.0,200.0,186.0,7,0
81662400,9,52835,29.51600000000326,528342411,0,100,0.0,10.0,200.0,186.0,7,0
81662400,9,52836,29.51600000000326,528352411,0,100,0.0,10.0,200.0,186.0,7,0
81662400,9,52837,29.51600000000326,528362411,0,100,0.0,10.0,200.0,186.0,7,0
81662400,9,52838,29.51600000000326,528372411,0,100,0.0,10.0,200.0,186.0,7,0
81662400,9,52839,29.51600000000326,528382411,0,100,0.0,10.0,200.0,186.0,7,0
81662400,9,52840,29.51600000000326,528392411,0,100,0.0,10.0,200.0,186.0,7,0
81662400,9,52841,29.51600000000326,528402411,0,100,0.0,10.0,200.0,186.0,7,0
81662400,9,52842,29.51600000000326,528412411,0,100,0.0,10.0,200.0,186.0,7,0
81662400,9,52843,29.51600000000326,528422411,0,100,0.0,10.0,200.0,186.0,7,0
81662400,9,52844,29.51600000000326,528432411,0,100,0.0,10.0,200.0,186.0,7,0
81662400,9,52845,29.51600000000326,528442411,0,100,0.0,10.0,200.0,186.0,7,0
81662400,9,52846,29.51600000000326,528452411,0,100,0.0,10.0,200.0,186.0,7,0
81662400,9,52847,29.51600000000326,528462411,0,100,0.0,10.0,200.0,186.0,7,0
81662400,9,52848,29.51600000000326,528472411,0,100,0.0,10.0,200.0,186.0,7,0
81662400,9,52849,29.51600000000326,528482411,0,100,0.0,10.0,200.0,186.0,7,0
81662400,9,52850,29.51600000000326,528492411,0,100,0.0,10.0,200.0,186.0,7,0
81662400,9,52851,29.51600000000326,528502411,0,100,0.0,10.0,200.0,186.0,7,0
81662400,9,52852,29.51600000000326,528512411,0,100,0.0,10.0,200.0,186.0,7,0
81662400,9,52853,29.51600000000326,528522411,0,100,0.0,10.0,200.0,186.0,7,0
81662400,9,52854,29.51600000000326,528532411,0,100,0.0,10.0,200.0,186.0,7,0
81662400,9,52855,29.51600000000326,528542411,0,100,0.0,10.0,200.0,186.0,7,0
81662400,9,52856,29.51600000000326,528552411,0,100,0.0,10.0,200.0,186.0,7,0
81662400,9,52857,29.51600000000326,528562411,0,100,0.0,10.0,200.0,186.0,7,0
81662400,9,52858,29.51600000000326,528572411,0,100,0.0,10.0,200.0,186.0,7,0
81662400,9,52859,29.51600000000326,528582411,0,100,0.0,10.0,200.0,186.0,7,0
81662400,9,52860,29.51600000000326,528592411,0,100,0.0,10.0,200.0,186.0,7,0
81662400,9,52861,29.51600000000326,528602411,0,100,0.0,10.0,200.0,186.0,7,0
81662400,9,52862,29.51600000000326,528612411,0,100,0.0,10.0,200.0,186.0,7,0
81662400,9,52863,29.51600000000326,528622411,0,100,0.0,10.0,200.0,186.0,7,0
81662400,9,52864,29.51600000000326,528632411,0,100,0.0,10.0,200.0,186.0,7,0
81662400,9,52865,29.51600000000326,528642411,0,100,0.0,10.0,200.0,186.0,7,0
81662400,9,52866,29.51600000000326,528652411,0,100,0.0,10.0,200.0,186.0,7,0
81662400,9,52867,29.51600000000326,528662411,0,100,0.0,10.0,200.0,186.0,7,0
81662400,9,52868,29.51600000000326,528672411,0,100,0.0,10.0,200.0,186.0,7,0
81662400,9,52869,29.51600000000326,528682411,0,100,0.0,10.0,200.0,186.0,7,0
81662400,9,52870,29.51600000000326,528692411,0,100,0.0,10.0,200.0,186.0,7,0
81662400,9,52871,29.51600000000326,528702411,0,100,0.0,10.0,200.0,186.0,7,0
81662400,9,52872,29.51600000000326,528712411,0,100,0.0,10.0,200.0,186.0,7,0
81662400,9,52873,29.51600000000326,528722411,0,100,0.0,10.0,200.0,186.0,7,0
81662400,9,52874,29.51600000000326,528732411,0,100,0.0,10.0,200.0,186.0,7,0
81662400,9,52875,29.51600000000326,528742411,0,100,0.0,10.0,200.0,186.0,7,0
81662400,9,52876,29.51600000000326,528752411,0,100,0.0,10.0,200.0,186.0,7,0
81662400,9,52877,29.51600000000326,528762411,0,100,0.0,10.0,200.0,186.0,7,0
81662400,9,52878,29.51600000000326,528772412,0,100,0.0,10.0,200.0,186.0,7,0
81662400,9,52879,29.51600000000326,528782411,0,100,0.0,10.0,200.0,186.0,7,0
81662400,9,52880,29.51600000000326,528792411,0,100,0.0,10.0,200.0,186.0,7,0
81662400,9,52881,29.51600000000326,528802411,0,100,0.0,10.0,200.0,186.0,7,0
81662400,9,52882,29.51600000000326,528812411,0,100,0.0,10.0,200.0,186.0,7,0
81662400,9,52883,29.51600000000326,528822411,0,100,0.0,10.0,200.0,186.0,7,0
81662400,9,52884,29.51600000000326,528832411,0,100,0.0,10.0,200.0,186.0,7,0
81662400,9,52885,29.51600000000326,528842411,0,100,0.0,10.0,200.0,186.0,7,0
81662400,9,52886,29.51600000000326,528852411,0,100,0.0,10.0,200.0,186.0,7,0
81662400,9,52887,29.51600000000326,528862411,0,100,0.0,10.0,200.0,186.0,7,0
81662400,9,52888,29.51600000000326,528872411,0,100,0.0,10.0,200.0,186.0,7,0
81662400,9,52889,30.110000000000582,528882411,0,100,0.0,10.0,200.0,186.0,7,0
81662400,9,52890,30.110000000000582,528892411,0,100,0.0,10.0,200.0,186.0,7,0
81662400,9,52891,30.110000000000582,528902411,0,100,0.0,10.0,200.0,186.0,7,0
81662400,9,52892,30.110000000000582,528912411,0,100,0.0,10.0,200.0,186.0,7,0
81662400,9,52893,30.110000000000582,528922411,0,100,0.0,10.0,200.0,186.0,7,0
81662400,9,52894,30.110000000000582,528932411,0,100,0.0,10.0,200.0,186.0,7,0
81662400,9,52895,30.110000000000582,528942411,0,100,0.0,10.0,200.0,186.0,7,0
81662400,9,52896,30.110000000000582,528952411,0,100,0.0,10.0,200.0,186.0,7,0
81662400,9,52897,30.110000000000582,528962411,0,100,0.0,10.0,200.0,186.0,7,0
81662400,9,52898,30.110000000000582,528972411,0,100,0.0,10.0,200.0,186.0,7,0
81662400,9,52899,30.110000000000582,528982411,0,100,0.0,10.0,200.0,186.0,7,0
81662400,9,52900,30.110000000000582,528992411,0,100,0.0,10.0,200.0,186.0,7,0
81662400,9,52901,30.110000000000582,529002411,0,100,0.0,10.0,200.0,186.0,7,0
81662400,9,52902,30.110000000000582,529012411,0,100,0.0,10.0,200.0,186.0,7,0
81662400,9,52903,30.110000000000582,529022411,0,100,0.0,10.0,200.0,186.0,7,0
81662400,9,52904,30.110000000000582,529032411,0,100,0.0,10.0,200.0,186.0,7,0
81662400,9,52905,30.110000000000582,529042411,0,100,0.0,10.0,200.0,186.0,7,0
81662400,9,52906,30.110000000000582,529052411,0,100,0.0,10.0,200.0,186.0,7,0
81662400,9,52907,30.110000000000582,529062411,0,100,0.0,10.0,200.0,186.0,7,0
81662400,9,52908,30.110000000000582,529072411,0,100,0.0,10.0,200.0,186.0,7,0
81662400,9,52909,30.110000000000582,529082411,0,100,0.0,10.0,200.0,186.0,7,0
81662400,9,52910,30.110000000000582,529092411,0,100,0.0,10.0,200.0,186.0,7,0
81662400,9,52911,30.110000000000582,529102411,0,100,0.0,10.0,200.0,186.0,7,0
81662400,9,52912,30.110000000000582,529112411,0,100,0.0,10.0,200.0,186.0,7,0
81662400,9,52913,30.110000000000582,529122411,0,100,0.0,10.0,200.0,186.0,7,0
81662400,9,52914,30.110000000000582,529132411,0,100,0.0,10.0,200.0,186.0,7,0
81662400,9,52915,30.110000000000582,529142411,0,100,0.0,10.0,200.0,186.0,7,0
81662400,9,52916,30.110000000000582,529152411,0,100,0.0,10.0,200.0,186.0,7,0
81662400,9,52917,30.110000000000582,529162411,0,100,0.0,10.0,200.0,186.0,7,0
81662400,9,52918,30.110000000000582,529172411,0,100,0.0,10.0,200.0,186.0,7,0
81662400,9,52919,30.110000000000582,529182411,0,100,0.0,10.0,200.0,186.0,7,0
81662400,9,52920,30.110000000000582,529192411,0,100,0.0,10.0,200.0,186.0,7,0
81662400,9,52921,30.110000000000582,529202411,0,100,0.0,10.0,200.0,186.0,7,0
81662400,9,52922,30.110000000000582,529212411,0,100,0.0,10.0,200.0,186.0,7,0
81662400,9,52923,30.110000000000582,529222411,0,100,0.0,10.0,200.0,186.0,7,0
81662400,9,52924,30.110000000000582,529232411,0,100,0.0,10.0,200.0,186.0,7,0
81662400,9,52925,30.110000000000582,529242411,0,100,0.0,10.0,200.0,186.0,7,0
81662400,9,52926,30.110000000000582,529252411,0,100,0.0,10.0,200.0,186.0,7,0
81662400,9,52927,30.110000000000582,529262411,0,100,0.0,10.0,200.0,186.0,7,0
81662400,9,52928,30.110000000000582,529272411,0,100,0.0,10.0,200.0,186.0,7,0
81662400,9,52929,30.110000000000582,529282411,0,100,0.0,10.0,200.0,186.0,7,0
81662400,9,52930,30.110000000000582,529292411,0,100,0.0,10.0,200.0,186.0,7,0
81662400,9,52931,30.110000000000582,529302411,0,100,0.0,10.0,200.0,186.0,7,0
81662400,9,52932,30.110000000000582,529312411,0,100,0.0,10.0,200.0,186.0,7,0
81662400,9,52933,30.110000000000582,529322411,0,100,0.0,10.0,200.0,186.0,7,0
81662400,9,52934,30.110000000000582,529332411,0,100,0.0,10.0,200.0,186.0,7,0
81662400,9,52935,30.110000000000582,529342411,0,100,0.0,10.0,200.0,186.0,7,0
81662400,9,52936,30.110000000000582,529352411,0,100,0.0,10.0,200.0,186.0,7,0
81662400,9,52937,30.110000000000582,529362411,0,100,0.0,10.0,200.0,186.0,7,0
81662400,9,52938,30.110000000000582,529372411,0,100,0.0,10.0,200.0,186.0,7,0
81662400,9,52939,30.110000000000582,529382411,0,100,0.0,10.0,200.0,186.0,7,0
81662400,9,52940,30.110000000000582,529392411,0,100,0.0,10.0,200.0,186.0,7,0
81662400,9,52941,30.110000000000582,529402411,0,100,0.0,10.0,200.0,186.0,7,0
81662400,9,52942,30.110000000000582,529412411,0,100,0.0,10.0,200.0,186.0,7,0
81662400,9,52943,30.110000000000582,529422411,0,100,0.0,10.0,200.0,186.0,7,0
81662400,9,52944,30.110000000000582,529432411,0,100,0.0,10.0,200.0,186.0,7,0
81662400,9,52945,30.687999999994645,529442411,0,100,0.0,10.0,200.0,186.0,7,0
81662400,9,52946,30.687999999994645,529452411,0,100,0.0,10.0,200.0,186.0,7,0
81662400,9,52947,30.687999999994645,529462411,0,100,0.0,10.0,200.0,186.0,7,0
81662400,9,52948,30.687999999994645,529472411,0,100,0.0,10.0,200.0,186.0,7,0
81662400,9,52949,30.687999999994645,529482411,0,100,0.0,10.0,200.0,186.0,7,0
81662400,9,52950,30.687999999994645,529492411,0,100,0.0,10.0,200.0,186.0,7,0
81662400,9,52951,30.687999999994645,529502411,0,100,0.0,10.0,200.0,186.0,7,0
81662400,9,52952,30.687999999994645,529512411,0,100,0.0,10.0,200.0,186.0,7,0
81662400,9,52953,30.687999999994645,529522411,0,100,0.0,10.0,200.0,186.0,7,0
81662400,9,52954,30.687999999994645,529532411,0,100,0.0,10.0,200.0,186.0,7,0
81662400,9,52955,30.687999999994645,529542411,0,100,0.0,10.0,200.0,186.0,7,0
81662400,9,52956,30.687999999994645,529552411,0,100,0.0,10.0,200.0,186.0,7,0
81662400,9,52957,30.687999999994645,529562411,0,100,0.0,10.0,200.0,186.0,7,0
81662400,9,52958,30.687999999994645,529572411,0,100,0.0,10.0,200.0,186.0,7,0
81662400,9,52959,30.687999999994645,529582411,0,100,0.0,10.0,200.0,186.0,7,0
81662400,9,52960,30.687999999994645,529592411,0,100,0.0,10.0,200.0,186.0,7,0
81662400,9,52961,30.687999999994645,529602411,0,100,0.0,10.0,200.0,186.0,7,0
81662400,9,52962,30.687999999994645,529612411,0,100,0.0,10.0,200.0,186.0,7,0
81662400,9,52963,30.687999999994645,529622411,0,100,0.0,10.0,200.0,186.0,7,0
81662400,9,52964,30.687999999994645,529632411,0,100,0.0,10.0,200.0,186.0,7,0
81662400,9,52965,30.687999999994645,529642411,0,100,0.0,10.0,200.0,186.0,7,0
81662400,9,52966,30.687999999994645,529652411,0,100,0.0,10.0,200.0,186.0,7,0
81662400,9,52967,30.687999999994645,529662411,0,100,0.0,10.0,200.0,186.0,7,0
81662400,9,52968,30.687999999994645,529672411,0,100,0.0,10.0,200.0,186.0,7,0
81662400,9,52969,30.687999999994645,529682411,0,100,0.0,10.0,200.0,186.0,7,0
81662400,9,52970,30.687999999994645,529692411,0,100,0.0,10.0,200.0,186.0,7,0
81662400,9,52971,30.687999999994645,529702411,0,100,0.0,10.0,200.0,186.0,7,0
81662400,9,52972,30.687999999994645,529712411,0,100,0.0,10.0,200.0,186.0,7,0
81662400,9,52973,30.687999999994645,529722411,0,100,0.0,10.0,200.0,186.0,7,0
81662400,9,52974,30.687999999994645,529732411,0,100,0.0,10.0,200.0,186.0,7,0
81662400,9,52975,30.687999999994645,529742411,0,100,0.0,10.0,200.0,186.0,7,0
81662400,9,52976,30.687999999994645,529752411,0,100,0.0,10.0,200.0,186.0,7,0
81662400,9,52977,30.687999999994645,529762411,0,100,0.0,10.0,200.0,186.0,7,0
81662400,9,52978,30.687999999994645,529772411,0,100,0.0,10.0,200.0,186.0,7,0
81662400,9,52979,30.687999999994645,529782411,0,100,0.0,10.0,200.0,186.0,7,0
81662400,9,52980,30.687999999994645,529792411,0,100,0.0,10.0,200.0,186.0,7,0
81662400,9,52981,30.687999999994645,529802411,0,100,0.0,10.0,200.0,186.0,7,0
81662400,9,52982,30.687999999994645,529812411,0,100,0.0,10.0,200.0,186.0,7,0
81662400,9,52983,30.687999999994645,529822411,0,100,0.0,10.0,200.0,186.0,7,0
81662400,9,52984,30.687999999994645,529832411,0,100,0.0,10.0,200.0,186.0,7,0
81662400,9,52985,30.687999999994645,529842411,0,100,0.0,10.0,200.0,186.0,7,0
81662400,9,52986,30.687999999994645,529852411,0,100,0.0,10.0,200.0,186.0,7,0
81662400,9,52987,30.687999999994645,529862411,0,100,0.0,10.0,200.0,186.0,7,0
81662400,9,52988,30.687999999994645,529872411,0,100,0.0,10.0,200.0,186.0,7,0
81662400,9,52989,30.687999999994645,529882411,0,100,0.0,10.0,200.0,186.0,7,0
81662400,9,52990,30.687999999994645,529892411,0,100,0.0,10.0,200.0,186.0,7,0
81662400,9,52991,30.687999999994645,529902411,0,100,0.0,10.0,200.0,186.0,7,0
81662400,9,52992,30.687999999994645,529912411,0,100,0.0,10.0,200.0,186.0,7,0
81662400,9,52993,30.687999999994645,529922411,0,100,0.0,10.0,200.0,186.0,7,0
81662400,9,52994,30.687999999994645,529932411,0,100,0.0,10.0,200.0,186.0,7,0
81662400,9,52995,30.687999999994645,529942411,0,100,0.0,10.0,200.0,186.0,7,0
81662400,9,52996,30.687999999994645,529952411,0,100,0.0,10.0,200.0,186.0,7,0
81662400,9,52997,30.687999999994645,529962411,0,100,0.0,10.0,200.0,186.0,7,0
81662400,9,52998,30.687999999994645,529972411,0,100,0.0,10.0,200.0,186.0,7,0
81662400,9,52999,30.687999999994645,529982411,0,100,0.0,10.0,200.0,186.0,7,0
81662400,9,53000,30.687999999994645,529992411,0,100,0.0,10.0,200.0,186.0,7,0
81662400,9,53001,31.26600000000326,530002411,0,100,0.0,10.0,200.0,186.0,7,0
81662400,9,53002,31.26600000000326,530012411,0,100,0.0,10.0,200.0,186.0,7,0
81662400,9,53003,31.26600000000326,530022411,0,100,0.0,10.0,200.0,186.0,7,0
81662400,9,53004,31.26600000000326,530032411,0,100,0.0,10.0,200.0,186.0,7,0
81662400,9,53005,31.26600000000326,530042411,0,100,0.0,10.0,200.0,186.0,7,0
81662400,9,53006,31.26600000000326,530052411,0,100,0.0,10.0,200.0,186.0,7,0
81662400,9,53007,31.26600000000326,530062411,0,100,0.0,10.0,200.0,186.0,7,0
81662400,9,53008,31.26600000000326,530072411,0,100,0.0,10.0,200.0,186.0,7,0
81662400,9,53009,31.26600000000326,530082411,0,100,0.0,10.0,200.0,186.0,7,0
81662400,9,53010,31.26600000000326,530092411,0,100,0.0,10.0,200.0,186.0,7,0
81662400,9,53011,31.26600000000326,530102411,0,100,0.0,10.0,200.0,186.0,7,0
81662400,9,53012,31.26600000000326,530112411,0,100,0.0,10.0,200.0,186.0,7,0
81662400,9,53013,31.26600000000326,530122411,0,100,0.0,10.0,200.0,186.0,7,0
81662400,9,53014,31.26600000000326,530132411,0,100,0.0,10.0,200.0,186.0,7,0
81662400,9,53015,31.26600000000326,530142411,0,100,0.0,10.0,200.0,186.0,7,0
81662400,9,53016,31.26600000000326,530152411,0,100,0.0,10.0,200.0,186.0,7,0
81662400,9,53017,31.26600000000326,530162411,0,100,0.0,10.0,200.0,186.0,7,0
81662400,9,53018,31.26600000000326,530172411,0,100,0.0,10.0,200.0,186.0,7,0
81662400,9,53019,31.26600000000326,530182411,0,100,0.0,10.0,200.0,186.0,7,0
81662400,9,53020,31.26600000000326,530192411,0,100,0.0,10.0,200.0,186.0,7,0
81662400,9,53021,31.26600000000326,530202411,0,100,0.0,10.0,200.0,186.0,7,0
81662400,9,53022,31.26600000000326,530212411,0,100,0.0,10.0,200.0,186.0,7,0
81662400,9,53023,31.26600000000326,530222411,0,100,0.0,10.0,200.0,186.0,7,0
81662400,9,53024,31.26600000000326,530232411,0,100,0.0,10.0,200.0,186.0,7,0
81662400,9,53025,31.26600000000326,530242411,0,100,0.0,10.0,200.0,186.0,7,0
81662400,9,53026,31.26600000000326,530252411,0,100,0.0,10.0,200.0,186.0,7,0
81662400,9,53027,31.26600000000326,530262411,0,100,0.0,10.0,200.0,186.0,7,0
81662400,9,53028,31.26600000000326,530272411,0,100,0.0,10.0,200.0,186.0,7,0
81662400,9,53029,31.26600000000326,530282411,0,100,0.0,10.0,200.0,186.0,7,0
81662400,9,53030,31.26600000000326,530292411,0,100,0.0,10.0,200.0,186.0,7,0
81662400,9,53031,31.26600000000326,530302411,0,100,0.0,10.0,200.0,186.0,7,0
81662400,9,53032,31.26600000000326,530312411,0,100,0.0,10.0,200.0,186.0,7,0
81662400,9,53033,31.26600000000326,530322411,0,100,0.0,10.0,200.0,186.0,7,0
81662400,9,53034,31.26600000000326,530332411,0,100,0.0,10.0,200.0,186.0,7,0
81662400,9,53035,31.26600000000326,530342411,0,100,0.0,10.0,200.0,186.0,7,0
81662400,9,53036,31.26600000000326,530352411,0,100,0.0,10.0,200.0,186.0,7,0
81662400,9,53037,31.26600000000326,530362411,0,100,0.0,10.0,200.0,186.0,7,0
81662400,9,53038,31.26600000000326,530372411,0,100,0.0,10.0,200.0,186.0,7,0
81662400,9,53039,31.26600000000326,530382411,0,100,0.0,10.0,200.0,186.0,7,0
81662400,9,53040,31.26600000000326,530392411,0,100,0.0,10.0,200.0,186.0,7,0
81662400,9,53041,31.26600000000326,530402411,0,100,0.0,10.0,200.0,186.0,7,0
81662400,9,53042,31.26600000000326,530412411,0,100,0.0,10.0,200.0,186.0,7,0
81662400,9,53043,31.26600000000326,530422411,0,100,0.0,10.0,200.0,186.0,7,0
81662400,9,53044,31.26600000000326,530432411,0,100,0.0,10.0,200.0,186.0,7,0
81662400,9,53045,31.26600000000326,530442411,0,100,0.0,10.0,200.0,186.0,7,0
81662400,9,53046,31.26600000000326,530452411,0,100,0.0,10.0,200.0,186.0,7,0
81662400,9,53047,31.26600000000326,530462411,0,100,0.0,10.0,200.0,186.0,7,0
81662400,9,53048,31.26600000000326,530472411,0,100,0.0,10.0,200.0,186.0,7,0
81662400,9,53049,31.26600000000326,530482411,0,100,0.0,10.0,200.0,186.0,7,0
81662400,9,53050,31.26600000000326,530492411,0,100,0.0,10.0,200.0,186.0,7,0
81662400,9,53051,31.26600000000326,530502411,0,100,0.0,10.0,200.0,186.0,7,0
81662400,9,53052,31.26600000000326,530512411,0,100,0.0,10.0,200.0,186.0,7,0
81662400,9,53053,31.26600000000326,530522411,0,100,0.0,10.0,200.0,186.0,7,0
81662400,9,53054,31.26600000000326,530532411,0,100,0.0,10.0,200.0,186.0,7,0
81662400,9,53055,31.26600000000326,530542411,0,100,0.0,10.0,200.0,186.0,7,0
81662400,9,53056,31.26600000000326,530552411,0,100,0.0,10.0,200.0,186.0,7,0
81662400,9,53057,31.812999999994645,530562411,0,100,0.0,10.0,200.0,186.0,7,0
81662400,9,53058,31.812999999994645,530572411,0,100,0.0,10.0,200.0,186.0,7,0
81662400,9,53059,31.812999999994645,530582411,0,100,0.0,10.0,200.0,186.0,7,0
81662400,9,53060,31.812999999994645,530592411,0,100,0.0,10.0,200.0,186.0,7,0
81662400,9,53061,31.812999999994645,530602411,0,100,0.0,10.0,200.0,186.0,7,0
81662400,9,53062,31.812999999994645,530612411,0,100,0.0,10.0,200.0,186.0,7,0
81662400,9,53063,31.812999999994645,530622411,0,100,0.0,10.0,200.0,186.0,7,0
81662400,9,53064,31.812999999994645,530632411,0,100,0.0,10.0,200.0,186.0,7,0
81662400,9,53065,31.812999999994645,530642411,0,100,0.0,10.0,200.0,186.0,7,0
81662400,9,53066,31.812999999994645,530652411,0,100,0.0,10.0,200.0,186.0,7,0
81662400,9,53067,31.812999999994645,530662411,0,100,0.0,10.0,200.0,186.0,7,0
81662400,9,53068,31.812999999994645,530672411,0,100,0.0,10.0,200.0,186.0,7,0
81662400,9,53069,31.812999999994645,530682411,0,100,0.0,10.0,200.0,186.0,7,0
81662400,9,53070,31.812999999994645,530692411,0,100,0.0,10.0,200.0,186.0,7,0
81662400,9,53071,31.812999999994645,530702411,0,100,0.0,10.0,200.0,186.0,7,0
81662400,9,53072,31.812999999994645,530712411,0,100,0.0,10.0,200.0,186.0,7,0
81662400,9,53073,31.812999999994645,530722411,0,100,0.0,10.0,200.0,186.0,7,0
81662400,9,53074,31.812999999994645,530732411,0,100,0.0,10.0,200.0,186.0,7,0
81662400,9,53075,31.812999999994645,530742411,0,100,0.0,10.0,200.0,186.0,7,0
81662400,9,53076,31.812999999994645,530752411,0,100,0.0,10.0,200.0,186.0,7,0
81662400,9,53077,31.812999999994645,530762411,0,100,0.0,10.0,200.0,186.0,7,0
81662400,9,53078,31.812999999994645,530772411,0,100,0.0,10.0,200.0,186.0,7,0
81662400,9,53079,31.812999999994645,530782411,0,100,0.0,10.0,200.0,186.0,7,0
81662400,9,53080,31.812999999994645,530792411,0,100,0.0,10.0,200.0,186.0,7,0
81662400,9,53081,31.812999999994645,530802411,0,100,0.0,10.0,200.0,186.0,7,0
81662400,9,53082,31.812999999994645,530812411,0,100,0.0,10.0,200.0,186.0,7,0
81662400,9,53083,31.812999999994645,530822411,0,100,0.0,10.0,200.0,186.0,7,0
81662400,9,53084,31.812999999994645,530832411,0,100,0.0,10.0,200.0,186.0,7,0
81662400,9,53085,31.812999999994645,530842411,0,100,0.0,10.0,200.0,186.0,7,0
81662400,9,53086,31.812999999994645,530852411,0,100,0.0,10.0,200.0,186.0,7,0
81662400,9,53087,31.812999999994645,530862411,0,100,0.0,10.0,200.0,186.0,7,0
81662400,9,53088,31.812999999994645,530872411,0,100,0.0,10.0,200.0,186.0,7,0
81662400,9,53089,31.812999999994645,530882411,0,100,0.0,10.0,200.0,186.0,7,0
81662400,9,53090,31.812999999994645,530892411,0,100,0.0,10.0,200.0,186.0,7,0
81662400,9,53091,31.812999999994645,530902411,0,100,0.0,10.0,200.0,186.0,7,0
81662400,9,53092,31.812999999994645,530912411,0,100,0.0,10.0,200.0,186.0,7,0
81662400,9,53093,31.812999999994645,530922411,0,100,0.0,10.0,200.0,186.0,7,0
81662400,9,53094,31.812999999994645,530932411,0,100,0.0,10.0,200.0,186.0,7,0
81662400,9,53095,31.812999999994645,530942411,0,100,0.0,10.0,200.0,186.0,7,0
81662400,9,53096,31.812999999994645,530952411,0,100,0.0,10.0,200.0,186.0,7,0
81662400,9,53097,31.812999999994645,530962411,0,100,0.0,10.0,200.0,186.0,7,0
81662400,9,53098,31.812999999994645,530972411,0,100,0.0,10.0,200.0,186.0,7,0
81662400,9,53099,31.812999999994645,530982411,0,100,0.0,10.0,200.0,186.0,7,0
81662400,9,53100,31.812999999994645,530992411,0,100,0.0,10.0,200.0,186.0,7,0
81662400,9,53101,31.812999999994645,531002411,0,100,0.0,10.0,200.0,186.0,7,0
81662400,9,53102,31.812999999994645,531012411,0,100,0.0,10.0,200.0,186.0,7,0
81662400,9,53103,31.812999999994645,531022411,0,100,0.0,10.0,200.0,186.0,7,0
81662400,9,53104,31.812999999994645,531032411,0,100,0.0,10.0,200.0,186.0,7,0
81662400,9,53105,31.812999999994645,531042411,0,100,0.0,10.0,200.0,186.0,7,0
81662400,9,53106,31.812999999994645,531052411,0,100,0.0,10.0,200.0,186.0,7,0
81662400,9,53107,31.812999999994645,531062411,0,100,0.0,10.0,200.0,186.0,7,0
81662400,9,53108,31.812999999994645,531072411,0,100,0.0,10.0,200.0,186.0,7,0
81662400,9,53109,31.812999999994645,531082411,0,100,0.0,10.0,200.0,186.0,7,0
81662400,9,53110,31.812999999994645,531092411,0,100,0.0,10.0,200.0,186.0,7,0
81662400,9,53111,31.812999999994645,531102411,0,100,0.0,10.0,200.0,186.0,7,0
81662400,9,53112,31.812999999994645,531112411,0,100,0.0,10.0,200.0,186.0,7,0
