session,param_revision,sample_seq,host_t,sample_us,encoder_raw,motor_pwm,speed_float,target_float,motor_integral,motor_prelimit,motor_flags,encoder_signed
3607169665,4,28923,1.0,289222414,27,52,9.890909194946289,10.0,102.21839141845703,52.54756164550781,7,27
3607169665,4,28924,1.0,289232414,27,53,9.818181991577148,10.0,102.40020751953125,53.2575569152832,7,27
3607169665,4,28925,1.0,289242414,27,54,9.745454788208008,10.0,102.65475463867188,54.00428771972656,7,27
3607169665,4,28926,1.0,289252414,27,53,9.818181991577148,10.0,102.8365707397461,53.47792053222656,7,27
3607169665,4,28927,1.0,289262414,29,52,9.96363639831543,10.0,102.87293243408203,52.259918212890625,7,29
3607169665,4,28928,1.0,289272414,28,51,10.03636360168457,10.0,102.8365707397461,51.62337875366211,7,28
3607169665,4,28929,1.0,289282414,28,50,10.109090805053711,10.0,102.72747802734375,50.950103759765625,7,28
3607169665,4,28930,1.0,289292414,27,50,10.109090805053711,10.0,102.6183853149414,50.89501190185547,7,27
3607169665,4,28931,1.0,289302414,27,50,10.109090805053711,10.0,102.50929260253906,50.83992004394531,7,27
3607169665,4,28932,1.0,289312414,28,51,10.03636360168457,10.0,102.47293090820312,51.43973922729492,7,28
3607169665,4,28933,1.0,289322414,27,52,9.96363639831543,10.0,102.50929260253906,52.0762825012207,7,27
3607169665,4,28934,1.0,289332414,27,52,9.890909194946289,10.0,102.6183853149414,52.74955749511719,7,27
3607169665,4,28935,1.0,289342414,28,52,9.96363639831543,10.0,102.65474700927734,52.14973831176758,7,28
3607169665,4,28936,1.0,289352414,28,51,10.03636360168457,10.0,102.6183853149414,51.5131950378418,7,28
3607169665,4,28937,1.0,289362414,26,52,9.890909194946289,10.0,102.72747802734375,52.804649353027344,7,26
3607169665,4,28938,1.0,289372414,28,52,9.96363639831543,10.0,102.76383972167969,52.20482635498047,7,28
3607169665,4,28939,1.0,289382414,27,52,9.96363639831543,10.0,102.80020141601562,52.22319030761719,7,27
3607169665,4,28940,1.0,289392414,27,52,9.890909194946289,10.0,102.90929412841797,52.89646530151367,7,27
3607169665,4,28941,1.0,289402414,28,52,9.890909194946289,10.0,103.01838684082031,52.95155715942383,7,28
3607169665,4,28942,1.0,289412414,27,52,9.96363639831543,10.0,103.05474853515625,52.35173797607422,7,27
3607169665,4,28943,1.0,289422414,28,52,9.96363639831543,10.0,103.09111022949219,52.37009811401367,7,28
3607169665,4,28944,1.0,289432414,28,51,10.03636360168457,10.0,103.05474853515625,51.733558654785156,7,28
3607169665,4,28945,1.0,289442414,27,51,10.03636360168457,10.0,103.01838684082031,51.71519470214844,7,27
3607169665,4,28946,1.0,289452414,28,51,10.03636360168457,10.0,102.98202514648438,51.69683074951172,7,28
3607169665,4,28947,1.0,289462414,27,51,10.03636360168457,10.0,102.94566345214844,51.678470611572266,7,27
3607169665,4,28948,1.0,289472414,27,52,9.96363639831543,10.0,102.98202514648438,52.31501007080078,7,27
3607169665,4,28949,1.0,289482414,27,52,9.890909194946289,10.0,103.09111785888672,52.988285064697266,7,27
3607169665,4,28950,1.0,289492414,27,53,9.890909194946289,10.0,103.20021057128906,53.04337692260742,7,27
3607169665,4,28951,1.0,289502414,28,53,9.890909194946289,10.0,103.3093032836914,53.09846878051758,7,28
3607169665,4,28952,1.0,289512414,27,53,9.890909194946289,10.0,103.41839599609375,53.153560638427734,7,27
3607169665,4,28953,1.0,289522414,26,53,9.818181991577148,10.0,103.60021209716797,53.86355972290039,7,26
3607169665,4,28954,1.0,289532414,27,53,9.818181991577148,10.0,103.78202819824219,53.95537567138672,7,27
3607169665,4,28955,1.0,289542414,25,55,9.672727584838867,10.0,104.10929870605469,55.35700988769531,7,25
3607169665,4,28956,1.0,289552414,27,56,9.600000381469727,10.0,104.5093002319336,56.17719268798828,7,27
3607169665,4,28957,1.0,289562414,28,55,9.672727584838867,10.0,104.8365707397461,55.724281311035156,7,28
3607169665,4,28958,1.0,289572414,28,54,9.818181991577148,10.0,105.01838684082031,54.57973861694336,7,28
3607169665,4,28959,1.0,289582414,28,54,9.890909194946289,10.0,105.12747955322266,54.01665115356445,7,28
3607169665,4,28960,1.0,289592414,28,52,10.109090805053711,10.0,105.01838684082031,52.10701370239258,7,28
3607169665,4,28961,1.0,289602414,27,52,10.109090805053711,10.0,104.90929412841797,52.05192184448242,7,27
3607169665,4,28962,1.0,289612414,27,52,10.03636360168457,10.0,104.87293243408203,52.65174102783203,7,27
3607169665,4,28963,1.0,289622414,27,53,9.96363639831543,10.0,104.90929412841797,53.28828430175781,7,27
3607169665,4,28964,1.0,289632414,27,53,9.890909194946289,10.0,105.01838684082031,53.9615592956543,7,27
3607169665,4,28965,1.0,289642414,27,54,9.818181991577148,10.0,105.20020294189453,54.67155456542969,7,27
3607169665,4,28966,1.0,289652414,26,55,9.745454788208008,10.0,105.45475006103516,55.41828536987305,7,26
3607169665,4,28967,1.0,289662414,27,55,9.745454788208008,10.0,105.70929718017578,55.54682922363281,7,27
3607169665,4,28968,1.0,289672414,28,55,9.818181991577148,10.0,105.89111328125,55.02046203613281,7,28
3607169665,4,28969,1.0,289682414,27,55,9.818181991577148,10.0,106.07292938232422,55.112281799316406,7,27
3607169665,4,28970,1.0,289692414,27,55,9.818181991577148,10.0,106.25474548339844,55.204097747802734,7,27
3607169665,4,28971,1.1560000000008586,289702414,27,54,9.890909194946289,10.0,106.36383819580078,54.64101028442383,7,27
3607169665,4,28972,1.1560000000008586,289712414,27,54,9.890909194946289,10.0,106.47293090820312,54.696102142333984,7,27
3607169665,4,28973,1.1560000000008586,289722414,28,54,9.890909194946289,10.0,106.58202362060547,54.75119400024414,7,28
3607169665,4,28974,1.1560000000008586,289732414,28,54,9.96363639831543,10.0,106.6183853149414,54.15137481689453,7,28
3607169665,4,28975,1.1560000000008586,289742414,28,53,10.03636360168457,10.0,106.58202362060547,53.51483154296875,7,28
3607169665,4,28976,1.1560000000008586,289752414,27,53,10.03636360168457,10.0,106.54566192626953,53.49646759033203,7,27
3607169665,4,28977,1.1560000000008586,289762414,26,54,9.96363639831543,10.0,106.58202362060547,54.13301086425781,7,26
3607169665,4,28978,1.1560000000008586,289772414,27,54,9.890909194946289,10.0,106.69111633300781,54.8062858581543,7,27
3607169665,4,28979,1.625,289782414,28,54,9.890909194946289,10.0,106.80020904541016,54.86137771606445,7,28
3607169665,4,28980,1.625,289792414,27,55,9.818181991577148,10.0,106.98202514648438,55.571372985839844,7,27
3607169665,4,28981,1.625,289802414,27,55,9.818181991577148,10.0,107.1638412475586,55.66319274902344,7,27
3607169665,4,28982,1.625,289812414,28,54,9.96363639831543,10.0,107.20020294189453,54.4451904296875,7,28
3607169665,4,28983,1.625,289822414,27,54,9.96363639831543,10.0,107.23656463623047,54.46355438232422,7,27
3607169665,4,28984,1.625,289832414,27,55,9.890909194946289,10.0,107.34565734863281,55.1368293762207,7,27
3607169665,4,28985,1.625,289842414,28,54,9.96363639831543,10.0,107.38201904296875,54.537010192871094,7,28
3607169665,4,28986,1.625,289852414,27,54,9.96363639831543,10.0,107.41838073730469,54.55537033081055,7,27
3607169665,4,28987,1.625,289862414,28,54,9.96363639831543,10.0,107.45474243164062,54.573734283447266,7,28
3607169665,4,28988,1.625,289872414,28,53,10.03636360168457,10.0,107.41838073730469,53.937191009521484,7,28
3607169665,4,28989,1.625,289882414,29,52,10.181818008422852,10.0,107.23656463623047,52.609012603759766,7,29
3607169665,4,28990,1.625,289892414,28,52,10.181818008422852,10.0,107.05474853515625,52.51719665527344,7,28
3607169665,5,28991,1.625,289902414,28,51,10.254545211791992,10.0,106.80020141601562,51.77046585083008,7,28
3607169665,5,28992,1.625,289912414,28,51,10.254545211791992,10.0,106.545654296875,51.64191818237305,7,28
3607169665,5,28993,1.625,289922414,28,51,10.254545211791992,10.0,106.29110717773438,51.51337432861328,7,28
3607169665,5,28994,1.625,289932414,28,52,10.181818008422852,10.0,106.10929107666016,52.039737701416016,7,28
3607169665,5,28995,1.625,289942414,26,53,10.03636360168457,10.0,106.07292938232422,53.25774002075195,7,26
3607169665,5,28996,1.625,289952414,26,54,9.890909194946289,10.0,106.18202209472656,54.5491943359375,7,26
3607169665,5,28997,1.625,289962414,26,55,9.745454788208008,10.0,106.43656921386719,55.914100646972656,7,26
3607169665,5,28998,1.625,289972414,26,57,9.600000381469727,10.0,106.8365707397461,57.35246658325195,7,26
3607169665,5,28999,1.625,289982414,27,58,9.527273178100586,10.0,107.30929565429688,58.20936965942383,7,27
3607169665,5,29000,1.625,289992414,28,57,9.672727584838867,10.0,107.63656616210938,57.13827896118164,7,28
3607169665,5,29001,1.625,290002414,29,55,9.890909194946289,10.0,107.74565887451172,55.338829040527344,7,29
3607169665,5,29002,1.625,290012414,28,54,10.03636360168457,10.0,107.70929718017578,54.0841064453125,7,28
3607169665,5,29003,1.625,290022414,30,51,10.327272415161133,10.0,107.38202667236328,51.446109771728516,7,30
3607169665,5,29004,1.625,290032414,30,49,10.545454978942871,10.0,106.8365707397461,49.31610107421875,7,30
3607169665,5,29005,1.625,290042414,30,47,10.690909385681152,10.0,106.14566040039062,47.73082733154297,7,30
3607169665,5,29006,1.625,290052414,30,46,10.763636589050293,10.0,105.38202667236328,46.727012634277344,7,30
3607169665,5,29007,1.625,290062414,30,45,10.909090995788574,10.0,104.47293853759766,45.03156280517578,7,30
3607169665,5,29008,1.625,290072414,30,44,10.909090995788574,10.0,103.56385040283203,44.572471618652344,7,30
3607169665,5,29009,1.625,290082414,30,44,10.909090995788574,10.0,102.6547622680664,44.11338424682617,7,30
3607169665,5,29010,1.625,290092414,29,44,10.836363792419434,10.0,101.81839752197266,44.30919647216797,7,29
3607169665,5,29011,1.625,290102414,29,44,10.763636589050293,10.0,101.05476379394531,44.541744232177734,7,29
3607169665,5,29012,1.625,290112414,28,45,10.618182182312012,10.0,100.43658447265625,45.46592712402344,7,28
3607169665,5,29013,1.625,290122414,29,45,10.545454978942871,10.0,99.89112854003906,45.808650970458984,7,29
3607169665,5,29014,1.625,290132414,29,46,10.472726821899414,10.0,99.41840362548828,46.18811798095703,7,29
3607169665,5,29015,1.625,290142414,28,46,10.399999618530273,10.0,99.01840209960938,46.60429382324219,7,28
3607169665,5,29016,1.625,290152414,29,46,10.399999618530273,10.0,98.61840057373047,46.40229415893555,7,29
3607169665,5,29017,1.625,290162414,29,45,10.472726821899414,10.0,98.14567565917969,45.545387268066406,7,29
3607169665,5,29018,1.625,290172414,28,45,10.399999618530273,10.0,97.74567413330078,45.96156692504883,7,28
3607169665,5,29019,1.625,290182414,30,45,10.472726821899414,10.0,97.27294921875,45.10466003417969,7,30
3607169665,5,29020,1.625,290192414,28,44,10.472726821899414,10.0,96.80022430419922,44.865936279296875,7,28
3607169665,5,29021,1.625,290202414,30,43,10.545454978942871,10.0,96.25476837158203,43.9722900390625,7,30
3607169665,5,29022,1.625,290212414,28,44,10.472726821899414,10.0,95.78204345703125,44.35175323486328,7,28
3607169665,5,29023,1.625,290222414,28,44,10.472726821899414,10.0,95.30931854248047,44.11302947998047,7,28
3607169665,5,29024,1.625,290232414,29,44,10.399999618530273,10.0,94.90931701660156,44.529205322265625,7,29
3607169665,5,29025,1.625,290242414,29,43,10.472726821899414,10.0,94.43659210205078,43.67230224609375,7,29
3607169665,5,29026,1.625,290252414,28,44,10.327272415161133,10.0,94.10932159423828,44.74339294433594,7,28
3607169665,5,29027,1.625,290262414,28,44,10.327272415161133,10.0,93.78205108642578,44.578121185302734,7,28
3607169665,5,29028,1.625,290272414,28,44,10.327272415161133,10.0,93.45478057861328,44.41284942626953,7,28
3607169665,5,29029,1.625,290282414,28,44,10.254545211791992,10.0,93.20023345947266,44.90248107910156,7,28
3607169665,5,29030,1.625,290292414,28,45,10.181818008422852,10.0,93.01841735839844,45.42884826660156,7,28
3607169665,5,29031,2.0780000000013388,290302414,28,45,10.181818008422852,10.0,92.83660125732422,45.337032318115234,7,28
3607169665,5,29032,2.0780000000013388,290312414,28,45,10.181818008422852,10.0,92.65478515625,45.24521255493164,7,28
3607169665,5,29033,2.0780000000013388,290322414,28,45,10.181818008422852,10.0,92.47296905517578,45.15339660644531,7,28
3607169665,5,29034,2.0780000000013388,290332414,27,45,10.109090805053711,10.0,92.36387634277344,45.71648406982422,7,27
3607169665,5,29035,2.0780000000013388,290342414,28,45,10.109090805053711,10.0,92.2547836303711,45.66139221191406,7,28
3607169665,5,29036,2.0780000000013388,290352414,28,45,10.109090805053711,10.0,92.14569091796875,45.606300354003906,7,28
3607169665,5,29037,2.0780000000013388,290362414,29,44,10.181818008422852,10.0,91.96387481689453,44.896305084228516,7,29
3607169665,5,29038,2.0780000000013388,290372414,28,44,10.181818008422852,10.0,91.78205871582031,44.80448532104492,7,28
3607169665,5,29039,2.0780000000013388,290382414,28,44,10.254545211791992,10.0,91.52751159667969,44.05775833129883,7,28
3607169665,5,29040,2.0780000000013388,290392414,28,43,10.254545211791992,10.0,91.27296447753906,43.9292106628418,7,28
3607169665,5,29041,2.0780000000013388,290402414,28,43,10.254545211791992,10.0,91.01841735839844,43.80066680908203,7,28
3607169665,5,29042,2.0780000000013388,290412414,28,44,10.181818008422852,10.0,90.83660125732422,44.327030181884766,7,28
3607169665,5,29043,2.0780000000013388,290422414,27,44,10.109090805053711,10.0,90.72750854492188,44.89011764526367,7,27
3607169665,5,29044,2.0780000000013388,290432414,28,44,10.109090805053711,10.0,90.61841583251953,44.835025787353516,7,28
3607169665,5,29045,2.0780000000013388,290442414,27,45,10.03636360168457,10.0,90.5820541381836,45.43484878540039,7,27
3607169665,5,29046,2.0780000000013388,290452414,28,45,10.03636360168457,10.0,90.54569244384766,45.41648483276367,7,28
3607169665,5,29047,2.0780000000013388,290462414,28,45,10.03636360168457,10.0,90.50933074951172,45.39812088012695,7,28
3607169665,5,29048,2.0780000000013388,290472414,28,44,10.109090805053711,10.0,90.40023803710938,44.72484588623047,7,28
3607169665,5,29049,2.0780000000013388,290482414,28,44,10.109090805053711,10.0,90.29114532470703,44.66975402832031,7,28
3607169665,5,29050,2.0780000000013388,290492414,28,43,10.181818008422852,10.0,90.10932922363281,43.95975875854492,7,28
3607169665,5,29051,2.0780000000013388,290502414,28,43,10.181818008422852,10.0,89.9275131225586,43.867942810058594,7,28
3607169665,5,29052,2.0780000000013388,290512414,28,43,10.181818008422852,10.0,89.74569702148438,43.776123046875,7,28
3607169665,5,29053,2.0780000000013388,290522414,28,43,10.181818008422852,10.0,89.56388092041016,43.68430709838867,7,28
3607169665,5,29054,2.0780000000013388,290532414,28,43,10.181818008422852,10.0,89.38206481933594,43.592491149902344,7,28
3607169665,5,29055,2.0780000000013388,290542414,28,43,10.181818008422852,10.0,89.20024871826172,43.50067138671875,7,28
3607169665,5,29056,2.0780000000013388,290552414,28,43,10.181818008422852,10.0,89.0184326171875,43.40885543823242,7,28
3607169665,5,29057,2.0780000000013388,290562414,27,43,10.109090805053711,10.0,88.90933990478516,43.97194290161133,7,27
3607169665,5,29058,2.0780000000013388,290572414,27,44,10.03636360168457,10.0,88.87297821044922,44.57176208496094,7,27
3607169665,5,29059,2.0780000000013388,290582414,28,44,10.03636360168457,10.0,88.83661651611328,44.553401947021484,7,28
3607169665,5,29060,2.0780000000013388,290592414,28,44,10.03636360168457,10.0,88.80025482177734,44.535037994384766,7,28
3607169665,5,29061,2.0780000000013388,290602414,27,45,9.96363639831543,10.0,88.83661651611328,45.17158126831055,7,27
3607169665,5,29062,2.0780000000013388,290612414,27,45,9.96363639831543,10.0,88.87297821044922,45.18994140625,7,27
3607169665,5,29063,2.0780000000013388,290622414,28,44,10.03636360168457,10.0,88.83661651611328,44.553401947021484,7,28
3607169665,5,29064,2.0780000000013388,290632414,28,44,10.03636360168457,10.0,88.80025482177734,44.535037994384766,7,28
3607169665,5,29065,2.0780000000013388,290642415,27,45,9.96363639831543,10.0,88.83661651611328,45.17158126831055,7,27
3607169665,5,29066,2.0780000000013388,290652414,27,45,9.96363639831543,10.0,88.87297821044922,45.18994140625,7,27
3607169665,5,29067,2.0780000000013388,290662414,27,45,9.96363639831543,10.0,88.90933990478516,45.20830535888672,7,27
3607169665,5,29068,2.0780000000013388,290672414,28,45,9.96363639831543,10.0,88.9457015991211,45.22666931152344,7,28
3607169665,5,29069,2.0780000000013388,290682414,27,45,9.890909194946289,10.0,89.05479431152344,45.89994430541992,7,27
3607169665,5,29070,2.0780000000013388,290692414,27,45,9.890909194946289,10.0,89.16388702392578,45.95503616333008,7,27
3607169665,5,29071,2.5780000000013388,290702414,27,46,9.890909194946289,10.0,89.27297973632812,46.010128021240234,7,27
3607169665,5,29072,2.5780000000013388,290712414,27,46,9.890909194946289,10.0,89.38207244873047,46.06521987915039,7,27
3607169665,5,29073,2.5780000000013388,290722414,28,46,9.890909194946289,10.0,89.49116516113281,46.12031173706055,7,28
3607169665,5,29074,2.5780000000013388,290732414,28,45,9.96363639831543,10.0,89.52752685546875,45.52048873901367,7,28
3607169665,5,29075,2.5780000000013388,290742414,28,44,10.03636360168457,10.0,89.49116516113281,44.883949279785156,7,28
3607169665,5,29076,2.5780000000013388,290752414,29,43,10.181818008422852,10.0,89.3093490600586,43.55576705932617,7,29
3607169665,5,29077,2.5780000000013388,290762414,28,42,10.254545211791992,10.0,89.05480194091797,42.80904006958008,7,28
3607169665,5,29078,2.5780000000013388,290772414,27,43,10.181818008422852,10.0,88.87298583984375,43.33540344238281,7,27
3607169665,5,29079,2.5780000000013388,290782414,28,43,10.181818008422852,10.0,88.69116973876953,43.243587493896484,7,28
3607169665,5,29080,2.5780000000013388,290792414,27,43,10.109090805053711,10.0,88.58207702636719,43.80667495727539,7,27
3607169665,5,29081,2.5780000000013388,290802414,28,44,10.03636360168457,10.0,88.54571533203125,44.406497955322266,7,28
3607169665,5,29082,2.5780000000013388,290812414,27,45,9.96363639831543,10.0,88.58207702636719,45.04303741455078,7,27
3607169665,5,29083,2.5780000000013388,290822414,27,45,9.96363639831543,10.0,88.61843872070312,45.0614013671875,7,27
3607169665,5,29084,2.5780000000013388,290832414,28,45,9.96363639831543,10.0,88.65480041503906,45.07976531982422,7,28
3607169665,5,29085,2.5780000000013388,290842414,27,45,9.96363639831543,10.0,88.691162109375,45.09812545776367,7,27
3607169665,5,29086,2.5780000000013388,290852414,28,45,9.96363639831543,10.0,88.72752380371094,45.11648941040039,7,28
3607169665,5,29087,2.5780000000013388,290862414,28,44,10.03636360168457,10.0,88.691162109375,44.47994613647461,7,28
3607169665,5,29088,2.5780000000013388,290872414,28,43,10.109090805053711,10.0,88.58206939697266,43.806671142578125,7,28
3607169665,5,29089,2.5780000000013388,290882414,28,43,10.109090805053711,10.0,88.47297668457031,43.75157928466797,7,28
3607169665,5,29090,2.5780000000013388,290892414,27,43,10.109090805053711,10.0,88.36388397216797,43.69648742675781,7,27
3607169665,5,29091,2.5780000000013388,290902414,28,43,10.109090805053711,10.0,88.25479125976562,43.641395568847656,7,28
3607169665,5,29092,2.5780000000013388,290912414,28,43,10.109090805053711,10.0,88.14569854736328,43.5863037109375,7,28
3607169665,5,29093,2.5780000000013388,290922414,28,43,10.109090805053711,10.0,88.03660583496094,43.531211853027344,7,28
3607169665,5,29094,2.5780000000013388,290932414,27,44,10.03636360168457,10.0,88.000244140625,44.13103485107422,7,27
3607169665,5,29095,2.5780000000013388,290942414,27,44,10.03636360168457,10.0,87.96388244628906,44.1126708984375,7,27
3607169665,5,29096,2.5780000000013388,290952414,28,44,10.03636360168457,10.0,87.92752075195312,44.09430694580078,7,28
3607169665,5,29097,2.5780000000013388,290962414,28,44,10.03636360168457,10.0,87.89115905761719,44.07594680786133,7,28
3607169665,5,29098,2.5780000000013388,290972414,27,44,9.96363639831543,10.0,87.92752075195312,44.712486267089844,7,27
3607169665,5,29099,2.5780000000013388,290982414,28,44,10.03636360168457,10.0,87.89115905761719,44.07594680786133,7,28
3607169665,5,29100,2.5780000000013388,290992414,27,44,10.03636360168457,10.0,87.85479736328125,44.05758285522461,7,27
3607169665,5,29101,2.5780000000013388,291002414,28,44,10.03636360168457,10.0,87.81843566894531,44.03921890258789,7,28
3607169665,5,29102,2.5780000000013388,291012414,28,44,10.03636360168457,10.0,87.78207397460938,44.02085876464844,7,28
3607169665,5,29103,2.5780000000013388,291022414,27,44,10.03636360168457,10.0,87.74571228027344,44.00249481201172,7,27
3607169665,5,29104,2.5780000000013388,291032414,27,44,9.96363639831543,10.0,87.78207397460938,44.6390380859375,7,27
3607169665,5,29105,2.5780000000013388,291042414,27,44,9.96363639831543,10.0,87.81843566894531,44.65739822387695,7,27
3607169665,5,29106,2.5780000000013388,291052414,27,45,9.890909194946289,10.0,87.92752838134766,45.33067321777344,7,27
3607169665,5,29107,2.5780000000013388,291062414,28,45,9.890909194946289,10.0,88.03662109375,45.385765075683594,7,28
3607169665,5,29108,2.5780000000013388,291072414,28,44,9.96363639831543,10.0,88.07298278808594,44.785945892333984,7,28
3607169665,5,29109,2.5780000000013388,291082414,28,44,10.03636360168457,10.0,88.03662109375,44.1494026184082,7,28
3607169665,5,29110,2.5780000000013388,291092414,28,43,10.109090805053711,10.0,87.92752838134766,43.47612762451172,7,28
3607169665,5,29111,2.5780000000013388,291102414,28,42,10.181818008422852,10.0,87.74571228027344,42.76613235473633,7,28
3607169665,5,29112,2.5780000000013388,291112414,27,43,10.109090805053711,10.0,87.6366195678711,43.329219818115234,7,27
3607169665,5,29113,2.5780000000013388,291122414,27,43,10.03636360168457,10.0,87.60025787353516,43.929039001464844,7,27
3607169665,5,29114,2.5780000000013388,291132414,27,44,9.96363639831543,10.0,87.6366195678711,44.565582275390625,7,27
3607169665,5,29115,2.5780000000013388,291142414,27,45,9.890909194946289,10.0,87.74571228027344,45.23885726928711,7,27
3607169665,5,29116,2.5780000000013388,291152414,27,45,9.818181991577148,10.0,87.92752838134766,45.9488525390625,7,27
3607169665,5,29117,2.5780000000013388,291162414,28,45,9.890909194946289,10.0,88.03662109375,45.385765075683594,7,28
3607169665,5,29118,2.5780000000013388,291172414,27,45,9.890909194946289,10.0,88.14571380615234,45.44085693359375,7,27
3607169665,5,29119,2.5780000000013388,291182414,27,45,9.890909194946289,10.0,88.25480651855469,45.495948791503906,7,27
3607169665,5,29120,2.5780000000013388,291192414,28,44,9.96363639831543,10.0,88.29116821289062,44.8961296081543,7,28
3607169665,5,29121,2.5780000000013388,291202414,28,44,10.03636360168457,10.0,88.25480651855469,44.259586334228516,7,28
3607169665,5,29122,2.5780000000013388,291212414,27,44,9.96363639831543,10.0,88.29116821289062,44.8961296081543,7,27
3607169665,5,29123,2.5780000000013388,291222414,28,44,10.03636360168457,10.0,88.25480651855469,44.259586334228516,7,28
3607169665,5,29124,2.5780000000013388,291232414,28,43,10.109090805053711,10.0,88.14571380615234,43.58631134033203,7,28
3607169665,5,29125,2.5780000000013388,291242414,28,43,10.109090805053711,10.0,88.03662109375,43.531219482421875,7,28
3607169665,5,29126,2.5780000000013388,291252414,28,43,10.109090805053711,10.0,87.92752838134766,43.47612762451172,7,28
3607169665,5,29127,2.8430000000007567,291262414,28,42,10.181818008422852,10.0,87.74571228027344,42.76613235473633,7,28
3607169665,5,29128,2.8430000000007567,291272414,28,42,10.181818008422852,10.0,87.56389617919922,42.67431640625,7,28
3607169665,5,29129,2.8430000000007567,291282414,27,43,10.109090805053711,10.0,87.45480346679688,43.237403869628906,7,27
3607169665,5,29130,2.8430000000007567,291292414,27,43,10.03636360168457,10.0,87.41844177246094,43.837223052978516,7,27
3607169665,5,29131,2.8430000000007567,291302414,28,43,10.03636360168457,10.0,87.382080078125,43.8188591003418,7,28
3607169665,5,29132,2.8430000000007567,291312414,27,44,9.96363639831543,10.0,87.41844177246094,44.45540237426758,7,27
3607169665,5,29133,2.8430000000007567,291322414,27,45,9.890909194946289,10.0,87.52753448486328,45.12867736816406,7,27
3607169665,5,29134,2.8430000000007567,291332414,28,44,9.96363639831543,10.0,87.56389617919922,44.52885818481445,7,28
3607169665,5,29135,2.8430000000007567,291342414,28,43,10.03636360168457,10.0,87.52753448486328,43.89231491088867,7,28
3607169665,5,29136,2.8430000000007567,291352414,27,44,9.96363639831543,10.0,87.56389617919922,44.52885818481445,7,27
3607169665,5,29137,2.8430000000007567,291362414,27,44,9.96363639831543,10.0,87.60025787353516,44.547218322753906,7,27
3607169665,5,29138,2.8430000000007567,291372414,27,44,9.96363639831543,10.0,87.6366195678711,44.565582275390625,7,27
3607169665,5,29139,2.8430000000007567,291382414,27,45,9.890909194946289,10.0,87.74571228027344,45.23885726928711,7,27
3607169665,5,29140,2.8430000000007567,291392414,28,45,9.890909194946289,10.0,87.85480499267578,45.293949127197266,7,28
3607169665,5,29141,2.8430000000007567,291402414,26,46,9.818181991577148,10.0,88.03662109375,46.003944396972656,7,26
3607169665,5,29142,2.8430000000007567,291412414,28,45,9.890909194946289,10.0,88.14571380615234,45.44085693359375,7,28
3607169665,5,29143,2.8430000000007567,291422414,27,45,9.890909194946289,10.0,88.25480651855469,45.495948791503906,7,27
3607169665,5,29144,2.8430000000007567,291432414,27,45,9.890909194946289,10.0,88.36389923095703,45.55104064941406,7,27
3607169665,5,29145,2.8430000000007567,291442414,26,46,9.745454788208008,10.0,88.61844635009766,46.915950775146484,7,26
3607169665,5,29146,2.8430000000007567,291452414,26,47,9.745454788208008,10.0,88.87299346923828,47.04449462890625,7,26
3607169665,5,29147,2.8430000000007567,291462414,24,49,9.454545021057129,10.0,89.41844940185547,49.79268264770508,7,24
3607169665,5,29148,2.8430000000007567,291472414,24,52,9.236363410949707,10.0,90.18208312988281,52.032859802246094,7,24
3607169665,5,29149,2.8430000000007567,291482414,24,54,9.018181800842285,10.0,91.16390228271484,54.38322448730469,7,24
3607169665,5,29150,2.8430000000007567,291492414,22,57,8.727272987365723,10.0,92.43663024902344,57.49867630004883,7,22
3607169665,5,29151,3.390000000001237,291502414,22,60,8.436363220214844,10.0,94.0002670288086,60.76104736328125,7,22
3607169665,5,29152,3.390000000001237,291512414,20,64,8.145454406738281,10.0,95.85481262207031,64.17031860351562,7,20
3607169665,5,29153,3.390000000001237,291522414,20,67,7.854545593261719,10.0,98.0002670288086,67.72650146484375,7,20
3607169665,5,29154,3.390000000001237,291532414,20,71,7.563636302947998,10.0,100.43663024902344,71.4295883178711,7,20
3607169665,5,29155,3.390000000001237,291542414,20,73,7.418181896209717,10.0,103.01844787597656,73.96977233886719,7,20
3607169665,5,29156,3.390000000001237,291552414,18,77,7.127272605895996,10.0,105.89117431640625,77.89322662353516,7,18
3607169665,5,29157,3.390000000001237,291562414,18,80,6.981818675994873,10.0,108.90935516357422,80.65376281738281,7,18
3607169665,5,29158,3.390000000001237,291572414,18,83,6.836363315582275,10.0,112.07299041748047,83.4877700805664,7,18
3607169665,5,29159,3.390000000001237,291582414,17,87,6.618182182312012,10.0,115.4548110961914,87.05013275146484,7,17
3607169665,5,29160,3.390000000001237,291592414,17,90,6.400000095367432,10.0,119.0548095703125,90.72267150878906,7,17
3607169665,5,29161,3.390000000001237,291602414,16,93,6.25454568862915,10.0,122.80026245117188,93.85049438476562,7,16
3607169665,5,29162,3.390000000001237,291612414,15,97,6.03636360168457,10.0,126.76390075683594,97.70668029785156,7,15
3607169665,5,29163,3.390000000001237,291622414,15,100,5.818181991577148,10.0,130.9457244873047,101.67304992675781,7,15
3607169665,5,29164,3.390000000001237,291632414,14,100,5.599999904632568,10.0,135.34571838378906,105.74958801269531,7,14
3607169665,5,29165,3.390000000001237,291642414,14,100,5.3818182945251465,10.0,139.96389770507812,109.93630981445312,7,14
3607169665,5,29166,3.390000000001237,291652414,13,100,5.163636207580566,10.0,144.80026245117188,114.23322296142578,7,13
3607169665,5,29167,3.390000000001237,291662414,13,100,5.018181800842285,10.0,149.78207397460938,117.98539733886719,7,13
3607169665,5,29168,3.390000000001237,291672414,12,100,4.800000190734863,10.0,154.98207092285156,122.4659423828125,7,12
3607169665,5,29169,3.390000000001237,291682414,11,100,4.581818103790283,10.0,160.40025329589844,127.05667114257812,7,11
3607169665,5,29170,3.390000000001237,291692414,10,100,4.290909290313721,10.0,166.10934448242188,132.41249084472656,7,10
3607169665,5,29171,3.390000000001237,291702414,11,100,4.145454406738281,10.0,171.96389770507812,136.60540771484375,7,11
3607169665,5,29172,3.390000000001237,291712414,10,100,3.9272727966308594,10.0,178.03662109375,141.52667236328125,7,10
3607169665,5,29173,3.390000000001237,291722414,10,100,3.781818151473999,10.0,184.2548065185547,145.90322875976562,7,10
3607169665,5,29174,3.390000000001237,291732414,8,100,3.563636302947998,10.0,190.69117736816406,151.0081329345703,7,8
3607169665,5,29175,3.390000000001237,291742414,9,100,3.4909093379974365,10.0,197.2002716064453,154.9134063720703,7,9
3607169665,5,29176,3.390000000001237,291752414,9,100,3.345454454421997,10.0,200.0,157.5636444091797,7,9
3607169665,5,29177,3.390000000001237,291762414,8,100,3.200000047683716,10.0,200.0,158.8000030517578,7,8
3607169665,5,29178,3.390000000001237,291772414,7,100,2.981818199157715,10.0,200.0,160.654541015625,7,7
3607169665,5,29179,3.390000000001237,291782414,7,100,2.909090995788574,10.0,200.0,161.27273559570312,7,7
3607169665,5,29180,3.390000000001237,291792414,6,100,2.6909091472625732,10.0,200.0,163.1272735595703,7,6
3607169665,5,29181,3.390000000001237,291802414,6,100,2.4727272987365723,10.0,200.0,164.9818115234375,7,6
3607169665,5,29182,3.390000000001237,291812414,6,100,2.327272653579712,10.0,200.0,166.2181854248047,7,6
3607169665,5,29183,3.390000000001237,291822414,6,100,2.2545454502105713,10.0,200.0,166.83636474609375,7,6
3607169665,5,29184,3.390000000001237,291832414,4,100,2.0363636016845703,10.0,200.0,168.69091796875,7,4
3607169665,5,29185,3.390000000001237,291842414,4,100,1.8909090757369995,10.0,200.0,169.92727661132812,7,4
3607169665,5,29186,3.390000000001237,291852414,4,100,1.7454546689987183,10.0,200.0,171.16363525390625,7,4
3607169665,5,29187,3.390000000001237,291862418,4,100,1.600000023841858,10.0,200.0,172.39999389648438,7,4
3607169665,5,29188,3.390000000001237,291872414,3,100,1.381818175315857,10.0,200.0,174.25454711914062,7,3
3607169665,5,29189,3.390000000001237,291882414,3,100,1.3090908527374268,10.0,200.0,174.8727264404297,7,3
3607169665,5,29190,3.390000000001237,291892414,2,100,1.163636326789856,10.0,200.0,176.10910034179688,7,2
3607169665,5,29191,3.390000000001237,291902414,0,100,0.8727273344993591,10.0,200.0,178.58181762695312,7,0
3607169665,5,29192,3.390000000001237,291912414,2,100,0.7272727489471436,10.0,200.0,179.81817626953125,7,2
3607169665,5,29193,3.390000000001237,291922414,1,100,0.581818163394928,10.0,200.0,181.05453491210938,7,1
3607169665,5,29194,3.390000000001237,291932414,1,100,0.43636366724967957,10.0,200.0,182.29090881347656,7,1
3607169665,5,29195,3.390000000001237,291942414,0,100,0.290909081697464,10.0,200.0,183.52728271484375,7,0
3607169665,5,29196,3.390000000001237,291952414,0,100,0.290909081697464,10.0,200.0,183.52728271484375,7,0
3607169665,5,29197,3.390000000001237,291962414,0,100,0.145454540848732,10.0,200.0,184.76364135742188,7,0
3607169665,5,29198,3.390000000001237,291972414,0,100,0.072727270424366,10.0,200.0,185.38182067871094,7,0
3607169665,5,29199,3.390000000001237,291982409,0,100,0.0,10.0,200.0,186.0,7,0
3607169665,5,29200,3.390000000001237,291992409,0,100,0.0,10.0,200.0,186.0,7,0
3607169665,5,29201,3.390000000001237,292002409,0,100,0.0,10.0,200.0,186.0,7,0
3607169665,5,29202,3.390000000001237,292012409,0,100,0.0,10.0,200.0,186.0,7,0
3607169665,5,29203,3.390000000001237,292022409,0,100,0.0,10.0,200.0,186.0,7,0
3607169665,5,29204,3.390000000001237,292032409,0,100,0.0,10.0,200.0,186.0,7,0
3607169665,5,29205,3.390000000001237,292042409,0,100,0.0,10.0,200.0,186.0,7,0
3607169665,5,29206,3.390000000001237,292052409,0,100,0.0,10.0,200.0,186.0,7,0
3607169665,5,29207,4.0,292062409,0,100,0.0,10.0,200.0,186.0,7,0
3607169665,5,29208,4.0,292072409,0,100,0.0,10.0,200.0,186.0,7,0
3607169665,5,29209,4.0,292082409,0,100,0.0,10.0,200.0,186.0,7,0
3607169665,5,29210,4.0,292092409,0,100,0.0,10.0,200.0,186.0,7,0
3607169665,5,29211,4.0,292102409,0,100,0.0,10.0,200.0,186.0,7,0
3607169665,5,29212,4.0,292112409,0,100,0.0,10.0,200.0,186.0,7,0
3607169665,5,29213,4.0,292122409,0,100,0.0,10.0,200.0,186.0,7,0
3607169665,5,29214,4.0,292132409,0,100,0.0,10.0,200.0,186.0,7,0
3607169665,5,29215,4.0,292142409,0,100,0.0,10.0,200.0,186.0,7,0
3607169665,5,29216,4.0,292152409,0,100,0.0,10.0,200.0,186.0,7,0
3607169665,5,29217,4.0,292162409,0,100,0.0,10.0,200.0,186.0,7,0
3607169665,5,29218,4.0,292172409,0,100,0.0,10.0,200.0,186.0,7,0
3607169665,5,29219,4.0,292182409,0,100,0.0,10.0,200.0,186.0,7,0
3607169665,5,29220,4.0,292192409,0,100,0.0,10.0,200.0,186.0,7,0
3607169665,5,29221,4.0,292202409,0,100,0.0,10.0,200.0,186.0,7,0
3607169665,5,29222,4.0,292212409,0,100,0.0,10.0,200.0,186.0,7,0
3607169665,5,29223,4.0,292222409,0,100,0.0,10.0,200.0,186.0,7,0
3607169665,5,29224,4.0,292232409,0,100,0.0,10.0,200.0,186.0,7,0
3607169665,5,29225,4.0,292242409,0,100,0.0,10.0,200.0,186.0,7,0
3607169665,5,29226,4.0,292252409,0,100,0.0,10.0,200.0,186.0,7,0
3607169665,5,29227,4.0,292262409,0,100,0.0,10.0,200.0,186.0,7,0
3607169665,5,29228,4.0,292272409,0,100,0.0,10.0,200.0,186.0,7,0
3607169665,5,29229,4.0,292282409,0,100,0.0,10.0,200.0,186.0,7,0
3607169665,5,29230,4.0,292292409,0,100,0.0,10.0,200.0,186.0,7,0
3607169665,5,29231,4.0,292302409,0,100,0.0,10.0,200.0,186.0,7,0
3607169665,5,29232,4.0,292312409,0,100,0.0,10.0,200.0,186.0,7,0
3607169665,5,29233,4.0,292322409,0,100,0.0,10.0,200.0,186.0,7,0
3607169665,5,29234,4.0,292332409,0,100,0.0,10.0,200.0,186.0,7,0
3607169665,5,29235,4.0,292342409,0,100,0.0,10.0,200.0,186.0,7,0
3607169665,5,29236,4.0,292352409,0,100,0.0,10.0,200.0,186.0,7,0
3607169665,5,29237,4.0,292362409,0,100,0.0,10.0,200.0,186.0,7,0
3607169665,5,29238,4.0,292372409,0,100,0.0,10.0,200.0,186.0,7,0
3607169665,5,29239,4.0,292382409,0,100,0.0,10.0,200.0,186.0,7,0
3607169665,5,29240,4.0,292392409,0,100,0.0,10.0,200.0,186.0,7,0
3607169665,5,29241,4.0,292402409,0,100,0.0,10.0,200.0,186.0,7,0
3607169665,5,29242,4.0,292412409,0,100,0.0,10.0,200.0,186.0,7,0
3607169665,5,29243,4.0,292422409,0,100,0.0,10.0,200.0,186.0,7,0
3607169665,5,29244,4.0,292432409,0,100,0.0,10.0,200.0,186.0,7,0
3607169665,5,29245,4.0,292442409,0,100,0.0,10.0,200.0,186.0,7,0
3607169665,5,29246,4.0,292452409,0,100,0.0,10.0,200.0,186.0,7,0
3607169665,5,29247,4.0,292462409,0,100,0.0,10.0,200.0,186.0,7,0
3607169665,5,29248,4.0,292472409,0,100,0.0,10.0,200.0,186.0,7,0
3607169665,5,29249,4.0,292482409,0,100,0.0,10.0,200.0,186.0,7,0
3607169665,5,29250,4.0,292492409,0,100,0.0,10.0,200.0,186.0,7,0
3607169665,5,29251,4.0,292502409,0,100,0.0,10.0,200.0,186.0,7,0
3607169665,5,29252,4.0,292512409,0,100,0.0,10.0,200.0,186.0,7,0
3607169665,5,29253,4.0,292522409,0,100,0.0,10.0,200.0,186.0,7,0
3607169665,5,29254,4.0,292532409,0,100,0.0,10.0,200.0,186.0,7,0
3607169665,5,29255,4.0,292542409,0,100,0.0,10.0,200.0,186.0,7,0
3607169665,5,29256,4.0,292552409,0,100,0.0,10.0,200.0,186.0,7,0
3607169665,5,29257,4.0,292562409,0,100,0.0,10.0,200.0,186.0,7,0
3607169665,5,29258,4.0,292572409,0,100,0.0,10.0,200.0,186.0,7,0
3607169665,5,29259,4.0,292582409,0,100,0.0,10.0,200.0,186.0,7,0
3607169665,5,29260,4.0,292592409,0,100,0.0,10.0,200.0,186.0,7,0
3607169665,5,29261,4.0,292602409,0,100,0.0,10.0,200.0,186.0,7,0
3607169665,5,29262,4.0,292612409,0,100,0.0,10.0,200.0,186.0,7,0
3607169665,5,29263,4.0,292622409,0,100,0.0,10.0,200.0,186.0,7,0
3607169665,5,29264,4.0,292632409,0,100,0.0,10.0,200.0,186.0,7,0
3607169665,5,29265,4.0,292642409,0,100,0.0,10.0,200.0,186.0,7,0
3607169665,5,29266,4.0,292652409,0,100,0.0,10.0,200.0,186.0,7,0
3607169665,5,29267,4.0,292662409,0,100,0.0,10.0,200.0,186.0,7,0
3607169665,5,29268,4.0,292672409,0,100,0.0,10.0,200.0,186.0,7,0
3607169665,5,29269,4.0,292682409,0,100,0.0,10.0,200.0,186.0,7,0
3607169665,5,29270,4.0,292692410,0,100,0.0,10.0,200.0,186.0,7,0
3607169665,5,29271,4.578000000001339,292702409,0,100,0.0,10.0,200.0,186.0,7,0
3607169665,5,29272,4.578000000001339,292712409,0,100,0.0,10.0,200.0,186.0,7,0
3607169665,5,29273,4.578000000001339,292722409,0,100,0.0,10.0,200.0,186.0,7,0
3607169665,5,29274,4.578000000001339,292732409,0,100,0.0,10.0,200.0,186.0,7,0
3607169665,5,29275,4.578000000001339,292742409,0,100,0.0,10.0,200.0,186.0,7,0
3607169665,5,29276,4.578000000001339,292752410,0,100,0.0,10.0,200.0,186.0,7,0
3607169665,5,29277,4.578000000001339,292762409,0,100,0.0,10.0,200.0,186.0,7,0
3607169665,5,29278,4.578000000001339,292772409,0,100,0.0,10.0,200.0,186.0,7,0
3607169665,5,29279,4.578000000001339,292782409,0,100,0.0,10.0,200.0,186.0,7,0
3607169665,5,29280,4.578000000001339,292792409,0,100,0.0,10.0,200.0,186.0,7,0
3607169665,5,29281,4.578000000001339,292802409,0,100,0.0,10.0,200.0,186.0,7,0
3607169665,5,29282,4.578000000001339,292812409,0,100,0.0,10.0,200.0,186.0,7,0
3607169665,5,29283,4.578000000001339,292822409,0,100,0.0,10.0,200.0,186.0,7,0
3607169665,5,29284,4.578000000001339,292832409,0,100,0.0,10.0,200.0,186.0,7,0
3607169665,5,29285,4.578000000001339,292842409,0,100,0.0,10.0,200.0,186.0,7,0
3607169665,5,29286,4.578000000001339,292852409,0,100,0.0,10.0,200.0,186.0,7,0
3607169665,5,29287,4.578000000001339,292862409,0,100,0.0,10.0,200.0,186.0,7,0
3607169665,5,29288,4.578000000001339,292872409,0,100,0.0,10.0,200.0,186.0,7,0
3607169665,5,29289,4.578000000001339,292882409,0,100,0.0,10.0,200.0,186.0,7,0
3607169665,5,29290,4.578000000001339,292892409,0,100,0.0,10.0,200.0,186.0,7,0
3607169665,5,29291,4.578000000001339,292902409,0,100,0.0,10.0,200.0,186.0,7,0
3607169665,5,29292,4.578000000001339,292912409,0,100,0.0,10.0,200.0,186.0,7,0
3607169665,5,29293,4.578000000001339,292922409,0,100,0.0,10.0,200.0,186.0,7,0
3607169665,5,29294,4.578000000001339,292932409,0,100,0.0,10.0,200.0,186.0,7,0
3607169665,5,29295,4.578000000001339,292942409,0,100,0.0,10.0,200.0,186.0,7,0
3607169665,5,29296,4.578000000001339,292952409,0,100,0.0,10.0,200.0,186.0,7,0
3607169665,5,29297,4.578000000001339,292962409,0,100,0.0,10.0,200.0,186.0,7,0
3607169665,5,29298,4.578000000001339,292972409,0,100,0.0,10.0,200.0,186.0,7,0
3607169665,5,29299,4.578000000001339,292982409,0,100,0.0,10.0,200.0,186.0,7,0
3607169665,5,29300,4.578000000001339,292992409,0,100,0.0,10.0,200.0,186.0,7,0
3607169665,5,29301,4.578000000001339,293002409,0,100,0.0,10.0,200.0,186.0,7,0
3607169665,5,29302,4.578000000001339,293012409,0,100,0.0,10.0,200.0,186.0,7,0
3607169665,5,29303,4.578000000001339,293022409,0,100,0.0,10.0,200.0,186.0,7,0
3607169665,5,29304,4.578000000001339,293032411,0,100,0.0,10.0,200.0,186.0,7,0
3607169665,5,29305,4.578000000001339,293042409,0,100,0.0,10.0,200.0,186.0,7,0
3607169665,5,29306,4.578000000001339,293052409,0,100,0.0,10.0,200.0,186.0,7,0
3607169665,5,29307,4.578000000001339,293062409,0,100,0.0,10.0,200.0,186.0,7,0
3607169665,5,29308,4.578000000001339,293072409,0,100,0.0,10.0,200.0,186.0,7,0
3607169665,5,29309,4.578000000001339,293082409,0,100,0.0,10.0,200.0,186.0,7,0
3607169665,5,29310,4.578000000001339,293092409,0,100,0.0,10.0,200.0,186.0,7,0
3607169665,5,29311,4.578000000001339,293102409,0,100,0.0,10.0,200.0,186.0,7,0
3607169665,5,29312,4.578000000001339,293112409,0,100,0.0,10.0,200.0,186.0,7,0
3607169665,5,29313,4.578000000001339,293122409,0,100,0.0,10.0,200.0,186.0,7,0
3607169665,5,29314,4.578000000001339,293132409,0,100,0.0,10.0,200.0,186.0,7,0
3607169665,5,29315,4.578000000001339,293142409,0,100,0.0,10.0,200.0,186.0,7,0
3607169665,5,29316,4.578000000001339,293152409,0,100,0.0,10.0,200.0,186.0,7,0
3607169665,5,29317,4.578000000001339,293162409,0,100,0.0,10.0,200.0,186.0,7,0
3607169665,5,29318,4.578000000001339,293172409,0,100,0.0,10.0,200.0,186.0,7,0
3607169665,5,29319,4.578000000001339,293182409,0,100,0.0,10.0,200.0,186.0,7,0
3607169665,5,29320,4.578000000001339,293192409,0,100,0.0,10.0,200.0,186.0,7,0
3607169665,5,29321,4.578000000001339,293202409,0,100,0.0,10.0,200.0,186.0,7,0
3607169665,5,29322,4.578000000001339,293212409,0,100,0.0,10.0,200.0,186.0,7,0
3607169665,5,29323,4.578000000001339,293222409,0,100,0.0,10.0,200.0,186.0,7,0
3607169665,5,29324,4.578000000001339,293232409,0,100,0.0,10.0,200.0,186.0,7,0
3607169665,5,29325,4.578000000001339,293242409,0,100,0.0,10.0,200.0,186.0,7,0
3607169665,5,29326,4.578000000001339,293252409,0,100,0.0,10.0,200.0,186.0,7,0
3607169665,5,29327,4.859000000000378,293262409,0,100,0.0,10.0,200.0,186.0,7,0
3607169665,5,29328,4.859000000000378,293272409,0,100,0.0,10.0,200.0,186.0,7,0
3607169665,5,29329,4.859000000000378,293282409,0,100,0.0,10.0,200.0,186.0,7,0
3607169665,5,29330,4.859000000000378,293292409,0,100,0.0,10.0,200.0,186.0,7,0
3607169665,5,29331,4.859000000000378,293302409,0,100,0.0,10.0,200.0,186.0,7,0
3607169665,5,29332,4.859000000000378,293312409,0,100,0.0,10.0,200.0,186.0,7,0
3607169665,5,29333,4.859000000000378,293322409,0,100,0.0,10.0,200.0,186.0,7,0
3607169665,5,29334,4.859000000000378,293332409,0,100,0.0,10.0,200.0,186.0,7,0
3607169665,5,29335,4.859000000000378,293342409,0,100,0.0,10.0,200.0,186.0,7,0
3607169665,5,29336,4.859000000000378,293352409,0,100,0.0,10.0,200.0,186.0,7,0
3607169665,5,29337,4.859000000000378,293362409,0,100,0.0,10.0,200.0,186.0,7,0
3607169665,5,29338,4.859000000000378,293372409,0,100,0.0,10.0,200.0,186.0,7,0
3607169665,5,29339,4.859000000000378,293382409,0,100,0.0,10.0,200.0,186.0,7,0
3607169665,5,29340,4.859000000000378,293392409,0,100,0.0,10.0,200.0,186.0,7,0
3607169665,5,29341,4.859000000000378,293402409,0,100,0.0,10.0,200.0,186.0,7,0
3607169665,5,29342,4.859000000000378,293412409,0,100,0.0,10.0,200.0,186.0,7,0
3607169665,5,29343,4.859000000000378,293422409,0,100,0.0,10.0,200.0,186.0,7,0
3607169665,5,29344,4.859000000000378,293432409,0,100,0.0,10.0,200.0,186.0,7,0
3607169665,5,29345,4.859000000000378,293442409,0,100,0.0,10.0,200.0,186.0,7,0
3607169665,5,29346,4.859000000000378,293452409,0,100,0.0,10.0,200.0,186.0,7,0
3607169665,5,29347,4.859000000000378,293462409,0,100,0.0,10.0,200.0,186.0,7,0
3607169665,5,29348,4.859000000000378,293472409,0,100,0.0,10.0,200.0,186.0,7,0
3607169665,5,29349,4.859000000000378,293482409,0,100,0.0,10.0,200.0,186.0,7,0
3607169665,5,29350,4.859000000000378,293492409,0,100,0.0,10.0,200.0,186.0,7,0
3607169665,5,29351,5.406000000000859,293502409,0,100,0.0,10.0,200.0,186.0,7,0
3607169665,5,29352,5.406000000000859,293512409,0,100,0.0,10.0,200.0,186.0,7,0
3607169665,5,29353,5.406000000000859,293522409,0,100,0.0,10.0,200.0,186.0,7,0
3607169665,5,29354,5.406000000000859,293532409,0,100,0.0,10.0,200.0,186.0,7,0
3607169665,5,29355,5.406000000000859,293542409,0,100,0.0,10.0,200.0,186.0,7,0
3607169665,5,29356,5.406000000000859,293552409,0,100,0.0,10.0,200.0,186.0,7,0
3607169665,5,29357,5.406000000000859,293562409,0,100,0.0,10.0,200.0,186.0,7,0
3607169665,5,29358,5.406000000000859,293572409,0,100,0.0,10.0,200.0,186.0,7,0
3607169665,5,29359,5.406000000000859,293582409,0,100,0.0,10.0,200.0,186.0,7,0
3607169665,5,29360,5.406000000000859,293592409,0,100,0.0,10.0,200.0,186.0,7,0
3607169665,5,29361,5.406000000000859,293602409,0,100,0.0,10.0,200.0,186.0,7,0
3607169665,5,29362,5.406000000000859,293612409,0,100,0.0,10.0,200.0,186.0,7,0
3607169665,5,29363,5.406000000000859,293622409,0,100,0.0,10.0,200.0,186.0,7,0
3607169665,5,29364,5.406000000000859,293632409,0,100,0.0,10.0,200.0,186.0,7,0
3607169665,5,29365,5.406000000000859,293642409,0,100,0.0,10.0,200.0,186.0,7,0
3607169665,5,29366,5.406000000000859,293652409,0,100,0.0,10.0,200.0,186.0,7,0
3607169665,5,29367,5.406000000000859,293662409,0,100,0.0,10.0,200.0,186.0,7,0
3607169665,5,29368,5.406000000000859,293672409,0,100,0.0,10.0,200.0,186.0,7,0
3607169665,5,29369,5.406000000000859,293682409,0,100,0.0,10.0,200.0,186.0,7,0
3607169665,5,29370,5.406000000000859,293692409,0,100,0.0,10.0,200.0,186.0,7,0
3607169665,5,29371,5.406000000000859,293702409,0,100,0.0,10.0,200.0,186.0,7,0
3607169665,5,29372,5.406000000000859,293712409,0,100,0.0,10.0,200.0,186.0,7,0
3607169665,5,29373,5.406000000000859,293722409,0,100,0.0,10.0,200.0,186.0,7,0
3607169665,5,29374,5.406000000000859,293732409,0,100,0.0,10.0,200.0,186.0,7,0
3607169665,5,29375,5.406000000000859,293742409,0,100,0.0,10.0,200.0,186.0,7,0
3607169665,5,29376,5.406000000000859,293752409,0,100,0.0,10.0,200.0,186.0,7,0
3607169665,5,29377,5.406000000000859,293762409,0,100,0.0,10.0,200.0,186.0,7,0
3607169665,5,29378,5.406000000000859,293772409,0,100,0.0,10.0,200.0,186.0,7,0
3607169665,5,29379,5.406000000000859,293782409,0,100,0.0,10.0,200.0,186.0,7,0
3607169665,5,29380,5.406000000000859,293792409,0,100,0.0,10.0,200.0,186.0,7,0
3607169665,5,29381,5.406000000000859,293802409,0,100,0.0,10.0,200.0,186.0,7,0
3607169665,5,29382,5.406000000000859,293812409,0,100,0.0,10.0,200.0,186.0,7,0
3607169665,5,29383,5.406000000000859,293822409,0,100,0.0,10.0,200.0,186.0,7,0
3607169665,5,29384,5.406000000000859,293832409,0,100,0.0,10.0,200.0,186.0,7,0
3607169665,5,29385,5.406000000000859,293842409,0,100,0.0,10.0,200.0,186.0,7,0
3607169665,5,29386,5.406000000000859,293852409,0,100,0.0,10.0,200.0,186.0,7,0
3607169665,5,29387,5.406000000000859,293862409,0,100,0.0,10.0,200.0,186.0,7,0
3607169665,5,29388,5.406000000000859,293872409,0,100,0.0,10.0,200.0,186.0,7,0
3607169665,5,29389,5.406000000000859,293882409,0,100,0.0,10.0,200.0,186.0,7,0
3607169665,5,29390,5.406000000000859,293892409,0,100,0.0,10.0,200.0,186.0,7,0
3607169665,5,29391,5.406000000000859,293902409,0,100,0.0,10.0,200.0,186.0,7,0
3607169665,5,29392,5.406000000000859,293912409,0,100,0.0,10.0,200.0,186.0,7,0
3607169665,5,29393,5.406000000000859,293922409,0,100,0.0,10.0,200.0,186.0,7,0
3607169665,5,29394,5.406000000000859,293932409,0,100,0.0,10.0,200.0,186.0,7,0
3607169665,5,29395,5.406000000000859,293942409,0,100,0.0,10.0,200.0,186.0,7,0
3607169665,5,29396,5.406000000000859,293952409,0,100,0.0,10.0,200.0,186.0,7,0
3607169665,5,29397,5.406000000000859,293962409,0,100,0.0,10.0,200.0,186.0,7,0
3607169665,5,29398,5.406000000000859,293972409,0,100,0.0,10.0,200.0,186.0,7,0
3607169665,5,29399,5.406000000000859,293982409,0,100,0.0,10.0,200.0,186.0,7,0
3607169665,5,29400,5.406000000000859,293992409,0,100,0.0,10.0,200.0,186.0,7,0
3607169665,5,29401,5.406000000000859,294002409,0,100,0.0,10.0,200.0,186.0,7,0
3607169665,5,29402,5.406000000000859,294012409,0,100,0.0,10.0,200.0,186.0,7,0
3607169665,5,29403,5.406000000000859,294022409,0,100,0.0,10.0,200.0,186.0,7,0
3607169665,5,29404,5.406000000000859,294032409,0,100,0.0,10.0,200.0,186.0,7,0
3607169665,5,29405,5.406000000000859,294042409,0,100,0.0,10.0,200.0,186.0,7,0
3607169665,5,29406,5.406000000000859,294052409,0,100,0.0,10.0,200.0,186.0,7,0
3607169665,5,29407,5.406000000000859,294062409,0,100,0.0,10.0,200.0,186.0,7,0
3607169665,5,29408,5.406000000000859,294072409,0,100,0.0,10.0,200.0,186.0,7,0
3607169665,5,29409,5.406000000000859,294082409,0,100,0.0,10.0,200.0,186.0,7,0
3607169665,5,29410,5.406000000000859,294092409,0,100,0.0,10.0,200.0,186.0,7,0
3607169665,5,29411,5.406000000000859,294102409,0,100,0.0,10.0,200.0,186.0,7,0
3607169665,5,29412,5.406000000000859,294112409,0,100,0.0,10.0,200.0,186.0,7,0
3607169665,5,29413,5.406000000000859,294122409,0,100,0.0,10.0,200.0,186.0,7,0
3607169665,5,29414,5.406000000000859,294132409,0,100,0.0,10.0,200.0,186.0,7,0
3607169665,5,29415,6.0,294142409,0,100,0.0,10.0,200.0,186.0,7,0
3607169665,5,29416,6.0,294152409,0,100,0.0,10.0,200.0,186.0,7,0
3607169665,5,29417,6.0,294162409,0,100,0.0,10.0,200.0,186.0,7,0
3607169665,5,29418,6.0,294172410,0,100,0.0,10.0,200.0,186.0,7,0
3607169665,5,29419,6.0,294182409,0,100,0.0,10.0,200.0,186.0,7,0
3607169665,5,29420,6.0,294192409,0,100,0.0,10.0,200.0,186.0,7,0
3607169665,5,29421,6.0,294202409,0,100,0.0,10.0,200.0,186.0,7,0
3607169665,5,29422,6.0,294212409,0,100,0.0,10.0,200.0,186.0,7,0
3607169665,5,29423,6.0,294222409,0,100,0.0,10.0,200.0,186.0,7,0
3607169665,5,29424,6.0,294232409,0,100,0.0,10.0,200.0,186.0,7,0
3607169665,5,29425,6.0,294242409,0,100,0.0,10.0,200.0,186.0,7,0
3607169665,5,29426,6.0,294252409,0,100,0.0,10.0,200.0,186.0,7,0
3607169665,5,29427,6.0,294262409,0,100,0.0,10.0,200.0,186.0,7,0
3607169665,5,29428,6.0,294272409,0,100,0.0,10.0,200.0,186.0,7,0
3607169665,5,29429,6.0,294282410,0,100,0.0,10.0,200.0,186.0,7,0
3607169665,5,29430,6.0,294292409,0,100,0.0,10.0,200.0,186.0,7,0
3607169665,5,29431,6.0,294302409,0,100,0.0,10.0,200.0,186.0,7,0
3607169665,5,29432,6.0,294312409,0,100,0.0,10.0,200.0,186.0,7,0
3607169665,5,29433,6.0,294322409,0,100,0.0,10.0,200.0,186.0,7,0
3607169665,5,29434,6.0,294332409,0,100,0.0,10.0,200.0,186.0,7,0
3607169665,5,29435,6.0,294342409,0,100,0.0,10.0,200.0,186.0,7,0
3607169665,5,29436,6.0,294352409,0,100,0.0,10.0,200.0,186.0,7,0
3607169665,5,29437,6.0,294362409,0,100,0.0,10.0,200.0,186.0,7,0
3607169665,5,29438,6.0,294372409,0,100,0.0,10.0,200.0,186.0,7,0
3607169665,5,29439,6.0,294382409,0,100,0.0,10.0,200.0,186.0,7,0
3607169665,5,29440,6.0,294392409,0,100,0.0,10.0,200.0,186.0,7,0
3607169665,5,29441,6.0,294402409,0,100,0.0,10.0,200.0,186.0,7,0
3607169665,5,29442,6.0,294412409,0,100,0.0,10.0,200.0,186.0,7,0
3607169665,5,29443,6.0,294422409,0,100,0.0,10.0,200.0,186.0,7,0
3607169665,5,29444,6.0,294432409,0,100,0.0,10.0,200.0,186.0,7,0
3607169665,5,29445,6.0,294442409,0,100,0.0,10.0,200.0,186.0,7,0
3607169665,5,29446,6.0,294452409,0,100,0.0,10.0,200.0,186.0,7,0
3607169665,5,29447,6.0,294462409,0,100,0.0,10.0,200.0,186.0,7,0
3607169665,5,29448,6.0,294472409,0,100,0.0,10.0,200.0,186.0,7,0
3607169665,5,29449,6.0,294482409,0,100,0.0,10.0,200.0,186.0,7,0
3607169665,5,29450,6.0,294492409,0,100,0.0,10.0,200.0,186.0,7,0
3607169665,5,29451,6.0,294502409,0,100,0.0,10.0,200.0,186.0,7,0
3607169665,5,29452,6.0,294512409,0,100,0.0,10.0,200.0,186.0,7,0
3607169665,5,29453,6.0,294522409,0,100,0.0,10.0,200.0,186.0,7,0
3607169665,5,29454,6.0,294532409,0,100,0.0,10.0,200.0,186.0,7,0
3607169665,5,29455,6.0,294542409,0,100,0.0,10.0,200.0,186.0,7,0
3607169665,5,29456,6.0,294552409,0,100,0.0,10.0,200.0,186.0,7,0
3607169665,5,29457,6.0,294562409,0,100,0.0,10.0,200.0,186.0,7,0
3607169665,5,29458,6.0,294572409,0,100,0.0,10.0,200.0,186.0,7,0
3607169665,5,29459,6.0,294582409,0,100,0.0,10.0,200.0,186.0,7,0
3607169665,5,29460,6.0,294592410,0,100,0.0,10.0,200.0,186.0,7,0
3607169665,5,29461,6.0,294602409,0,100,0.0,10.0,200.0,186.0,7,0
3607169665,5,29462,6.0,294612409,0,100,0.0,10.0,200.0,186.0,7,0
3607169665,5,29463,6.0,294622409,0,100,0.0,10.0,200.0,186.0,7,0
3607169665,5,29464,6.0,294632409,0,100,0.0,10.0,200.0,186.0,7,0
3607169665,5,29465,6.0,294642409,0,100,0.0,10.0,200.0,186.0,7,0
3607169665,5,29466,6.0,294652409,0,100,0.0,10.0,200.0,186.0,7,0
3607169665,5,29467,6.0,294662409,0,100,0.0,10.0,200.0,186.0,7,0
3607169665,5,29468,6.0,294672409,0,100,0.0,10.0,200.0,186.0,7,0
3607169665,5,29469,6.0,294682409,0,100,0.0,10.0,200.0,186.0,7,0
3607169665,5,29470,6.0,294692409,0,100,0.0,10.0,200.0,186.0,7,0
3607169665,5,29471,6.578000000001339,294702409,0,100,0.0,10.0,200.0,186.0,7,0
3607169665,5,29472,6.578000000001339,294712409,0,100,0.0,10.0,200.0,186.0,7,0
3607169665,5,29473,6.578000000001339,294722409,0,100,0.0,10.0,200.0,186.0,7,0
3607169665,5,29474,6.578000000001339,294732409,0,100,0.0,10.0,200.0,186.0,7,0
3607169665,5,29475,6.578000000001339,294742409,0,100,0.0,10.0,200.0,186.0,7,0
3607169665,5,29476,6.578000000001339,294752409,0,100,0.0,10.0,200.0,186.0,7,0
3607169665,5,29477,6.578000000001339,294762409,0,100,0.0,10.0,200.0,186.0,7,0
3607169665,5,29478,6.578000000001339,294772409,0,100,0.0,10.0,200.0,186.0,7,0
3607169665,5,29479,6.578000000001339,294782409,0,100,0.0,10.0,200.0,186.0,7,0
3607169665,5,29480,6.578000000001339,294792409,0,100,0.0,10.0,200.0,186.0,7,0
3607169665,5,29481,6.578000000001339,294802409,0,100,0.0,10.0,200.0,186.0,7,0
3607169665,5,29482,6.578000000001339,294812409,0,100,0.0,10.0,200.0,186.0,7,0
3607169665,5,29483,6.578000000001339,294822409,0,100,0.0,10.0,200.0,186.0,7,0
3607169665,5,29484,6.578000000001339,294832409,0,100,0.0,10.0,200.0,186.0,7,0
3607169665,5,29485,6.578000000001339,294842409,0,100,0.0,10.0,200.0,186.0,7,0
3607169665,5,29486,6.578000000001339,294852409,0,100,0.0,10.0,200.0,186.0,7,0
3607169665,5,29487,6.578000000001339,294862409,0,100,0.0,10.0,200.0,186.0,7,0
3607169665,5,29488,6.578000000001339,294872409,0,100,0.0,10.0,200.0,186.0,7,0
3607169665,5,29489,6.578000000001339,294882409,0,100,0.0,10.0,200.0,186.0,7,0
3607169665,5,29490,6.578000000001339,294892409,0,100,0.0,10.0,200.0,186.0,7,0
3607169665,5,29491,6.578000000001339,294902409,0,100,0.0,10.0,200.0,186.0,7,0
3607169665,5,29492,6.578000000001339,294912409,0,100,0.0,10.0,200.0,186.0,7,0
3607169665,5,29493,6.578000000001339,294922409,0,100,0.0,10.0,200.0,186.0,7,0
3607169665,5,29494,6.578000000001339,294932409,0,100,0.0,10.0,200.0,186.0,7,0
3607169665,5,29495,6.578000000001339,294942409,0,100,0.0,10.0,200.0,186.0,7,0
3607169665,5,29496,6.578000000001339,294952409,0,100,0.0,10.0,200.0,186.0,7,0
3607169665,5,29497,6.578000000001339,294962409,0,100,0.0,10.0,200.0,186.0,7,0
3607169665,5,29498,6.578000000001339,294972409,0,100,0.0,10.0,200.0,186.0,7,0
3607169665,5,29499,6.578000000001339,294982409,0,100,0.0,10.0,200.0,186.0,7,0
3607169665,5,29500,6.578000000001339,294992409,0,100,0.0,10.0,200.0,186.0,7,0
3607169665,5,29501,6.578000000001339,295002409,0,100,0.0,10.0,200.0,186.0,7,0
3607169665,5,29502,6.578000000001339,295012409,0,100,0.0,10.0,200.0,186.0,7,0
3607169665,5,29503,6.578000000001339,295022409,0,100,0.0,10.0,200.0,186.0,7,0
3607169665,5,29504,6.578000000001339,295032409,0,100,0.0,10.0,200.0,186.0,7,0
3607169665,5,29505,6.578000000001339,295042409,0,100,0.0,10.0,200.0,186.0,7,0
3607169665,5,29506,6.578000000001339,295052409,0,100,0.0,10.0,200.0,186.0,7,0
3607169665,5,29507,6.578000000001339,295062409,0,100,0.0,10.0,200.0,186.0,7,0
3607169665,5,29508,6.578000000001339,295072409,0,100,0.0,10.0,200.0,186.0,7,0
3607169665,5,29509,6.578000000001339,295082409,0,100,0.0,10.0,200.0,186.0,7,0
3607169665,5,29510,6.578000000001339,295092409,0,100,0.0,10.0,200.0,186.0,7,0
3607169665,5,29511,6.578000000001339,295102409,0,100,0.0,10.0,200.0,186.0,7,0
3607169665,5,29512,6.578000000001339,295112409,0,100,0.0,10.0,200.0,186.0,7,0
3607169665,5,29513,6.578000000001339,295122409,0,100,0.0,10.0,200.0,186.0,7,0
3607169665,5,29514,6.578000000001339,295132409,0,100,0.0,10.0,200.0,186.0,7,0
3607169665,5,29515,6.578000000001339,295142409,0,100,0.0,10.0,200.0,186.0,7,0
3607169665,5,29516,6.578000000001339,295152409,0,100,0.0,10.0,200.0,186.0,7,0
3607169665,5,29517,6.578000000001339,295162409,0,100,0.0,10.0,200.0,186.0,7,0
3607169665,5,29518,6.578000000001339,295172409,0,100,0.0,10.0,200.0,186.0,7,0
3607169665,5,29519,6.578000000001339,295182409,0,100,0.0,10.0,200.0,186.0,7,0
3607169665,5,29520,6.578000000001339,295192409,0,100,0.0,10.0,200.0,186.0,7,0
3607169665,5,29521,6.578000000001339,295202409,0,100,0.0,10.0,200.0,186.0,7,0
3607169665,5,29522,6.578000000001339,295212409,0,100,0.0,10.0,200.0,186.0,7,0
3607169665,5,29523,6.578000000001339,295222409,0,100,0.0,10.0,200.0,186.0,7,0
3607169665,5,29524,6.578000000001339,295232409,0,100,0.0,10.0,200.0,186.0,7,0
3607169665,5,29525,6.578000000001339,295242409,0,100,0.0,10.0,200.0,186.0,7,0
3607169665,5,29526,6.578000000001339,295252409,0,100,0.0,10.0,200.0,186.0,7,0
3607169665,5,29527,6.92200000000048,295262409,0,100,0.0,10.0,200.0,186.0,7,0
3607169665,5,29528,6.92200000000048,295272409,0,100,0.0,10.0,200.0,186.0,7,0
3607169665,5,29529,6.92200000000048,295282409,0,100,0.0,10.0,200.0,186.0,7,0
3607169665,5,29530,6.92200000000048,295292409,0,100,0.0,10.0,200.0,186.0,7,0
3607169665,5,29531,6.92200000000048,295302409,0,100,0.0,10.0,200.0,186.0,7,0
3607169665,5,29532,6.92200000000048,295312409,0,100,0.0,10.0,200.0,186.0,7,0
3607169665,5,29533,6.92200000000048,295322409,0,100,0.0,10.0,200.0,186.0,7,0
3607169665,5,29534,6.92200000000048,295332409,0,100,0.0,10.0,200.0,186.0,7,0
3607169665,5,29535,6.92200000000048,295342409,0,100,0.0,10.0,200.0,186.0,7,0
3607169665,5,29536,6.92200000000048,295352409,0,100,0.0,10.0,200.0,186.0,7,0
3607169665,5,29537,6.92200000000048,295362409,0,100,0.0,10.0,200.0,186.0,7,0
3607169665,5,29538,6.92200000000048,295372409,0,100,0.0,10.0,200.0,186.0,7,0
3607169665,5,29539,6.92200000000048,295382409,0,100,0.0,10.0,200.0,186.0,7,0
3607169665,5,29540,6.92200000000048,295392409,0,100,0.0,10.0,200.0,186.0,7,0
3607169665,5,29541,6.92200000000048,295402409,0,100,0.0,10.0,200.0,186.0,7,0
3607169665,5,29542,6.92200000000048,295412409,0,100,0.0,10.0,200.0,186.0,7,0
3607169665,5,29543,6.92200000000048,295422409,0,100,0.0,10.0,200.0,186.0,7,0
3607169665,5,29544,6.92200000000048,295432409,0,100,0.0,10.0,200.0,186.0,7,0
3607169665,5,29545,6.92200000000048,295442409,0,100,0.0,10.0,200.0,186.0,7,0
3607169665,5,29546,6.92200000000048,295452409,0,100,0.0,10.0,200.0,186.0,7,0
3607169665,5,29547,6.92200000000048,295462409,0,100,0.0,10.0,200.0,186.0,7,0
3607169665,5,29548,6.92200000000048,295472409,0,100,0.0,10.0,200.0,186.0,7,0
3607169665,5,29549,6.92200000000048,295482409,0,100,0.0,10.0,200.0,186.0,7,0
3607169665,5,29550,6.92200000000048,295492409,0,100,0.0,10.0,200.0,186.0,7,0
3607169665,5,29551,6.92200000000048,295502409,0,100,0.0,10.0,200.0,186.0,7,0
3607169665,5,29552,6.92200000000048,295512409,0,100,0.0,10.0,200.0,186.0,7,0
3607169665,5,29553,6.92200000000048,295522409,0,100,0.0,10.0,200.0,186.0,7,0
3607169665,5,29554,6.92200000000048,295532409,0,100,0.0,10.0,200.0,186.0,7,0
3607169665,5,29555,6.92200000000048,295542409,0,100,0.0,10.0,200.0,186.0,7,0
3607169665,5,29556,6.92200000000048,295552409,0,100,0.0,10.0,200.0,186.0,7,0
3607169665,5,29557,6.92200000000048,295562409,0,100,0.0,10.0,200.0,186.0,7,0
3607169665,5,29558,6.92200000000048,295572409,0,100,0.0,10.0,200.0,186.0,7,0
3607169665,5,29559,7.42200000000048,295582409,0,100,0.0,10.0,200.0,186.0,7,0
3607169665,5,29560,7.42200000000048,295592409,0,100,0.0,10.0,200.0,186.0,7,0
3607169665,5,29561,7.42200000000048,295602409,0,100,0.0,10.0,200.0,186.0,7,0
3607169665,5,29562,7.42200000000048,295612409,0,100,0.0,10.0,200.0,186.0,7,0
3607169665,5,29563,7.42200000000048,295622409,0,100,0.0,10.0,200.0,186.0,7,0
3607169665,5,29564,7.42200000000048,295632409,0,100,0.0,10.0,200.0,186.0,7,0
3607169665,5,29565,7.42200000000048,295642409,0,100,0.0,10.0,200.0,186.0,7,0
3607169665,5,29566,7.42200000000048,295652409,0,100,0.0,10.0,200.0,186.0,7,0
3607169665,5,29567,7.42200000000048,295662409,0,100,0.0,10.0,200.0,186.0,7,0
3607169665,5,29568,7.42200000000048,295672409,0,100,0.0,10.0,200.0,186.0,7,0
3607169665,5,29569,7.42200000000048,295682409,0,100,0.0,10.0,200.0,186.0,7,0
3607169665,5,29570,7.42200000000048,295692409,0,100,0.0,10.0,200.0,186.0,7,0
3607169665,5,29571,7.42200000000048,295702409,0,100,0.0,10.0,200.0,186.0,7,0
3607169665,5,29572,7.42200000000048,295712409,0,100,0.0,10.0,200.0,186.0,7,0
3607169665,5,29573,7.42200000000048,295722409,0,100,0.0,10.0,200.0,186.0,7,0
3607169665,5,29574,7.42200000000048,295732409,0,100,0.0,10.0,200.0,186.0,7,0
3607169665,5,29575,7.42200000000048,295742409,0,100,0.0,10.0,200.0,186.0,7,0
3607169665,5,29576,7.42200000000048,295752409,0,100,0.0,10.0,200.0,186.0,7,0
3607169665,5,29577,7.42200000000048,295762409,0,100,0.0,10.0,200.0,186.0,7,0
3607169665,5,29578,7.42200000000048,295772409,0,100,0.0,10.0,200.0,186.0,7,0
3607169665,5,29579,7.42200000000048,295782409,0,100,0.0,10.0,200.0,186.0,7,0
3607169665,5,29580,7.42200000000048,295792409,0,100,0.0,10.0,200.0,186.0,7,0
3607169665,5,29581,7.42200000000048,295802409,0,100,0.0,10.0,200.0,186.0,7,0
3607169665,5,29582,7.42200000000048,295812409,0,100,0.0,10.0,200.0,186.0,7,0
3607169665,5,29583,7.42200000000048,295822409,0,100,0.0,10.0,200.0,186.0,7,0
3607169665,5,29584,7.42200000000048,295832409,0,100,0.0,10.0,200.0,186.0,7,0
3607169665,5,29585,7.42200000000048,295842409,0,100,0.0,10.0,200.0,186.0,7,0
3607169665,5,29586,7.42200000000048,295852409,0,100,0.0,10.0,200.0,186.0,7,0
3607169665,5,29587,7.42200000000048,295862409,0,100,0.0,10.0,200.0,186.0,7,0
3607169665,5,29588,7.42200000000048,295872409,0,100,0.0,10.0,200.0,186.0,7,0
3607169665,5,29589,7.42200000000048,295882409,0,100,0.0,10.0,200.0,186.0,7,0
3607169665,5,29590,7.42200000000048,295892409,0,100,0.0,10.0,200.0,186.0,7,0
3607169665,5,29591,7.42200000000048,295902409,0,100,0.0,10.0,200.0,186.0,7,0
3607169665,5,29592,7.42200000000048,295912409,0,100,0.0,10.0,200.0,186.0,7,0
3607169665,5,29593,7.42200000000048,295922409,0,100,0.0,10.0,200.0,186.0,7,0
3607169665,5,29594,7.42200000000048,295932409,0,100,0.0,10.0,200.0,186.0,7,0
3607169665,5,29595,7.42200000000048,295942409,0,100,0.0,10.0,200.0,186.0,7,0
3607169665,5,29596,7.42200000000048,295952409,0,100,0.0,10.0,200.0,186.0,7,0
3607169665,5,29597,7.42200000000048,295962409,0,100,0.0,10.0,200.0,186.0,7,0
3607169665,5,29598,7.42200000000048,295972409,0,100,0.0,10.0,200.0,186.0,7,0
3607169665,5,29599,7.42200000000048,295982409,0,100,0.0,10.0,200.0,186.0,7,0
3607169665,5,29600,7.42200000000048,295992409,0,100,0.0,10.0,200.0,186.0,7,0
3607169665,5,29601,7.42200000000048,296002409,0,100,0.0,10.0,200.0,186.0,7,0
3607169665,5,29602,7.42200000000048,296012409,0,100,0.0,10.0,200.0,186.0,7,0
3607169665,5,29603,7.42200000000048,296022409,0,100,0.0,10.0,200.0,186.0,7,0
3607169665,5,29604,7.42200000000048,296032409,0,100,0.0,10.0,200.0,186.0,7,0
3607169665,5,29605,7.42200000000048,296042409,0,100,0.0,10.0,200.0,186.0,7,0
3607169665,5,29606,7.42200000000048,296052409,0,100,0.0,10.0,200.0,186.0,7,0
3607169665,5,29607,7.531000000000859,296062409,0,100,0.0,10.0,200.0,186.0,7,0
3607169665,5,29608,7.531000000000859,296072409,0,100,0.0,10.0,200.0,186.0,7,0
3607169665,5,29609,7.531000000000859,296082409,0,100,0.0,10.0,200.0,186.0,7,0
3607169665,5,29610,7.531000000000859,296092409,0,100,0.0,10.0,200.0,186.0,7,0
3607169665,5,29611,7.531000000000859,296102409,0,100,0.0,10.0,200.0,186.0,7,0
3607169665,5,29612,7.531000000000859,296112409,0,100,0.0,10.0,200.0,186.0,7,0
3607169665,5,29613,7.531000000000859,296122409,0,100,0.0,10.0,200.0,186.0,7,0
3607169665,5,29614,7.531000000000859,296132409,0,100,0.0,10.0,200.0,186.0,7,0
3607169665,5,29615,7.531000000000859,296142409,0,100,0.0,10.0,200.0,186.0,7,0
3607169665,5,29616,7.531000000000859,296152409,0,100,0.0,10.0,200.0,186.0,7,0
3607169665,5,29617,7.531000000000859,296162409,0,100,0.0,10.0,200.0,186.0,7,0
3607169665,5,29618,7.531000000000859,296172409,0,100,0.0,10.0,200.0,186.0,7,0
3607169665,5,29619,7.531000000000859,296182409,0,100,0.0,10.0,200.0,186.0,7,0
3607169665,5,29620,7.531000000000859,296192409,0,100,0.0,10.0,200.0,186.0,7,0
3607169665,5,29621,7.531000000000859,296202409,0,100,0.0,10.0,200.0,186.0,7,0
3607169665,5,29622,7.531000000000859,296212409,0,100,0.0,10.0,200.0,186.0,7,0
3607169665,5,29623,8.093000000000757,296222409,0,100,0.0,10.0,200.0,186.0,7,0
3607169665,5,29624,8.093000000000757,296232409,0,100,0.0,10.0,200.0,186.0,7,0
3607169665,5,29625,8.093000000000757,296242409,0,100,0.0,10.0,200.0,186.0,7,0
3607169665,5,29626,8.093000000000757,296252409,0,100,0.0,10.0,200.0,186.0,7,0
3607169665,5,29627,8.093000000000757,296262409,0,100,0.0,10.0,200.0,186.0,7,0
3607169665,5,29628,8.093000000000757,296272409,0,100,0.0,10.0,200.0,186.0,7,0
3607169665,5,29629,8.093000000000757,296282409,0,100,0.0,10.0,200.0,186.0,7,0
3607169665,5,29630,8.093000000000757,296292409,0,100,0.0,10.0,200.0,186.0,7,0
3607169665,5,29631,8.093000000000757,296302409,0,100,0.0,10.0,200.0,186.0,7,0
3607169665,5,29632,8.093000000000757,296312409,0,100,0.0,10.0,200.0,186.0,7,0
3607169665,5,29633,8.093000000000757,296322409,0,100,0.0,10.0,200.0,186.0,7,0
3607169665,5,29634,8.093000000000757,296332409,0,100,0.0,10.0,200.0,186.0,7,0
3607169665,5,29635,8.093000000000757,296342409,0,100,0.0,10.0,200.0,186.0,7,0
3607169665,5,29636,8.093000000000757,296352409,0,100,0.0,10.0,200.0,186.0,7,0
3607169665,5,29637,8.093000000000757,296362409,0,100,0.0,10.0,200.0,186.0,7,0
3607169665,5,29638,8.093000000000757,296372409,0,100,0.0,10.0,200.0,186.0,7,0
3607169665,5,29639,8.093000000000757,296382409,0,100,0.0,10.0,200.0,186.0,7,0
3607169665,5,29640,8.093000000000757,296392409,0,100,0.0,10.0,200.0,186.0,7,0
3607169665,5,29641,8.093000000000757,296402409,0,100,0.0,10.0,200.0,186.0,7,0
3607169665,5,29642,8.093000000000757,296412409,0,100,0.0,10.0,200.0,186.0,7,0
3607169665,5,29643,8.093000000000757,296422409,0,100,0.0,10.0,200.0,186.0,7,0
3607169665,5,29644,8.093000000000757,296432409,0,100,0.0,10.0,200.0,186.0,7,0
3607169665,5,29645,8.093000000000757,296442409,0,100,0.0,10.0,200.0,186.0,7,0
3607169665,5,29646,8.093000000000757,296452409,0,100,0.0,10.0,200.0,186.0,7,0
3607169665,5,29647,8.093000000000757,296462409,0,100,0.0,10.0,200.0,186.0,7,0
3607169665,5,29648,8.093000000000757,296472409,0,100,0.0,10.0,200.0,186.0,7,0
3607169665,5,29649,8.093000000000757,296482409,0,100,0.0,10.0,200.0,186.0,7,0
3607169665,5,29650,8.093000000000757,296492409,0,100,0.0,10.0,200.0,186.0,7,0
3607169665,5,29651,8.093000000000757,296502409,0,100,0.0,10.0,200.0,186.0,7,0
3607169665,5,29652,8.093000000000757,296512409,0,100,0.0,10.0,200.0,186.0,7,0
3607169665,5,29653,8.093000000000757,296522409,0,100,0.0,10.0,200.0,186.0,7,0
3607169665,5,29654,8.093000000000757,296532409,0,100,0.0,10.0,200.0,186.0,7,0
3607169665,5,29655,8.093000000000757,296542409,0,100,0.0,10.0,200.0,186.0,7,0
3607169665,5,29656,8.093000000000757,296552409,0,100,0.0,10.0,200.0,186.0,7,0
3607169665,5,29657,8.093000000000757,296562409,0,100,0.0,10.0,200.0,186.0,7,0
3607169665,5,29658,8.093000000000757,296572409,0,100,0.0,10.0,200.0,186.0,7,0
3607169665,5,29659,8.093000000000757,296582409,0,100,0.0,10.0,200.0,186.0,7,0
3607169665,5,29660,8.093000000000757,296592409,0,100,0.0,10.0,200.0,186.0,7,0
3607169665,5,29661,8.093000000000757,296602409,0,100,0.0,10.0,200.0,186.0,7,0
3607169665,5,29662,8.093000000000757,296612409,0,100,0.0,10.0,200.0,186.0,7,0
3607169665,5,29663,8.093000000000757,296622409,0,100,0.0,10.0,200.0,186.0,7,0
3607169665,5,29664,8.093000000000757,296632409,0,100,0.0,10.0,200.0,186.0,7,0
3607169665,5,29665,8.093000000000757,296642409,0,100,0.0,10.0,200.0,186.0,7,0
3607169665,5,29666,8.093000000000757,296652409,0,100,0.0,10.0,200.0,186.0,7,0
3607169665,5,29667,8.093000000000757,296662409,0,100,0.0,10.0,200.0,186.0,7,0
3607169665,5,29668,8.093000000000757,296672409,0,100,0.0,10.0,200.0,186.0,7,0
3607169665,5,29669,8.093000000000757,296682409,0,100,0.0,10.0,200.0,186.0,7,0
3607169665,5,29670,8.093000000000757,296692409,0,100,0.0,10.0,200.0,186.0,7,0
3607169665,5,29671,8.093000000000757,296702409,0,100,0.0,10.0,200.0,186.0,7,0
3607169665,5,29672,8.093000000000757,296712409,0,100,0.0,10.0,200.0,186.0,7,0
3607169665,5,29673,8.093000000000757,296722409,0,100,0.0,10.0,200.0,186.0,7,0
3607169665,5,29674,8.093000000000757,296732409,0,100,0.0,10.0,200.0,186.0,7,0
3607169665,5,29675,8.093000000000757,296742409,0,100,0.0,10.0,200.0,186.0,7,0
3607169665,5,29676,8.093000000000757,296752409,0,100,0.0,10.0,200.0,186.0,7,0
3607169665,5,29677,8.093000000000757,296762409,0,100,0.0,10.0,200.0,186.0,7,0
3607169665,5,29678,8.093000000000757,296772409,0,100,0.0,10.0,200.0,186.0,7,0
3607169665,5,29679,8.281000000000859,296782409,0,100,0.0,10.0,200.0,186.0,7,0
3607169665,5,29680,8.281000000000859,296792409,0,100,0.0,10.0,200.0,186.0,7,0
3607169665,5,29681,8.281000000000859,296802409,0,100,0.0,10.0,200.0,186.0,7,0
3607169665,5,29682,8.281000000000859,296812409,0,100,0.0,10.0,200.0,186.0,7,0
3607169665,5,29683,8.281000000000859,296822409,0,100,0.0,10.0,200.0,186.0,7,0
3607169665,5,29684,8.281000000000859,296832409,0,100,0.0,10.0,200.0,186.0,7,0
3607169665,5,29685,8.281000000000859,296842409,0,100,0.0,10.0,200.0,186.0,7,0
3607169665,5,29686,8.281000000000859,296852409,0,100,0.0,10.0,200.0,186.0,7,0
3607169665,5,29687,8.281000000000859,296862409,0,100,0.0,10.0,200.0,186.0,7,0
3607169665,5,29688,8.281000000000859,296872409,0,100,0.0,10.0,200.0,186.0,7,0
3607169665,5,29689,8.281000000000859,296882409,0,100,0.0,10.0,200.0,186.0,7,0
3607169665,5,29690,8.281000000000859,296892409,0,100,0.0,10.0,200.0,186.0,7,0
3607169665,5,29691,8.281000000000859,296902409,0,100,0.0,10.0,200.0,186.0,7,0
3607169665,5,29692,8.281000000000859,296912409,0,100,0.0,10.0,200.0,186.0,7,0
3607169665,5,29693,8.281000000000859,296922409,0,100,0.0,10.0,200.0,186.0,7,0
3607169665,5,29694,8.281000000000859,296932409,0,100,0.0,10.0,200.0,186.0,7,0
3607169665,5,29695,8.436999999999898,296942409,0,100,0.0,10.0,200.0,186.0,7,0
3607169665,5,29696,8.436999999999898,296952409,0,100,0.0,10.0,200.0,186.0,7,0
3607169665,5,29697,8.436999999999898,296962409,0,100,0.0,10.0,200.0,186.0,7,0
3607169665,5,29698,8.436999999999898,296972409,0,100,0.0,10.0,200.0,186.0,7,0
3607169665,5,29699,8.436999999999898,296982409,0,100,0.0,10.0,200.0,186.0,7,0
3607169665,5,29700,8.436999999999898,296992409,0,100,0.0,10.0,200.0,186.0,7,0
3607169665,5,29701,8.436999999999898,297002409,0,100,0.0,10.0,200.0,186.0,7,0
3607169665,5,29702,8.436999999999898,297012409,0,100,0.0,10.0,200.0,186.0,7,0
3607169665,5,29703,8.436999999999898,297022409,0,100,0.0,10.0,200.0,186.0,7,0
3607169665,5,29704,8.436999999999898,297032409,0,100,0.0,10.0,200.0,186.0,7,0
3607169665,5,29705,8.436999999999898,297042409,0,100,0.0,10.0,200.0,186.0,7,0
3607169665,5,29706,8.436999999999898,297052409,0,100,0.0,10.0,200.0,186.0,7,0
3607169665,5,29707,8.436999999999898,297062409,0,100,0.0,10.0,200.0,186.0,7,0
3607169665,5,29708,8.436999999999898,297072409,0,100,0.0,10.0,200.0,186.0,7,0
3607169665,5,29709,8.436999999999898,297082409,0,100,0.0,10.0,200.0,186.0,7,0
3607169665,5,29710,8.436999999999898,297092409,0,100,0.0,10.0,200.0,186.0,7,0
3607169665,5,29711,8.625,297102409,0,100,0.0,10.0,200.0,186.0,7,0
3607169665,5,29712,8.625,297112409,0,100,0.0,10.0,200.0,186.0,7,0
3607169665,5,29713,8.625,297122409,0,100,0.0,10.0,200.0,186.0,7,0
3607169665,5,29714,8.625,297132409,0,100,0.0,10.0,200.0,186.0,7,0
3607169665,5,29715,8.625,297142409,0,100,0.0,10.0,200.0,186.0,7,0
3607169665,5,29716,8.625,297152409,0,100,0.0,10.0,200.0,186.0,7,0
3607169665,5,29717,8.625,297162409,0,100,0.0,10.0,200.0,186.0,7,0
3607169665,5,29718,8.625,297172409,0,100,0.0,10.0,200.0,186.0,7,0
3607169665,5,29719,8.625,297182409,0,100,0.0,10.0,200.0,186.0,7,0
3607169665,5,29720,8.625,297192409,0,100,0.0,10.0,200.0,186.0,7,0
3607169665,5,29721,8.625,297202409,0,100,0.0,10.0,200.0,186.0,7,0
3607169665,5,29722,8.625,297212409,0,100,0.0,10.0,200.0,186.0,7,0
3607169665,5,29723,8.625,297222409,0,100,0.0,10.0,200.0,186.0,7,0
3607169665,5,29724,8.625,297232409,0,100,0.0,10.0,200.0,186.0,7,0
3607169665,5,29725,8.625,297242409,0,100,0.0,10.0,200.0,186.0,7,0
3607169665,5,29726,8.625,297252409,0,100,0.0,10.0,200.0,186.0,7,0
3607169665,5,29727,8.843000000000757,297262409,0,100,0.0,10.0,200.0,186.0,7,0
3607169665,5,29728,8.843000000000757,297272409,0,100,0.0,10.0,200.0,186.0,7,0
3607169665,5,29729,8.843000000000757,297282409,0,100,0.0,10.0,200.0,186.0,7,0
3607169665,5,29730,8.843000000000757,297292409,0,100,0.0,10.0,200.0,186.0,7,0
3607169665,5,29731,8.843000000000757,297302409,0,100,0.0,10.0,200.0,186.0,7,0
3607169665,5,29732,8.843000000000757,297312409,0,100,0.0,10.0,200.0,186.0,7,0
3607169665,5,29733,8.843000000000757,297322409,0,100,0.0,10.0,200.0,186.0,7,0
3607169665,5,29734,8.843000000000757,297332409,0,100,0.0,10.0,200.0,186.0,7,0
3607169665,5,29735,8.843000000000757,297342409,0,100,0.0,10.0,200.0,186.0,7,0
3607169665,5,29736,8.843000000000757,297352409,0,100,0.0,10.0,200.0,186.0,7,0
3607169665,5,29737,8.843000000000757,297362409,0,100,0.0,10.0,200.0,186.0,7,0
3607169665,5,29738,8.843000000000757,297372409,0,100,0.0,10.0,200.0,186.0,7,0
3607169665,5,29739,8.843000000000757,297382409,0,100,0.0,10.0,200.0,186.0,7,0
3607169665,5,29740,8.843000000000757,297392409,0,100,0.0,10.0,200.0,186.0,7,0
3607169665,5,29741,8.843000000000757,297402409,0,100,0.0,10.0,200.0,186.0,7,0
3607169665,5,29742,8.843000000000757,297412409,0,100,0.0,10.0,200.0,186.0,7,0
3607169665,5,29743,8.843000000000757,297422409,0,100,0.0,10.0,200.0,186.0,7,0
3607169665,5,29744,8.843000000000757,297432409,0,100,0.0,10.0,200.0,186.0,7,0
3607169665,5,29745,8.843000000000757,297442409,0,100,0.0,10.0,200.0,186.0,7,0
3607169665,5,29746,8.843000000000757,297452409,0,100,0.0,10.0,200.0,186.0,7,0
3607169665,5,29747,8.843000000000757,297462409,0,100,0.0,10.0,200.0,186.0,7,0
3607169665,5,29748,8.843000000000757,297472409,0,100,0.0,10.0,200.0,186.0,7,0
3607169665,5,29749,8.843000000000757,297482409,0,100,0.0,10.0,200.0,186.0,7,0
3607169665,5,29750,8.843000000000757,297492409,0,100,0.0,10.0,200.0,186.0,7,0
3607169665,5,29751,9.42200000000048,297502409,0,100,0.0,10.0,200.0,186.0,7,0
3607169665,5,29752,9.42200000000048,297512409,0,100,0.0,10.0,200.0,186.0,7,0
3607169665,5,29753,9.42200000000048,297522409,0,100,0.0,10.0,200.0,186.0,7,0
3607169665,5,29754,9.42200000000048,297532409,0,100,0.0,10.0,200.0,186.0,7,0
3607169665,5,29755,9.42200000000048,297542409,0,100,0.0,10.0,200.0,186.0,7,0
3607169665,5,29756,9.42200000000048,297552409,0,100,0.0,10.0,200.0,186.0,7,0
3607169665,5,29757,9.42200000000048,297562409,0,100,0.0,10.0,200.0,186.0,7,0
3607169665,5,29758,9.42200000000048,297572409,0,100,0.0,10.0,200.0,186.0,7,0
3607169665,5,29759,9.42200000000048,297582409,0,100,0.0,10.0,200.0,186.0,7,0
3607169665,5,29760,9.42200000000048,297592409,0,100,0.0,10.0,200.0,186.0,7,0
3607169665,5,29761,9.42200000000048,297602409,0,100,0.0,10.0,200.0,186.0,7,0
3607169665,5,29762,9.42200000000048,297612409,0,100,0.0,10.0,200.0,186.0,7,0
3607169665,5,29763,9.42200000000048,297622409,0,100,0.0,10.0,200.0,186.0,7,0
3607169665,5,29764,9.42200000000048,297632409,0,100,0.0,10.0,200.0,186.0,7,0
3607169665,5,29765,9.42200000000048,297642409,0,100,0.0,10.0,200.0,186.0,7,0
3607169665,5,29766,9.42200000000048,297652409,0,100,0.0,10.0,200.0,186.0,7,0
3607169665,5,29767,9.42200000000048,297662409,0,100,0.0,10.0,200.0,186.0,7,0
3607169665,5,29768,9.42200000000048,297672409,0,100,0.0,10.0,200.0,186.0,7,0
3607169665,5,29769,9.42200000000048,297682409,0,100,0.0,10.0,200.0,186.0,7,0
3607169665,5,29770,9.42200000000048,297692409,0,100,0.0,10.0,200.0,186.0,7,0
3607169665,5,29771,9.42200000000048,297702411,0,100,0.0,10.0,200.0,186.0,7,0
3607169665,5,29772,9.42200000000048,297712409,0,100,0.0,10.0,200.0,186.0,7,0
3607169665,5,29773,9.42200000000048,297722409,0,100,0.0,10.0,200.0,186.0,7,0
3607169665,5,29774,9.42200000000048,297732409,0,100,0.0,10.0,200.0,186.0,7,0
3607169665,5,29775,9.42200000000048,297742409,0,100,0.0,10.0,200.0,186.0,7,0
3607169665,5,29776,9.42200000000048,297752409,0,100,0.0,10.0,200.0,186.0,7,0
3607169665,5,29777,9.42200000000048,297762410,0,100,0.0,10.0,200.0,186.0,7,0
3607169665,5,29778,9.42200000000048,297772409,0,100,0.0,10.0,200.0,186.0,7,0
3607169665,5,29779,9.42200000000048,297782409,0,100,0.0,10.0,200.0,186.0,7,0
3607169665,5,29780,9.42200000000048,297792409,0,100,0.0,10.0,200.0,186.0,7,0
3607169665,5,29781,9.42200000000048,297802409,0,100,0.0,10.0,200.0,186.0,7,0
3607169665,5,29782,9.42200000000048,297812409,0,100,0.0,10.0,200.0,186.0,7,0
3607169665,5,29783,9.42200000000048,297822409,0,100,0.0,10.0,200.0,186.0,7,0
3607169665,5,29784,9.42200000000048,297832409,0,100,0.0,10.0,200.0,186.0,7,0
3607169665,5,29785,9.42200000000048,297842409,0,100,0.0,10.0,200.0,186.0,7,0
3607169665,5,29786,9.42200000000048,297852409,0,100,0.0,10.0,200.0,186.0,7,0
3607169665,5,29787,9.42200000000048,297862409,0,100,0.0,10.0,200.0,186.0,7,0
3607169665,5,29788,9.42200000000048,297872409,0,100,0.0,10.0,200.0,186.0,7,0
3607169665,5,29789,9.42200000000048,297882409,0,100,0.0,10.0,200.0,186.0,7,0
3607169665,5,29790,9.42200000000048,297892409,0,100,0.0,10.0,200.0,186.0,7,0
3607169665,5,29791,9.42200000000048,297902409,0,100,0.0,10.0,200.0,186.0,7,0
3607169665,5,29792,9.42200000000048,297912409,0,100,0.0,10.0,200.0,186.0,7,0
3607169665,5,29793,9.42200000000048,297922409,0,100,0.0,10.0,200.0,186.0,7,0
3607169665,5,29794,9.42200000000048,297932409,0,100,0.0,10.0,200.0,186.0,7,0
3607169665,5,29795,9.42200000000048,297942409,0,100,0.0,10.0,200.0,186.0,7,0
3607169665,5,29796,9.42200000000048,297952409,0,100,0.0,10.0,200.0,186.0,7,0
3607169665,5,29797,9.42200000000048,297962409,0,100,0.0,10.0,200.0,186.0,7,0
3607169665,5,29798,9.42200000000048,297972409,0,100,0.0,10.0,200.0,186.0,7,0
3607169665,5,29799,9.42200000000048,297982409,0,100,0.0,10.0,200.0,186.0,7,0
3607169665,5,29800,9.42200000000048,297992409,0,100,0.0,10.0,200.0,186.0,7,0
3607169665,5,29801,9.42200000000048,298002409,0,100,0.0,10.0,200.0,186.0,7,0
3607169665,5,29802,9.42200000000048,298012409,0,100,0.0,10.0,200.0,186.0,7,0
3607169665,5,29803,9.42200000000048,298022409,0,100,0.0,10.0,200.0,186.0,7,0
3607169665,5,29804,9.42200000000048,298032409,0,100,0.0,10.0,200.0,186.0,7,0
3607169665,5,29805,9.42200000000048,298042409,0,100,0.0,10.0,200.0,186.0,7,0
3607169665,5,29806,9.42200000000048,298052409,0,100,0.0,10.0,200.0,186.0,7,0
3607169665,5,29807,9.92200000000048,298062409,0,100,0.0,10.0,200.0,186.0,7,0
3607169665,5,29808,9.92200000000048,298072409,0,100,0.0,10.0,200.0,186.0,7,0
3607169665,5,29809,9.92200000000048,298082409,0,100,0.0,10.0,200.0,186.0,7,0
3607169665,5,29810,9.92200000000048,298092409,0,100,0.0,10.0,200.0,186.0,7,0
3607169665,5,29811,9.92200000000048,298102409,0,100,0.0,10.0,200.0,186.0,7,0
3607169665,5,29812,9.92200000000048,298112409,0,100,0.0,10.0,200.0,186.0,7,0
3607169665,5,29813,9.92200000000048,298122409,0,100,0.0,10.0,200.0,186.0,7,0
3607169665,5,29814,9.92200000000048,298132409,0,100,0.0,10.0,200.0,186.0,7,0
3607169665,5,29815,9.92200000000048,298142409,0,100,0.0,10.0,200.0,186.0,7,0
3607169665,5,29816,9.92200000000048,298152409,0,100,0.0,10.0,200.0,186.0,7,0
3607169665,5,29817,9.92200000000048,298162409,0,100,0.0,10.0,200.0,186.0,7,0
3607169665,5,29818,9.92200000000048,298172409,0,100,0.0,10.0,200.0,186.0,7,0
3607169665,5,29819,9.92200000000048,298182409,0,100,0.0,10.0,200.0,186.0,7,0
3607169665,5,29820,9.92200000000048,298192409,0,100,0.0,10.0,200.0,186.0,7,0
3607169665,5,29821,9.92200000000048,298202409,0,100,0.0,10.0,200.0,186.0,7,0
3607169665,5,29822,9.92200000000048,298212409,0,100,0.0,10.0,200.0,186.0,7,0
3607169665,5,29823,9.92200000000048,298222409,0,100,0.0,10.0,200.0,186.0,7,0
3607169665,5,29824,9.92200000000048,298232409,0,100,0.0,10.0,200.0,186.0,7,0
3607169665,5,29825,9.92200000000048,298242409,0,100,0.0,10.0,200.0,186.0,7,0
3607169665,5,29826,9.92200000000048,298252409,0,100,0.0,10.0,200.0,186.0,7,0
3607169665,5,29827,9.92200000000048,298262409,0,100,0.0,10.0,200.0,186.0,7,0
3607169665,5,29828,9.92200000000048,298272409,0,100,0.0,10.0,200.0,186.0,7,0
3607169665,5,29829,9.92200000000048,298282409,0,100,0.0,10.0,200.0,186.0,7,0
3607169665,5,29830,9.92200000000048,298292409,0,100,0.0,10.0,200.0,186.0,7,0
3607169665,5,29831,9.92200000000048,298302409,0,100,0.0,10.0,200.0,186.0,7,0
3607169665,5,29832,9.92200000000048,298312409,0,100,0.0,10.0,200.0,186.0,7,0
3607169665,5,29833,9.92200000000048,298322409,0,100,0.0,10.0,200.0,186.0,7,0
3607169665,5,29834,9.92200000000048,298332409,0,100,0.0,10.0,200.0,186.0,7,0
3607169665,5,29835,9.92200000000048,298342409,0,100,0.0,10.0,200.0,186.0,7,0
3607169665,5,29836,9.92200000000048,298352409,0,100,0.0,10.0,200.0,186.0,7,0
3607169665,5,29837,9.92200000000048,298362409,0,100,0.0,10.0,200.0,186.0,7,0
3607169665,5,29838,9.92200000000048,298372409,0,100,0.0,10.0,200.0,186.0,7,0
3607169665,5,29839,9.92200000000048,298382409,0,100,0.0,10.0,200.0,186.0,7,0
3607169665,5,29840,9.92200000000048,298392409,0,100,0.0,10.0,200.0,186.0,7,0
3607169665,5,29841,9.92200000000048,298402409,0,100,0.0,10.0,200.0,186.0,7,0
3607169665,5,29842,9.92200000000048,298412409,0,100,0.0,10.0,200.0,186.0,7,0
3607169665,5,29843,9.92200000000048,298422409,0,100,0.0,10.0,200.0,186.0,7,0
3607169665,5,29844,9.92200000000048,298432409,0,100,0.0,10.0,200.0,186.0,7,0
3607169665,5,29845,9.92200000000048,298442409,0,100,0.0,10.0,200.0,186.0,7,0
3607169665,5,29846,9.92200000000048,298452409,0,100,0.0,10.0,200.0,186.0,7,0
3607169665,5,29847,9.92200000000048,298462409,0,100,0.0,10.0,200.0,186.0,7,0
3607169665,5,29848,9.92200000000048,298472409,0,100,0.0,10.0,200.0,186.0,7,0
3607169665,5,29849,9.92200000000048,298482409,0,100,0.0,10.0,200.0,186.0,7,0
3607169665,5,29850,9.92200000000048,298492409,0,100,0.0,10.0,200.0,186.0,7,0
3607169665,5,29851,9.92200000000048,298502409,0,100,0.0,10.0,200.0,186.0,7,0
3607169665,5,29852,9.92200000000048,298512409,0,100,0.0,10.0,200.0,186.0,7,0
3607169665,5,29853,9.92200000000048,298522409,0,100,0.0,10.0,200.0,186.0,7,0
3607169665,5,29854,9.92200000000048,298532409,0,100,0.0,10.0,200.0,186.0,7,0
3607169665,5,29855,9.92200000000048,298542409,0,100,0.0,10.0,200.0,186.0,7,0
3607169665,5,29856,9.92200000000048,298552409,0,100,0.0,10.0,200.0,186.0,7,0
3607169665,5,29857,9.92200000000048,298562409,0,100,0.0,10.0,200.0,186.0,7,0
3607169665,5,29858,9.92200000000048,298572409,0,100,0.0,10.0,200.0,186.0,7,0
3607169665,5,29859,9.92200000000048,298582409,0,100,0.0,10.0,200.0,186.0,7,0
3607169665,5,29860,9.92200000000048,298592409,0,100,0.0,10.0,200.0,186.0,7,0
3607169665,5,29861,9.92200000000048,298602409,0,100,0.0,10.0,200.0,186.0,7,0
3607169665,5,29862,9.92200000000048,298612409,0,100,0.0,10.0,200.0,186.0,7,0
3607169665,5,29863,10.5,298622409,0,100,0.0,10.0,200.0,186.0,7,0
3607169665,5,29864,10.5,298632409,0,100,0.0,10.0,200.0,186.0,7,0
3607169665,5,29865,10.5,298642409,0,100,0.0,10.0,200.0,186.0,7,0
3607169665,5,29866,10.5,298652409,0,100,0.0,10.0,200.0,186.0,7,0
3607169665,5,29867,10.5,298662409,0,100,0.0,10.0,200.0,186.0,7,0
3607169665,5,29868,10.5,298672409,0,100,0.0,10.0,200.0,186.0,7,0
3607169665,5,29869,10.5,298682409,0,100,0.0,10.0,200.0,186.0,7,0
3607169665,5,29870,10.5,298692409,0,100,0.0,10.0,200.0,186.0,7,0
3607169665,5,29871,10.5,298702409,0,100,0.0,10.0,200.0,186.0,7,0
3607169665,5,29872,10.5,298712409,0,100,0.0,10.0,200.0,186.0,7,0
3607169665,5,29873,10.5,298722409,0,100,0.0,10.0,200.0,186.0,7,0
3607169665,5,29874,10.5,298732409,0,100,0.0,10.0,200.0,186.0,7,0
3607169665,5,29875,10.5,298742409,0,100,0.0,10.0,200.0,186.0,7,0
3607169665,5,29876,10.5,298752409,0,100,0.0,10.0,200.0,186.0,7,0
3607169665,5,29877,10.5,298762409,0,100,0.0,10.0,200.0,186.0,7,0
3607169665,5,29878,10.5,298772409,0,100,0.0,10.0,200.0,186.0,7,0
3607169665,5,29879,10.5,298782409,0,100,0.0,10.0,200.0,186.0,7,0
3607169665,5,29880,10.5,298792409,0,100,0.0,10.0,200.0,186.0,7,0
3607169665,5,29881,10.5,298802409,0,100,0.0,10.0,200.0,186.0,7,0
3607169665,5,29882,10.5,298812409,0,100,0.0,10.0,200.0,186.0,7,0
3607169665,5,29883,10.5,298822409,0,100,0.0,10.0,200.0,186.0,7,0
3607169665,5,29884,10.5,298832409,0,100,0.0,10.0,200.0,186.0,7,0
3607169665,5,29885,10.5,298842409,0,100,0.0,10.0,200.0,186.0,7,0
3607169665,5,29886,10.5,298852409,0,100,0.0,10.0,200.0,186.0,7,0
3607169665,5,29887,10.5,298862409,0,100,0.0,10.0,200.0,186.0,7,0
3607169665,5,29888,10.5,298872409,0,100,0.0,10.0,200.0,186.0,7,0
3607169665,5,29889,10.5,298882409,0,100,0.0,10.0,200.0,186.0,7,0
3607169665,5,29890,10.5,298892409,0,100,0.0,10.0,200.0,186.0,7,0
3607169665,5,29891,10.5,298902409,0,100,0.0,10.0,200.0,186.0,7,0
3607169665,5,29892,10.5,298912409,0,100,0.0,10.0,200.0,186.0,7,0
3607169665,5,29893,10.5,298922409,0,100,0.0,10.0,200.0,186.0,7,0
3607169665,5,29894,10.5,298932409,0,100,0.0,10.0,200.0,186.0,7,0
3607169665,5,29895,10.5,298942409,0,100,0.0,10.0,200.0,186.0,7,0
3607169665,5,29896,10.5,298952409,0,100,0.0,10.0,200.0,186.0,7,0
3607169665,5,29897,10.5,298962409,0,100,0.0,10.0,200.0,186.0,7,0
3607169665,5,29898,10.5,298972409,0,100,0.0,10.0,200.0,186.0,7,0
3607169665,5,29899,10.5,298982409,0,100,0.0,10.0,200.0,186.0,7,0
3607169665,5,29900,10.5,298992409,0,100,0.0,10.0,200.0,186.0,7,0
3607169665,5,29901,10.5,299002409,0,100,0.0,10.0,200.0,186.0,7,0
3607169665,5,29902,10.5,299012409,0,100,0.0,10.0,200.0,186.0,7,0
3607169665,5,29903,10.5,299022409,0,100,0.0,10.0,200.0,186.0,7,0
3607169665,5,29904,10.5,299032409,0,100,0.0,10.0,200.0,186.0,7,0
3607169665,5,29905,10.5,299042409,0,100,0.0,10.0,200.0,186.0,7,0
3607169665,5,29906,10.5,299052409,0,100,0.0,10.0,200.0,186.0,7,0
3607169665,5,29907,10.5,299062409,0,100,0.0,10.0,200.0,186.0,7,0
3607169665,5,29908,10.5,299072409,0,100,0.0,10.0,200.0,186.0,7,0
3607169665,5,29909,10.5,299082409,0,100,0.0,10.0,200.0,186.0,7,0
3607169665,5,29910,10.5,299092409,0,100,0.0,10.0,200.0,186.0,7,0
3607169665,5,29911,10.5,299102409,0,100,0.0,10.0,200.0,186.0,7,0
3607169665,5,29912,10.5,299112409,0,100,0.0,10.0,200.0,186.0,7,0
3607169665,5,29913,10.5,299122409,0,100,0.0,10.0,200.0,186.0,7,0
3607169665,5,29914,10.5,299132409,0,100,0.0,10.0,200.0,186.0,7,0
3607169665,5,29915,10.5,299142409,0,100,0.0,10.0,200.0,186.0,7,0
3607169665,5,29916,10.5,299152409,0,100,0.0,10.0,200.0,186.0,7,0
3607169665,5,29917,10.5,299162409,0,100,0.0,10.0,200.0,186.0,7,0
3607169665,5,29918,10.5,299172409,0,100,0.0,10.0,200.0,186.0,7,0
3607169665,5,29919,10.843000000000757,299182409,0,100,0.0,10.0,200.0,186.0,7,0
3607169665,5,29920,10.843000000000757,299192409,0,100,0.0,10.0,200.0,186.0,7,0
3607169665,5,29921,10.843000000000757,299202409,0,100,0.0,10.0,200.0,186.0,7,0
3607169665,5,29922,10.843000000000757,299212409,0,100,0.0,10.0,200.0,186.0,7,0
3607169665,5,29923,10.843000000000757,299222409,0,100,0.0,10.0,200.0,186.0,7,0
3607169665,5,29924,10.843000000000757,299232409,0,100,0.0,10.0,200.0,186.0,7,0
3607169665,5,29925,10.843000000000757,299242409,0,100,0.0,10.0,200.0,186.0,7,0
3607169665,5,29926,10.843000000000757,299252409,0,100,0.0,10.0,200.0,186.0,7,0
3607169665,5,29927,10.843000000000757,299262409,0,100,0.0,10.0,200.0,186.0,7,0
3607169665,5,29928,10.843000000000757,299272409,0,100,0.0,10.0,200.0,186.0,7,0
3607169665,5,29929,10.843000000000757,299282409,0,100,0.0,10.0,200.0,186.0,7,0
3607169665,5,29930,10.843000000000757,299292409,0,100,0.0,10.0,200.0,186.0,7,0
3607169665,5,29931,10.843000000000757,299302409,0,100,0.0,10.0,200.0,186.0,7,0
3607169665,5,29932,10.843000000000757,299312409,0,100,0.0,10.0,200.0,186.0,7,0
3607169665,5,29933,10.843000000000757,299322409,0,100,0.0,10.0,200.0,186.0,7,0
3607169665,5,29934,10.843000000000757,299332409,0,100,0.0,10.0,200.0,186.0,7,0
3607169665,5,29935,10.843000000000757,299342409,0,100,0.0,10.0,200.0,186.0,7,0
3607169665,5,29936,10.843000000000757,299352409,0,100,0.0,10.0,200.0,186.0,7,0
3607169665,5,29937,10.843000000000757,299362409,0,100,0.0,10.0,200.0,186.0,7,0
3607169665,5,29938,10.843000000000757,299372409,0,100,0.0,10.0,200.0,186.0,7,0
3607169665,5,29939,10.843000000000757,299382409,0,100,0.0,10.0,200.0,186.0,7,0
3607169665,5,29940,10.843000000000757,299392409,0,100,0.0,10.0,200.0,186.0,7,0
3607169665,5,29941,10.843000000000757,299402409,0,100,0.0,10.0,200.0,186.0,7,0
3607169665,5,29942,10.843000000000757,299412409,0,100,0.0,10.0,200.0,186.0,7,0
3607169665,5,29943,10.843000000000757,299422409,0,100,0.0,10.0,200.0,186.0,7,0
3607169665,5,29944,10.843000000000757,299432409,0,100,0.0,10.0,200.0,186.0,7,0
3607169665,5,29945,10.843000000000757,299442409,0,100,0.0,10.0,200.0,186.0,7,0
3607169665,5,29946,10.843000000000757,299452409,0,100,0.0,10.0,200.0,186.0,7,0
3607169665,5,29947,10.843000000000757,299462409,0,100,0.0,10.0,200.0,186.0,7,0
3607169665,5,29948,10.843000000000757,299472409,0,100,0.0,10.0,200.0,186.0,7,0
3607169665,5,29949,10.843000000000757,299482409,0,100,0.0,10.0,200.0,186.0,7,0
3607169665,5,29950,10.843000000000757,299492409,0,100,0.0,10.0,200.0,186.0,7,0
3607169665,5,29951,11.390000000001237,299502409,0,100,0.0,10.0,200.0,186.0,7,0
3607169665,5,29952,11.390000000001237,299512409,0,100,0.0,10.0,200.0,186.0,7,0
3607169665,5,29953,11.390000000001237,299522409,0,100,0.0,10.0,200.0,186.0,7,0
3607169665,5,29954,11.390000000001237,299532409,0,100,0.0,10.0,200.0,186.0,7,0
3607169665,5,29955,11.390000000001237,299542409,0,100,0.0,10.0,200.0,186.0,7,0
3607169665,5,29956,11.390000000001237,299552409,0,100,0.0,10.0,200.0,186.0,7,0
3607169665,5,29957,11.390000000001237,299562409,0,100,0.0,10.0,200.0,186.0,7,0
3607169665,5,29958,11.390000000001237,299572409,0,100,0.0,10.0,200.0,186.0,7,0
3607169665,5,29959,11.390000000001237,299582409,0,100,0.0,10.0,200.0,186.0,7,0
3607169665,5,29960,11.390000000001237,299592409,0,100,0.0,10.0,200.0,186.0,7,0
3607169665,5,29961,11.390000000001237,299602410,0,100,0.0,10.0,200.0,186.0,7,0
3607169665,5,29962,11.390000000001237,299612409,0,100,0.0,10.0,200.0,186.0,7,0
3607169665,5,29963,11.390000000001237,299622409,0,100,0.0,10.0,200.0,186.0,7,0
3607169665,5,29964,11.390000000001237,299632409,0,100,0.0,10.0,200.0,186.0,7,0
3607169665,5,29965,11.390000000001237,299642409,0,100,0.0,10.0,200.0,186.0,7,0
3607169665,5,29966,11.390000000001237,299652409,0,100,0.0,10.0,200.0,186.0,7,0
3607169665,5,29967,11.390000000001237,299662409,0,100,0.0,10.0,200.0,186.0,7,0
3607169665,5,29968,11.390000000001237,299672409,0,100,0.0,10.0,200.0,186.0,7,0
3607169665,5,29969,11.390000000001237,299682409,0,100,0.0,10.0,200.0,186.0,7,0
3607169665,5,29970,11.390000000001237,299692409,0,100,0.0,10.0,200.0,186.0,7,0
3607169665,5,29971,11.390000000001237,299702409,0,100,0.0,10.0,200.0,186.0,7,0
3607169665,5,29972,11.390000000001237,299712409,0,100,0.0,10.0,200.0,186.0,7,0
3607169665,5,29973,11.390000000001237,299722409,0,100,0.0,10.0,200.0,186.0,7,0
3607169665,5,29974,11.390000000001237,299732409,0,100,0.0,10.0,200.0,186.0,7,0
3607169665,5,29975,11.390000000001237,299742409,0,100,0.0,10.0,200.0,186.0,7,0
3607169665,5,29976,11.390000000001237,299752409,0,100,0.0,10.0,200.0,186.0,7,0
3607169665,5,29977,11.390000000001237,299762409,0,100,0.0,10.0,200.0,186.0,7,0
3607169665,5,29978,11.390000000001237,299772409,0,100,0.0,10.0,200.0,186.0,7,0
3607169665,5,29979,11.390000000001237,299782409,0,100,0.0,10.0,200.0,186.0,7,0
3607169665,5,29980,11.390000000001237,299792409,0,100,0.0,10.0,200.0,186.0,7,0
3607169665,5,29981,11.390000000001237,299802409,0,100,0.0,10.0,200.0,186.0,7,0
3607169665,5,29982,11.390000000001237,299812409,0,100,0.0,10.0,200.0,186.0,7,0
3607169665,5,29983,11.390000000001237,299822409,0,100,0.0,10.0,200.0,186.0,7,0
3607169665,5,29984,11.390000000001237,299832409,0,100,0.0,10.0,200.0,186.0,7,0
3607169665,5,29985,11.390000000001237,299842409,0,100,0.0,10.0,200.0,186.0,7,0
3607169665,5,29986,11.390000000001237,299852409,0,100,0.0,10.0,200.0,186.0,7,0
3607169665,5,29987,11.390000000001237,299862409,0,100,0.0,10.0,200.0,186.0,7,0
3607169665,5,29988,11.390000000001237,299872409,0,100,0.0,10.0,200.0,186.0,7,0
3607169665,5,29989,11.390000000001237,299882409,0,100,0.0,10.0,200.0,186.0,7,0
3607169665,5,29990,11.390000000001237,299892409,0,100,0.0,10.0,200.0,186.0,7,0
3607169665,5,29991,11.390000000001237,299902409,0,100,0.0,10.0,200.0,186.0,7,0
3607169665,5,29992,11.390000000001237,299912409,0,100,0.0,10.0,200.0,186.0,7,0
3607169665,5,29993,11.390000000001237,299922409,0,100,0.0,10.0,200.0,186.0,7,0
3607169665,5,29994,11.390000000001237,299932409,0,100,0.0,10.0,200.0,186.0,7,0
3607169665,5,29995,11.390000000001237,299942409,0,100,0.0,10.0,200.0,186.0,7,0
3607169665,5,29996,11.390000000001237,299952409,0,100,0.0,10.0,200.0,186.0,7,0
3607169665,5,29997,11.390000000001237,299962409,0,100,0.0,10.0,200.0,186.0,7,0
3607169665,5,29998,11.390000000001237,299972409,0,100,0.0,10.0,200.0,186.0,7,0
3607169665,5,29999,11.390000000001237,299982409,0,100,0.0,10.0,200.0,186.0,7,0
3607169665,5,30000,11.390000000001237,299992409,0,100,0.0,10.0,200.0,186.0,7,0
3607169665,5,30001,11.390000000001237,300002409,0,100,0.0,10.0,200.0,186.0,7,0
3607169665,5,30002,11.390000000001237,300012409,0,100,0.0,10.0,200.0,186.0,7,0
3607169665,5,30003,11.390000000001237,300022409,0,100,0.0,10.0,200.0,186.0,7,0
3607169665,5,30004,11.390000000001237,300032409,0,100,0.0,10.0,200.0,186.0,7,0
3607169665,5,30005,11.390000000001237,300042409,0,100,0.0,10.0,200.0,186.0,7,0
3607169665,5,30006,11.390000000001237,300052409,0,100,0.0,10.0,200.0,186.0,7,0
3607169665,5,30007,11.859000000000378,300062409,0,100,0.0,10.0,200.0,186.0,7,0
3607169665,5,30008,11.859000000000378,300072409,0,100,0.0,10.0,200.0,186.0,7,0
3607169665,5,30009,11.859000000000378,300082409,0,100,0.0,10.0,200.0,186.0,7,0
3607169665,5,30010,11.859000000000378,300092409,0,100,0.0,10.0,200.0,186.0,7,0
3607169665,5,30011,11.859000000000378,300102409,0,100,0.0,10.0,200.0,186.0,7,0
3607169665,5,30012,11.859000000000378,300112409,0,100,0.0,10.0,200.0,186.0,7,0
3607169665,5,30013,11.859000000000378,300122409,0,100,0.0,10.0,200.0,186.0,7,0
3607169665,5,30014,11.859000000000378,300132409,0,100,0.0,10.0,200.0,186.0,7,0
3607169665,5,30015,11.859000000000378,300142409,0,100,0.0,10.0,200.0,186.0,7,0
3607169665,5,30016,11.859000000000378,300152409,0,100,0.0,10.0,200.0,186.0,7,0
3607169665,5,30017,11.859000000000378,300162409,0,100,0.0,10.0,200.0,186.0,7,0
3607169665,5,30018,11.859000000000378,300172409,0,100,0.0,10.0,200.0,186.0,7,0
3607169665,5,30019,11.859000000000378,300182409,0,100,0.0,10.0,200.0,186.0,7,0
3607169665,5,30020,11.859000000000378,300192409,0,100,0.0,10.0,200.0,186.0,7,0
3607169665,5,30021,11.859000000000378,300202409,0,100,0.0,10.0,200.0,186.0,7,0
3607169665,5,30022,11.859000000000378,300212409,0,100,0.0,10.0,200.0,186.0,7,0
3607169665,5,30023,11.859000000000378,300222409,0,100,0.0,10.0,200.0,186.0,7,0
3607169665,5,30024,11.859000000000378,300232409,0,100,0.0,10.0,200.0,186.0,7,0
3607169665,5,30025,11.859000000000378,300242409,0,100,0.0,10.0,200.0,186.0,7,0
3607169665,5,30026,11.859000000000378,300252409,0,100,0.0,10.0,200.0,186.0,7,0
3607169665,5,30027,11.859000000000378,300262409,0,100,0.0,10.0,200.0,186.0,7,0
3607169665,5,30028,11.859000000000378,300272409,0,100,0.0,10.0,200.0,186.0,7,0
3607169665,5,30029,11.859000000000378,300282409,0,100,0.0,10.0,200.0,186.0,7,0
3607169665,5,30030,11.859000000000378,300292409,0,100,0.0,10.0,200.0,186.0,7,0
3607169665,5,30031,11.859000000000378,300302409,0,100,0.0,10.0,200.0,186.0,7,0
3607169665,5,30032,11.859000000000378,300312409,0,100,0.0,10.0,200.0,186.0,7,0
3607169665,5,30033,11.859000000000378,300322409,0,100,0.0,10.0,200.0,186.0,7,0
3607169665,5,30034,11.859000000000378,300332409,0,100,0.0,10.0,200.0,186.0,7,0
3607169665,5,30035,11.859000000000378,300342409,0,100,0.0,10.0,200.0,186.0,7,0
3607169665,5,30036,11.859000000000378,300352409,0,100,0.0,10.0,200.0,186.0,7,0
3607169665,5,30037,11.859000000000378,300362409,0,100,0.0,10.0,200.0,186.0,7,0
3607169665,5,30038,11.859000000000378,300372409,0,100,0.0,10.0,200.0,186.0,7,0
3607169665,5,30039,11.859000000000378,300382409,0,100,0.0,10.0,200.0,186.0,7,0
3607169665,5,30040,11.859000000000378,300392409,0,100,0.0,10.0,200.0,186.0,7,0
3607169665,5,30041,11.859000000000378,300402409,0,100,0.0,10.0,200.0,186.0,7,0
3607169665,5,30042,11.859000000000378,300412409,0,100,0.0,10.0,200.0,186.0,7,0
3607169665,5,30043,11.859000000000378,300422409,0,100,0.0,10.0,200.0,186.0,7,0
3607169665,5,30044,11.859000000000378,300432409,0,100,0.0,10.0,200.0,186.0,7,0
3607169665,5,30045,11.859000000000378,300442409,0,100,0.0,10.0,200.0,186.0,7,0
3607169665,5,30046,11.859000000000378,300452409,0,100,0.0,10.0,200.0,186.0,7,0
3607169665,5,30047,11.859000000000378,300462409,0,100,0.0,10.0,200.0,186.0,7,0
3607169665,5,30048,11.859000000000378,300472409,0,100,0.0,10.0,200.0,186.0,7,0
3607169665,5,30049,11.859000000000378,300482409,0,100,0.0,10.0,200.0,186.0,7,0
3607169665,5,30050,11.859000000000378,300492409,0,100,0.0,10.0,200.0,186.0,7,0
3607169665,5,30051,11.859000000000378,300502409,0,100,0.0,10.0,200.0,186.0,7,0
3607169665,5,30052,11.859000000000378,300512409,0,100,0.0,10.0,200.0,186.0,7,0
3607169665,5,30053,11.859000000000378,300522409,0,100,0.0,10.0,200.0,186.0,7,0
3607169665,5,30054,11.859000000000378,300532409,0,100,0.0,10.0,200.0,186.0,7,0
3607169665,5,30055,12.093000000000757,300542409,0,100,0.0,10.0,200.0,186.0,7,0
3607169665,5,30056,12.093000000000757,300552409,0,100,0.0,10.0,200.0,186.0,7,0
3607169665,5,30057,12.093000000000757,300562409,0,100,0.0,10.0,200.0,186.0,7,0
3607169665,5,30058,12.093000000000757,300572409,0,100,0.0,10.0,200.0,186.0,7,0
3607169665,5,30059,12.093000000000757,300582409,0,100,0.0,10.0,200.0,186.0,7,0
3607169665,5,30060,12.093000000000757,300592409,0,100,0.0,10.0,200.0,186.0,7,0
3607169665,5,30061,12.093000000000757,300602409,0,100,0.0,10.0,200.0,186.0,7,0
3607169665,5,30062,12.093000000000757,300612409,0,100,0.0,10.0,200.0,186.0,7,0
3607169665,5,30063,12.093000000000757,300622409,0,100,0.0,10.0,200.0,186.0,7,0
3607169665,5,30064,12.093000000000757,300632409,0,100,0.0,10.0,200.0,186.0,7,0
3607169665,5,30065,12.093000000000757,300642409,0,100,0.0,10.0,200.0,186.0,7,0
3607169665,5,30066,12.093000000000757,300652409,0,100,0.0,10.0,200.0,186.0,7,0
3607169665,5,30067,12.093000000000757,300662409,0,100,0.0,10.0,200.0,186.0,7,0
3607169665,5,30068,12.093000000000757,300672409,0,100,0.0,10.0,200.0,186.0,7,0
3607169665,5,30069,12.093000000000757,300682409,0,100,0.0,10.0,200.0,186.0,7,0
3607169665,5,30070,12.093000000000757,300692409,0,100,0.0,10.0,200.0,186.0,7,0
3607169665,5,30071,12.093000000000757,300702409,0,100,0.0,10.0,200.0,186.0,7,0
3607169665,5,30072,12.093000000000757,300712409,0,100,0.0,10.0,200.0,186.0,7,0
3607169665,5,30073,12.093000000000757,300722409,0,100,0.0,10.0,200.0,186.0,7,0
3607169665,5,30074,12.093000000000757,300732409,0,100,0.0,10.0,200.0,186.0,7,0
3607169665,5,30075,12.093000000000757,300742410,0,100,0.0,10.0,200.0,186.0,7,0
3607169665,5,30076,12.093000000000757,300752409,0,100,0.0,10.0,200.0,186.0,7,0
3607169665,5,30077,12.093000000000757,300762409,0,100,0.0,10.0,200.0,186.0,7,0
3607169665,5,30078,12.093000000000757,300772409,0,100,0.0,10.0,200.0,186.0,7,0
3607169665,5,30079,12.686999999999898,300782409,0,100,0.0,10.0,200.0,186.0,7,0
3607169665,5,30080,12.686999999999898,300792409,0,100,0.0,10.0,200.0,186.0,7,0
3607169665,5,30081,12.686999999999898,300802409,0,100,0.0,10.0,200.0,186.0,7,0
3607169665,5,30082,12.686999999999898,300812409,0,100,0.0,10.0,200.0,186.0,7,0
3607169665,5,30083,12.686999999999898,300822409,0,100,0.0,10.0,200.0,186.0,7,0
3607169665,5,30084,12.686999999999898,300832409,0,100,0.0,10.0,200.0,186.0,7,0
3607169665,5,30085,12.686999999999898,300842409,0,100,0.0,10.0,200.0,186.0,7,0
3607169665,5,30086,12.686999999999898,300852409,0,100,0.0,10.0,200.0,186.0,7,0
3607169665,5,30087,12.686999999999898,300862409,0,100,0.0,10.0,200.0,186.0,7,0
3607169665,5,30088,12.686999999999898,300872409,0,100,0.0,10.0,200.0,186.0,7,0
3607169665,5,30089,12.686999999999898,300882409,0,100,0.0,10.0,200.0,186.0,7,0
3607169665,5,30090,12.686999999999898,300892409,0,100,0.0,10.0,200.0,186.0,7,0
3607169665,5,30091,12.686999999999898,300902409,0,100,0.0,10.0,200.0,186.0,7,0
3607169665,5,30092,12.686999999999898,300912409,0,100,0.0,10.0,200.0,186.0,7,0
3607169665,5,30093,12.686999999999898,300922409,0,100,0.0,10.0,200.0,186.0,7,0
3607169665,5,30094,12.686999999999898,300932409,0,100,0.0,10.0,200.0,186.0,7,0
3607169665,5,30095,12.686999999999898,300942409,0,100,0.0,10.0,200.0,186.0,7,0
3607169665,5,30096,12.686999999999898,300952409,0,100,0.0,10.0,200.0,186.0,7,0
3607169665,5,30097,12.686999999999898,300962410,0,100,0.0,10.0,200.0,186.0,7,0
3607169665,5,30098,12.686999999999898,300972409,0,100,0.0,10.0,200.0,186.0,7,0
3607169665,5,30099,12.686999999999898,300982409,0,100,0.0,10.0,200.0,186.0,7,0
3607169665,5,30100,12.686999999999898,300992409,0,100,0.0,10.0,200.0,186.0,7,0
3607169665,5,30101,12.686999999999898,301002409,0,100,0.0,10.0,200.0,186.0,7,0
3607169665,5,30102,12.686999999999898,301012409,0,100,0.0,10.0,200.0,186.0,7,0
3607169665,5,30103,12.686999999999898,301022409,0,100,0.0,10.0,200.0,186.0,7,0
3607169665,5,30104,12.686999999999898,301032409,0,100,0.0,10.0,200.0,186.0,7,0
3607169665,5,30105,12.686999999999898,301042409,0,100,0.0,10.0,200.0,186.0,7,0
3607169665,5,30106,12.686999999999898,301052409,0,100,0.0,10.0,200.0,186.0,7,0
3607169665,5,30107,12.686999999999898,301062409,0,100,0.0,10.0,200.0,186.0,7,0
3607169665,5,30108,12.686999999999898,301072409,0,100,0.0,10.0,200.0,186.0,7,0
3607169665,5,30109,12.686999999999898,301082409,0,100,0.0,10.0,200.0,186.0,7,0
3607169665,5,30110,12.686999999999898,301092409,0,100,0.0,10.0,200.0,186.0,7,0
3607169665,5,30111,12.686999999999898,301102409,0,100,0.0,10.0,200.0,186.0,7,0
3607169665,5,30112,12.686999999999898,301112409,0,100,0.0,10.0,200.0,186.0,7,0
3607169665,5,30113,12.686999999999898,301122409,0,100,0.0,10.0,200.0,186.0,7,0
3607169665,5,30114,12.686999999999898,301132409,0,100,0.0,10.0,200.0,186.0,7,0
3607169665,5,30115,12.686999999999898,301142409,0,100,0.0,10.0,200.0,186.0,7,0
3607169665,5,30116,12.686999999999898,301152409,0,100,0.0,10.0,200.0,186.0,7,0
3607169665,5,30117,12.686999999999898,301162409,0,100,0.0,10.0,200.0,186.0,7,0
3607169665,5,30118,12.686999999999898,301172409,0,100,0.0,10.0,200.0,186.0,7,0
3607169665,5,30119,12.686999999999898,301182409,0,100,0.0,10.0,200.0,186.0,7,0
3607169665,5,30120,12.686999999999898,301192409,0,100,0.0,10.0,200.0,186.0,7,0
3607169665,5,30121,12.686999999999898,301202409,0,100,0.0,10.0,200.0,186.0,7,0
3607169665,5,30122,12.686999999999898,301212409,0,100,0.0,10.0,200.0,186.0,7,0
3607169665,5,30123,12.686999999999898,301222409,0,100,0.0,10.0,200.0,186.0,7,0
3607169665,5,30124,12.686999999999898,301232409,0,100,0.0,10.0,200.0,186.0,7,0
3607169665,5,30125,12.686999999999898,301242409,0,100,0.0,10.0,200.0,186.0,7,0
3607169665,5,30126,12.686999999999898,301252409,0,100,0.0,10.0,200.0,186.0,7,0
3607169665,5,30127,12.686999999999898,301262409,0,100,0.0,10.0,200.0,186.0,7,0
3607169665,5,30128,12.686999999999898,301272409,0,100,0.0,10.0,200.0,186.0,7,0
3607169665,5,30129,12.686999999999898,301282409,0,100,0.0,10.0,200.0,186.0,7,0
3607169665,5,30130,12.686999999999898,301292409,0,100,0.0,10.0,200.0,186.0,7,0
3607169665,5,30131,12.686999999999898,301302409,0,100,0.0,10.0,200.0,186.0,7,0
3607169665,5,30132,12.686999999999898,301312409,0,100,0.0,10.0,200.0,186.0,7,0
3607169665,5,30133,12.686999999999898,301322409,0,100,0.0,10.0,200.0,186.0,7,0
3607169665,5,30134,12.686999999999898,301332409,0,100,0.0,10.0,200.0,186.0,7,0
3607169665,5,30135,13.265000000001237,301342409,0,100,0.0,10.0,200.0,186.0,7,0
3607169665,5,30136,13.265000000001237,301352409,0,100,0.0,10.0,200.0,186.0,7,0
3607169665,5,30137,13.265000000001237,301362409,0,100,0.0,10.0,200.0,186.0,7,0
3607169665,5,30138,13.265000000001237,301372409,0,100,0.0,10.0,200.0,186.0,7,0
3607169665,5,30139,13.265000000001237,301382409,0,100,0.0,10.0,200.0,186.0,7,0
3607169665,5,30140,13.265000000001237,301392409,0,100,0.0,10.0,200.0,186.0,7,0
3607169665,5,30141,13.265000000001237,301402409,0,100,0.0,10.0,200.0,186.0,7,0
3607169665,5,30142,13.265000000001237,301412409,0,100,0.0,10.0,200.0,186.0,7,0
3607169665,5,30143,13.265000000001237,301422409,0,100,0.0,10.0,200.0,186.0,7,0
3607169665,5,30144,13.265000000001237,301432409,0,100,0.0,10.0,200.0,186.0,7,0
3607169665,5,30145,13.265000000001237,301442409,0,100,0.0,10.0,200.0,186.0,7,0
3607169665,5,30146,13.265000000001237,301452409,0,100,0.0,10.0,200.0,186.0,7,0
3607169665,5,30147,13.265000000001237,301462409,0,100,0.0,10.0,200.0,186.0,7,0
3607169665,5,30148,13.265000000001237,301472409,0,100,0.0,10.0,200.0,186.0,7,0
3607169665,5,30149,13.265000000001237,301482409,0,100,0.0,10.0,200.0,186.0,7,0
3607169665,5,30150,13.265000000001237,301492409,0,100,0.0,10.0,200.0,186.0,7,0
3607169665,5,30151,13.265000000001237,301502410,0,100,0.0,10.0,200.0,186.0,7,0
3607169665,5,30152,13.265000000001237,301512409,0,100,0.0,10.0,200.0,186.0,7,0
3607169665,5,30153,13.265000000001237,301522409,0,100,0.0,10.0,200.0,186.0,7,0
3607169665,5,30154,13.265000000001237,301532409,0,100,0.0,10.0,200.0,186.0,7,0
3607169665,5,30155,13.265000000001237,301542409,0,100,0.0,10.0,200.0,186.0,7,0
3607169665,5,30156,13.265000000001237,301552409,0,100,0.0,10.0,200.0,186.0,7,0
3607169665,5,30157,13.265000000001237,301562409,0,100,0.0,10.0,200.0,186.0,7,0
3607169665,5,30158,13.265000000001237,301572409,0,100,0.0,10.0,200.0,186.0,7,0
3607169665,5,30159,13.265000000001237,301582409,0,100,0.0,10.0,200.0,186.0,7,0
3607169665,5,30160,13.265000000001237,301592409,0,100,0.0,10.0,200.0,186.0,7,0
3607169665,5,30161,13.265000000001237,301602409,0,100,0.0,10.0,200.0,186.0,7,0
3607169665,5,30162,13.265000000001237,301612409,0,100,0.0,10.0,200.0,186.0,7,0
3607169665,5,30163,13.265000000001237,301622410,0,100,0.0,10.0,200.0,186.0,7,0
3607169665,5,30164,13.265000000001237,301632409,0,100,0.0,10.0,200.0,186.0,7,0
3607169665,5,30165,13.265000000001237,301642409,0,100,0.0,10.0,200.0,186.0,7,0
3607169665,5,30166,13.265000000001237,301652409,0,100,0.0,10.0,200.0,186.0,7,0
3607169665,5,30167,13.265000000001237,301662409,0,100,0.0,10.0,200.0,186.0,7,0
3607169665,5,30168,13.265000000001237,301672409,0,100,0.0,10.0,200.0,186.0,7,0
3607169665,5,30169,13.265000000001237,301682409,0,100,0.0,10.0,200.0,186.0,7,0
3607169665,5,30170,13.265000000001237,301692409,0,100,0.0,10.0,200.0,186.0,7,0
3607169665,5,30171,13.265000000001237,301702409,0,100,0.0,10.0,200.0,186.0,7,0
3607169665,5,30172,13.265000000001237,301712409,0,100,0.0,10.0,200.0,186.0,7,0
3607169665,5,30173,13.265000000001237,301722409,0,100,0.0,10.0,200.0,186.0,7,0
3607169665,5,30174,13.265000000001237,301732409,0,100,0.0,10.0,200.0,186.0,7,0
3607169665,5,30175,13.265000000001237,301742409,0,100,0.0,10.0,200.0,186.0,7,0
3607169665,5,30176,13.265000000001237,301752409,0,100,0.0,10.0,200.0,186.0,7,0
3607169665,5,30177,13.265000000001237,301762409,0,100,0.0,10.0,200.0,186.0,7,0
3607169665,5,30178,13.265000000001237,301772409,0,100,0.0,10.0,200.0,186.0,7,0
3607169665,5,30179,13.265000000001237,301782409,0,100,0.0,10.0,200.0,186.0,7,0
3607169665,5,30180,13.265000000001237,301792409,0,100,0.0,10.0,200.0,186.0,7,0
3607169665,5,30181,13.265000000001237,301802409,0,100,0.0,10.0,200.0,186.0,7,0
3607169665,5,30182,13.265000000001237,301812409,0,100,0.0,10.0,200.0,186.0,7,0
3607169665,5,30183,13.265000000001237,301822409,0,100,0.0,10.0,200.0,186.0,7,0
3607169665,5,30184,13.265000000001237,301832409,0,100,0.0,10.0,200.0,186.0,7,0
3607169665,5,30185,13.265000000001237,301842409,0,100,0.0,10.0,200.0,186.0,7,0
3607169665,5,30186,13.265000000001237,301852409,0,100,0.0,10.0,200.0,186.0,7,0
3607169665,5,30187,13.265000000001237,301862409,0,100,0.0,10.0,200.0,186.0,7,0
3607169665,5,30188,13.265000000001237,301872409,0,100,0.0,10.0,200.0,186.0,7,0
3607169665,5,30189,13.265000000001237,301882409,0,100,0.0,10.0,200.0,186.0,7,0
3607169665,5,30190,13.265000000001237,301892409,0,100,0.0,10.0,200.0,186.0,7,0
3607169665,5,30191,13.265000000001237,301902409,0,100,0.0,10.0,200.0,186.0,7,0
3607169665,5,30192,13.265000000001237,301912409,0,100,0.0,10.0,200.0,186.0,7,0
3607169665,5,30193,13.265000000001237,301922409,0,100,0.0,10.0,200.0,186.0,7,0
3607169665,5,30194,13.265000000001237,301932409,0,100,0.0,10.0,200.0,186.0,7,0
3607169665,5,30195,13.265000000001237,301942409,0,100,0.0,10.0,200.0,186.0,7,0
3607169665,5,30196,13.265000000001237,301952409,0,100,0.0,10.0,200.0,186.0,7,0
3607169665,5,30197,13.265000000001237,301962409,0,100,0.0,10.0,200.0,186.0,7,0
3607169665,5,30198,13.265000000001237,301972409,0,100,0.0,10.0,200.0,186.0,7,0
