session,param_revision,sample_seq,host_t,sample_us,encoder_raw,motor_pwm,speed_float,target_float,motor_integral,motor_prelimit,motor_flags,encoder_signed
2040804426,2,10688,0.6880000000001019,106872414,28,52,9.96363639831543,10.0,102.4726791381836,52.05779266357422,7,28
2040804426,2,10689,0.6880000000001019,106882414,27,52,9.96363639831543,10.0,102.50904083251953,52.07615661621094,7,27
2040804426,2,10690,0.6880000000001019,106892414,28,50,10.109090805053711,10.0,102.39994812011719,50.78470230102539,7,28
2040804426,2,10691,0.6880000000001019,106902414,28,50,10.109090805053711,10.0,102.29085540771484,50.729610443115234,7,28
2040804426,2,10692,0.6880000000001019,106912414,27,51,10.03636360168457,10.0,102.2544937133789,51.329429626464844,7,27
2040804426,2,10693,0.6880000000001019,106922414,28,51,10.03636360168457,10.0,102.21813201904297,51.311065673828125,7,28
2040804426,2,10694,0.6880000000001019,106932414,28,50,10.109090805053711,10.0,102.10903930664062,50.63779067993164,7,28
2040804426,2,10695,0.6880000000001019,106942414,27,51,10.03636360168457,10.0,102.07267761230469,51.237613677978516,7,27
2040804426,2,10696,0.6880000000001019,106952414,27,51,9.96363639831543,10.0,102.10903930664062,51.87415313720703,7,27
2040804426,2,10697,0.6880000000001019,106962414,27,51,9.96363639831543,10.0,102.14540100097656,51.89251708984375,7,27
2040804426,2,10698,0.6880000000001019,106972414,26,53,9.818181991577148,10.0,102.32721710205078,53.22069549560547,7,26
2040804426,2,10699,0.6880000000001019,106982414,26,54,9.672727584838867,10.0,102.65448760986328,54.62232971191406,7,26
2040804426,2,10700,0.6880000000001019,106992414,27,54,9.672727584838867,10.0,102.98175811767578,54.787601470947266,7,27
2040804426,2,10701,0.6880000000001019,107002414,28,54,9.745454788208008,10.0,103.2363052368164,54.297969818115234,7,28
2040804426,2,10702,0.6880000000001019,107012414,28,53,9.818181991577148,10.0,103.41812133789062,53.771602630615234,7,28
2040804426,2,10703,0.6880000000001019,107022414,28,52,9.96363639831543,10.0,103.45448303222656,52.55360412597656,7,28
2040804426,2,10704,0.6880000000001019,107032414,27,51,10.03636360168457,10.0,103.41812133789062,51.91706085205078,7,27
2040804426,2,10705,0.6880000000001019,107042414,26,52,9.96363639831543,10.0,103.45448303222656,52.55360412597656,7,26
2040804426,2,10706,0.6880000000001019,107052414,28,52,9.96363639831543,10.0,103.4908447265625,52.571964263916016,7,28
2040804426,2,10707,0.6880000000001019,107062414,26,53,9.818181991577148,10.0,103.67266082763672,53.900146484375,7,26
2040804426,2,10708,0.6880000000001019,107072414,28,53,9.818181991577148,10.0,103.85447692871094,53.99196243286133,7,28
2040804426,2,10709,0.6880000000001019,107082414,27,54,9.818181991577148,10.0,104.03629302978516,54.083778381347656,7,27
2040804426,2,10710,0.6880000000001019,107092414,28,52,9.96363639831543,10.0,104.0726547241211,52.865779876708984,7,28
2040804426,2,10711,0.6880000000001019,107102414,27,53,9.890909194946289,10.0,104.18174743652344,53.53905487060547,7,27
2040804426,2,10712,0.7970000000004802,107112414,27,52,9.96363639831543,10.0,104.21810913085938,52.93923568725586,7,27
2040804426,2,10713,0.7970000000004802,107122414,25,54,9.745454788208008,10.0,104.47265625,54.922325134277344,7,25
2040804426,2,10714,0.7970000000004802,107132414,27,55,9.745454788208008,10.0,104.72720336914062,55.050872802734375,7,27
2040804426,2,10715,0.7970000000004802,107142414,26,56,9.600000381469727,10.0,105.12720489501953,56.489234924316406,7,26
2040804426,2,10716,0.7970000000004802,107152414,27,56,9.600000381469727,10.0,105.52720642089844,56.69123458862305,7,27
2040804426,2,10717,0.7970000000004802,107162414,27,56,9.600000381469727,10.0,105.92720794677734,56.89323806762695,7,27
2040804426,2,10718,0.7970000000004802,107172414,27,55,9.745454788208008,10.0,106.18175506591797,55.78541946411133,7,27
2040804426,2,10719,0.7970000000004802,107182414,28,55,9.818181991577148,10.0,106.36357116699219,55.259056091308594,7,28
2040804426,2,10720,1.3590000000003783,107192414,27,54,9.890909194946289,10.0,106.47266387939453,54.69596862792969,7,27
2040804426,2,10721,1.3590000000003783,107202414,28,54,9.96363639831543,10.0,106.50902557373047,54.09614562988281,7,28
2040804426,2,10722,1.3590000000003783,107212414,27,54,9.96363639831543,10.0,106.5453872680664,54.11450958251953,7,27
2040804426,2,10723,1.3590000000003783,107222414,28,53,10.03636360168457,10.0,106.50902557373047,53.47796630859375,7,28
2040804426,2,10724,1.3590000000003783,107232414,28,53,10.03636360168457,10.0,106.47266387939453,53.4596061706543,7,28
2040804426,2,10725,1.3590000000003783,107242414,26,54,9.96363639831543,10.0,106.50902557373047,54.09614562988281,7,26
2040804426,2,10726,1.3590000000003783,107252414,27,54,9.890909194946289,10.0,106.61811828613281,54.7694206237793,7,27
2040804426,2,10727,1.3590000000003783,107262414,27,54,9.890909194946289,10.0,106.72721099853516,54.82451248168945,7,27
2040804426,2,10728,1.3590000000003783,107272414,28,54,9.890909194946289,10.0,106.8363037109375,54.87960433959961,7,28
2040804426,2,10729,1.3590000000003783,107282414,28,54,9.890909194946289,10.0,106.94539642333984,54.934696197509766,7,28
2040804426,2,10730,1.3590000000003783,107292414,26,54,9.890909194946289,10.0,107.05448913574219,54.98978805541992,7,26
2040804426,3,10731,1.3590000000003783,107302414,27,55,9.890909194946289,10.0,107.16358184814453,55.04487991333008,7,27
2040804426,3,10732,1.3590000000003783,107312414,27,55,9.890909194946289,10.0,107.27267456054688,55.099971771240234,7,27
2040804426,3,10733,1.3590000000003783,107322414,28,55,9.890909194946289,10.0,107.38176727294922,55.15506362915039,7,28
2040804426,3,10734,1.3590000000003783,107332414,27,55,9.818181991577148,10.0,107.56358337402344,55.86506271362305,7,27
2040804426,3,10735,1.3590000000003783,107342414,28,54,9.96363639831543,10.0,107.59994506835938,54.64706039428711,7,28
2040804426,3,10736,1.3590000000003783,107352414,27,54,9.96363639831543,10.0,107.63630676269531,54.66542434692383,7,27
2040804426,3,10737,1.3590000000003783,107362414,28,54,10.03636360168457,10.0,107.59994506835938,54.02888107299805,7,28
2040804426,3,10738,1.3590000000003783,107372414,27,54,9.96363639831543,10.0,107.63630676269531,54.66542434692383,7,27
2040804426,3,10739,1.3590000000003783,107382414,27,54,9.96363639831543,10.0,107.67266845703125,54.68378829956055,7,27
2040804426,3,10740,1.3590000000003783,107392414,25,56,9.745454788208008,10.0,107.92721557617188,56.66687774658203,7,25
2040804426,3,10741,1.3590000000003783,107402414,23,59,9.454545021057129,10.0,108.47267150878906,59.41506576538086,7,23
2040804426,3,10742,1.3590000000003783,107412414,22,63,9.018181800842285,10.0,109.4544906616211,63.619972229003906,7,22
2040804426,3,10743,1.3590000000003783,107422414,21,68,8.581818580627441,10.0,110.87267303466797,68.04524230957031,7,21
2040804426,3,10744,1.3590000000003783,107432414,20,73,8.07272720336914,10.0,112.79994201660156,73.34578704833984,7,20
2040804426,3,10745,1.3590000000003783,107442414,17,79,7.490909099578857,10.0,115.30903625488281,79.55833435058594,7,17
2040804426,3,10746,1.3590000000003783,107452414,19,83,7.1999993324279785,10.0,118.10903930664062,83.445068359375,7,19
2040804426,3,10747,1.3590000000003783,107462414,17,88,6.836363315582275,10.0,121.27267456054688,88.13360595703125,7,17
2040804426,3,10748,1.3590000000003783,107472414,19,91,6.690908908843994,10.0,124.5817642211914,91.04106140136719,7,19
2040804426,3,10749,1.3590000000003783,107482414,18,94,6.545454502105713,10.0,128.03631591796875,94.02197265625,7,18
2040804426,3,10750,1.3590000000003783,107492414,19,94,6.690908908843994,10.0,131.3454132080078,94.45670318603516,7,19
2040804426,3,10751,1.3590000000003783,107502414,20,95,6.763636589050293,10.0,134.58177185058594,95.4728775024414,7,20
2040804426,3,10752,1.3590000000003783,107512414,20,95,6.981818675994873,10.0,137.59996032714844,95.14251708984375,7,20
2040804426,3,10753,1.3590000000003783,107522414,20,96,7.0545454025268555,10.0,140.54541015625,96.01179504394531,7,20
2040804426,3,10754,1.3590000000003783,107532414,20,96,7.1999993324279785,10.0,143.3454132080078,96.18943786621094,7,20
2040804426,3,10755,1.3590000000003783,107542414,22,95,7.418181896209717,10.0,145.92723083496094,95.63870239257812,7,22
2040804426,3,10756,1.3590000000003783,107552414,22,95,7.563636302947998,10.0,148.3636016845703,95.63270568847656,7,22
2040804426,3,10757,1.3590000000003783,107562414,20,96,7.563636302947998,10.0,150.7999725341797,96.86307525634766,7,20
2040804426,3,10758,1.3590000000003783,107572414,24,95,7.854545593261719,10.0,152.9454345703125,95.47380065917969,7,24
2040804426,3,10759,1.3590000000003783,107582414,20,96,7.854545593261719,10.0,155.09088134765625,96.5572509765625,7,20
2040804426,3,10760,1.3590000000003783,107592414,21,98,7.781818389892578,10.0,157.30906677246094,98.29562377929688,7,21
2040804426,3,10761,1.3590000000003783,107602414,21,100,7.709090709686279,10.0,159.5999755859375,100.07070922851562,7,21
2040804426,3,10762,1.3590000000003783,107612414,22,99,7.854545593261719,10.0,161.74542236328125,99.91780090332031,7,22
2040804426,3,10763,1.3590000000003783,107622414,24,100,7.854545593261719,10.0,163.890869140625,101.00125122070312,7,24
2040804426,3,10764,1.3590000000003783,107632414,23,100,8.07272720336914,10.0,165.81814575195312,100.11997985839844,7,23
2040804426,3,10765,1.3590000000003783,107642414,23,99,8.218181610107422,10.0,167.59996032714844,99.78343200683594,7,23
2040804426,3,10766,1.3590000000003783,107652414,24,98,8.436363220214844,10.0,169.16360473632812,98.71853637695312,7,24
2040804426,3,10767,1.3590000000003783,107662414,25,97,8.654545783996582,10.0,170.50906372070312,97.54344177246094,7,25
2040804426,3,10768,1.3590000000003783,107672414,25,97,8.727272987365723,10.0,171.7817840576172,97.56797790527344,7,25
2040804426,3,10769,1.3590000000003783,107682414,27,95,9.018181800842285,10.0,172.7635955810547,95.591064453125,7,27
2040804426,3,10770,1.3590000000003783,107692414,27,93,9.309090614318848,10.0,173.45449829101562,93.46724700927734,7,27
2040804426,3,10771,1.3590000000003783,107702414,26,92,9.454545021057129,10.0,173.9999542236328,92.50634765625,7,26
2040804426,3,10772,1.3590000000003783,107712414,27,91,9.600000381469727,10.0,174.3999481201172,91.47196960449219,7,27
2040804426,3,10773,1.3590000000003783,107722414,25,91,9.600000381469727,10.0,174.79994201660156,91.67396545410156,7,25
2040804426,3,10774,1.3590000000003783,107732414,24,93,9.381817817687988,10.0,175.41812133789062,93.8406982421875,7,24
2040804426,3,10775,1.3590000000003783,107742414,24,96,9.163636207580566,10.0,176.25448608398438,96.11760711669922,7,24
2040804426,3,10776,1.3590000000003783,107752414,26,96,9.163636207580566,10.0,177.09085083007812,96.53997039794922,7,26
2040804426,3,10777,1.3590000000003783,107762414,26,97,9.090909004211426,10.0,177.99993896484375,97.61724090576172,7,26
2040804426,3,10778,1.3590000000003783,107772414,26,97,9.163636207580566,10.0,178.8363037109375,97.42142486572266,7,26
2040804426,3,10779,1.4529999999995198,107782414,26,96,9.309090614318848,10.0,179.52720642089844,96.53396606445312,7,26
2040804426,3,10780,1.4529999999995198,107792414,26,95,9.454545021057129,10.0,180.07266235351562,95.57305908203125,7,26
2040804426,3,10781,1.4529999999995198,107802414,26,95,9.454545021057129,10.0,180.6181182861328,95.84851837158203,7,26
2040804426,3,10782,1.4529999999995198,107812414,25,96,9.381817817687988,10.0,181.23629760742188,96.77887725830078,7,25
2040804426,3,10783,1.4529999999995198,107822414,27,96,9.454545021057129,10.0,181.78175354003906,96.43614959716797,7,27
2040804426,3,10784,1.4529999999995198,107832414,26,96,9.454545021057129,10.0,182.32720947265625,96.71160888671875,7,26
2040804426,3,10785,1.4529999999995198,107842414,27,96,9.527273178100586,10.0,182.79994201660156,96.3321533203125,7,27
2040804426,3,10786,1.4529999999995198,107852414,28,95,9.672727584838867,10.0,183.12721252441406,95.26105499267578,7,28
2040804426,3,10787,1.875,107862414,28,93,9.890909194946289,10.0,183.23629760742188,93.46160125732422,7,28
2040804426,3,10788,1.875,107872414,27,93,9.890909194946289,10.0,183.3453826904297,93.51668548583984,7,27
2040804426,3,10789,1.875,107882414,28,92,10.03636360168457,10.0,183.30902099609375,92.261962890625,7,28
2040804426,3,10790,1.875,107892414,27,92,10.03636360168457,10.0,183.2726593017578,92.24359893798828,7,27
2040804426,3,10791,1.875,107902414,26,93,9.890909194946289,10.0,183.38174438476562,93.53504943847656,7,26
2040804426,3,10792,1.875,107912414,27,94,9.818181991577148,10.0,183.56356811523438,94.24505615234375,7,27
2040804426,3,10793,1.875,107922414,28,93,9.890909194946289,10.0,183.6726531982422,93.68196105957031,7,28
2040804426,3,10794,1.875,107932414,27,94,9.818181991577148,10.0,183.85447692871094,94.3919677734375,7,27
2040804426,3,10795,1.875,107942414,25,95,9.672727584838867,10.0,184.18174743652344,95.79359436035156,7,25
2040804426,3,10796,1.875,107952414,26,95,9.672727584838867,10.0,184.50901794433594,95.95886993408203,7,26
2040804426,3,10797,1.875,107962414,26,96,9.600000381469727,10.0,184.9090118408203,96.77904510498047,7,26
2040804426,3,10798,1.875,107972414,25,98,9.381817817687988,10.0,185.52719116210938,98.9457778930664,7,25
2040804426,3,10799,1.875,107982414,27,99,9.381817817687988,10.0,186.14537048339844,99.2579574584961,7,27
2040804426,3,10800,1.875,107992414,28,97,9.600000381469727,10.0,186.5453643798828,97.60540008544922,7,28
2040804426,3,10801,1.875,108002414,29,95,9.818181991577148,10.0,186.72718811035156,95.84268188476562,7,29
2040804426,3,10802,1.875,108012414,30,93,10.109090805053711,10.0,186.61810302734375,93.31487274169922,7,30
2040804426,3,10803,1.875,108022414,29,90,10.399999618530273,10.0,186.21810913085938,90.64015197753906,7,29
2040804426,3,10804,1.875,108032414,28,89,10.472726821899414,10.0,185.74537658691406,89.78323364257812,7,28
2040804426,3,10805,1.875,108042414,26,90,10.327272415161133,10.0,185.41810607910156,90.85432434082031,7,26
2040804426,3,10806,1.875,108052414,26,92,10.109090805053711,10.0,185.30902099609375,92.6537857055664,7,26
2040804426,3,10807,1.875,108062414,25,95,9.745454788208008,10.0,185.56356811523438,95.87323760986328,7,25
2040804426,3,10808,1.875,108072414,26,97,9.527273178100586,10.0,186.0363006591797,97.96651458740234,7,26
2040804426,3,10809,1.875,108082414,27,98,9.454545021057129,10.0,186.58175659179688,98.86015319824219,7,27
2040804426,3,10810,1.875,108092414,28,97,9.600000381469727,10.0,186.98175048828125,97.82577514648438,7,28
2040804426,3,10811,1.875,108102414,30,95,9.890909194946289,10.0,187.09083557128906,95.40814208984375,7,30
2040804426,3,10812,1.875,108112414,28,93,10.109090805053711,10.0,186.98175048828125,93.4985122680664,7,28
2040804426,3,10813,1.875,108122414,30,90,10.399999618530273,10.0,186.58175659179688,90.82379150390625,7,30
2040804426,3,10814,1.875,108132414,29,89,10.545454978942871,10.0,186.0363006591797,89.31196594238281,7,29
2040804426,3,10815,1.875,108142414,27,89,10.472726821899414,10.0,185.56356811523438,89.69142150878906,7,27
2040804426,3,10816,1.875,108152414,27,91,10.254545211791992,10.0,185.30902099609375,91.41741943359375,7,27
2040804426,3,10817,1.875,108162414,27,91,10.181818008422852,10.0,185.127197265625,91.94377899169922,7,27
2040804426,3,10818,1.875,108172414,25,95,9.818181991577148,10.0,185.30902099609375,95.12651062011719,7,25
2040804426,3,10819,1.875,108182414,27,96,9.672727584838867,10.0,185.63629150390625,96.52813720703125,7,27
2040804426,3,10820,1.875,108192414,29,95,9.818181991577148,10.0,185.818115234375,95.38360595703125,7,29
2040804426,3,10821,1.875,108202414,30,93,10.03636360168457,10.0,185.78175354003906,93.51069641113281,7,30
2040804426,3,10822,1.875,108212414,30,91,10.254545211791992,10.0,185.52720642089844,91.52760314941406,7,30
2040804426,3,10823,1.875,108222414,29,88,10.545454978942871,10.0,184.98175048828125,88.7794189453125,7,29
2040804426,3,10824,1.875,108232414,27,88,10.545454978942871,10.0,184.43629455566406,88.50395965576172,7,27
2040804426,3,10825,1.875,108242414,26,90,10.327272415161133,10.0,184.10902404785156,90.19324493408203,7,26
2040804426,3,10826,1.875,108252414,25,93,9.96363639831543,10.0,184.1453857421875,93.30250549316406,7,25
2040804426,3,10827,2.188000000000102,108262414,26,95,9.672727584838867,10.0,184.47265625,95.94050598144531,7,26
2040804426,3,10828,2.188000000000102,108272414,28,96,9.600000381469727,10.0,184.87265014648438,96.76068115234375,7,28
2040804426,3,10829,2.188000000000102,108282414,29,95,9.745454788208008,10.0,185.127197265625,95.65287017822266,7,29
2040804426,3,10830,2.188000000000102,108292414,29,93,9.96363639831543,10.0,185.16355895996094,93.81668853759766,7,29
2040804426,3,10831,2.188000000000102,108302414,29,91,10.254545211791992,10.0,184.9090118408203,91.21541595458984,7,29
2040804426,3,10832,2.188000000000102,108312414,28,89,10.399999618530273,10.0,184.50901794433594,89.77706146240234,7,28
2040804426,3,10833,2.188000000000102,108322414,27,90,10.327272415161133,10.0,184.18174743652344,90.22996520996094,7,27
2040804426,3,10834,2.188000000000102,108332414,27,91,10.181818008422852,10.0,183.9999237060547,91.37450408935547,7,27
2040804426,3,10835,2.188000000000102,108342414,27,92,10.03636360168457,10.0,183.96356201171875,92.5925064086914,7,27
2040804426,3,10836,2.188000000000102,108352414,27,93,9.890909194946289,10.0,184.07264709472656,93.88395690917969,7,27
2040804426,3,10837,2.188000000000102,108362414,30,92,10.03636360168457,10.0,184.03628540039062,92.62923431396484,7,30
2040804426,3,10838,2.188000000000102,108372414,30,90,10.254545211791992,10.0,183.78173828125,90.6461410522461,7,30
2040804426,3,10839,2.188000000000102,108382414,31,87,10.545454978942871,10.0,183.2362823486328,87.89795684814453,7,31
2040804426,3,10840,2.188000000000102,108392414,28,86,10.618182182312012,10.0,182.61810302734375,86.96759033203125,7,28
2040804426,3,10841,2.188000000000102,108402414,28,86,10.690909385681152,10.0,181.9272003173828,86.0005111694336,7,28
2040804426,3,10842,2.188000000000102,108412414,24,89,10.254545211791992,10.0,181.6726531982422,89.5810546875,7,24
2040804426,3,10843,2.188000000000102,108422414,24,93,9.818181991577148,10.0,181.85447692871094,93.38196563720703,7,24
2040804426,3,10844,2.188000000000102,108432414,24,98,9.309090614318848,10.0,182.54537963867188,98.05814361572266,7,24
2040804426,3,10845,2.188000000000102,108442414,25,100,9.090909004211426,10.0,183.4544677734375,100.37178039550781,7,25
2040804426,3,10846,2.188000000000102,108452414,27,100,9.018181800842285,10.0,184.436279296875,101.48577880859375,7,27
2040804426,3,10847,2.188000000000102,108462414,30,98,9.454545021057129,10.0,184.9817352294922,98.0521469116211,7,30
2040804426,3,10848,2.188000000000102,108472414,30,94,9.890909194946289,10.0,185.0908203125,94.39813232421875,7,30
2040804426,3,10849,2.188000000000102,108482414,29,91,10.254545211791992,10.0,184.83627319335938,91.17868041992188,7,29
2040804426,3,10850,2.188000000000102,108492414,29,88,10.545454978942871,10.0,184.2908172607422,88.43049621582031,7,29
2040804426,3,10851,2.188000000000102,108502414,29,86,10.690909385681152,10.0,183.59991455078125,86.84523010253906,7,29
2040804426,3,10852,2.188000000000102,108512414,28,87,10.545454978942871,10.0,183.05445861816406,87.8061294555664,7,28
2040804426,3,10853,2.188000000000102,108522414,28,88,10.399999618530273,10.0,182.6544647216797,88.84050750732422,7,28
2040804426,3,10854,2.188000000000102,108532414,26,90,10.181818008422852,10.0,182.47264099121094,90.60322570800781,7,26
2040804426,3,10855,2.188000000000102,108542415,27,91,10.03636360168457,10.0,182.436279296875,91.82122802734375,7,27
2040804426,3,10856,2.188000000000102,108552414,26,93,9.818181991577148,10.0,182.61810302734375,93.76759338378906,7,26
2040804426,3,10857,2.188000000000102,108562414,26,95,9.672727584838867,10.0,182.94537353515625,95.16922760009766,7,26
2040804426,3,10858,2.188000000000102,108572414,28,95,9.672727584838867,10.0,183.27264404296875,95.3344955444336,7,28
2040804426,3,10859,2.375,108582414,28,94,9.818181991577148,10.0,183.4544677734375,94.1899642944336,7,28
2040804426,3,10860,2.375,108592414,28,93,9.890909194946289,10.0,183.5635528564453,93.62686157226562,7,28
2040804426,3,10861,2.375,108602414,28,92,10.03636360168457,10.0,183.52719116210938,92.37213897705078,7,28
2040804426,3,10862,2.375,108612414,30,89,10.327272415161133,10.0,183.19992065429688,89.73414611816406,7,30
2040804426,3,10863,2.375,108622414,29,88,10.399999618530273,10.0,182.7999267578125,88.91397094726562,7,29
2040804426,3,10864,2.375,108632414,29,88,10.472726821899414,10.0,182.3271942138672,88.05705261230469,7,29
2040804426,3,10865,2.375,108642414,27,88,10.399999618530273,10.0,181.9272003173828,88.4732437133789,7,27
2040804426,3,10866,2.375,108652414,28,88,10.399999618530273,10.0,181.52720642089844,88.27124786376953,7,28
2040804426,3,10867,2.375,108662414,27,90,10.181818008422852,10.0,181.3453826904297,90.0339584350586,7,27
2040804426,3,10868,2.375,108672414,27,91,10.03636360168457,10.0,181.30902099609375,91.25196838378906,7,27
2040804426,3,10869,2.375,108682414,27,92,9.890909194946289,10.0,181.41810607910156,92.54341125488281,7,27
2040804426,3,10870,2.375,108692414,28,91,9.96363639831543,10.0,181.4544677734375,91.94359588623047,7,28
2040804426,3,10871,2.375,108702414,28,91,9.96363639831543,10.0,181.49082946777344,91.96195983886719,7,28
2040804426,3,10872,2.375,108712414,28,91,10.03636360168457,10.0,181.4544677734375,91.3254165649414,7,28
2040804426,3,10873,2.375,108722414,28,90,10.109090805053711,10.0,181.3453826904297,90.65214538574219,7,28
2040804426,3,10874,2.375,108732414,28,89,10.181818008422852,10.0,181.16355895996094,89.942138671875,7,28
2040804426,3,10875,2.7810000000008586,108742414,28,89,10.181818008422852,10.0,180.9817352294922,89.8503189086914,7,28
2040804426,3,10876,2.7810000000008586,108752414,28,89,10.181818008422852,10.0,180.79991149902344,89.75849914550781,7,28
2040804426,3,10877,2.7810000000008586,108762414,28,89,10.181818008422852,10.0,180.6180877685547,89.66667938232422,7,28
2040804426,3,10878,2.7810000000008586,108772415,28,89,10.181818008422852,10.0,180.43626403808594,89.57485961914062,7,28
2040804426,3,10879,2.7810000000008586,108782414,27,90,10.109090805053711,10.0,180.32717895507812,90.13795471191406,7,27
2040804426,3,10880,2.7810000000008586,108792414,27,90,10.03636360168457,10.0,180.2908172607422,90.7377700805664,7,27
2040804426,3,10881,2.7810000000008586,108802414,26,92,9.890909194946289,10.0,180.39990234375,92.02922058105469,7,26
2040804426,3,10882,2.7810000000008586,108812414,28,92,9.890909194946289,10.0,180.5089874267578,92.08430480957031,7,28
2040804426,3,10883,2.7810000000008586,108822414,25,94,9.672727584838867,10.0,180.8362579345703,94.1041259765625,7,25
2040804426,3,10884,2.7810000000008586,108832414,27,94,9.672727584838867,10.0,181.1635284423828,94.26939392089844,7,27
2040804426,3,10885,2.7810000000008586,108842414,27,94,9.672727584838867,10.0,181.4907989501953,94.4346694946289,7,27
2040804426,3,10886,2.7810000000008586,108852414,27,93,9.745454788208008,10.0,181.74534606933594,93.94503784179688,7,27
2040804426,3,10887,2.7810000000008586,108862414,29,93,9.818181991577148,10.0,181.9271697998047,93.4186782836914,7,29
2040804426,3,10888,2.7810000000008586,108872414,29,90,10.109090805053711,10.0,181.81808471679688,90.89086151123047,7,29
2040804426,3,10889,2.7810000000008586,108882414,29,89,10.254545211791992,10.0,181.56353759765625,89.52594757080078,7,29
2040804426,3,10890,2.7810000000008586,108892414,29,88,10.399999618530273,10.0,181.16354370117188,88.08759307861328,7,29
2040804426,3,10891,2.7810000000008586,108902414,28,87,10.472726821899414,10.0,180.69081115722656,87.23067474365234,7,28
2040804426,3,10892,2.7810000000008586,108912414,26,88,10.254545211791992,10.0,180.43626403808594,88.95668029785156,7,26
2040804426,3,10893,2.7810000000008586,108922414,27,90,10.109090805053711,10.0,180.32717895507812,90.13795471191406,7,27
2040804426,3,10894,2.7810000000008586,108932414,26,92,9.890909194946289,10.0,180.43626403808594,92.0475845336914,7,26
2040804426,3,10895,2.7810000000008586,108942414,27,93,9.745454788208008,10.0,180.69081115722656,93.41249084472656,7,27
2040804426,3,10896,2.7810000000008586,108952414,27,94,9.672727584838867,10.0,181.01808166503906,94.1959457397461,7,27
2040804426,3,10897,2.7810000000008586,108962414,27,93,9.745454788208008,10.0,181.2726287841797,93.70631408691406,7,27
2040804426,3,10898,2.7810000000008586,108972414,28,93,9.818181991577148,10.0,181.45445251464844,93.1799545288086,7,28
2040804426,3,10899,2.7810000000008586,108982414,30,90,10.109090805053711,10.0,181.34536743164062,90.65213775634766,7,30
2040804426,3,10900,2.7810000000008586,108992414,28,89,10.181818008422852,10.0,181.16354370117188,89.94213104248047,7,28
2040804426,3,10901,2.7810000000008586,109002414,29,88,10.327272415161133,10.0,180.83627319335938,88.5405044555664,7,29
2040804426,3,10902,2.7810000000008586,109012414,28,87,10.399999618530273,10.0,180.436279296875,87.72032928466797,7,28
2040804426,3,10903,2.7810000000008586,109022414,28,87,10.399999618530273,10.0,180.03628540039062,87.51832580566406,7,28
2040804426,3,10904,2.7810000000008586,109032414,27,89,10.181818008422852,10.0,179.85446166992188,89.28104400634766,7,27
2040804426,3,10905,2.7810000000008586,109042414,28,89,10.181818008422852,10.0,179.67263793945312,89.18922424316406,7,28
2040804426,3,10906,2.7810000000008586,109052414,26,91,9.96363639831543,10.0,179.70899963378906,91.0621337890625,7,26
2040804426,3,10907,2.7810000000008586,109062414,27,91,9.890909194946289,10.0,179.81808471679688,91.73539733886719,7,27
2040804426,3,10908,2.7810000000008586,109072414,27,92,9.818181991577148,10.0,179.99990844726562,92.4454116821289,7,27
2040804426,3,10909,2.7810000000008586,109082414,28,91,9.890909194946289,10.0,180.10899353027344,91.88230895996094,7,28
2040804426,3,10910,2.7810000000008586,109092414,28,91,9.890909194946289,10.0,180.21807861328125,91.9374008178711,7,28
2040804426,3,10911,2.7810000000008586,109102414,27,91,9.96363639831543,10.0,180.2544403076172,91.33757781982422,7,27
2040804426,3,10912,2.7810000000008586,109112414,27,91,9.96363639831543,10.0,180.29080200195312,91.35594177246094,7,27
2040804426,3,10913,2.7810000000008586,109122414,26,92,9.890909194946289,10.0,180.39988708496094,92.02921295166016,7,26
2040804426,3,10914,2.7810000000008586,109132414,24,94,9.600000381469727,10.0,180.7998809814453,94.70393371582031,7,24
2040804426,3,10915,2.7810000000008586,109142414,25,96,9.381817817687988,10.0,181.41806030273438,96.87066650390625,7,25
2040804426,3,10916,2.7810000000008586,109152414,26,97,9.309090614318848,10.0,182.1089630126953,97.83775329589844,7,26
2040804426,3,10917,2.7810000000008586,109162414,27,98,9.309090614318848,10.0,182.79986572265625,98.18666076660156,7,27
2040804426,3,10918,2.7810000000008586,109172414,28,97,9.454545021057129,10.0,183.34532165527344,97.22575378417969,7,28
2040804426,3,10919,2.7810000000008586,109182414,30,93,9.890909194946289,10.0,183.45440673828125,93.57174682617188,7,30
2040804426,3,10920,2.7810000000008586,109192414,29,91,10.181818008422852,10.0,183.2725830078125,91.00719451904297,7,29
2040804426,3,10921,2.7810000000008586,109202414,31,87,10.545454978942871,10.0,182.7271270751953,87.64083099365234,7,31
2040804426,3,10922,2.7810000000008586,109212414,29,86,10.690909385681152,10.0,182.03622436523438,86.0555648803711,7,29
2040804426,3,10923,3.3909999999996217,109222414,31,83,10.909090995788574,10.0,181.12713623046875,83.74192810058594,7,31
2040804426,3,10924,3.3909999999996217,109232414,32,81,11.054545402526855,10.0,180.0725860595703,81.97301483154297,7,32
2040804426,3,10925,3.3909999999996217,109242414,32,79,11.272727012634277,10.0,178.79986572265625,79.47575378417969,7,32
2040804426,3,10926,3.3909999999996217,109252414,35,76,11.563636779785156,10.0,177.23623657226562,76.21337890625,7,35
2040804426,3,10927,3.3909999999996217,109262413,35,71,12.0,10.0,175.23623657226562,71.49430084228516,7,35
2040804426,3,10928,3.3909999999996217,109272414,34,68,12.218180656433105,10.0,173.01805114746094,68.51957702636719,7,34
2040804426,3,10929,3.3909999999996217,109282414,36,64,12.5090913772583,10.0,170.5089569091797,64.77974700927734,7,36
2040804426,3,10930,3.3909999999996217,109292414,34,62,12.654545783996582,10.0,167.8544158935547,62.202842712402344,7,34
2040804426,3,10931,3.3909999999996217,109302414,35,60,12.654545783996582,10.0,165.1998748779297,60.86229705810547,7,35
2040804426,3,10932,3.3909999999996217,109312414,36,58,12.727272987365723,10.0,162.47259521484375,58.86684036254883,7,36
2040804426,3,10933,3.3909999999996217,109322414,36,56,12.87272834777832,10.0,159.59986877441406,56.17974090576172,7,36
2040804426,3,10934,3.3909999999996217,109332414,36,54,12.87272834777832,10.0,156.72714233398438,54.72901916503906,7,36
2040804426,3,10935,3.3909999999996217,109342414,37,51,13.090909004211426,10.0,153.63623046875,51.313568115234375,7,37
2040804426,3,10936,3.3909999999996217,109352414,35,49,13.090909004211426,10.0,150.54531860351562,49.752655029296875,7,35
2040804426,3,10937,3.3909999999996217,109362414,35,48,13.018181800842285,10.0,147.52713012695312,48.84665298461914,7,35
2040804426,3,10938,3.3909999999996217,109372414,36,47,13.018181800842285,10.0,144.50894165039062,47.32246780395508,7,36
2040804426,3,10939,3.3909999999996217,109382414,33,47,12.800000190734863,10.0,141.7089385986328,47.76300811767578,7,33
2040804426,3,10940,3.3909999999996217,109392414,34,48,12.581817626953125,10.0,139.1271209716797,48.313743591308594,7,34
2040804426,3,10941,3.3909999999996217,109402414,33,48,12.436363220214844,10.0,136.69076538085938,48.31975173950195,7,33
2040804426,3,10942,3.3909999999996217,109412414,32,49,12.218180656433105,10.0,134.4725799560547,49.054115295410156,7,32
2040804426,3,10943,3.3909999999996217,109422413,33,49,12.0,10.0,132.4725799560547,49.898651123046875,7,33
2040804426,3,10944,3.3909999999996217,109432414,32,49,11.92727279663086,10.0,130.54530334472656,49.543556213378906,7,32
2040804426,3,10945,3.3909999999996217,109442414,33,49,11.854544639587402,10.0,128.69076538085938,49.2252082824707,7,33
2040804426,3,10946,3.3909999999996217,109452414,31,49,11.709091186523438,10.0,126.98167419433594,49.598472595214844,7,31
2040804426,3,10947,3.3909999999996217,109462414,32,48,11.709091186523438,10.0,125.2725830078125,48.73537826538086,7,32
2040804426,3,10948,3.3909999999996217,109472414,32,48,11.636363983154297,10.0,123.63621520996094,48.527191162109375,7,32
2040804426,3,10949,3.3909999999996217,109482414,31,48,11.563636779785156,10.0,122.07257843017578,48.35573959350586,7,31
2040804426,3,10950,3.3909999999996217,109492414,32,48,11.4909086227417,10.0,120.58167266845703,48.22102355957031,7,32
2040804426,3,10951,3.3909999999996217,109502414,32,46,11.563636779785156,10.0,119.01803588867188,46.813194274902344,7,32
2040804426,3,10952,3.3909999999996217,109512414,31,46,11.4909086227417,10.0,117.52713012695312,46.67847442626953,7,31
2040804426,3,10953,3.3909999999996217,109522414,31,46,11.418181419372559,10.0,116.10894775390625,46.580474853515625,7,31
2040804426,3,10954,3.3909999999996217,109532414,30,46,11.345454216003418,10.0,114.76349639892578,46.519203186035156,7,30
2040804426,3,10955,3.3909999999996217,109542414,31,46,11.272727012634277,10.0,113.49076843261719,46.49465560913086,7,31
2040804426,3,10956,3.3909999999996217,109552414,30,47,11.127272605895996,10.0,112.36349487304688,47.161746978759766,7,30
2040804426,3,10957,3.3909999999996217,109562414,31,46,11.127272605895996,10.0,111.23622131347656,46.592472076416016,7,31
2040804426,3,10958,3.3909999999996217,109572414,29,47,10.981818199157715,10.0,110.25440216064453,47.3330192565918,7,29
2040804426,3,10959,3.3909999999996217,109582414,30,46,10.981818199157715,10.0,109.2725830078125,46.83720016479492,7,30
2040804426,3,10960,3.3909999999996217,109592414,29,47,10.836363792419434,10.0,108.43621826171875,47.65119552612305,7,29
2040804426,3,10961,3.3909999999996217,109602414,29,47,10.763636589050293,10.0,107.6725845336914,47.88374328613281,7,29
2040804426,3,10962,3.3909999999996217,109612414,30,48,10.690909385681152,10.0,106.98167419433594,48.15301513671875,7,30
2040804426,3,10963,3.3909999999996217,109622414,29,47,10.690909385681152,10.0,106.29076385498047,47.80410385131836,7,29
2040804426,3,10964,3.3909999999996217,109632414,29,48,10.618182182312012,10.0,105.6725845336914,48.110107421875,7,29
2040804426,3,10965,3.3909999999996217,109642414,30,47,10.690909385681152,10.0,104.98167419433594,47.14301300048828,7,30
2040804426,3,10966,3.3909999999996217,109652414,29,46,10.690909385681152,10.0,104.29076385498047,46.794105529785156,7,29
2040804426,3,10967,3.3909999999996217,109662414,31,45,10.763636589050293,10.0,103.52713012695312,45.79029083251953,7,31
2040804426,3,10968,3.3909999999996217,109672414,29,45,10.763636589050293,10.0,102.76349639892578,45.40465545654297,7,29
2040804426,3,10969,3.3909999999996217,109682414,30,44,10.836363792419434,10.0,101.92713165283203,44.36410903930664,7,30
2040804426,3,10970,3.3909999999996217,109692414,29,44,10.763636589050293,10.0,101.16349792480469,44.596656799316406,7,29
2040804426,3,10971,3.3909999999996217,109702414,29,44,10.763636589050293,10.0,100.39986419677734,44.211021423339844,7,29
2040804426,3,10972,3.3909999999996217,109712414,28,45,10.545454978942871,10.0,99.85440826416016,45.79010772705078,7,28
2040804426,3,10973,3.3909999999996217,109722414,29,45,10.545454978942871,10.0,99.30895233154297,45.514652252197266,7,29
2040804426,3,10974,3.3909999999996217,109732414,28,46,10.399999618530273,10.0,98.90895080566406,46.54902267456055,7,28
2040804426,3,10975,3.3909999999996217,109742414,28,47,10.327272415161133,10.0,98.58168029785156,47.00193405151367,7,28
2040804426,3,10976,3.3909999999996217,109752414,29,46,10.327272415161133,10.0,98.25440979003906,46.83666229248047,7,29
2040804426,3,10977,3.3909999999996217,109762414,29,46,10.399999618530273,10.0,97.85440826416016,46.0164794921875,7,29
2040804426,3,10978,3.3909999999996217,109772414,29,45,10.399999618530273,10.0,97.45440673828125,45.814476013183594,7,29
2040804426,3,10979,3.70299999999952,109782414,28,45,10.399999618530273,10.0,97.05440521240234,45.61247634887695,7,28
2040804426,3,10980,3.70299999999952,109792414,29,44,10.472726821899414,10.0,96.58168029785156,44.75556945800781,7,29
2040804426,3,10981,3.70299999999952,109802414,29,44,10.472726821899414,10.0,96.10895538330078,44.516845703125,7,29
2040804426,3,10982,3.70299999999952,109812414,29,44,10.472726821899414,10.0,95.63623046875,44.27811813354492,7,29
2040804426,3,10983,3.70299999999952,109822414,29,44,10.472726821899414,10.0,95.16350555419922,44.03939437866211,7,29
2040804426,3,10984,3.70299999999952,109832414,28,43,10.472726821899414,10.0,94.69078063964844,43.80066680908203,7,28
2040804426,3,10985,3.70299999999952,109842414,28,44,10.399999618530273,10.0,94.29077911376953,44.21684646606445,7,28
2040804426,3,10986,3.70299999999952,109852414,28,44,10.327272415161133,10.0,93.96350860595703,44.66975784301758,7,28
2040804426,3,10987,3.70299999999952,109862414,28,45,10.254545211791992,10.0,93.7089614868164,45.15938949584961,7,28
2040804426,3,10988,3.70299999999952,109872414,29,45,10.254545211791992,10.0,93.45441436767578,45.03084182739258,7,29
2040804426,3,10989,3.70299999999952,109882414,28,44,10.254545211791992,10.0,93.19986724853516,44.90229797363281,7,28
2040804426,3,10990,3.70299999999952,109892414,29,44,10.327272415161133,10.0,92.87259674072266,44.11884689331055,7,29
2040804426,3,10991,3.70299999999952,109902414,28,43,10.327272415161133,10.0,92.54532623291016,43.953575134277344,7,28
2040804426,3,10992,3.70299999999952,109912414,28,43,10.327272415161133,10.0,92.21805572509766,43.78830337524414,7,28
2040804426,3,10993,3.70299999999952,109922414,27,44,10.181818008422852,10.0,92.03623962402344,44.9328498840332,7,27
2040804426,3,10994,3.70299999999952,109932414,26,46,10.03636360168457,10.0,91.9998779296875,46.150848388671875,7,26
2040804426,3,10995,3.70299999999952,109942414,24,49,9.672727584838867,10.0,92.3271484375,49.40702438354492,7,24
2040804426,3,10996,3.70299999999952,109952414,23,52,9.309090614318848,10.0,93.01805877685547,52.84685134887695,7,23
2040804426,3,10997,3.70299999999952,109962414,23,56,8.945454597473145,10.0,94.07260131835938,56.470298767089844,7,23
2040804426,3,10998,3.70299999999952,109972414,22,60,8.581818580627441,10.0,95.49078369140625,60.27738952636719,7,22
2040804426,3,10999,3.70299999999952,109982414,21,64,8.218181610107422,10.0,97.27259826660156,64.26811981201172,7,21
2040804426,3,11000,3.70299999999952,109992414,20,67,7.927272796630859,10.0,99.34532165527344,67.78756713867188,7,20
2040804426,3,11001,3.70299999999952,110002414,19,71,7.636363506317139,10.0,101.7089614868164,71.45393371582031,7,19
2040804426,3,11002,3.70299999999952,110012414,18,75,7.2727274894714355,10.0,104.43623352050781,75.922119140625,7,18
2040804426,3,11003,3.70299999999952,110022414,19,79,7.0545454025268555,10.0,107.3816909790039,79.26411437988281,7,19
2040804426,3,11004,3.70299999999952,110032414,18,82,6.836363315582275,10.0,110.54532623291016,82.71630096435547,7,18
2040804426,3,11005,3.70299999999952,110042414,18,85,6.690908908843994,10.0,113.85441589355469,85.62374877929688,7,18
2040804426,3,11006,3.70299999999952,110052414,16,89,6.472726821899414,10.0,117.3816909790039,89.25957489013672,7,16
2040804426,3,11007,3.70299999999952,110062414,17,91,6.400000095367432,10.0,120.981689453125,91.69575500488281,7,17
2040804426,3,11008,3.70299999999952,110072414,16,95,6.181818008422852,10.0,124.79987335205078,95.47848510742188,7,16
2040804426,3,11009,3.70299999999952,110082414,16,98,6.03636360168457,10.0,128.7635040283203,98.71647644042969,7,16
2040804426,3,11010,3.70299999999952,110092414,15,100,5.818181991577148,10.0,132.94532775878906,102.68284606933594,7,15
2040804426,3,11011,4.313000000000102,110102414,16,100,5.818181991577148,10.0,137.1271514892578,104.79466247558594,7,16
2040804426,3,11012,4.313000000000102,110112414,13,100,5.527272701263428,10.0,141.59988403320312,109.526123046875,7,13
2040804426,3,11013,4.313000000000102,110122414,13,100,5.309091091156006,10.0,146.29078674316406,113.74957275390625,7,13
2040804426,3,11014,4.313000000000102,110132414,14,100,5.163636207580566,10.0,151.1271514892578,117.42830657958984,7,14
2040804426,3,11015,4.313000000000102,110142414,12,100,4.9454545974731445,10.0,156.18170166015625,121.83538818359375,7,12
2040804426,3,11016,4.313000000000102,110152414,11,100,4.581818103790283,10.0,161.59988403320312,127.66249084472656,7,11
2040804426,3,11017,4.313000000000102,110162414,10,100,4.363636493682861,10.0,167.2362518310547,132.3634033203125,7,10
2040804426,3,11018,4.313000000000102,110172414,11,100,4.218181610107422,10.0,173.01806640625,136.5195770263672,7,11
2040804426,3,11019,4.313000000000102,110182414,8,100,3.781818151473999,10.0,179.2362518310547,143.3688507080078,7,8
2040804426,3,11020,4.313000000000102,110192414,8,100,3.4909093379974365,10.0,185.74534606933594,149.128662109375,7,8
2040804426,3,11021,4.313000000000102,110202414,8,100,3.2727272510528564,10.0,192.47262573242188,154.3804931640625,7,8
2040804426,3,11022,4.313000000000102,110212414,8,100,3.127272844314575,10.0,199.34535217285156,159.08758544921875,7,8
2040804426,3,11023,4.313000000000102,110222414,7,100,2.8363635540008545,10.0,200.0,161.89089965820312,7,7
2040804426,3,11024,4.313000000000102,110232414,6,100,2.6909091472625732,10.0,200.0,163.1272735595703,7,6
2040804426,3,11025,4.313000000000102,110242414,7,100,2.6181817054748535,10.0,200.0,163.74545288085938,7,7
2040804426,3,11026,4.313000000000102,110252414,4,100,2.327272653579712,10.0,200.0,166.2181854248047,7,4
2040804426,3,11027,4.313000000000102,110262414,6,100,2.1818182468414307,10.0,200.0,167.4545440673828,7,6
2040804426,3,11028,4.313000000000102,110272414,4,100,1.9636363983154297,10.0,200.0,169.30908203125,7,4
2040804426,3,11029,4.313000000000102,110282414,4,100,1.8181818723678589,10.0,200.0,170.5454559326172,7,4
2040804426,3,11030,4.313000000000102,110292414,4,100,1.600000023841858,10.0,200.0,172.39999389648438,7,4
2040804426,3,11031,4.313000000000102,110302414,2,100,1.454545497894287,10.0,200.0,173.6363525390625,7,2
2040804426,3,11032,4.313000000000102,110312414,3,100,1.2363636493682861,10.0,200.0,175.49090576171875,7,3
2040804426,3,11033,4.313000000000102,110322414,1,100,1.0181818008422852,10.0,200.0,177.345458984375,7,1
2040804426,3,11034,4.313000000000102,110332414,1,100,0.800000011920929,10.0,200.0,179.1999969482422,7,1
2040804426,3,11035,4.313000000000102,110342414,1,100,0.581818163394928,10.0,200.0,181.05453491210938,7,1
2040804426,3,11036,4.313000000000102,110352414,1,100,0.5090909004211426,10.0,200.0,181.6727294921875,7,1
2040804426,3,11037,4.313000000000102,110362414,0,100,0.290909081697464,10.0,200.0,183.52728271484375,7,0
2040804426,3,11038,4.313000000000102,110372414,0,100,0.21818183362483978,10.0,200.0,184.14544677734375,7,0
2040804426,3,11039,4.313000000000102,110382414,0,100,0.145454540848732,10.0,200.0,184.76364135742188,7,0
2040804426,3,11040,4.313000000000102,110392414,0,100,0.072727270424366,10.0,200.0,185.38182067871094,7,0
2040804426,3,11041,4.313000000000102,110402409,0,100,0.0,10.0,200.0,186.0,7,0
2040804426,3,11042,4.313000000000102,110412409,0,100,0.0,10.0,200.0,186.0,7,0
2040804426,3,11043,4.313000000000102,110422409,0,100,0.0,10.0,200.0,186.0,7,0
2040804426,3,11044,4.313000000000102,110432409,0,100,0.0,10.0,200.0,186.0,7,0
2040804426,3,11045,4.313000000000102,110442409,0,100,0.0,10.0,200.0,186.0,7,0
2040804426,3,11046,4.313000000000102,110452409,0,100,0.0,10.0,200.0,186.0,7,0
2040804426,3,11047,4.313000000000102,110462409,0,100,0.0,10.0,200.0,186.0,7,0
2040804426,3,11048,4.313000000000102,110472409,0,100,0.0,10.0,200.0,186.0,7,0
2040804426,3,11049,4.313000000000102,110482409,0,100,0.0,10.0,200.0,186.0,7,0
2040804426,3,11050,4.313000000000102,110492409,0,100,0.0,10.0,200.0,186.0,7,0
2040804426,3,11051,4.313000000000102,110502409,0,100,0.0,10.0,200.0,186.0,7,0
2040804426,3,11052,4.313000000000102,110512409,0,100,0.0,10.0,200.0,186.0,7,0
2040804426,3,11053,4.313000000000102,110522409,0,100,0.0,10.0,200.0,186.0,7,0
2040804426,3,11054,4.313000000000102,110532409,0,100,0.0,10.0,200.0,186.0,7,0
2040804426,3,11055,4.313000000000102,110542409,0,100,0.0,10.0,200.0,186.0,7,0
2040804426,3,11056,4.313000000000102,110552409,0,100,0.0,10.0,200.0,186.0,7,0
2040804426,3,11057,4.313000000000102,110562409,0,100,0.0,10.0,200.0,186.0,7,0
2040804426,3,11058,4.313000000000102,110572409,0,100,0.0,10.0,200.0,186.0,7,0
2040804426,3,11059,4.313000000000102,110582409,0,100,0.0,10.0,200.0,186.0,7,0
2040804426,3,11060,4.313000000000102,110592409,0,100,0.0,10.0,200.0,186.0,7,0
2040804426,3,11061,4.313000000000102,110602409,0,100,0.0,10.0,200.0,186.0,7,0
2040804426,3,11062,4.313000000000102,110612409,0,100,0.0,10.0,200.0,186.0,7,0
2040804426,3,11063,4.313000000000102,110622409,0,100,0.0,10.0,200.0,186.0,7,0
2040804426,3,11064,4.313000000000102,110632409,0,100,0.0,10.0,200.0,186.0,7,0
2040804426,3,11065,4.313000000000102,110642409,0,100,0.0,10.0,200.0,186.0,7,0
2040804426,3,11066,4.313000000000102,110652409,0,100,0.0,10.0,200.0,186.0,7,0
2040804426,3,11067,4.313000000000102,110662409,0,100,0.0,10.0,200.0,186.0,7,0
2040804426,3,11068,4.313000000000102,110672409,0,100,0.0,10.0,200.0,186.0,7,0
2040804426,3,11069,4.313000000000102,110682409,0,100,0.0,10.0,200.0,186.0,7,0
2040804426,3,11070,4.313000000000102,110692409,0,100,0.0,10.0,200.0,186.0,7,0
2040804426,3,11071,4.313000000000102,110702409,0,100,0.0,10.0,200.0,186.0,7,0
2040804426,3,11072,4.313000000000102,110712409,0,100,0.0,10.0,200.0,186.0,7,0
2040804426,3,11073,4.313000000000102,110722409,0,100,0.0,10.0,200.0,186.0,7,0
2040804426,3,11074,4.313000000000102,110732409,0,100,0.0,10.0,200.0,186.0,7,0
2040804426,3,11075,4.640999999999622,110742409,0,100,0.0,10.0,200.0,186.0,7,0
2040804426,3,11076,4.640999999999622,110752409,0,100,0.0,10.0,200.0,186.0,7,0
2040804426,3,11077,4.640999999999622,110762409,0,100,0.0,10.0,200.0,186.0,7,0
2040804426,3,11078,4.640999999999622,110772409,0,100,0.0,10.0,200.0,186.0,7,0
2040804426,3,11079,4.640999999999622,110782409,0,100,0.0,10.0,200.0,186.0,7,0
2040804426,3,11080,4.640999999999622,110792409,0,100,0.0,10.0,200.0,186.0,7,0
2040804426,3,11081,4.640999999999622,110802409,0,100,0.0,10.0,200.0,186.0,7,0
2040804426,3,11082,4.640999999999622,110812409,0,100,0.0,10.0,200.0,186.0,7,0
2040804426,3,11083,4.640999999999622,110822409,0,100,0.0,10.0,200.0,186.0,7,0
2040804426,3,11084,4.640999999999622,110832409,0,100,0.0,10.0,200.0,186.0,7,0
2040804426,3,11085,4.640999999999622,110842409,0,100,0.0,10.0,200.0,186.0,7,0
2040804426,3,11086,4.640999999999622,110852409,0,100,0.0,10.0,200.0,186.0,7,0
2040804426,3,11087,4.640999999999622,110862409,0,100,0.0,10.0,200.0,186.0,7,0
2040804426,3,11088,4.640999999999622,110872409,0,100,0.0,10.0,200.0,186.0,7,0
2040804426,3,11089,4.640999999999622,110882409,0,100,0.0,10.0,200.0,186.0,7,0
2040804426,3,11090,4.640999999999622,110892409,0,100,0.0,10.0,200.0,186.0,7,0
2040804426,3,11091,4.640999999999622,110902409,0,100,0.0,10.0,200.0,186.0,7,0
2040804426,3,11092,4.640999999999622,110912409,0,100,0.0,10.0,200.0,186.0,7,0
2040804426,3,11093,4.640999999999622,110922409,0,100,0.0,10.0,200.0,186.0,7,0
2040804426,3,11094,4.640999999999622,110932409,0,100,0.0,10.0,200.0,186.0,7,0
2040804426,3,11095,4.640999999999622,110942409,0,100,0.0,10.0,200.0,186.0,7,0
2040804426,3,11096,4.640999999999622,110952409,0,100,0.0,10.0,200.0,186.0,7,0
2040804426,3,11097,4.640999999999622,110962409,0,100,0.0,10.0,200.0,186.0,7,0
2040804426,3,11098,4.640999999999622,110972409,0,100,0.0,10.0,200.0,186.0,7,0
2040804426,3,11099,4.640999999999622,110982409,0,100,0.0,10.0,200.0,186.0,7,0
2040804426,3,11100,4.640999999999622,110992409,0,100,0.0,10.0,200.0,186.0,7,0
2040804426,3,11101,4.640999999999622,111002409,0,100,0.0,10.0,200.0,186.0,7,0
2040804426,3,11102,4.640999999999622,111012409,0,100,0.0,10.0,200.0,186.0,7,0
2040804426,3,11103,4.640999999999622,111022409,0,100,0.0,10.0,200.0,186.0,7,0
2040804426,3,11104,4.640999999999622,111032409,0,100,0.0,10.0,200.0,186.0,7,0
2040804426,3,11105,4.640999999999622,111042409,0,100,0.0,10.0,200.0,186.0,7,0
2040804426,3,11106,4.640999999999622,111052409,0,100,0.0,10.0,200.0,186.0,7,0
2040804426,3,11107,5.07799999999952,111062409,0,100,0.0,10.0,200.0,186.0,7,0
2040804426,3,11108,5.07799999999952,111072409,0,100,0.0,10.0,200.0,186.0,7,0
2040804426,3,11109,5.07799999999952,111082409,0,100,0.0,10.0,200.0,186.0,7,0
2040804426,3,11110,5.07799999999952,111092409,0,100,0.0,10.0,200.0,186.0,7,0
2040804426,3,11111,5.07799999999952,111102409,0,100,0.0,10.0,200.0,186.0,7,0
2040804426,3,11112,5.07799999999952,111112409,0,100,0.0,10.0,200.0,186.0,7,0
2040804426,3,11113,5.07799999999952,111122409,0,100,0.0,10.0,200.0,186.0,7,0
2040804426,3,11114,5.07799999999952,111132409,0,100,0.0,10.0,200.0,186.0,7,0
2040804426,3,11115,5.07799999999952,111142409,0,100,0.0,10.0,200.0,186.0,7,0
2040804426,3,11116,5.07799999999952,111152409,0,100,0.0,10.0,200.0,186.0,7,0
2040804426,3,11117,5.07799999999952,111162409,0,100,0.0,10.0,200.0,186.0,7,0
2040804426,3,11118,5.07799999999952,111172409,0,100,0.0,10.0,200.0,186.0,7,0
2040804426,3,11119,5.07799999999952,111182409,0,100,0.0,10.0,200.0,186.0,7,0
2040804426,3,11120,5.07799999999952,111192409,0,100,0.0,10.0,200.0,186.0,7,0
2040804426,3,11121,5.07799999999952,111202409,0,100,0.0,10.0,200.0,186.0,7,0
2040804426,3,11122,5.07799999999952,111212409,0,100,0.0,10.0,200.0,186.0,7,0
2040804426,3,11123,5.07799999999952,111222409,0,100,0.0,10.0,200.0,186.0,7,0
2040804426,3,11124,5.07799999999952,111232409,0,100,0.0,10.0,200.0,186.0,7,0
2040804426,3,11125,5.07799999999952,111242409,0,100,0.0,10.0,200.0,186.0,7,0
2040804426,3,11126,5.07799999999952,111252409,0,100,0.0,10.0,200.0,186.0,7,0
2040804426,3,11127,5.07799999999952,111262409,0,100,0.0,10.0,200.0,186.0,7,0
2040804426,3,11128,5.07799999999952,111272409,0,100,0.0,10.0,200.0,186.0,7,0
2040804426,3,11129,5.07799999999952,111282409,0,100,0.0,10.0,200.0,186.0,7,0
2040804426,3,11130,5.07799999999952,111292409,0,100,0.0,10.0,200.0,186.0,7,0
2040804426,3,11131,5.07799999999952,111302409,0,100,0.0,10.0,200.0,186.0,7,0
2040804426,3,11132,5.07799999999952,111312409,0,100,0.0,10.0,200.0,186.0,7,0
2040804426,3,11133,5.07799999999952,111322409,0,100,0.0,10.0,200.0,186.0,7,0
2040804426,3,11134,5.07799999999952,111332409,0,100,0.0,10.0,200.0,186.0,7,0
2040804426,3,11135,5.07799999999952,111342409,0,100,0.0,10.0,200.0,186.0,7,0
2040804426,3,11136,5.07799999999952,111352409,0,100,0.0,10.0,200.0,186.0,7,0
2040804426,3,11137,5.07799999999952,111362409,0,100,0.0,10.0,200.0,186.0,7,0
2040804426,3,11138,5.07799999999952,111372409,0,100,0.0,10.0,200.0,186.0,7,0
2040804426,3,11139,5.07799999999952,111382409,0,100,0.0,10.0,200.0,186.0,7,0
2040804426,3,11140,5.07799999999952,111392409,0,100,0.0,10.0,200.0,186.0,7,0
2040804426,3,11141,5.07799999999952,111402409,0,100,0.0,10.0,200.0,186.0,7,0
2040804426,3,11142,5.07799999999952,111412409,0,100,0.0,10.0,200.0,186.0,7,0
2040804426,3,11143,5.07799999999952,111422409,0,100,0.0,10.0,200.0,186.0,7,0
2040804426,3,11144,5.07799999999952,111432409,0,100,0.0,10.0,200.0,186.0,7,0
2040804426,3,11145,5.07799999999952,111442409,0,100,0.0,10.0,200.0,186.0,7,0
2040804426,3,11146,5.07799999999952,111452409,0,100,0.0,10.0,200.0,186.0,7,0
2040804426,3,11147,5.609000000000378,111462409,0,100,0.0,10.0,200.0,186.0,7,0
2040804426,3,11148,5.609000000000378,111472409,0,100,0.0,10.0,200.0,186.0,7,0
2040804426,3,11149,5.609000000000378,111482409,0,100,0.0,10.0,200.0,186.0,7,0
2040804426,3,11150,5.609000000000378,111492409,0,100,0.0,10.0,200.0,186.0,7,0
2040804426,3,11151,5.609000000000378,111502409,0,100,0.0,10.0,200.0,186.0,7,0
2040804426,3,11152,5.609000000000378,111512409,0,100,0.0,10.0,200.0,186.0,7,0
2040804426,3,11153,5.609000000000378,111522409,0,100,0.0,10.0,200.0,186.0,7,0
2040804426,3,11154,5.609000000000378,111532409,0,100,0.0,10.0,200.0,186.0,7,0
2040804426,3,11155,5.609000000000378,111542409,0,100,0.0,10.0,200.0,186.0,7,0
2040804426,3,11156,5.609000000000378,111552409,0,100,0.0,10.0,200.0,186.0,7,0
2040804426,3,11157,5.609000000000378,111562409,0,100,0.0,10.0,200.0,186.0,7,0
2040804426,3,11158,5.609000000000378,111572409,0,100,0.0,10.0,200.0,186.0,7,0
2040804426,3,11159,5.609000000000378,111582409,0,100,0.0,10.0,200.0,186.0,7,0
2040804426,3,11160,5.609000000000378,111592409,0,100,0.0,10.0,200.0,186.0,7,0
2040804426,3,11161,5.609000000000378,111602409,0,100,0.0,10.0,200.0,186.0,7,0
2040804426,3,11162,5.609000000000378,111612409,0,100,0.0,10.0,200.0,186.0,7,0
2040804426,3,11163,5.609000000000378,111622409,0,100,0.0,10.0,200.0,186.0,7,0
2040804426,3,11164,5.609000000000378,111632409,0,100,0.0,10.0,200.0,186.0,7,0
2040804426,3,11165,5.609000000000378,111642409,0,100,0.0,10.0,200.0,186.0,7,0
2040804426,3,11166,5.609000000000378,111652409,0,100,0.0,10.0,200.0,186.0,7,0
2040804426,3,11167,5.609000000000378,111662409,0,100,0.0,10.0,200.0,186.0,7,0
2040804426,3,11168,5.609000000000378,111672409,0,100,0.0,10.0,200.0,186.0,7,0
2040804426,3,11169,5.609000000000378,111682409,0,100,0.0,10.0,200.0,186.0,7,0
2040804426,3,11170,5.609000000000378,111692409,0,100,0.0,10.0,200.0,186.0,7,0
2040804426,3,11171,5.609000000000378,111702409,0,100,0.0,10.0,200.0,186.0,7,0
2040804426,3,11172,5.609000000000378,111712409,0,100,0.0,10.0,200.0,186.0,7,0
2040804426,3,11173,5.609000000000378,111722409,0,100,0.0,10.0,200.0,186.0,7,0
2040804426,3,11174,5.609000000000378,111732409,0,100,0.0,10.0,200.0,186.0,7,0
2040804426,3,11175,5.609000000000378,111742409,0,100,0.0,10.0,200.0,186.0,7,0
2040804426,3,11176,5.609000000000378,111752409,0,100,0.0,10.0,200.0,186.0,7,0
2040804426,3,11177,5.609000000000378,111762409,0,100,0.0,10.0,200.0,186.0,7,0
2040804426,3,11178,5.609000000000378,111772409,0,100,0.0,10.0,200.0,186.0,7,0
2040804426,3,11179,5.609000000000378,111782409,0,100,0.0,10.0,200.0,186.0,7,0
2040804426,3,11180,5.609000000000378,111792409,0,100,0.0,10.0,200.0,186.0,7,0
2040804426,3,11181,5.609000000000378,111802409,0,100,0.0,10.0,200.0,186.0,7,0
2040804426,3,11182,5.609000000000378,111812409,0,100,0.0,10.0,200.0,186.0,7,0
2040804426,3,11183,5.609000000000378,111822409,0,100,0.0,10.0,200.0,186.0,7,0
2040804426,3,11184,5.609000000000378,111832409,0,100,0.0,10.0,200.0,186.0,7,0
2040804426,3,11185,5.609000000000378,111842409,0,100,0.0,10.0,200.0,186.0,7,0
2040804426,3,11186,5.609000000000378,111852409,0,100,0.0,10.0,200.0,186.0,7,0
2040804426,3,11187,5.609000000000378,111862409,0,100,0.0,10.0,200.0,186.0,7,0
2040804426,3,11188,5.609000000000378,111872409,0,100,0.0,10.0,200.0,186.0,7,0
2040804426,3,11189,5.609000000000378,111882409,0,100,0.0,10.0,200.0,186.0,7,0
2040804426,3,11190,5.609000000000378,111892409,0,100,0.0,10.0,200.0,186.0,7,0
2040804426,3,11191,5.609000000000378,111902409,0,100,0.0,10.0,200.0,186.0,7,0
2040804426,3,11192,5.609000000000378,111912409,0,100,0.0,10.0,200.0,186.0,7,0
2040804426,3,11193,5.609000000000378,111922409,0,100,0.0,10.0,200.0,186.0,7,0
2040804426,3,11194,5.609000000000378,111932409,0,100,0.0,10.0,200.0,186.0,7,0
2040804426,3,11195,5.609000000000378,111942409,0,100,0.0,10.0,200.0,186.0,7,0
2040804426,3,11196,5.609000000000378,111952409,0,100,0.0,10.0,200.0,186.0,7,0
2040804426,3,11197,5.609000000000378,111962409,0,100,0.0,10.0,200.0,186.0,7,0
2040804426,3,11198,5.609000000000378,111972409,0,100,0.0,10.0,200.0,186.0,7,0
2040804426,3,11199,5.609000000000378,111982409,0,100,0.0,10.0,200.0,186.0,7,0
2040804426,3,11200,5.609000000000378,111992409,0,100,0.0,10.0,200.0,186.0,7,0
2040804426,3,11201,5.609000000000378,112002409,0,100,0.0,10.0,200.0,186.0,7,0
2040804426,3,11202,5.609000000000378,112012409,0,100,0.0,10.0,200.0,186.0,7,0
2040804426,3,11203,6.20299999999952,112022409,0,100,0.0,10.0,200.0,186.0,7,0
2040804426,3,11204,6.20299999999952,112032409,0,100,0.0,10.0,200.0,186.0,7,0
2040804426,3,11205,6.20299999999952,112042409,0,100,0.0,10.0,200.0,186.0,7,0
2040804426,3,11206,6.20299999999952,112052409,0,100,0.0,10.0,200.0,186.0,7,0
2040804426,3,11207,6.20299999999952,112062409,0,100,0.0,10.0,200.0,186.0,7,0
2040804426,3,11208,6.20299999999952,112072409,0,100,0.0,10.0,200.0,186.0,7,0
2040804426,3,11209,6.20299999999952,112082409,0,100,0.0,10.0,200.0,186.0,7,0
2040804426,3,11210,6.20299999999952,112092409,0,100,0.0,10.0,200.0,186.0,7,0
2040804426,3,11211,6.20299999999952,112102409,0,100,0.0,10.0,200.0,186.0,7,0
2040804426,3,11212,6.20299999999952,112112409,0,100,0.0,10.0,200.0,186.0,7,0
2040804426,3,11213,6.20299999999952,112122409,0,100,0.0,10.0,200.0,186.0,7,0
2040804426,3,11214,6.20299999999952,112132409,0,100,0.0,10.0,200.0,186.0,7,0
2040804426,3,11215,6.20299999999952,112142409,0,100,0.0,10.0,200.0,186.0,7,0
2040804426,3,11216,6.20299999999952,112152409,0,100,0.0,10.0,200.0,186.0,7,0
2040804426,3,11217,6.20299999999952,112162409,0,100,0.0,10.0,200.0,186.0,7,0
2040804426,3,11218,6.20299999999952,112172409,0,100,0.0,10.0,200.0,186.0,7,0
2040804426,3,11219,6.20299999999952,112182409,0,100,0.0,10.0,200.0,186.0,7,0
2040804426,3,11220,6.20299999999952,112192409,0,100,0.0,10.0,200.0,186.0,7,0
2040804426,3,11221,6.20299999999952,112202409,0,100,0.0,10.0,200.0,186.0,7,0
2040804426,3,11222,6.20299999999952,112212409,0,100,0.0,10.0,200.0,186.0,7,0
2040804426,3,11223,6.20299999999952,112222409,0,100,0.0,10.0,200.0,186.0,7,0
2040804426,3,11224,6.20299999999952,112232409,0,100,0.0,10.0,200.0,186.0,7,0
2040804426,3,11225,6.20299999999952,112242409,0,100,0.0,10.0,200.0,186.0,7,0
2040804426,3,11226,6.20299999999952,112252409,0,100,0.0,10.0,200.0,186.0,7,0
2040804426,3,11227,6.20299999999952,112262409,0,100,0.0,10.0,200.0,186.0,7,0
2040804426,3,11228,6.20299999999952,112272409,0,100,0.0,10.0,200.0,186.0,7,0
2040804426,3,11229,6.20299999999952,112282409,0,100,0.0,10.0,200.0,186.0,7,0
2040804426,3,11230,6.20299999999952,112292409,0,100,0.0,10.0,200.0,186.0,7,0
2040804426,3,11231,6.20299999999952,112302409,0,100,0.0,10.0,200.0,186.0,7,0
2040804426,3,11232,6.20299999999952,112312409,0,100,0.0,10.0,200.0,186.0,7,0
2040804426,3,11233,6.20299999999952,112322409,0,100,0.0,10.0,200.0,186.0,7,0
2040804426,3,11234,6.20299999999952,112332409,0,100,0.0,10.0,200.0,186.0,7,0
2040804426,3,11235,6.20299999999952,112342409,0,100,0.0,10.0,200.0,186.0,7,0
2040804426,3,11236,6.20299999999952,112352409,0,100,0.0,10.0,200.0,186.0,7,0
2040804426,3,11237,6.20299999999952,112362409,0,100,0.0,10.0,200.0,186.0,7,0
2040804426,3,11238,6.20299999999952,112372409,0,100,0.0,10.0,200.0,186.0,7,0
2040804426,3,11239,6.20299999999952,112382409,0,100,0.0,10.0,200.0,186.0,7,0
2040804426,3,11240,6.20299999999952,112392409,0,100,0.0,10.0,200.0,186.0,7,0
2040804426,3,11241,6.20299999999952,112402409,0,100,0.0,10.0,200.0,186.0,7,0
2040804426,3,11242,6.20299999999952,112412409,0,100,0.0,10.0,200.0,186.0,7,0
2040804426,3,11243,6.20299999999952,112422409,0,100,0.0,10.0,200.0,186.0,7,0
2040804426,3,11244,6.20299999999952,112432409,0,100,0.0,10.0,200.0,186.0,7,0
2040804426,3,11245,6.20299999999952,112442409,0,100,0.0,10.0,200.0,186.0,7,0
2040804426,3,11246,6.20299999999952,112452409,0,100,0.0,10.0,200.0,186.0,7,0
2040804426,3,11247,6.20299999999952,112462409,0,100,0.0,10.0,200.0,186.0,7,0
2040804426,3,11248,6.20299999999952,112472409,0,100,0.0,10.0,200.0,186.0,7,0
2040804426,3,11249,6.20299999999952,112482409,0,100,0.0,10.0,200.0,186.0,7,0
2040804426,3,11250,6.20299999999952,112492409,0,100,0.0,10.0,200.0,186.0,7,0
2040804426,3,11251,6.20299999999952,112502409,0,100,0.0,10.0,200.0,186.0,7,0
2040804426,3,11252,6.20299999999952,112512409,0,100,0.0,10.0,200.0,186.0,7,0
2040804426,3,11253,6.20299999999952,112522409,0,100,0.0,10.0,200.0,186.0,7,0
2040804426,3,11254,6.20299999999952,112532409,0,100,0.0,10.0,200.0,186.0,7,0
2040804426,3,11255,6.20299999999952,112542409,0,100,0.0,10.0,200.0,186.0,7,0
2040804426,3,11256,6.20299999999952,112552409,0,100,0.0,10.0,200.0,186.0,7,0
2040804426,3,11257,6.20299999999952,112562409,0,100,0.0,10.0,200.0,186.0,7,0
2040804426,3,11258,6.20299999999952,112572409,0,100,0.0,10.0,200.0,186.0,7,0
2040804426,3,11259,6.765999999999622,112582409,0,100,0.0,10.0,200.0,186.0,7,0
2040804426,3,11260,6.765999999999622,112592409,0,100,0.0,10.0,200.0,186.0,7,0
2040804426,3,11261,6.765999999999622,112602409,0,100,0.0,10.0,200.0,186.0,7,0
2040804426,3,11262,6.765999999999622,112612409,0,100,0.0,10.0,200.0,186.0,7,0
2040804426,3,11263,6.765999999999622,112622409,0,100,0.0,10.0,200.0,186.0,7,0
2040804426,3,11264,6.765999999999622,112632409,0,100,0.0,10.0,200.0,186.0,7,0
2040804426,3,11265,6.765999999999622,112642410,0,100,0.0,10.0,200.0,186.0,7,0
2040804426,3,11266,6.765999999999622,112652409,0,100,0.0,10.0,200.0,186.0,7,0
2040804426,3,11267,6.765999999999622,112662409,0,100,0.0,10.0,200.0,186.0,7,0
2040804426,3,11268,6.765999999999622,112672409,0,100,0.0,10.0,200.0,186.0,7,0
2040804426,3,11269,6.765999999999622,112682409,0,100,0.0,10.0,200.0,186.0,7,0
2040804426,3,11270,6.765999999999622,112692409,0,100,0.0,10.0,200.0,186.0,7,0
2040804426,3,11271,6.765999999999622,112702409,0,100,0.0,10.0,200.0,186.0,7,0
2040804426,3,11272,6.765999999999622,112712409,0,100,0.0,10.0,200.0,186.0,7,0
2040804426,3,11273,6.765999999999622,112722409,0,100,0.0,10.0,200.0,186.0,7,0
2040804426,3,11274,6.765999999999622,112732409,0,100,0.0,10.0,200.0,186.0,7,0
2040804426,3,11275,6.765999999999622,112742409,0,100,0.0,10.0,200.0,186.0,7,0
2040804426,3,11276,6.765999999999622,112752409,0,100,0.0,10.0,200.0,186.0,7,0
2040804426,3,11277,6.765999999999622,112762409,0,100,0.0,10.0,200.0,186.0,7,0
2040804426,3,11278,6.765999999999622,112772410,0,100,0.0,10.0,200.0,186.0,7,0
2040804426,3,11279,6.765999999999622,112782409,0,100,0.0,10.0,200.0,186.0,7,0
2040804426,3,11280,6.765999999999622,112792409,0,100,0.0,10.0,200.0,186.0,7,0
2040804426,3,11281,6.765999999999622,112802409,0,100,0.0,10.0,200.0,186.0,7,0
2040804426,3,11282,6.765999999999622,112812409,0,100,0.0,10.0,200.0,186.0,7,0
2040804426,3,11283,6.765999999999622,112822409,0,100,0.0,10.0,200.0,186.0,7,0
2040804426,3,11284,6.765999999999622,112832409,0,100,0.0,10.0,200.0,186.0,7,0
2040804426,3,11285,6.765999999999622,112842409,0,100,0.0,10.0,200.0,186.0,7,0
2040804426,3,11286,6.765999999999622,112852409,0,100,0.0,10.0,200.0,186.0,7,0
2040804426,3,11287,6.765999999999622,112862409,0,100,0.0,10.0,200.0,186.0,7,0
2040804426,3,11288,6.765999999999622,112872409,0,100,0.0,10.0,200.0,186.0,7,0
2040804426,3,11289,6.765999999999622,112882409,0,100,0.0,10.0,200.0,186.0,7,0
2040804426,3,11290,6.765999999999622,112892409,0,100,0.0,10.0,200.0,186.0,7,0
2040804426,3,11291,6.765999999999622,112902409,0,100,0.0,10.0,200.0,186.0,7,0
2040804426,3,11292,6.765999999999622,112912409,0,100,0.0,10.0,200.0,186.0,7,0
2040804426,3,11293,6.765999999999622,112922409,0,100,0.0,10.0,200.0,186.0,7,0
2040804426,3,11294,6.765999999999622,112932409,0,100,0.0,10.0,200.0,186.0,7,0
2040804426,3,11295,6.765999999999622,112942409,0,100,0.0,10.0,200.0,186.0,7,0
2040804426,3,11296,6.765999999999622,112952409,0,100,0.0,10.0,200.0,186.0,7,0
2040804426,3,11297,6.765999999999622,112962409,0,100,0.0,10.0,200.0,186.0,7,0
2040804426,3,11298,6.765999999999622,112972409,0,100,0.0,10.0,200.0,186.0,7,0
2040804426,3,11299,6.765999999999622,112982409,0,100,0.0,10.0,200.0,186.0,7,0
2040804426,3,11300,6.765999999999622,112992409,0,100,0.0,10.0,200.0,186.0,7,0
2040804426,3,11301,6.765999999999622,113002409,0,100,0.0,10.0,200.0,186.0,7,0
2040804426,3,11302,6.765999999999622,113012409,0,100,0.0,10.0,200.0,186.0,7,0
2040804426,3,11303,6.765999999999622,113022409,0,100,0.0,10.0,200.0,186.0,7,0
2040804426,3,11304,6.765999999999622,113032409,0,100,0.0,10.0,200.0,186.0,7,0
2040804426,3,11305,6.765999999999622,113042409,0,100,0.0,10.0,200.0,186.0,7,0
2040804426,3,11306,6.765999999999622,113052409,0,100,0.0,10.0,200.0,186.0,7,0
2040804426,3,11307,6.765999999999622,113062409,0,100,0.0,10.0,200.0,186.0,7,0
2040804426,3,11308,6.765999999999622,113072409,0,100,0.0,10.0,200.0,186.0,7,0
2040804426,3,11309,6.765999999999622,113082409,0,100,0.0,10.0,200.0,186.0,7,0
2040804426,3,11310,6.765999999999622,113092409,0,100,0.0,10.0,200.0,186.0,7,0
2040804426,3,11311,6.765999999999622,113102409,0,100,0.0,10.0,200.0,186.0,7,0
2040804426,3,11312,6.765999999999622,113112409,0,100,0.0,10.0,200.0,186.0,7,0
2040804426,3,11313,6.765999999999622,113122409,0,100,0.0,10.0,200.0,186.0,7,0
2040804426,3,11314,6.765999999999622,113132409,0,100,0.0,10.0,200.0,186.0,7,0
2040804426,3,11315,6.765999999999622,113142409,0,100,0.0,10.0,200.0,186.0,7,0
2040804426,3,11316,6.765999999999622,113152409,0,100,0.0,10.0,200.0,186.0,7,0
2040804426,3,11317,6.765999999999622,113162409,0,100,0.0,10.0,200.0,186.0,7,0
2040804426,3,11318,6.765999999999622,113172409,0,100,0.0,10.0,200.0,186.0,7,0
2040804426,3,11319,6.765999999999622,113182409,0,100,0.0,10.0,200.0,186.0,7,0
2040804426,3,11320,6.765999999999622,113192409,0,100,0.0,10.0,200.0,186.0,7,0
2040804426,3,11321,6.765999999999622,113202409,0,100,0.0,10.0,200.0,186.0,7,0
2040804426,3,11322,6.765999999999622,113212409,0,100,0.0,10.0,200.0,186.0,7,0
2040804426,3,11323,6.875,113222409,0,100,0.0,10.0,200.0,186.0,7,0
2040804426,3,11324,6.875,113232409,0,100,0.0,10.0,200.0,186.0,7,0
2040804426,3,11325,6.875,113242409,0,100,0.0,10.0,200.0,186.0,7,0
2040804426,3,11326,6.875,113252409,0,100,0.0,10.0,200.0,186.0,7,0
2040804426,3,11327,6.875,113262409,0,100,0.0,10.0,200.0,186.0,7,0
2040804426,3,11328,6.875,113272409,0,100,0.0,10.0,200.0,186.0,7,0
2040804426,3,11329,6.875,113282409,0,100,0.0,10.0,200.0,186.0,7,0
2040804426,3,11330,6.875,113292409,0,100,0.0,10.0,200.0,186.0,7,0
2040804426,3,11331,7.438000000000102,113302409,0,100,0.0,10.0,200.0,186.0,7,0
2040804426,3,11332,7.438000000000102,113312409,0,100,0.0,10.0,200.0,186.0,7,0
2040804426,3,11333,7.438000000000102,113322409,0,100,0.0,10.0,200.0,186.0,7,0
2040804426,3,11334,7.438000000000102,113332409,0,100,0.0,10.0,200.0,186.0,7,0
2040804426,3,11335,7.438000000000102,113342409,0,100,0.0,10.0,200.0,186.0,7,0
2040804426,3,11336,7.438000000000102,113352409,0,100,0.0,10.0,200.0,186.0,7,0
2040804426,3,11337,7.438000000000102,113362409,0,100,0.0,10.0,200.0,186.0,7,0
2040804426,3,11338,7.438000000000102,113372409,0,100,0.0,10.0,200.0,186.0,7,0
2040804426,3,11339,7.438000000000102,113382409,0,100,0.0,10.0,200.0,186.0,7,0
2040804426,3,11340,7.438000000000102,113392409,0,100,0.0,10.0,200.0,186.0,7,0
2040804426,3,11341,7.438000000000102,113402409,0,100,0.0,10.0,200.0,186.0,7,0
2040804426,3,11342,7.438000000000102,113412409,0,100,0.0,10.0,200.0,186.0,7,0
2040804426,3,11343,7.438000000000102,113422409,0,100,0.0,10.0,200.0,186.0,7,0
2040804426,3,11344,7.438000000000102,113432409,0,100,0.0,10.0,200.0,186.0,7,0
2040804426,3,11345,7.438000000000102,113442409,0,100,0.0,10.0,200.0,186.0,7,0
2040804426,3,11346,7.438000000000102,113452409,0,100,0.0,10.0,200.0,186.0,7,0
2040804426,3,11347,7.438000000000102,113462409,0,100,0.0,10.0,200.0,186.0,7,0
2040804426,3,11348,7.438000000000102,113472409,0,100,0.0,10.0,200.0,186.0,7,0
2040804426,3,11349,7.438000000000102,113482409,0,100,0.0,10.0,200.0,186.0,7,0
2040804426,3,11350,7.438000000000102,113492409,0,100,0.0,10.0,200.0,186.0,7,0
2040804426,3,11351,7.438000000000102,113502409,0,100,0.0,10.0,200.0,186.0,7,0
2040804426,3,11352,7.438000000000102,113512409,0,100,0.0,10.0,200.0,186.0,7,0
2040804426,3,11353,7.438000000000102,113522409,0,100,0.0,10.0,200.0,186.0,7,0
2040804426,3,11354,7.438000000000102,113532409,0,100,0.0,10.0,200.0,186.0,7,0
2040804426,3,11355,7.438000000000102,113542409,0,100,0.0,10.0,200.0,186.0,7,0
2040804426,3,11356,7.438000000000102,113552409,0,100,0.0,10.0,200.0,186.0,7,0
2040804426,3,11357,7.438000000000102,113562409,0,100,0.0,10.0,200.0,186.0,7,0
2040804426,3,11358,7.438000000000102,113572409,0,100,0.0,10.0,200.0,186.0,7,0
2040804426,3,11359,7.438000000000102,113582409,0,100,0.0,10.0,200.0,186.0,7,0
2040804426,3,11360,7.438000000000102,113592409,0,100,0.0,10.0,200.0,186.0,7,0
2040804426,3,11361,7.438000000000102,113602409,0,100,0.0,10.0,200.0,186.0,7,0
2040804426,3,11362,7.438000000000102,113612409,0,100,0.0,10.0,200.0,186.0,7,0
2040804426,3,11363,7.438000000000102,113622409,0,100,0.0,10.0,200.0,186.0,7,0
2040804426,3,11364,7.438000000000102,113632409,0,100,0.0,10.0,200.0,186.0,7,0
2040804426,3,11365,7.438000000000102,113642409,0,100,0.0,10.0,200.0,186.0,7,0
2040804426,3,11366,7.438000000000102,113652409,0,100,0.0,10.0,200.0,186.0,7,0
2040804426,3,11367,7.438000000000102,113662409,0,100,0.0,10.0,200.0,186.0,7,0
2040804426,3,11368,7.438000000000102,113672409,0,100,0.0,10.0,200.0,186.0,7,0
2040804426,3,11369,7.438000000000102,113682409,0,100,0.0,10.0,200.0,186.0,7,0
2040804426,3,11370,7.438000000000102,113692409,0,100,0.0,10.0,200.0,186.0,7,0
2040804426,3,11371,7.438000000000102,113702409,0,100,0.0,10.0,200.0,186.0,7,0
2040804426,3,11372,7.438000000000102,113712409,0,100,0.0,10.0,200.0,186.0,7,0
2040804426,3,11373,7.438000000000102,113722409,0,100,0.0,10.0,200.0,186.0,7,0
2040804426,3,11374,7.438000000000102,113732409,0,100,0.0,10.0,200.0,186.0,7,0
2040804426,3,11375,7.438000000000102,113742409,0,100,0.0,10.0,200.0,186.0,7,0
2040804426,3,11376,7.438000000000102,113752409,0,100,0.0,10.0,200.0,186.0,7,0
2040804426,3,11377,7.438000000000102,113762409,0,100,0.0,10.0,200.0,186.0,7,0
2040804426,3,11378,7.438000000000102,113772409,0,100,0.0,10.0,200.0,186.0,7,0
2040804426,3,11379,7.438000000000102,113782411,0,100,0.0,10.0,200.0,186.0,7,0
2040804426,3,11380,7.438000000000102,113792409,0,100,0.0,10.0,200.0,186.0,7,0
2040804426,3,11381,7.438000000000102,113802409,0,100,0.0,10.0,200.0,186.0,7,0
2040804426,3,11382,7.438000000000102,113812409,0,100,0.0,10.0,200.0,186.0,7,0
2040804426,3,11383,7.438000000000102,113822409,0,100,0.0,10.0,200.0,186.0,7,0
2040804426,3,11384,7.438000000000102,113832409,0,100,0.0,10.0,200.0,186.0,7,0
2040804426,3,11385,7.438000000000102,113842409,0,100,0.0,10.0,200.0,186.0,7,0
2040804426,3,11386,7.438000000000102,113852409,0,100,0.0,10.0,200.0,186.0,7,0
2040804426,3,11387,8.031000000000859,113862409,0,100,0.0,10.0,200.0,186.0,7,0
2040804426,3,11388,8.031000000000859,113872409,0,100,0.0,10.0,200.0,186.0,7,0
2040804426,3,11389,8.031000000000859,113882409,0,100,0.0,10.0,200.0,186.0,7,0
2040804426,3,11390,8.031000000000859,113892409,0,100,0.0,10.0,200.0,186.0,7,0
2040804426,3,11391,8.031000000000859,113902409,0,100,0.0,10.0,200.0,186.0,7,0
2040804426,3,11392,8.031000000000859,113912409,0,100,0.0,10.0,200.0,186.0,7,0
2040804426,3,11393,8.031000000000859,113922409,0,100,0.0,10.0,200.0,186.0,7,0
2040804426,3,11394,8.031000000000859,113932409,0,100,0.0,10.0,200.0,186.0,7,0
2040804426,3,11395,8.031000000000859,113942409,0,100,0.0,10.0,200.0,186.0,7,0
2040804426,3,11396,8.031000000000859,113952409,0,100,0.0,10.0,200.0,186.0,7,0
2040804426,3,11397,8.031000000000859,113962409,0,100,0.0,10.0,200.0,186.0,7,0
2040804426,3,11398,8.031000000000859,113972409,0,100,0.0,10.0,200.0,186.0,7,0
2040804426,3,11399,8.031000000000859,113982409,0,100,0.0,10.0,200.0,186.0,7,0
2040804426,3,11400,8.031000000000859,113992409,0,100,0.0,10.0,200.0,186.0,7,0
2040804426,3,11401,8.031000000000859,114002409,0,100,0.0,10.0,200.0,186.0,7,0
2040804426,3,11402,8.031000000000859,114012409,0,100,0.0,10.0,200.0,186.0,7,0
2040804426,3,11403,8.031000000000859,114022409,0,100,0.0,10.0,200.0,186.0,7,0
2040804426,3,11404,8.031000000000859,114032409,0,100,0.0,10.0,200.0,186.0,7,0
2040804426,3,11405,8.031000000000859,114042409,0,100,0.0,10.0,200.0,186.0,7,0
2040804426,3,11406,8.031000000000859,114052409,0,100,0.0,10.0,200.0,186.0,7,0
2040804426,3,11407,8.031000000000859,114062409,0,100,0.0,10.0,200.0,186.0,7,0
2040804426,3,11408,8.031000000000859,114072409,0,100,0.0,10.0,200.0,186.0,7,0
2040804426,3,11409,8.031000000000859,114082409,0,100,0.0,10.0,200.0,186.0,7,0
2040804426,3,11410,8.031000000000859,114092409,0,100,0.0,10.0,200.0,186.0,7,0
2040804426,3,11411,8.031000000000859,114102409,0,100,0.0,10.0,200.0,186.0,7,0
2040804426,3,11412,8.031000000000859,114112409,0,100,0.0,10.0,200.0,186.0,7,0
2040804426,3,11413,8.031000000000859,114122409,0,100,0.0,10.0,200.0,186.0,7,0
2040804426,3,11414,8.031000000000859,114132409,0,100,0.0,10.0,200.0,186.0,7,0
2040804426,3,11415,8.031000000000859,114142409,0,100,0.0,10.0,200.0,186.0,7,0
2040804426,3,11416,8.031000000000859,114152409,0,100,0.0,10.0,200.0,186.0,7,0
2040804426,3,11417,8.031000000000859,114162409,0,100,0.0,10.0,200.0,186.0,7,0
2040804426,3,11418,8.031000000000859,114172409,0,100,0.0,10.0,200.0,186.0,7,0
2040804426,3,11419,8.031000000000859,114182409,0,100,0.0,10.0,200.0,186.0,7,0
2040804426,3,11420,8.031000000000859,114192409,0,100,0.0,10.0,200.0,186.0,7,0
2040804426,3,11421,8.031000000000859,114202409,0,100,0.0,10.0,200.0,186.0,7,0
2040804426,3,11422,8.031000000000859,114212409,0,100,0.0,10.0,200.0,186.0,7,0
2040804426,3,11423,8.031000000000859,114222409,0,100,0.0,10.0,200.0,186.0,7,0
2040804426,3,11424,8.031000000000859,114232409,0,100,0.0,10.0,200.0,186.0,7,0
2040804426,3,11425,8.031000000000859,114242409,0,100,0.0,10.0,200.0,186.0,7,0
2040804426,3,11426,8.031000000000859,114252409,0,100,0.0,10.0,200.0,186.0,7,0
2040804426,3,11427,8.031000000000859,114262409,0,100,0.0,10.0,200.0,186.0,7,0
2040804426,3,11428,8.031000000000859,114272409,0,100,0.0,10.0,200.0,186.0,7,0
2040804426,3,11429,8.031000000000859,114282409,0,100,0.0,10.0,200.0,186.0,7,0
2040804426,3,11430,8.031000000000859,114292409,0,100,0.0,10.0,200.0,186.0,7,0
2040804426,3,11431,8.031000000000859,114302409,0,100,0.0,10.0,200.0,186.0,7,0
2040804426,3,11432,8.031000000000859,114312409,0,100,0.0,10.0,200.0,186.0,7,0
2040804426,3,11433,8.031000000000859,114322409,0,100,0.0,10.0,200.0,186.0,7,0
2040804426,3,11434,8.031000000000859,114332409,0,100,0.0,10.0,200.0,186.0,7,0
2040804426,3,11435,8.031000000000859,114342409,0,100,0.0,10.0,200.0,186.0,7,0
2040804426,3,11436,8.031000000000859,114352409,0,100,0.0,10.0,200.0,186.0,7,0
2040804426,3,11437,8.031000000000859,114362409,0,100,0.0,10.0,200.0,186.0,7,0
2040804426,3,11438,8.031000000000859,114372410,0,100,0.0,10.0,200.0,186.0,7,0
2040804426,3,11439,8.031000000000859,114382409,0,100,0.0,10.0,200.0,186.0,7,0
2040804426,3,11440,8.031000000000859,114392409,0,100,0.0,10.0,200.0,186.0,7,0
2040804426,3,11441,8.031000000000859,114402409,0,100,0.0,10.0,200.0,186.0,7,0
2040804426,3,11442,8.031000000000859,114412409,0,100,0.0,10.0,200.0,186.0,7,0
2040804426,3,11443,8.640999999999622,114422409,0,100,0.0,10.0,200.0,186.0,7,0
2040804426,3,11444,8.640999999999622,114432409,0,100,0.0,10.0,200.0,186.0,7,0
2040804426,3,11445,8.640999999999622,114442409,0,100,0.0,10.0,200.0,186.0,7,0
2040804426,3,11446,8.640999999999622,114452409,0,100,0.0,10.0,200.0,186.0,7,0
2040804426,3,11447,8.640999999999622,114462409,0,100,0.0,10.0,200.0,186.0,7,0
2040804426,3,11448,8.640999999999622,114472409,0,100,0.0,10.0,200.0,186.0,7,0
2040804426,3,11449,8.640999999999622,114482409,0,100,0.0,10.0,200.0,186.0,7,0
2040804426,3,11450,8.640999999999622,114492409,0,100,0.0,10.0,200.0,186.0,7,0
2040804426,3,11451,8.640999999999622,114502409,0,100,0.0,10.0,200.0,186.0,7,0
2040804426,3,11452,8.640999999999622,114512409,0,100,0.0,10.0,200.0,186.0,7,0
2040804426,3,11453,8.640999999999622,114522409,0,100,0.0,10.0,200.0,186.0,7,0
2040804426,3,11454,8.640999999999622,114532409,0,100,0.0,10.0,200.0,186.0,7,0
2040804426,3,11455,8.640999999999622,114542409,0,100,0.0,10.0,200.0,186.0,7,0
2040804426,3,11456,8.640999999999622,114552409,0,100,0.0,10.0,200.0,186.0,7,0
2040804426,3,11457,8.640999999999622,114562409,0,100,0.0,10.0,200.0,186.0,7,0
2040804426,3,11458,8.640999999999622,114572409,0,100,0.0,10.0,200.0,186.0,7,0
2040804426,3,11459,8.640999999999622,114582409,0,100,0.0,10.0,200.0,186.0,7,0
2040804426,3,11460,8.640999999999622,114592409,0,100,0.0,10.0,200.0,186.0,7,0
2040804426,3,11461,8.640999999999622,114602409,0,100,0.0,10.0,200.0,186.0,7,0
2040804426,3,11462,8.640999999999622,114612409,0,100,0.0,10.0,200.0,186.0,7,0
2040804426,3,11463,8.640999999999622,114622409,0,100,0.0,10.0,200.0,186.0,7,0
2040804426,3,11464,8.640999999999622,114632409,0,100,0.0,10.0,200.0,186.0,7,0
2040804426,3,11465,8.640999999999622,114642409,0,100,0.0,10.0,200.0,186.0,7,0
2040804426,3,11466,8.640999999999622,114652409,0,100,0.0,10.0,200.0,186.0,7,0
2040804426,3,11467,8.640999999999622,114662409,0,100,0.0,10.0,200.0,186.0,7,0
2040804426,3,11468,8.640999999999622,114672409,0,100,0.0,10.0,200.0,186.0,7,0
2040804426,3,11469,8.640999999999622,114682409,0,100,0.0,10.0,200.0,186.0,7,0
2040804426,3,11470,8.640999999999622,114692409,0,100,0.0,10.0,200.0,186.0,7,0
2040804426,3,11471,8.640999999999622,114702409,0,100,0.0,10.0,200.0,186.0,7,0
2040804426,3,11472,8.640999999999622,114712409,0,100,0.0,10.0,200.0,186.0,7,0
2040804426,3,11473,8.640999999999622,114722409,0,100,0.0,10.0,200.0,186.0,7,0
2040804426,3,11474,8.640999999999622,114732409,0,100,0.0,10.0,200.0,186.0,7,0
2040804426,3,11475,8.640999999999622,114742409,0,100,0.0,10.0,200.0,186.0,7,0
2040804426,3,11476,8.640999999999622,114752409,0,100,0.0,10.0,200.0,186.0,7,0
2040804426,3,11477,8.640999999999622,114762409,0,100,0.0,10.0,200.0,186.0,7,0
2040804426,3,11478,8.640999999999622,114772410,0,100,0.0,10.0,200.0,186.0,7,0
2040804426,3,11479,8.640999999999622,114782409,0,100,0.0,10.0,200.0,186.0,7,0
2040804426,3,11480,8.640999999999622,114792409,0,100,0.0,10.0,200.0,186.0,7,0
2040804426,3,11481,8.640999999999622,114802409,0,100,0.0,10.0,200.0,186.0,7,0
2040804426,3,11482,8.640999999999622,114812409,0,100,0.0,10.0,200.0,186.0,7,0
2040804426,3,11483,8.640999999999622,114822409,0,100,0.0,10.0,200.0,186.0,7,0
2040804426,3,11484,8.640999999999622,114832409,0,100,0.0,10.0,200.0,186.0,7,0
2040804426,3,11485,8.640999999999622,114842409,0,100,0.0,10.0,200.0,186.0,7,0
2040804426,3,11486,8.640999999999622,114852409,0,100,0.0,10.0,200.0,186.0,7,0
2040804426,3,11487,8.640999999999622,114862409,0,100,0.0,10.0,200.0,186.0,7,0
2040804426,3,11488,8.640999999999622,114872409,0,100,0.0,10.0,200.0,186.0,7,0
2040804426,3,11489,8.640999999999622,114882409,0,100,0.0,10.0,200.0,186.0,7,0
2040804426,3,11490,8.640999999999622,114892409,0,100,0.0,10.0,200.0,186.0,7,0
2040804426,3,11491,8.640999999999622,114902409,0,100,0.0,10.0,200.0,186.0,7,0
2040804426,3,11492,8.640999999999622,114912409,0,100,0.0,10.0,200.0,186.0,7,0
2040804426,3,11493,8.640999999999622,114922409,0,100,0.0,10.0,200.0,186.0,7,0
2040804426,3,11494,8.640999999999622,114932409,0,100,0.0,10.0,200.0,186.0,7,0
2040804426,3,11495,8.640999999999622,114942409,0,100,0.0,10.0,200.0,186.0,7,0
2040804426,3,11496,8.640999999999622,114952409,0,100,0.0,10.0,200.0,186.0,7,0
2040804426,3,11497,8.640999999999622,114962409,0,100,0.0,10.0,200.0,186.0,7,0
2040804426,3,11498,8.640999999999622,114972409,0,100,0.0,10.0,200.0,186.0,7,0
2040804426,3,11499,8.640999999999622,114982409,0,100,0.0,10.0,200.0,186.0,7,0
2040804426,3,11500,8.640999999999622,114992409,0,100,0.0,10.0,200.0,186.0,7,0
2040804426,3,11501,8.640999999999622,115002409,0,100,0.0,10.0,200.0,186.0,7,0
2040804426,3,11502,8.640999999999622,115012409,0,100,0.0,10.0,200.0,186.0,7,0
2040804426,3,11503,8.640999999999622,115022409,0,100,0.0,10.0,200.0,186.0,7,0
2040804426,3,11504,8.640999999999622,115032409,0,100,0.0,10.0,200.0,186.0,7,0
2040804426,3,11505,8.640999999999622,115042409,0,100,0.0,10.0,200.0,186.0,7,0
2040804426,3,11506,8.640999999999622,115052409,0,100,0.0,10.0,200.0,186.0,7,0
2040804426,3,11507,9.21900000000096,115062409,0,100,0.0,10.0,200.0,186.0,7,0
2040804426,3,11508,9.21900000000096,115072409,0,100,0.0,10.0,200.0,186.0,7,0
2040804426,3,11509,9.21900000000096,115082409,0,100,0.0,10.0,200.0,186.0,7,0
2040804426,3,11510,9.21900000000096,115092409,0,100,0.0,10.0,200.0,186.0,7,0
2040804426,3,11511,9.21900000000096,115102409,0,100,0.0,10.0,200.0,186.0,7,0
2040804426,3,11512,9.21900000000096,115112409,0,100,0.0,10.0,200.0,186.0,7,0
2040804426,3,11513,9.21900000000096,115122409,0,100,0.0,10.0,200.0,186.0,7,0
2040804426,3,11514,9.21900000000096,115132409,0,100,0.0,10.0,200.0,186.0,7,0
2040804426,3,11515,9.21900000000096,115142409,0,100,0.0,10.0,200.0,186.0,7,0
2040804426,3,11516,9.21900000000096,115152409,0,100,0.0,10.0,200.0,186.0,7,0
2040804426,3,11517,9.21900000000096,115162409,0,100,0.0,10.0,200.0,186.0,7,0
2040804426,3,11518,9.21900000000096,115172409,0,100,0.0,10.0,200.0,186.0,7,0
2040804426,3,11519,9.21900000000096,115182409,0,100,0.0,10.0,200.0,186.0,7,0
2040804426,3,11520,9.21900000000096,115192409,0,100,0.0,10.0,200.0,186.0,7,0
2040804426,3,11521,9.21900000000096,115202409,0,100,0.0,10.0,200.0,186.0,7,0
2040804426,3,11522,9.21900000000096,115212409,0,100,0.0,10.0,200.0,186.0,7,0
2040804426,3,11523,9.21900000000096,115222409,0,100,0.0,10.0,200.0,186.0,7,0
2040804426,3,11524,9.21900000000096,115232409,0,100,0.0,10.0,200.0,186.0,7,0
2040804426,3,11525,9.21900000000096,115242409,0,100,0.0,10.0,200.0,186.0,7,0
2040804426,3,11526,9.21900000000096,115252409,0,100,0.0,10.0,200.0,186.0,7,0
2040804426,3,11527,9.21900000000096,115262409,0,100,0.0,10.0,200.0,186.0,7,0
2040804426,3,11528,9.21900000000096,115272409,0,100,0.0,10.0,200.0,186.0,7,0
2040804426,3,11529,9.21900000000096,115282409,0,100,0.0,10.0,200.0,186.0,7,0
2040804426,3,11530,9.21900000000096,115292409,0,100,0.0,10.0,200.0,186.0,7,0
2040804426,3,11531,9.21900000000096,115302409,0,100,0.0,10.0,200.0,186.0,7,0
2040804426,3,11532,9.21900000000096,115312409,0,100,0.0,10.0,200.0,186.0,7,0
2040804426,3,11533,9.21900000000096,115322409,0,100,0.0,10.0,200.0,186.0,7,0
2040804426,3,11534,9.21900000000096,115332409,0,100,0.0,10.0,200.0,186.0,7,0
2040804426,3,11535,9.21900000000096,115342409,0,100,0.0,10.0,200.0,186.0,7,0
2040804426,3,11536,9.21900000000096,115352409,0,100,0.0,10.0,200.0,186.0,7,0
2040804426,3,11537,9.21900000000096,115362409,0,100,0.0,10.0,200.0,186.0,7,0
2040804426,3,11538,9.21900000000096,115372409,0,100,0.0,10.0,200.0,186.0,7,0
2040804426,3,11539,9.21900000000096,115382409,0,100,0.0,10.0,200.0,186.0,7,0
2040804426,3,11540,9.21900000000096,115392409,0,100,0.0,10.0,200.0,186.0,7,0
2040804426,3,11541,9.21900000000096,115402409,0,100,0.0,10.0,200.0,186.0,7,0
2040804426,3,11542,9.21900000000096,115412409,0,100,0.0,10.0,200.0,186.0,7,0
2040804426,3,11543,9.21900000000096,115422409,0,100,0.0,10.0,200.0,186.0,7,0
2040804426,3,11544,9.21900000000096,115432409,0,100,0.0,10.0,200.0,186.0,7,0
2040804426,3,11545,9.21900000000096,115442409,0,100,0.0,10.0,200.0,186.0,7,0
2040804426,3,11546,9.21900000000096,115452409,0,100,0.0,10.0,200.0,186.0,7,0
2040804426,3,11547,9.21900000000096,115462409,0,100,0.0,10.0,200.0,186.0,7,0
2040804426,3,11548,9.21900000000096,115472409,0,100,0.0,10.0,200.0,186.0,7,0
2040804426,3,11549,9.21900000000096,115482409,0,100,0.0,10.0,200.0,186.0,7,0
2040804426,3,11550,9.21900000000096,115492409,0,100,0.0,10.0,200.0,186.0,7,0
2040804426,3,11551,9.21900000000096,115502409,0,100,0.0,10.0,200.0,186.0,7,0
2040804426,3,11552,9.21900000000096,115512409,0,100,0.0,10.0,200.0,186.0,7,0
2040804426,3,11553,9.21900000000096,115522409,0,100,0.0,10.0,200.0,186.0,7,0
2040804426,3,11554,9.21900000000096,115532409,0,100,0.0,10.0,200.0,186.0,7,0
2040804426,3,11555,9.21900000000096,115542409,0,100,0.0,10.0,200.0,186.0,7,0
2040804426,3,11556,9.21900000000096,115552409,0,100,0.0,10.0,200.0,186.0,7,0
2040804426,3,11557,9.21900000000096,115562409,0,100,0.0,10.0,200.0,186.0,7,0
2040804426,3,11558,9.21900000000096,115572409,0,100,0.0,10.0,200.0,186.0,7,0
2040804426,3,11559,9.21900000000096,115582409,0,100,0.0,10.0,200.0,186.0,7,0
2040804426,3,11560,9.21900000000096,115592409,0,100,0.0,10.0,200.0,186.0,7,0
2040804426,3,11561,9.21900000000096,115602409,0,100,0.0,10.0,200.0,186.0,7,0
2040804426,3,11562,9.21900000000096,115612409,0,100,0.0,10.0,200.0,186.0,7,0
2040804426,3,11563,9.813000000000102,115622409,0,100,0.0,10.0,200.0,186.0,7,0
2040804426,3,11564,9.813000000000102,115632409,0,100,0.0,10.0,200.0,186.0,7,0
2040804426,3,11565,9.813000000000102,115642409,0,100,0.0,10.0,200.0,186.0,7,0
2040804426,3,11566,9.813000000000102,115652409,0,100,0.0,10.0,200.0,186.0,7,0
2040804426,3,11567,9.813000000000102,115662409,0,100,0.0,10.0,200.0,186.0,7,0
2040804426,3,11568,9.813000000000102,115672409,0,100,0.0,10.0,200.0,186.0,7,0
2040804426,3,11569,9.813000000000102,115682409,0,100,0.0,10.0,200.0,186.0,7,0
2040804426,3,11570,9.813000000000102,115692409,0,100,0.0,10.0,200.0,186.0,7,0
2040804426,3,11571,9.813000000000102,115702409,0,100,0.0,10.0,200.0,186.0,7,0
2040804426,3,11572,9.813000000000102,115712409,0,100,0.0,10.0,200.0,186.0,7,0
2040804426,3,11573,9.813000000000102,115722410,0,100,0.0,10.0,200.0,186.0,7,0
2040804426,3,11574,9.813000000000102,115732409,0,100,0.0,10.0,200.0,186.0,7,0
2040804426,3,11575,9.813000000000102,115742409,0,100,0.0,10.0,200.0,186.0,7,0
2040804426,3,11576,9.813000000000102,115752409,0,100,0.0,10.0,200.0,186.0,7,0
2040804426,3,11577,9.813000000000102,115762409,0,100,0.0,10.0,200.0,186.0,7,0
2040804426,3,11578,9.813000000000102,115772409,0,100,0.0,10.0,200.0,186.0,7,0
2040804426,3,11579,9.813000000000102,115782409,0,100,0.0,10.0,200.0,186.0,7,0
2040804426,3,11580,9.813000000000102,115792409,0,100,0.0,10.0,200.0,186.0,7,0
2040804426,3,11581,9.813000000000102,115802409,0,100,0.0,10.0,200.0,186.0,7,0
2040804426,3,11582,9.813000000000102,115812409,0,100,0.0,10.0,200.0,186.0,7,0
2040804426,3,11583,9.813000000000102,115822409,0,100,0.0,10.0,200.0,186.0,7,0
2040804426,3,11584,9.813000000000102,115832409,0,100,0.0,10.0,200.0,186.0,7,0
2040804426,3,11585,9.813000000000102,115842409,0,100,0.0,10.0,200.0,186.0,7,0
2040804426,3,11586,9.813000000000102,115852409,0,100,0.0,10.0,200.0,186.0,7,0
2040804426,3,11587,9.813000000000102,115862409,0,100,0.0,10.0,200.0,186.0,7,0
2040804426,3,11588,9.813000000000102,115872409,0,100,0.0,10.0,200.0,186.0,7,0
2040804426,3,11589,9.813000000000102,115882409,0,100,0.0,10.0,200.0,186.0,7,0
2040804426,3,11590,9.813000000000102,115892409,0,100,0.0,10.0,200.0,186.0,7,0
2040804426,3,11591,9.813000000000102,115902409,0,100,0.0,10.0,200.0,186.0,7,0
2040804426,3,11592,9.813000000000102,115912409,0,100,0.0,10.0,200.0,186.0,7,0
2040804426,3,11593,9.813000000000102,115922409,0,100,0.0,10.0,200.0,186.0,7,0
2040804426,3,11594,9.813000000000102,115932409,0,100,0.0,10.0,200.0,186.0,7,0
2040804426,3,11595,9.813000000000102,115942409,0,100,0.0,10.0,200.0,186.0,7,0
2040804426,3,11596,9.813000000000102,115952409,0,100,0.0,10.0,200.0,186.0,7,0
2040804426,3,11597,9.813000000000102,115962410,0,100,0.0,10.0,200.0,186.0,7,0
2040804426,3,11598,9.813000000000102,115972409,0,100,0.0,10.0,200.0,186.0,7,0
2040804426,3,11599,9.813000000000102,115982409,0,100,0.0,10.0,200.0,186.0,7,0
2040804426,3,11600,9.813000000000102,115992409,0,100,0.0,10.0,200.0,186.0,7,0
2040804426,3,11601,9.813000000000102,116002409,0,100,0.0,10.0,200.0,186.0,7,0
2040804426,3,11602,9.813000000000102,116012409,0,100,0.0,10.0,200.0,186.0,7,0
2040804426,3,11603,9.813000000000102,116022409,0,100,0.0,10.0,200.0,186.0,7,0
2040804426,3,11604,9.813000000000102,116032409,0,100,0.0,10.0,200.0,186.0,7,0
2040804426,3,11605,9.813000000000102,116042409,0,100,0.0,10.0,200.0,186.0,7,0
2040804426,3,11606,9.813000000000102,116052409,0,100,0.0,10.0,200.0,186.0,7,0
2040804426,3,11607,9.813000000000102,116062409,0,100,0.0,10.0,200.0,186.0,7,0
2040804426,3,11608,9.813000000000102,116072409,0,100,0.0,10.0,200.0,186.0,7,0
2040804426,3,11609,9.813000000000102,116082409,0,100,0.0,10.0,200.0,186.0,7,0
2040804426,3,11610,9.813000000000102,116092409,0,100,0.0,10.0,200.0,186.0,7,0
2040804426,3,11611,9.813000000000102,116102409,0,100,0.0,10.0,200.0,186.0,7,0
2040804426,3,11612,9.813000000000102,116112409,0,100,0.0,10.0,200.0,186.0,7,0
2040804426,3,11613,9.813000000000102,116122409,0,100,0.0,10.0,200.0,186.0,7,0
2040804426,3,11614,9.813000000000102,116132409,0,100,0.0,10.0,200.0,186.0,7,0
2040804426,3,11615,9.813000000000102,116142409,0,100,0.0,10.0,200.0,186.0,7,0
2040804426,3,11616,9.813000000000102,116152409,0,100,0.0,10.0,200.0,186.0,7,0
2040804426,3,11617,9.813000000000102,116162409,0,100,0.0,10.0,200.0,186.0,7,0
2040804426,3,11618,9.813000000000102,116172409,0,100,0.0,10.0,200.0,186.0,7,0
2040804426,3,11619,10.25,116182410,0,100,0.0,10.0,200.0,186.0,7,0
2040804426,3,11620,10.25,116192409,0,100,0.0,10.0,200.0,186.0,7,0
2040804426,3,11621,10.25,116202409,0,100,0.0,10.0,200.0,186.0,7,0
2040804426,3,11622,10.25,116212409,0,100,0.0,10.0,200.0,186.0,7,0
2040804426,3,11623,10.25,116222409,0,100,0.0,10.0,200.0,186.0,7,0
2040804426,3,11624,10.25,116232409,0,100,0.0,10.0,200.0,186.0,7,0
2040804426,3,11625,10.25,116242409,0,100,0.0,10.0,200.0,186.0,7,0
2040804426,3,11626,10.25,116252409,0,100,0.0,10.0,200.0,186.0,7,0
2040804426,3,11627,10.25,116262409,0,100,0.0,10.0,200.0,186.0,7,0
2040804426,3,11628,10.25,116272409,0,100,0.0,10.0,200.0,186.0,7,0
2040804426,3,11629,10.25,116282409,0,100,0.0,10.0,200.0,186.0,7,0
2040804426,3,11630,10.25,116292409,0,100,0.0,10.0,200.0,186.0,7,0
2040804426,3,11631,10.25,116302409,0,100,0.0,10.0,200.0,186.0,7,0
2040804426,3,11632,10.25,116312409,0,100,0.0,10.0,200.0,186.0,7,0
2040804426,3,11633,10.25,116322409,0,100,0.0,10.0,200.0,186.0,7,0
2040804426,3,11634,10.25,116332409,0,100,0.0,10.0,200.0,186.0,7,0
2040804426,3,11635,10.25,116342409,0,100,0.0,10.0,200.0,186.0,7,0
2040804426,3,11636,10.25,116352409,0,100,0.0,10.0,200.0,186.0,7,0
2040804426,3,11637,10.25,116362409,0,100,0.0,10.0,200.0,186.0,7,0
2040804426,3,11638,10.25,116372409,0,100,0.0,10.0,200.0,186.0,7,0
2040804426,3,11639,10.25,116382409,0,100,0.0,10.0,200.0,186.0,7,0
2040804426,3,11640,10.25,116392409,0,100,0.0,10.0,200.0,186.0,7,0
2040804426,3,11641,10.25,116402409,0,100,0.0,10.0,200.0,186.0,7,0
2040804426,3,11642,10.25,116412409,0,100,0.0,10.0,200.0,186.0,7,0
2040804426,3,11643,10.25,116422409,0,100,0.0,10.0,200.0,186.0,7,0
2040804426,3,11644,10.25,116432409,0,100,0.0,10.0,200.0,186.0,7,0
2040804426,3,11645,10.25,116442409,0,100,0.0,10.0,200.0,186.0,7,0
2040804426,3,11646,10.25,116452409,0,100,0.0,10.0,200.0,186.0,7,0
2040804426,3,11647,10.25,116462409,0,100,0.0,10.0,200.0,186.0,7,0
2040804426,3,11648,10.25,116472409,0,100,0.0,10.0,200.0,186.0,7,0
2040804426,3,11649,10.25,116482409,0,100,0.0,10.0,200.0,186.0,7,0
2040804426,3,11650,10.25,116492409,0,100,0.0,10.0,200.0,186.0,7,0
2040804426,3,11651,10.25,116502409,0,100,0.0,10.0,200.0,186.0,7,0
2040804426,3,11652,10.25,116512409,0,100,0.0,10.0,200.0,186.0,7,0
2040804426,3,11653,10.25,116522409,0,100,0.0,10.0,200.0,186.0,7,0
2040804426,3,11654,10.25,116532409,0,100,0.0,10.0,200.0,186.0,7,0
2040804426,3,11655,10.25,116542409,0,100,0.0,10.0,200.0,186.0,7,0
2040804426,3,11656,10.25,116552409,0,100,0.0,10.0,200.0,186.0,7,0
2040804426,3,11657,10.25,116562409,0,100,0.0,10.0,200.0,186.0,7,0
2040804426,3,11658,10.25,116572409,0,100,0.0,10.0,200.0,186.0,7,0
2040804426,3,11659,10.25,116582409,0,100,0.0,10.0,200.0,186.0,7,0
2040804426,3,11660,10.25,116592409,0,100,0.0,10.0,200.0,186.0,7,0
2040804426,3,11661,10.25,116602409,0,100,0.0,10.0,200.0,186.0,7,0
2040804426,3,11662,10.25,116612409,0,100,0.0,10.0,200.0,186.0,7,0
2040804426,3,11663,10.25,116622409,0,100,0.0,10.0,200.0,186.0,7,0
2040804426,3,11664,10.25,116632409,0,100,0.0,10.0,200.0,186.0,7,0
2040804426,3,11665,10.25,116642409,0,100,0.0,10.0,200.0,186.0,7,0
2040804426,3,11666,10.25,116652409,0,100,0.0,10.0,200.0,186.0,7,0
2040804426,3,11667,10.625,116662409,0,100,0.0,10.0,200.0,186.0,7,0
2040804426,3,11668,10.625,116672409,0,100,0.0,10.0,200.0,186.0,7,0
2040804426,3,11669,10.625,116682409,0,100,0.0,10.0,200.0,186.0,7,0
2040804426,3,11670,10.625,116692409,0,100,0.0,10.0,200.0,186.0,7,0
2040804426,3,11671,10.625,116702409,0,100,0.0,10.0,200.0,186.0,7,0
2040804426,3,11672,10.625,116712409,0,100,0.0,10.0,200.0,186.0,7,0
2040804426,3,11673,10.625,116722409,0,100,0.0,10.0,200.0,186.0,7,0
2040804426,3,11674,10.625,116732409,0,100,0.0,10.0,200.0,186.0,7,0
2040804426,3,11675,10.625,116742409,0,100,0.0,10.0,200.0,186.0,7,0
2040804426,3,11676,10.625,116752409,0,100,0.0,10.0,200.0,186.0,7,0
2040804426,3,11677,10.625,116762409,0,100,0.0,10.0,200.0,186.0,7,0
2040804426,3,11678,10.625,116772409,0,100,0.0,10.0,200.0,186.0,7,0
2040804426,3,11679,10.625,116782410,0,100,0.0,10.0,200.0,186.0,7,0
2040804426,3,11680,10.625,116792409,0,100,0.0,10.0,200.0,186.0,7,0
2040804426,3,11681,10.625,116802409,0,100,0.0,10.0,200.0,186.0,7,0
2040804426,3,11682,10.625,116812409,0,100,0.0,10.0,200.0,186.0,7,0
2040804426,3,11683,10.625,116822409,0,100,0.0,10.0,200.0,186.0,7,0
2040804426,3,11684,10.625,116832409,0,100,0.0,10.0,200.0,186.0,7,0
2040804426,3,11685,10.625,116842409,0,100,0.0,10.0,200.0,186.0,7,0
2040804426,3,11686,10.625,116852409,0,100,0.0,10.0,200.0,186.0,7,0
2040804426,3,11687,10.625,116862409,0,100,0.0,10.0,200.0,186.0,7,0
2040804426,3,11688,10.625,116872409,0,100,0.0,10.0,200.0,186.0,7,0
2040804426,3,11689,10.625,116882409,0,100,0.0,10.0,200.0,186.0,7,0
2040804426,3,11690,10.625,116892409,0,100,0.0,10.0,200.0,186.0,7,0
2040804426,3,11691,10.625,116902409,0,100,0.0,10.0,200.0,186.0,7,0
2040804426,3,11692,10.625,116912409,0,100,0.0,10.0,200.0,186.0,7,0
2040804426,3,11693,10.625,116922409,0,100,0.0,10.0,200.0,186.0,7,0
2040804426,3,11694,10.625,116932409,0,100,0.0,10.0,200.0,186.0,7,0
2040804426,3,11695,10.625,116942409,0,100,0.0,10.0,200.0,186.0,7,0
2040804426,3,11696,10.625,116952409,0,100,0.0,10.0,200.0,186.0,7,0
2040804426,3,11697,10.625,116962409,0,100,0.0,10.0,200.0,186.0,7,0
2040804426,3,11698,10.625,116972409,0,100,0.0,10.0,200.0,186.0,7,0
2040804426,3,11699,10.625,116982410,0,100,0.0,10.0,200.0,186.0,7,0
2040804426,3,11700,10.625,116992409,0,100,0.0,10.0,200.0,186.0,7,0
2040804426,3,11701,10.625,117002409,0,100,0.0,10.0,200.0,186.0,7,0
2040804426,3,11702,10.625,117012409,0,100,0.0,10.0,200.0,186.0,7,0
2040804426,3,11703,10.625,117022409,0,100,0.0,10.0,200.0,186.0,7,0
2040804426,3,11704,10.625,117032409,0,100,0.0,10.0,200.0,186.0,7,0
2040804426,3,11705,10.625,117042409,0,100,0.0,10.0,200.0,186.0,7,0
2040804426,3,11706,10.625,117052409,0,100,0.0,10.0,200.0,186.0,7,0
2040804426,3,11707,11.063000000000102,117062409,0,100,0.0,10.0,200.0,186.0,7,0
2040804426,3,11708,11.063000000000102,117072409,0,100,0.0,10.0,200.0,186.0,7,0
2040804426,3,11709,11.063000000000102,117082409,0,100,0.0,10.0,200.0,186.0,7,0
2040804426,3,11710,11.063000000000102,117092409,0,100,0.0,10.0,200.0,186.0,7,0
2040804426,3,11711,11.063000000000102,117102409,0,100,0.0,10.0,200.0,186.0,7,0
2040804426,3,11712,11.063000000000102,117112409,0,100,0.0,10.0,200.0,186.0,7,0
2040804426,3,11713,11.063000000000102,117122409,0,100,0.0,10.0,200.0,186.0,7,0
2040804426,3,11714,11.063000000000102,117132409,0,100,0.0,10.0,200.0,186.0,7,0
2040804426,3,11715,11.063000000000102,117142409,0,100,0.0,10.0,200.0,186.0,7,0
2040804426,3,11716,11.063000000000102,117152409,0,100,0.0,10.0,200.0,186.0,7,0
2040804426,3,11717,11.063000000000102,117162418,0,100,0.0,10.0,200.0,186.0,7,0
2040804426,3,11718,11.063000000000102,117172409,0,100,0.0,10.0,200.0,186.0,7,0
2040804426,3,11719,11.063000000000102,117182409,0,100,0.0,10.0,200.0,186.0,7,0
2040804426,3,11720,11.063000000000102,117192409,0,100,0.0,10.0,200.0,186.0,7,0
2040804426,3,11721,11.063000000000102,117202409,0,100,0.0,10.0,200.0,186.0,7,0
2040804426,3,11722,11.063000000000102,117212409,0,100,0.0,10.0,200.0,186.0,7,0
2040804426,3,11723,11.063000000000102,117222409,0,100,0.0,10.0,200.0,186.0,7,0
2040804426,3,11724,11.063000000000102,117232409,0,100,0.0,10.0,200.0,186.0,7,0
2040804426,3,11725,11.063000000000102,117242409,0,100,0.0,10.0,200.0,186.0,7,0
2040804426,3,11726,11.063000000000102,117252409,0,100,0.0,10.0,200.0,186.0,7,0
2040804426,3,11727,11.063000000000102,117262409,0,100,0.0,10.0,200.0,186.0,7,0
2040804426,3,11728,11.063000000000102,117272409,0,100,0.0,10.0,200.0,186.0,7,0
2040804426,3,11729,11.063000000000102,117282409,0,100,0.0,10.0,200.0,186.0,7,0
2040804426,3,11730,11.063000000000102,117292409,0,100,0.0,10.0,200.0,186.0,7,0
2040804426,3,11731,11.063000000000102,117302409,0,100,0.0,10.0,200.0,186.0,7,0
2040804426,3,11732,11.063000000000102,117312409,0,100,0.0,10.0,200.0,186.0,7,0
2040804426,3,11733,11.063000000000102,117322409,0,100,0.0,10.0,200.0,186.0,7,0
2040804426,3,11734,11.063000000000102,117332409,0,100,0.0,10.0,200.0,186.0,7,0
2040804426,3,11735,11.063000000000102,117342409,0,100,0.0,10.0,200.0,186.0,7,0
2040804426,3,11736,11.063000000000102,117352409,0,100,0.0,10.0,200.0,186.0,7,0
2040804426,3,11737,11.063000000000102,117362409,0,100,0.0,10.0,200.0,186.0,7,0
2040804426,3,11738,11.063000000000102,117372409,0,100,0.0,10.0,200.0,186.0,7,0
2040804426,3,11739,11.063000000000102,117382409,0,100,0.0,10.0,200.0,186.0,7,0
2040804426,3,11740,11.063000000000102,117392409,0,100,0.0,10.0,200.0,186.0,7,0
2040804426,3,11741,11.063000000000102,117402409,0,100,0.0,10.0,200.0,186.0,7,0
2040804426,3,11742,11.063000000000102,117412409,0,100,0.0,10.0,200.0,186.0,7,0
2040804426,3,11743,11.063000000000102,117422409,0,100,0.0,10.0,200.0,186.0,7,0
2040804426,3,11744,11.063000000000102,117432409,0,100,0.0,10.0,200.0,186.0,7,0
2040804426,3,11745,11.063000000000102,117442409,0,100,0.0,10.0,200.0,186.0,7,0
2040804426,3,11746,11.063000000000102,117452409,0,100,0.0,10.0,200.0,186.0,7,0
2040804426,3,11747,11.609000000000378,117462409,0,100,0.0,10.0,200.0,186.0,7,0
2040804426,3,11748,11.609000000000378,117472409,0,100,0.0,10.0,200.0,186.0,7,0
2040804426,3,11749,11.609000000000378,117482409,0,100,0.0,10.0,200.0,186.0,7,0
2040804426,3,11750,11.609000000000378,117492409,0,100,0.0,10.0,200.0,186.0,7,0
2040804426,3,11751,11.609000000000378,117502409,0,100,0.0,10.0,200.0,186.0,7,0
2040804426,3,11752,11.609000000000378,117512409,0,100,0.0,10.0,200.0,186.0,7,0
2040804426,3,11753,11.609000000000378,117522409,0,100,0.0,10.0,200.0,186.0,7,0
2040804426,3,11754,11.609000000000378,117532409,0,100,0.0,10.0,200.0,186.0,7,0
2040804426,3,11755,11.609000000000378,117542409,0,100,0.0,10.0,200.0,186.0,7,0
2040804426,3,11756,11.609000000000378,117552409,0,100,0.0,10.0,200.0,186.0,7,0
2040804426,3,11757,11.609000000000378,117562409,0,100,0.0,10.0,200.0,186.0,7,0
2040804426,3,11758,11.609000000000378,117572409,0,100,0.0,10.0,200.0,186.0,7,0
2040804426,3,11759,11.609000000000378,117582409,0,100,0.0,10.0,200.0,186.0,7,0
2040804426,3,11760,11.609000000000378,117592409,0,100,0.0,10.0,200.0,186.0,7,0
2040804426,3,11761,11.609000000000378,117602409,0,100,0.0,10.0,200.0,186.0,7,0
2040804426,3,11762,11.609000000000378,117612409,0,100,0.0,10.0,200.0,186.0,7,0
2040804426,3,11763,11.609000000000378,117622409,0,100,0.0,10.0,200.0,186.0,7,0
2040804426,3,11764,11.609000000000378,117632409,0,100,0.0,10.0,200.0,186.0,7,0
2040804426,3,11765,11.609000000000378,117642409,0,100,0.0,10.0,200.0,186.0,7,0
2040804426,3,11766,11.609000000000378,117652409,0,100,0.0,10.0,200.0,186.0,7,0
2040804426,3,11767,11.609000000000378,117662409,0,100,0.0,10.0,200.0,186.0,7,0
2040804426,3,11768,11.609000000000378,117672409,0,100,0.0,10.0,200.0,186.0,7,0
2040804426,3,11769,11.609000000000378,117682409,0,100,0.0,10.0,200.0,186.0,7,0
2040804426,3,11770,11.609000000000378,117692409,0,100,0.0,10.0,200.0,186.0,7,0
2040804426,3,11771,11.609000000000378,117702409,0,100,0.0,10.0,200.0,186.0,7,0
2040804426,3,11772,11.609000000000378,117712410,0,100,0.0,10.0,200.0,186.0,7,0
2040804426,3,11773,11.609000000000378,117722409,0,100,0.0,10.0,200.0,186.0,7,0
2040804426,3,11774,11.609000000000378,117732409,0,100,0.0,10.0,200.0,186.0,7,0
2040804426,3,11775,11.609000000000378,117742409,0,100,0.0,10.0,200.0,186.0,7,0
2040804426,3,11776,11.609000000000378,117752409,0,100,0.0,10.0,200.0,186.0,7,0
2040804426,3,11777,11.609000000000378,117762409,0,100,0.0,10.0,200.0,186.0,7,0
2040804426,3,11778,11.609000000000378,117772409,0,100,0.0,10.0,200.0,186.0,7,0
2040804426,3,11779,11.609000000000378,117782409,0,100,0.0,10.0,200.0,186.0,7,0
2040804426,3,11780,11.609000000000378,117792409,0,100,0.0,10.0,200.0,186.0,7,0
2040804426,3,11781,11.609000000000378,117802409,0,100,0.0,10.0,200.0,186.0,7,0
2040804426,3,11782,11.609000000000378,117812409,0,100,0.0,10.0,200.0,186.0,7,0
2040804426,3,11783,11.609000000000378,117822409,0,100,0.0,10.0,200.0,186.0,7,0
2040804426,3,11784,11.609000000000378,117832409,0,100,0.0,10.0,200.0,186.0,7,0
2040804426,3,11785,11.609000000000378,117842409,0,100,0.0,10.0,200.0,186.0,7,0
2040804426,3,11786,11.609000000000378,117852409,0,100,0.0,10.0,200.0,186.0,7,0
2040804426,3,11787,11.609000000000378,117862409,0,100,0.0,10.0,200.0,186.0,7,0
2040804426,3,11788,11.609000000000378,117872409,0,100,0.0,10.0,200.0,186.0,7,0
2040804426,3,11789,11.609000000000378,117882409,0,100,0.0,10.0,200.0,186.0,7,0
2040804426,3,11790,11.609000000000378,117892409,0,100,0.0,10.0,200.0,186.0,7,0
2040804426,3,11791,11.609000000000378,117902409,0,100,0.0,10.0,200.0,186.0,7,0
2040804426,3,11792,11.609000000000378,117912409,0,100,0.0,10.0,200.0,186.0,7,0
2040804426,3,11793,11.609000000000378,117922409,0,100,0.0,10.0,200.0,186.0,7,0
2040804426,3,11794,11.609000000000378,117932409,0,100,0.0,10.0,200.0,186.0,7,0
2040804426,3,11795,11.609000000000378,117942409,0,100,0.0,10.0,200.0,186.0,7,0
2040804426,3,11796,11.609000000000378,117952409,0,100,0.0,10.0,200.0,186.0,7,0
2040804426,3,11797,11.609000000000378,117962409,0,100,0.0,10.0,200.0,186.0,7,0
2040804426,3,11798,11.609000000000378,117972409,0,100,0.0,10.0,200.0,186.0,7,0
2040804426,3,11799,11.609000000000378,117982409,0,100,0.0,10.0,200.0,186.0,7,0
2040804426,3,11800,11.609000000000378,117992409,0,100,0.0,10.0,200.0,186.0,7,0
2040804426,3,11801,11.609000000000378,118002409,0,100,0.0,10.0,200.0,186.0,7,0
2040804426,3,11802,11.609000000000378,118012409,0,100,0.0,10.0,200.0,186.0,7,0
2040804426,3,11803,12.20299999999952,118022409,0,100,0.0,10.0,200.0,186.0,7,0
2040804426,3,11804,12.20299999999952,118032409,0,100,0.0,10.0,200.0,186.0,7,0
2040804426,3,11805,12.20299999999952,118042409,0,100,0.0,10.0,200.0,186.0,7,0
2040804426,3,11806,12.20299999999952,118052409,0,100,0.0,10.0,200.0,186.0,7,0
2040804426,3,11807,12.20299999999952,118062409,0,100,0.0,10.0,200.0,186.0,7,0
2040804426,3,11808,12.20299999999952,118072409,0,100,0.0,10.0,200.0,186.0,7,0
2040804426,3,11809,12.20299999999952,118082409,0,100,0.0,10.0,200.0,186.0,7,0
2040804426,3,11810,12.20299999999952,118092409,0,100,0.0,10.0,200.0,186.0,7,0
2040804426,3,11811,12.20299999999952,118102409,0,100,0.0,10.0,200.0,186.0,7,0
2040804426,3,11812,12.20299999999952,118112409,0,100,0.0,10.0,200.0,186.0,7,0
2040804426,3,11813,12.20299999999952,118122409,0,100,0.0,10.0,200.0,186.0,7,0
2040804426,3,11814,12.20299999999952,118132409,0,100,0.0,10.0,200.0,186.0,7,0
2040804426,3,11815,12.20299999999952,118142409,0,100,0.0,10.0,200.0,186.0,7,0
2040804426,3,11816,12.20299999999952,118152409,0,100,0.0,10.0,200.0,186.0,7,0
2040804426,3,11817,12.20299999999952,118162409,0,100,0.0,10.0,200.0,186.0,7,0
2040804426,3,11818,12.20299999999952,118172409,0,100,0.0,10.0,200.0,186.0,7,0
2040804426,3,11819,12.20299999999952,118182409,0,100,0.0,10.0,200.0,186.0,7,0
2040804426,3,11820,12.20299999999952,118192409,0,100,0.0,10.0,200.0,186.0,7,0
2040804426,3,11821,12.20299999999952,118202409,0,100,0.0,10.0,200.0,186.0,7,0
2040804426,3,11822,12.20299999999952,118212409,0,100,0.0,10.0,200.0,186.0,7,0
2040804426,3,11823,12.20299999999952,118222409,0,100,0.0,10.0,200.0,186.0,7,0
2040804426,3,11824,12.20299999999952,118232409,0,100,0.0,10.0,200.0,186.0,7,0
2040804426,3,11825,12.20299999999952,118242409,0,100,0.0,10.0,200.0,186.0,7,0
2040804426,3,11826,12.20299999999952,118252409,0,100,0.0,10.0,200.0,186.0,7,0
2040804426,3,11827,12.20299999999952,118262409,0,100,0.0,10.0,200.0,186.0,7,0
2040804426,3,11828,12.20299999999952,118272409,0,100,0.0,10.0,200.0,186.0,7,0
2040804426,3,11829,12.20299999999952,118282409,0,100,0.0,10.0,200.0,186.0,7,0
2040804426,3,11830,12.20299999999952,118292409,0,100,0.0,10.0,200.0,186.0,7,0
2040804426,3,11831,12.20299999999952,118302409,0,100,0.0,10.0,200.0,186.0,7,0
2040804426,3,11832,12.20299999999952,118312409,0,100,0.0,10.0,200.0,186.0,7,0
2040804426,3,11833,12.20299999999952,118322409,0,100,0.0,10.0,200.0,186.0,7,0
2040804426,3,11834,12.20299999999952,118332409,0,100,0.0,10.0,200.0,186.0,7,0
2040804426,3,11835,12.20299999999952,118342409,0,100,0.0,10.0,200.0,186.0,7,0
2040804426,3,11836,12.20299999999952,118352409,0,100,0.0,10.0,200.0,186.0,7,0
2040804426,3,11837,12.20299999999952,118362409,0,100,0.0,10.0,200.0,186.0,7,0
2040804426,3,11838,12.20299999999952,118372409,0,100,0.0,10.0,200.0,186.0,7,0
2040804426,3,11839,12.20299999999952,118382409,0,100,0.0,10.0,200.0,186.0,7,0
2040804426,3,11840,12.20299999999952,118392409,0,100,0.0,10.0,200.0,186.0,7,0
2040804426,3,11841,12.20299999999952,118402409,0,100,0.0,10.0,200.0,186.0,7,0
2040804426,3,11842,12.20299999999952,118412409,0,100,0.0,10.0,200.0,186.0,7,0
2040804426,3,11843,12.20299999999952,118422409,0,100,0.0,10.0,200.0,186.0,7,0
2040804426,3,11844,12.20299999999952,118432409,0,100,0.0,10.0,200.0,186.0,7,0
2040804426,3,11845,12.20299999999952,118442409,0,100,0.0,10.0,200.0,186.0,7,0
2040804426,3,11846,12.20299999999952,118452409,0,100,0.0,10.0,200.0,186.0,7,0
2040804426,3,11847,12.20299999999952,118462409,0,100,0.0,10.0,200.0,186.0,7,0
2040804426,3,11848,12.20299999999952,118472409,0,100,0.0,10.0,200.0,186.0,7,0
2040804426,3,11849,12.20299999999952,118482409,0,100,0.0,10.0,200.0,186.0,7,0
2040804426,3,11850,12.20299999999952,118492409,0,100,0.0,10.0,200.0,186.0,7,0
2040804426,3,11851,12.20299999999952,118502409,0,100,0.0,10.0,200.0,186.0,7,0
2040804426,3,11852,12.20299999999952,118512409,0,100,0.0,10.0,200.0,186.0,7,0
2040804426,3,11853,12.20299999999952,118522409,0,100,0.0,10.0,200.0,186.0,7,0
2040804426,3,11854,12.20299999999952,118532409,0,100,0.0,10.0,200.0,186.0,7,0
2040804426,3,11855,12.20299999999952,118542409,0,100,0.0,10.0,200.0,186.0,7,0
2040804426,3,11856,12.20299999999952,118552409,0,100,0.0,10.0,200.0,186.0,7,0
2040804426,3,11857,12.20299999999952,118562409,0,100,0.0,10.0,200.0,186.0,7,0
2040804426,3,11858,12.20299999999952,118572409,0,100,0.0,10.0,200.0,186.0,7,0
2040804426,3,11859,12.20299999999952,118582409,0,100,0.0,10.0,200.0,186.0,7,0
2040804426,3,11860,12.20299999999952,118592409,0,100,0.0,10.0,200.0,186.0,7,0
2040804426,3,11861,12.20299999999952,118602409,0,100,0.0,10.0,200.0,186.0,7,0
2040804426,3,11862,12.20299999999952,118612409,0,100,0.0,10.0,200.0,186.0,7,0
2040804426,3,11863,12.20299999999952,118622409,0,100,0.0,10.0,200.0,186.0,7,0
2040804426,3,11864,12.20299999999952,118632409,0,100,0.0,10.0,200.0,186.0,7,0
2040804426,3,11865,12.20299999999952,118642409,0,100,0.0,10.0,200.0,186.0,7,0
2040804426,3,11866,12.20299999999952,118652409,0,100,0.0,10.0,200.0,186.0,7,0
2040804426,3,11867,12.79700000000048,118662409,0,100,0.0,10.0,200.0,186.0,7,0
2040804426,3,11868,12.79700000000048,118672409,0,100,0.0,10.0,200.0,186.0,7,0
2040804426,3,11869,12.79700000000048,118682409,0,100,0.0,10.0,200.0,186.0,7,0
2040804426,3,11870,12.79700000000048,118692409,0,100,0.0,10.0,200.0,186.0,7,0
2040804426,3,11871,12.79700000000048,118702409,0,100,0.0,10.0,200.0,186.0,7,0
2040804426,3,11872,12.79700000000048,118712409,0,100,0.0,10.0,200.0,186.0,7,0
2040804426,3,11873,12.79700000000048,118722409,0,100,0.0,10.0,200.0,186.0,7,0
2040804426,3,11874,12.79700000000048,118732409,0,100,0.0,10.0,200.0,186.0,7,0
2040804426,3,11875,12.79700000000048,118742409,0,100,0.0,10.0,200.0,186.0,7,0
2040804426,3,11876,12.79700000000048,118752409,0,100,0.0,10.0,200.0,186.0,7,0
2040804426,3,11877,12.79700000000048,118762409,0,100,0.0,10.0,200.0,186.0,7,0
2040804426,3,11878,12.79700000000048,118772409,0,100,0.0,10.0,200.0,186.0,7,0
2040804426,3,11879,12.79700000000048,118782409,0,100,0.0,10.0,200.0,186.0,7,0
2040804426,3,11880,12.79700000000048,118792409,0,100,0.0,10.0,200.0,186.0,7,0
2040804426,3,11881,12.79700000000048,118802409,0,100,0.0,10.0,200.0,186.0,7,0
2040804426,3,11882,12.79700000000048,118812409,0,100,0.0,10.0,200.0,186.0,7,0
2040804426,3,11883,12.79700000000048,118822409,0,100,0.0,10.0,200.0,186.0,7,0
2040804426,3,11884,12.79700000000048,118832409,0,100,0.0,10.0,200.0,186.0,7,0
2040804426,3,11885,12.79700000000048,118842409,0,100,0.0,10.0,200.0,186.0,7,0
2040804426,3,11886,12.79700000000048,118852409,0,100,0.0,10.0,200.0,186.0,7,0
2040804426,3,11887,12.79700000000048,118862409,0,100,0.0,10.0,200.0,186.0,7,0
2040804426,3,11888,12.79700000000048,118872409,0,100,0.0,10.0,200.0,186.0,7,0
2040804426,3,11889,12.79700000000048,118882409,0,100,0.0,10.0,200.0,186.0,7,0
2040804426,3,11890,12.79700000000048,118892409,0,100,0.0,10.0,200.0,186.0,7,0
2040804426,3,11891,12.79700000000048,118902409,0,100,0.0,10.0,200.0,186.0,7,0
2040804426,3,11892,12.79700000000048,118912409,0,100,0.0,10.0,200.0,186.0,7,0
2040804426,3,11893,12.79700000000048,118922409,0,100,0.0,10.0,200.0,186.0,7,0
2040804426,3,11894,12.79700000000048,118932409,0,100,0.0,10.0,200.0,186.0,7,0
2040804426,3,11895,12.79700000000048,118942409,0,100,0.0,10.0,200.0,186.0,7,0
2040804426,3,11896,12.79700000000048,118952409,0,100,0.0,10.0,200.0,186.0,7,0
2040804426,3,11897,12.79700000000048,118962409,0,100,0.0,10.0,200.0,186.0,7,0
2040804426,3,11898,12.79700000000048,118972409,0,100,0.0,10.0,200.0,186.0,7,0
2040804426,3,11899,12.79700000000048,118982409,0,100,0.0,10.0,200.0,186.0,7,0
2040804426,3,11900,12.79700000000048,118992409,0,100,0.0,10.0,200.0,186.0,7,0
2040804426,3,11901,12.79700000000048,119002409,0,100,0.0,10.0,200.0,186.0,7,0
2040804426,3,11902,12.79700000000048,119012409,0,100,0.0,10.0,200.0,186.0,7,0
2040804426,3,11903,12.79700000000048,119022409,0,100,0.0,10.0,200.0,186.0,7,0
2040804426,3,11904,12.79700000000048,119032409,0,100,0.0,10.0,200.0,186.0,7,0
2040804426,3,11905,12.79700000000048,119042409,0,100,0.0,10.0,200.0,186.0,7,0
2040804426,3,11906,12.79700000000048,119052409,0,100,0.0,10.0,200.0,186.0,7,0
2040804426,3,11907,12.79700000000048,119062409,0,100,0.0,10.0,200.0,186.0,7,0
2040804426,3,11908,12.79700000000048,119072409,0,100,0.0,10.0,200.0,186.0,7,0
2040804426,3,11909,12.79700000000048,119082409,0,100,0.0,10.0,200.0,186.0,7,0
2040804426,3,11910,12.79700000000048,119092409,0,100,0.0,10.0,200.0,186.0,7,0
2040804426,3,11911,12.79700000000048,119102409,0,100,0.0,10.0,200.0,186.0,7,0
2040804426,3,11912,12.79700000000048,119112409,0,100,0.0,10.0,200.0,186.0,7,0
2040804426,3,11913,12.79700000000048,119122409,0,100,0.0,10.0,200.0,186.0,7,0
2040804426,3,11914,12.79700000000048,119132409,0,100,0.0,10.0,200.0,186.0,7,0
2040804426,3,11915,12.79700000000048,119142409,0,100,0.0,10.0,200.0,186.0,7,0
2040804426,3,11916,12.79700000000048,119152409,0,100,0.0,10.0,200.0,186.0,7,0
2040804426,3,11917,12.79700000000048,119162409,0,100,0.0,10.0,200.0,186.0,7,0
2040804426,3,11918,12.79700000000048,119172409,0,100,0.0,10.0,200.0,186.0,7,0
2040804426,3,11919,12.79700000000048,119182409,0,100,0.0,10.0,200.0,186.0,7,0
2040804426,3,11920,12.79700000000048,119192409,0,100,0.0,10.0,200.0,186.0,7,0
2040804426,3,11921,12.79700000000048,119202409,0,100,0.0,10.0,200.0,186.0,7,0
2040804426,3,11922,12.79700000000048,119212409,0,100,0.0,10.0,200.0,186.0,7,0
2040804426,3,11923,13.42200000000048,119222409,0,100,0.0,10.0,200.0,186.0,7,0
2040804426,3,11924,13.42200000000048,119232409,0,100,0.0,10.0,200.0,186.0,7,0
2040804426,3,11925,13.42200000000048,119242409,0,100,0.0,10.0,200.0,186.0,7,0
2040804426,3,11926,13.42200000000048,119252409,0,100,0.0,10.0,200.0,186.0,7,0
2040804426,3,11927,13.42200000000048,119262409,0,100,0.0,10.0,200.0,186.0,7,0
2040804426,3,11928,13.42200000000048,119272409,0,100,0.0,10.0,200.0,186.0,7,0
2040804426,3,11929,13.42200000000048,119282409,0,100,0.0,10.0,200.0,186.0,7,0
2040804426,3,11930,13.42200000000048,119292409,0,100,0.0,10.0,200.0,186.0,7,0
2040804426,3,11931,13.42200000000048,119302409,0,100,0.0,10.0,200.0,186.0,7,0
2040804426,3,11932,13.42200000000048,119312409,0,100,0.0,10.0,200.0,186.0,7,0
2040804426,3,11933,13.42200000000048,119322409,0,100,0.0,10.0,200.0,186.0,7,0
2040804426,3,11934,13.42200000000048,119332409,0,100,0.0,10.0,200.0,186.0,7,0
2040804426,3,11935,13.42200000000048,119342409,0,100,0.0,10.0,200.0,186.0,7,0
2040804426,3,11936,13.42200000000048,119352409,0,100,0.0,10.0,200.0,186.0,7,0
2040804426,3,11937,13.42200000000048,119362409,0,100,0.0,10.0,200.0,186.0,7,0
2040804426,3,11938,13.42200000000048,119372409,0,100,0.0,10.0,200.0,186.0,7,0
2040804426,3,11939,13.42200000000048,119382409,0,100,0.0,10.0,200.0,186.0,7,0
2040804426,3,11940,13.42200000000048,119392409,0,100,0.0,10.0,200.0,186.0,7,0
2040804426,3,11941,13.42200000000048,119402409,0,100,0.0,10.0,200.0,186.0,7,0
2040804426,3,11942,13.42200000000048,119412409,0,100,0.0,10.0,200.0,186.0,7,0
2040804426,3,11943,13.42200000000048,119422409,0,100,0.0,10.0,200.0,186.0,7,0
2040804426,3,11944,13.42200000000048,119432409,0,100,0.0,10.0,200.0,186.0,7,0
2040804426,3,11945,13.42200000000048,119442409,0,100,0.0,10.0,200.0,186.0,7,0
2040804426,3,11946,13.42200000000048,119452409,0,100,0.0,10.0,200.0,186.0,7,0
2040804426,3,11947,13.42200000000048,119462409,0,100,0.0,10.0,200.0,186.0,7,0
2040804426,3,11948,13.42200000000048,119472409,0,100,0.0,10.0,200.0,186.0,7,0
2040804426,3,11949,13.42200000000048,119482409,0,100,0.0,10.0,200.0,186.0,7,0
2040804426,3,11950,13.42200000000048,119492409,0,100,0.0,10.0,200.0,186.0,7,0
2040804426,3,11951,13.42200000000048,119502409,0,100,0.0,10.0,200.0,186.0,7,0
2040804426,3,11952,13.42200000000048,119512409,0,100,0.0,10.0,200.0,186.0,7,0
2040804426,3,11953,13.42200000000048,119522409,0,100,0.0,10.0,200.0,186.0,7,0
2040804426,3,11954,13.42200000000048,119532409,0,100,0.0,10.0,200.0,186.0,7,0
2040804426,3,11955,13.42200000000048,119542409,0,100,0.0,10.0,200.0,186.0,7,0
2040804426,3,11956,13.42200000000048,119552409,0,100,0.0,10.0,200.0,186.0,7,0
2040804426,3,11957,13.42200000000048,119562409,0,100,0.0,10.0,200.0,186.0,7,0
2040804426,3,11958,13.42200000000048,119572409,0,100,0.0,10.0,200.0,186.0,7,0
2040804426,3,11959,13.42200000000048,119582409,0,100,0.0,10.0,200.0,186.0,7,0
2040804426,3,11960,13.42200000000048,119592409,0,100,0.0,10.0,200.0,186.0,7,0
2040804426,3,11961,13.42200000000048,119602409,0,100,0.0,10.0,200.0,186.0,7,0
2040804426,3,11962,13.42200000000048,119612409,0,100,0.0,10.0,200.0,186.0,7,0
2040804426,3,11963,13.42200000000048,119622409,0,100,0.0,10.0,200.0,186.0,7,0
2040804426,3,11964,13.42200000000048,119632409,0,100,0.0,10.0,200.0,186.0,7,0
2040804426,3,11965,13.42200000000048,119642409,0,100,0.0,10.0,200.0,186.0,7,0
2040804426,3,11966,13.42200000000048,119652409,0,100,0.0,10.0,200.0,186.0,7,0
2040804426,3,11967,13.42200000000048,119662409,0,100,0.0,10.0,200.0,186.0,7,0
2040804426,3,11968,13.42200000000048,119672409,0,100,0.0,10.0,200.0,186.0,7,0
2040804426,3,11969,13.42200000000048,119682409,0,100,0.0,10.0,200.0,186.0,7,0
2040804426,3,11970,13.42200000000048,119692409,0,100,0.0,10.0,200.0,186.0,7,0
2040804426,3,11971,13.42200000000048,119702409,0,100,0.0,10.0,200.0,186.0,7,0
2040804426,3,11972,13.42200000000048,119712409,0,100,0.0,10.0,200.0,186.0,7,0
2040804426,3,11973,13.42200000000048,119722409,0,100,0.0,10.0,200.0,186.0,7,0
2040804426,3,11974,13.42200000000048,119732409,0,100,0.0,10.0,200.0,186.0,7,0
2040804426,3,11975,13.42200000000048,119742409,0,100,0.0,10.0,200.0,186.0,7,0
2040804426,3,11976,13.42200000000048,119752409,0,100,0.0,10.0,200.0,186.0,7,0
2040804426,3,11977,13.42200000000048,119762409,0,100,0.0,10.0,200.0,186.0,7,0
2040804426,3,11978,13.42200000000048,119772409,0,100,0.0,10.0,200.0,186.0,7,0
2040804426,3,11979,13.95299999999952,119782411,0,100,0.0,10.0,200.0,186.0,7,0
2040804426,3,11980,13.95299999999952,119792409,0,100,0.0,10.0,200.0,186.0,7,0
2040804426,3,11981,13.95299999999952,119802409,0,100,0.0,10.0,200.0,186.0,7,0
2040804426,3,11982,13.95299999999952,119812409,0,100,0.0,10.0,200.0,186.0,7,0
2040804426,3,11983,13.95299999999952,119822409,0,100,0.0,10.0,200.0,186.0,7,0
2040804426,3,11984,13.95299999999952,119832409,0,100,0.0,10.0,200.0,186.0,7,0
2040804426,3,11985,13.95299999999952,119842409,0,100,0.0,10.0,200.0,186.0,7,0
2040804426,3,11986,13.95299999999952,119852409,0,100,0.0,10.0,200.0,186.0,7,0
2040804426,3,11987,13.95299999999952,119862410,0,100,0.0,10.0,200.0,186.0,7,0
2040804426,3,11988,13.95299999999952,119872409,0,100,0.0,10.0,200.0,186.0,7,0
2040804426,3,11989,13.95299999999952,119882409,0,100,0.0,10.0,200.0,186.0,7,0
2040804426,3,11990,13.95299999999952,119892409,0,100,0.0,10.0,200.0,186.0,7,0
2040804426,3,11991,13.95299999999952,119902409,0,100,0.0,10.0,200.0,186.0,7,0
2040804426,3,11992,13.95299999999952,119912409,0,100,0.0,10.0,200.0,186.0,7,0
2040804426,3,11993,13.95299999999952,119922409,0,100,0.0,10.0,200.0,186.0,7,0
2040804426,3,11994,13.95299999999952,119932409,0,100,0.0,10.0,200.0,186.0,7,0
2040804426,3,11995,13.95299999999952,119942409,0,100,0.0,10.0,200.0,186.0,7,0
2040804426,3,11996,13.95299999999952,119952409,0,100,0.0,10.0,200.0,186.0,7,0
2040804426,3,11997,13.95299999999952,119962409,0,100,0.0,10.0,200.0,186.0,7,0
2040804426,3,11998,13.95299999999952,119972409,0,100,0.0,10.0,200.0,186.0,7,0
2040804426,3,11999,13.95299999999952,119982409,0,100,0.0,10.0,200.0,186.0,7,0
2040804426,3,12000,13.95299999999952,119992409,0,100,0.0,10.0,200.0,186.0,7,0
2040804426,3,12001,13.95299999999952,120002409,0,100,0.0,10.0,200.0,186.0,7,0
2040804426,3,12002,13.95299999999952,120012409,0,100,0.0,10.0,200.0,186.0,7,0
2040804426,3,12003,13.95299999999952,120022409,0,100,0.0,10.0,200.0,186.0,7,0
2040804426,3,12004,13.95299999999952,120032409,0,100,0.0,10.0,200.0,186.0,7,0
2040804426,3,12005,13.95299999999952,120042409,0,100,0.0,10.0,200.0,186.0,7,0
2040804426,3,12006,13.95299999999952,120052410,0,100,0.0,10.0,200.0,186.0,7,0
2040804426,3,12007,13.95299999999952,120062409,0,100,0.0,10.0,200.0,186.0,7,0
2040804426,3,12008,13.95299999999952,120072409,0,100,0.0,10.0,200.0,186.0,7,0
2040804426,3,12009,13.95299999999952,120082409,0,100,0.0,10.0,200.0,186.0,7,0
2040804426,3,12010,13.95299999999952,120092409,0,100,0.0,10.0,200.0,186.0,7,0
2040804426,3,12011,13.95299999999952,120102409,0,100,0.0,10.0,200.0,186.0,7,0
2040804426,3,12012,13.95299999999952,120112409,0,100,0.0,10.0,200.0,186.0,7,0
2040804426,3,12013,13.95299999999952,120122409,0,100,0.0,10.0,200.0,186.0,7,0
2040804426,3,12014,13.95299999999952,120132409,0,100,0.0,10.0,200.0,186.0,7,0
2040804426,3,12015,13.95299999999952,120142409,0,100,0.0,10.0,200.0,186.0,7,0
2040804426,3,12016,13.95299999999952,120152409,0,100,0.0,10.0,200.0,186.0,7,0
2040804426,3,12017,13.95299999999952,120162409,0,100,0.0,10.0,200.0,186.0,7,0
2040804426,3,12018,13.95299999999952,120172409,0,100,0.0,10.0,200.0,186.0,7,0
2040804426,3,12019,13.95299999999952,120182409,0,100,0.0,10.0,200.0,186.0,7,0
2040804426,3,12020,13.95299999999952,120192409,0,100,0.0,10.0,200.0,186.0,7,0
2040804426,3,12021,13.95299999999952,120202409,0,100,0.0,10.0,200.0,186.0,7,0
2040804426,3,12022,13.95299999999952,120212409,0,100,0.0,10.0,200.0,186.0,7,0
2040804426,3,12023,13.95299999999952,120222409,0,100,0.0,10.0,200.0,186.0,7,0
2040804426,3,12024,13.95299999999952,120232409,0,100,0.0,10.0,200.0,186.0,7,0
2040804426,3,12025,13.95299999999952,120242409,0,100,0.0,10.0,200.0,186.0,7,0
2040804426,3,12026,13.95299999999952,120252409,0,100,0.0,10.0,200.0,186.0,7,0
2040804426,3,12027,14.484000000000378,120262409,0,100,0.0,10.0,200.0,186.0,7,0
2040804426,3,12028,14.484000000000378,120272409,0,100,0.0,10.0,200.0,186.0,7,0
2040804426,3,12029,14.484000000000378,120282409,0,100,0.0,10.0,200.0,186.0,7,0
2040804426,3,12030,14.484000000000378,120292409,0,100,0.0,10.0,200.0,186.0,7,0
2040804426,3,12031,14.484000000000378,120302409,0,100,0.0,10.0,200.0,186.0,7,0
2040804426,3,12032,14.484000000000378,120312411,0,100,0.0,10.0,200.0,186.0,7,0
2040804426,3,12033,14.484000000000378,120322409,0,100,0.0,10.0,200.0,186.0,7,0
2040804426,3,12034,14.484000000000378,120332409,0,100,0.0,10.0,200.0,186.0,7,0
2040804426,3,12035,14.484000000000378,120342409,0,100,0.0,10.0,200.0,186.0,7,0
2040804426,3,12036,14.484000000000378,120352409,0,100,0.0,10.0,200.0,186.0,7,0
2040804426,3,12037,14.484000000000378,120362409,0,100,0.0,10.0,200.0,186.0,7,0
2040804426,3,12038,14.484000000000378,120372409,0,100,0.0,10.0,200.0,186.0,7,0
2040804426,3,12039,14.484000000000378,120382409,0,100,0.0,10.0,200.0,186.0,7,0
2040804426,3,12040,14.484000000000378,120392410,0,100,0.0,10.0,200.0,186.0,7,0
2040804426,3,12041,14.484000000000378,120402409,0,100,0.0,10.0,200.0,186.0,7,0
2040804426,3,12042,14.484000000000378,120412409,0,100,0.0,10.0,200.0,186.0,7,0
2040804426,3,12043,14.484000000000378,120422409,0,100,0.0,10.0,200.0,186.0,7,0
2040804426,3,12044,14.484000000000378,120432409,0,100,0.0,10.0,200.0,186.0,7,0
2040804426,3,12045,14.484000000000378,120442409,0,100,0.0,10.0,200.0,186.0,7,0
2040804426,3,12046,14.484000000000378,120452409,0,100,0.0,10.0,200.0,186.0,7,0
2040804426,3,12047,14.484000000000378,120462409,0,100,0.0,10.0,200.0,186.0,7,0
2040804426,3,12048,14.484000000000378,120472409,0,100,0.0,10.0,200.0,186.0,7,0
2040804426,3,12049,14.484000000000378,120482409,0,100,0.0,10.0,200.0,186.0,7,0
2040804426,3,12050,14.484000000000378,120492409,0,100,0.0,10.0,200.0,186.0,7,0
2040804426,3,12051,14.484000000000378,120502409,0,100,0.0,10.0,200.0,186.0,7,0
2040804426,3,12052,14.484000000000378,120512409,0,100,0.0,10.0,200.0,186.0,7,0
2040804426,3,12053,14.484000000000378,120522409,0,100,0.0,10.0,200.0,186.0,7,0
2040804426,3,12054,14.484000000000378,120532409,0,100,0.0,10.0,200.0,186.0,7,0
2040804426,3,12055,14.484000000000378,120542409,0,100,0.0,10.0,200.0,186.0,7,0
2040804426,3,12056,14.484000000000378,120552409,0,100,0.0,10.0,200.0,186.0,7,0
2040804426,3,12057,14.484000000000378,120562409,0,100,0.0,10.0,200.0,186.0,7,0
2040804426,3,12058,14.484000000000378,120572409,0,100,0.0,10.0,200.0,186.0,7,0
2040804426,3,12059,14.484000000000378,120582409,0,100,0.0,10.0,200.0,186.0,7,0
2040804426,3,12060,14.484000000000378,120592409,0,100,0.0,10.0,200.0,186.0,7,0
2040804426,3,12061,14.484000000000378,120602409,0,100,0.0,10.0,200.0,186.0,7,0
2040804426,3,12062,14.484000000000378,120612409,0,100,0.0,10.0,200.0,186.0,7,0
2040804426,3,12063,14.484000000000378,120622409,0,100,0.0,10.0,200.0,186.0,7,0
2040804426,3,12064,14.484000000000378,120632409,0,100,0.0,10.0,200.0,186.0,7,0
2040804426,3,12065,14.484000000000378,120642409,0,100,0.0,10.0,200.0,186.0,7,0
2040804426,3,12066,14.484000000000378,120652409,0,100,0.0,10.0,200.0,186.0,7,0
2040804426,3,12067,14.484000000000378,120662409,0,100,0.0,10.0,200.0,186.0,7,0
2040804426,3,12068,14.484000000000378,120672409,0,100,0.0,10.0,200.0,186.0,7,0
2040804426,3,12069,14.484000000000378,120682409,0,100,0.0,10.0,200.0,186.0,7,0
2040804426,3,12070,14.484000000000378,120692409,0,100,0.0,10.0,200.0,186.0,7,0
2040804426,3,12071,14.484000000000378,120702409,0,100,0.0,10.0,200.0,186.0,7,0
2040804426,3,12072,14.484000000000378,120712409,0,100,0.0,10.0,200.0,186.0,7,0
2040804426,3,12073,14.484000000000378,120722409,0,100,0.0,10.0,200.0,186.0,7,0
2040804426,3,12074,14.484000000000378,120732409,0,100,0.0,10.0,200.0,186.0,7,0
2040804426,3,12075,14.484000000000378,120742409,0,100,0.0,10.0,200.0,186.0,7,0
2040804426,3,12076,14.484000000000378,120752409,0,100,0.0,10.0,200.0,186.0,7,0
2040804426,3,12077,14.484000000000378,120762409,0,100,0.0,10.0,200.0,186.0,7,0
2040804426,3,12078,14.484000000000378,120772409,0,100,0.0,10.0,200.0,186.0,7,0
2040804426,3,12079,14.484000000000378,120782409,0,100,0.0,10.0,200.0,186.0,7,0
2040804426,3,12080,14.484000000000378,120792409,0,100,0.0,10.0,200.0,186.0,7,0
2040804426,3,12081,14.484000000000378,120802409,0,100,0.0,10.0,200.0,186.0,7,0
2040804426,3,12082,14.484000000000378,120812409,0,100,0.0,10.0,200.0,186.0,7,0
2040804426,3,12083,14.484000000000378,120822409,0,100,0.0,10.0,200.0,186.0,7,0
2040804426,3,12084,14.484000000000378,120832409,0,100,0.0,10.0,200.0,186.0,7,0
2040804426,3,12085,14.484000000000378,120842409,0,100,0.0,10.0,200.0,186.0,7,0
2040804426,3,12086,14.484000000000378,120852409,0,100,0.0,10.0,200.0,186.0,7,0
2040804426,3,12087,14.484000000000378,120862409,0,100,0.0,10.0,200.0,186.0,7,0
2040804426,3,12088,14.484000000000378,120872409,0,100,0.0,10.0,200.0,186.0,7,0
2040804426,3,12089,14.484000000000378,120882409,0,100,0.0,10.0,200.0,186.0,7,0
2040804426,3,12090,14.484000000000378,120892409,0,100,0.0,10.0,200.0,186.0,7,0
2040804426,3,12091,14.890999999999622,120902409,0,100,0.0,10.0,200.0,186.0,7,0
2040804426,3,12092,14.890999999999622,120912409,0,100,0.0,10.0,200.0,186.0,7,0
2040804426,3,12093,14.890999999999622,120922409,0,100,0.0,10.0,200.0,186.0,7,0
2040804426,3,12094,14.890999999999622,120932409,0,100,0.0,10.0,200.0,186.0,7,0
2040804426,3,12095,14.890999999999622,120942409,0,100,0.0,10.0,200.0,186.0,7,0
2040804426,3,12096,14.890999999999622,120952409,0,100,0.0,10.0,200.0,186.0,7,0
2040804426,3,12097,14.890999999999622,120962409,0,100,0.0,10.0,200.0,186.0,7,0
2040804426,3,12098,14.890999999999622,120972409,0,100,0.0,10.0,200.0,186.0,7,0
2040804426,3,12099,14.890999999999622,120982409,0,100,0.0,10.0,200.0,186.0,7,0
2040804426,3,12100,14.890999999999622,120992409,0,100,0.0,10.0,200.0,186.0,7,0
2040804426,3,12101,14.890999999999622,121002409,0,100,0.0,10.0,200.0,186.0,7,0
2040804426,3,12102,14.890999999999622,121012409,0,100,0.0,10.0,200.0,186.0,7,0
2040804426,3,12103,14.890999999999622,121022409,0,100,0.0,10.0,200.0,186.0,7,0
2040804426,3,12104,14.890999999999622,121032409,0,100,0.0,10.0,200.0,186.0,7,0
2040804426,3,12105,14.890999999999622,121042409,0,100,0.0,10.0,200.0,186.0,7,0
2040804426,3,12106,14.890999999999622,121052409,0,100,0.0,10.0,200.0,186.0,7,0
2040804426,3,12107,14.890999999999622,121062409,0,100,0.0,10.0,200.0,186.0,7,0
2040804426,3,12108,14.890999999999622,121072409,0,100,0.0,10.0,200.0,186.0,7,0
2040804426,3,12109,14.890999999999622,121082409,0,100,0.0,10.0,200.0,186.0,7,0
2040804426,3,12110,14.890999999999622,121092409,0,100,0.0,10.0,200.0,186.0,7,0
2040804426,3,12111,14.890999999999622,121102409,0,100,0.0,10.0,200.0,186.0,7,0
2040804426,3,12112,14.890999999999622,121112409,0,100,0.0,10.0,200.0,186.0,7,0
2040804426,3,12113,14.890999999999622,121122409,0,100,0.0,10.0,200.0,186.0,7,0
2040804426,3,12114,14.890999999999622,121132409,0,100,0.0,10.0,200.0,186.0,7,0
2040804426,3,12115,14.890999999999622,121142409,0,100,0.0,10.0,200.0,186.0,7,0
2040804426,3,12116,14.890999999999622,121152409,0,100,0.0,10.0,200.0,186.0,7,0
2040804426,3,12117,14.890999999999622,121162409,0,100,0.0,10.0,200.0,186.0,7,0
2040804426,3,12118,14.890999999999622,121172409,0,100,0.0,10.0,200.0,186.0,7,0
2040804426,3,12119,14.890999999999622,121182409,0,100,0.0,10.0,200.0,186.0,7,0
2040804426,3,12120,14.890999999999622,121192409,0,100,0.0,10.0,200.0,186.0,7,0
2040804426,3,12121,14.890999999999622,121202409,0,100,0.0,10.0,200.0,186.0,7,0
2040804426,3,12122,14.890999999999622,121212409,0,100,0.0,10.0,200.0,186.0,7,0
2040804426,3,12123,14.890999999999622,121222409,0,100,0.0,10.0,200.0,186.0,7,0
2040804426,3,12124,14.890999999999622,121232409,0,100,0.0,10.0,200.0,186.0,7,0
2040804426,3,12125,14.890999999999622,121242409,0,100,0.0,10.0,200.0,186.0,7,0
2040804426,3,12126,14.890999999999622,121252409,0,100,0.0,10.0,200.0,186.0,7,0
2040804426,3,12127,14.890999999999622,121262409,0,100,0.0,10.0,200.0,186.0,7,0
2040804426,3,12128,14.890999999999622,121272409,0,100,0.0,10.0,200.0,186.0,7,0
2040804426,3,12129,14.890999999999622,121282409,0,100,0.0,10.0,200.0,186.0,7,0
2040804426,3,12130,14.890999999999622,121292409,0,100,0.0,10.0,200.0,186.0,7,0
2040804426,3,12131,15.04700000000048,121302409,0,100,0.0,10.0,200.0,186.0,7,0
2040804426,3,12132,15.04700000000048,121312409,0,100,0.0,10.0,200.0,186.0,7,0
2040804426,3,12133,15.04700000000048,121322409,0,100,0.0,10.0,200.0,186.0,7,0
2040804426,3,12134,15.04700000000048,121332409,0,100,0.0,10.0,200.0,186.0,7,0
2040804426,3,12135,15.04700000000048,121342409,0,100,0.0,10.0,200.0,186.0,7,0
2040804426,3,12136,15.04700000000048,121352409,0,100,0.0,10.0,200.0,186.0,7,0
2040804426,3,12137,15.04700000000048,121362409,0,100,0.0,10.0,200.0,186.0,7,0
2040804426,3,12138,15.04700000000048,121372409,0,100,0.0,10.0,200.0,186.0,7,0
2040804426,3,12139,15.04700000000048,121382409,0,100,0.0,10.0,200.0,186.0,7,0
2040804426,3,12140,15.04700000000048,121392409,0,100,0.0,10.0,200.0,186.0,7,0
2040804426,3,12141,15.04700000000048,121402409,0,100,0.0,10.0,200.0,186.0,7,0
2040804426,3,12142,15.04700000000048,121412409,0,100,0.0,10.0,200.0,186.0,7,0
2040804426,3,12143,15.04700000000048,121422409,0,100,0.0,10.0,200.0,186.0,7,0
2040804426,3,12144,15.04700000000048,121432409,0,100,0.0,10.0,200.0,186.0,7,0
2040804426,3,12145,15.04700000000048,121442409,0,100,0.0,10.0,200.0,186.0,7,0
2040804426,3,12146,15.04700000000048,121452409,0,100,0.0,10.0,200.0,186.0,7,0
2040804426,3,12147,15.281000000000859,121462409,0,100,0.0,10.0,200.0,186.0,7,0
2040804426,3,12148,15.281000000000859,121472409,0,100,0.0,10.0,200.0,186.0,7,0
2040804426,3,12149,15.281000000000859,121482409,0,100,0.0,10.0,200.0,186.0,7,0
2040804426,3,12150,15.281000000000859,121492409,0,100,0.0,10.0,200.0,186.0,7,0
2040804426,3,12151,15.281000000000859,121502409,0,100,0.0,10.0,200.0,186.0,7,0
2040804426,3,12152,15.281000000000859,121512409,0,100,0.0,10.0,200.0,186.0,7,0
2040804426,3,12153,15.281000000000859,121522409,0,100,0.0,10.0,200.0,186.0,7,0
2040804426,3,12154,15.281000000000859,121532410,0,100,0.0,10.0,200.0,186.0,7,0
2040804426,3,12155,15.281000000000859,121542409,0,100,0.0,10.0,200.0,186.0,7,0
2040804426,3,12156,15.281000000000859,121552409,0,100,0.0,10.0,200.0,186.0,7,0
2040804426,3,12157,15.281000000000859,121562409,0,100,0.0,10.0,200.0,186.0,7,0
2040804426,3,12158,15.281000000000859,121572409,0,100,0.0,10.0,200.0,186.0,7,0
2040804426,3,12159,15.281000000000859,121582409,0,100,0.0,10.0,200.0,186.0,7,0
2040804426,3,12160,15.281000000000859,121592409,0,100,0.0,10.0,200.0,186.0,7,0
2040804426,3,12161,15.281000000000859,121602409,0,100,0.0,10.0,200.0,186.0,7,0
2040804426,3,12162,15.281000000000859,121612409,0,100,0.0,10.0,200.0,186.0,7,0
2040804426,3,12163,15.281000000000859,121622409,0,100,0.0,10.0,200.0,186.0,7,0
2040804426,3,12164,15.281000000000859,121632409,0,100,0.0,10.0,200.0,186.0,7,0
2040804426,3,12165,15.281000000000859,121642409,0,100,0.0,10.0,200.0,186.0,7,0
2040804426,3,12166,15.281000000000859,121652409,0,100,0.0,10.0,200.0,186.0,7,0
2040804426,3,12167,15.281000000000859,121662409,0,100,0.0,10.0,200.0,186.0,7,0
2040804426,3,12168,15.281000000000859,121672409,0,100,0.0,10.0,200.0,186.0,7,0
2040804426,3,12169,15.281000000000859,121682409,0,100,0.0,10.0,200.0,186.0,7,0
2040804426,3,12170,15.281000000000859,121692409,0,100,0.0,10.0,200.0,186.0,7,0
2040804426,3,12171,15.875,121702409,0,100,0.0,10.0,200.0,186.0,7,0
2040804426,3,12172,15.875,121712409,0,100,0.0,10.0,200.0,186.0,7,0
2040804426,3,12173,15.875,121722409,0,100,0.0,10.0,200.0,186.0,7,0
2040804426,3,12174,15.875,121732409,0,100,0.0,10.0,200.0,186.0,7,0
2040804426,3,12175,15.875,121742409,0,100,0.0,10.0,200.0,186.0,7,0
2040804426,3,12176,15.875,121752409,0,100,0.0,10.0,200.0,186.0,7,0
2040804426,3,12177,15.875,121762409,0,100,0.0,10.0,200.0,186.0,7,0
2040804426,3,12178,15.875,121772409,0,100,0.0,10.0,200.0,186.0,7,0
2040804426,3,12179,15.875,121782409,0,100,0.0,10.0,200.0,186.0,7,0
2040804426,3,12180,15.875,121792409,0,100,0.0,10.0,200.0,186.0,7,0
2040804426,3,12181,15.875,121802409,0,100,0.0,10.0,200.0,186.0,7,0
2040804426,3,12182,15.875,121812409,0,100,0.0,10.0,200.0,186.0,7,0
2040804426,3,12183,15.875,121822409,0,100,0.0,10.0,200.0,186.0,7,0
2040804426,3,12184,15.875,121832409,0,100,0.0,10.0,200.0,186.0,7,0
2040804426,3,12185,15.875,121842409,0,100,0.0,10.0,200.0,186.0,7,0
2040804426,3,12186,15.875,121852409,0,100,0.0,10.0,200.0,186.0,7,0
2040804426,3,12187,15.875,121862409,0,100,0.0,10.0,200.0,186.0,7,0
2040804426,3,12188,15.875,121872409,0,100,0.0,10.0,200.0,186.0,7,0
2040804426,3,12189,15.875,121882409,0,100,0.0,10.0,200.0,186.0,7,0
2040804426,3,12190,15.875,121892409,0,100,0.0,10.0,200.0,186.0,7,0
2040804426,3,12191,15.875,121902409,0,100,0.0,10.0,200.0,186.0,7,0
2040804426,3,12192,15.875,121912409,0,100,0.0,10.0,200.0,186.0,7,0
2040804426,3,12193,15.875,121922409,0,100,0.0,10.0,200.0,186.0,7,0
2040804426,3,12194,15.875,121932409,0,100,0.0,10.0,200.0,186.0,7,0
2040804426,3,12195,15.875,121942409,0,100,0.0,10.0,200.0,186.0,7,0
2040804426,3,12196,15.875,121952409,0,100,0.0,10.0,200.0,186.0,7,0
2040804426,3,12197,15.875,121962409,0,100,0.0,10.0,200.0,186.0,7,0
2040804426,3,12198,15.875,121972409,0,100,0.0,10.0,200.0,186.0,7,0
2040804426,3,12199,15.875,121982409,0,100,0.0,10.0,200.0,186.0,7,0
2040804426,3,12200,15.875,121992409,0,100,0.0,10.0,200.0,186.0,7,0
2040804426,3,12201,15.875,122002409,0,100,0.0,10.0,200.0,186.0,7,0
2040804426,3,12202,15.875,122012409,0,100,0.0,10.0,200.0,186.0,7,0
2040804426,3,12203,15.875,122022409,0,100,0.0,10.0,200.0,186.0,7,0
2040804426,3,12204,15.875,122032409,0,100,0.0,10.0,200.0,186.0,7,0
2040804426,3,12205,15.875,122042409,0,100,0.0,10.0,200.0,186.0,7,0
2040804426,3,12206,15.875,122052409,0,100,0.0,10.0,200.0,186.0,7,0
2040804426,3,12207,15.875,122062409,0,100,0.0,10.0,200.0,186.0,7,0
2040804426,3,12208,15.875,122072409,0,100,0.0,10.0,200.0,186.0,7,0
2040804426,3,12209,15.875,122082409,0,100,0.0,10.0,200.0,186.0,7,0
2040804426,3,12210,15.875,122092409,0,100,0.0,10.0,200.0,186.0,7,0
2040804426,3,12211,15.875,122102409,0,100,0.0,10.0,200.0,186.0,7,0
2040804426,3,12212,15.875,122112409,0,100,0.0,10.0,200.0,186.0,7,0
2040804426,3,12213,15.875,122122409,0,100,0.0,10.0,200.0,186.0,7,0
2040804426,3,12214,15.875,122132409,0,100,0.0,10.0,200.0,186.0,7,0
2040804426,3,12215,15.875,122142409,0,100,0.0,10.0,200.0,186.0,7,0
2040804426,3,12216,15.875,122152409,0,100,0.0,10.0,200.0,186.0,7,0
2040804426,3,12217,15.875,122162409,0,100,0.0,10.0,200.0,186.0,7,0
2040804426,3,12218,15.875,122172409,0,100,0.0,10.0,200.0,186.0,7,0
2040804426,3,12219,15.875,122182409,0,100,0.0,10.0,200.0,186.0,7,0
2040804426,3,12220,15.875,122192409,0,100,0.0,10.0,200.0,186.0,7,0
2040804426,3,12221,15.875,122202409,0,100,0.0,10.0,200.0,186.0,7,0
2040804426,3,12222,15.875,122212409,0,100,0.0,10.0,200.0,186.0,7,0
2040804426,3,12223,15.875,122222410,0,100,0.0,10.0,200.0,186.0,7,0
2040804426,3,12224,15.875,122232409,0,100,0.0,10.0,200.0,186.0,7,0
2040804426,3,12225,15.875,122242409,0,100,0.0,10.0,200.0,186.0,7,0
2040804426,3,12226,15.875,122252409,0,100,0.0,10.0,200.0,186.0,7,0
2040804426,3,12227,16.26599999999962,122262409,0,100,0.0,10.0,200.0,186.0,7,0
2040804426,3,12228,16.26599999999962,122272409,0,100,0.0,10.0,200.0,186.0,7,0
2040804426,3,12229,16.26599999999962,122282409,0,100,0.0,10.0,200.0,186.0,7,0
2040804426,3,12230,16.26599999999962,122292409,0,100,0.0,10.0,200.0,186.0,7,0
2040804426,3,12231,16.26599999999962,122302409,0,100,0.0,10.0,200.0,186.0,7,0
2040804426,3,12232,16.26599999999962,122312409,0,100,0.0,10.0,200.0,186.0,7,0
2040804426,3,12233,16.26599999999962,122322409,0,100,0.0,10.0,200.0,186.0,7,0
2040804426,3,12234,16.26599999999962,122332409,0,100,0.0,10.0,200.0,186.0,7,0
2040804426,3,12235,16.26599999999962,122342409,0,100,0.0,10.0,200.0,186.0,7,0
2040804426,3,12236,16.26599999999962,122352409,0,100,0.0,10.0,200.0,186.0,7,0
2040804426,3,12237,16.26599999999962,122362409,0,100,0.0,10.0,200.0,186.0,7,0
2040804426,3,12238,16.26599999999962,122372409,0,100,0.0,10.0,200.0,186.0,7,0
2040804426,3,12239,16.26599999999962,122382409,0,100,0.0,10.0,200.0,186.0,7,0
2040804426,3,12240,16.26599999999962,122392409,0,100,0.0,10.0,200.0,186.0,7,0
2040804426,3,12241,16.26599999999962,122402409,0,100,0.0,10.0,200.0,186.0,7,0
2040804426,3,12242,16.26599999999962,122412409,0,100,0.0,10.0,200.0,186.0,7,0
2040804426,3,12243,16.26599999999962,122422409,0,100,0.0,10.0,200.0,186.0,7,0
2040804426,3,12244,16.26599999999962,122432409,0,100,0.0,10.0,200.0,186.0,7,0
2040804426,3,12245,16.26599999999962,122442409,0,100,0.0,10.0,200.0,186.0,7,0
2040804426,3,12246,16.26599999999962,122452409,0,100,0.0,10.0,200.0,186.0,7,0
2040804426,3,12247,16.26599999999962,122462409,0,100,0.0,10.0,200.0,186.0,7,0
2040804426,3,12248,16.26599999999962,122472409,0,100,0.0,10.0,200.0,186.0,7,0
2040804426,3,12249,16.26599999999962,122482409,0,100,0.0,10.0,200.0,186.0,7,0
2040804426,3,12250,16.26599999999962,122492409,0,100,0.0,10.0,200.0,186.0,7,0
2040804426,3,12251,16.26599999999962,122502409,0,100,0.0,10.0,200.0,186.0,7,0
2040804426,3,12252,16.26599999999962,122512409,0,100,0.0,10.0,200.0,186.0,7,0
2040804426,3,12253,16.26599999999962,122522409,0,100,0.0,10.0,200.0,186.0,7,0
2040804426,3,12254,16.26599999999962,122532409,0,100,0.0,10.0,200.0,186.0,7,0
2040804426,3,12255,16.26599999999962,122542409,0,100,0.0,10.0,200.0,186.0,7,0
2040804426,3,12256,16.26599999999962,122552409,0,100,0.0,10.0,200.0,186.0,7,0
2040804426,3,12257,16.26599999999962,122562409,0,100,0.0,10.0,200.0,186.0,7,0
2040804426,3,12258,16.26599999999962,122572409,0,100,0.0,10.0,200.0,186.0,7,0
2040804426,3,12259,16.26599999999962,122582409,0,100,0.0,10.0,200.0,186.0,7,0
2040804426,3,12260,16.26599999999962,122592409,0,100,0.0,10.0,200.0,186.0,7,0
2040804426,3,12261,16.26599999999962,122602409,0,100,0.0,10.0,200.0,186.0,7,0
2040804426,3,12262,16.26599999999962,122612409,0,100,0.0,10.0,200.0,186.0,7,0
2040804426,3,12263,16.26599999999962,122622409,0,100,0.0,10.0,200.0,186.0,7,0
2040804426,3,12264,16.26599999999962,122632409,0,100,0.0,10.0,200.0,186.0,7,0
2040804426,3,12265,16.26599999999962,122642409,0,100,0.0,10.0,200.0,186.0,7,0
2040804426,3,12266,16.26599999999962,122652409,0,100,0.0,10.0,200.0,186.0,7,0
2040804426,3,12267,16.46900000000096,122662409,0,100,0.0,10.0,200.0,186.0,7,0
2040804426,3,12268,16.46900000000096,122672409,0,100,0.0,10.0,200.0,186.0,7,0
2040804426,3,12269,16.46900000000096,122682409,0,100,0.0,10.0,200.0,186.0,7,0
2040804426,3,12270,16.46900000000096,122692409,0,100,0.0,10.0,200.0,186.0,7,0
2040804426,3,12271,16.46900000000096,122702409,0,100,0.0,10.0,200.0,186.0,7,0
2040804426,3,12272,16.46900000000096,122712409,0,100,0.0,10.0,200.0,186.0,7,0
2040804426,3,12273,16.46900000000096,122722409,0,100,0.0,10.0,200.0,186.0,7,0
2040804426,3,12274,16.46900000000096,122732409,0,100,0.0,10.0,200.0,186.0,7,0
2040804426,3,12275,16.46900000000096,122742409,0,100,0.0,10.0,200.0,186.0,7,0
2040804426,3,12276,16.46900000000096,122752409,0,100,0.0,10.0,200.0,186.0,7,0
2040804426,3,12277,16.46900000000096,122762409,0,100,0.0,10.0,200.0,186.0,7,0
2040804426,3,12278,16.46900000000096,122772409,0,100,0.0,10.0,200.0,186.0,7,0
2040804426,3,12279,16.46900000000096,122782409,0,100,0.0,10.0,200.0,186.0,7,0
2040804426,3,12280,16.46900000000096,122792409,0,100,0.0,10.0,200.0,186.0,7,0
2040804426,3,12281,16.46900000000096,122802409,0,100,0.0,10.0,200.0,186.0,7,0
2040804426,3,12282,16.46900000000096,122812409,0,100,0.0,10.0,200.0,186.0,7,0
2040804426,3,12283,16.46900000000096,122822409,0,100,0.0,10.0,200.0,186.0,7,0
2040804426,3,12284,16.46900000000096,122832409,0,100,0.0,10.0,200.0,186.0,7,0
2040804426,3,12285,16.46900000000096,122842409,0,100,0.0,10.0,200.0,186.0,7,0
2040804426,3,12286,16.46900000000096,122852409,0,100,0.0,10.0,200.0,186.0,7,0
2040804426,3,12287,16.46900000000096,122862409,0,100,0.0,10.0,200.0,186.0,7,0
2040804426,3,12288,16.46900000000096,122872409,0,100,0.0,10.0,200.0,186.0,7,0
2040804426,3,12289,16.46900000000096,122882409,0,100,0.0,10.0,200.0,186.0,7,0
2040804426,3,12290,16.46900000000096,122892409,0,100,0.0,10.0,200.0,186.0,7,0
2040804426,3,12291,17.063000000000102,122902409,0,100,0.0,10.0,200.0,186.0,7,0
2040804426,3,12292,17.063000000000102,122912409,0,100,0.0,10.0,200.0,186.0,7,0
2040804426,3,12293,17.063000000000102,122922409,0,100,0.0,10.0,200.0,186.0,7,0
2040804426,3,12294,17.063000000000102,122932409,0,100,0.0,10.0,200.0,186.0,7,0
2040804426,3,12295,17.063000000000102,122942409,0,100,0.0,10.0,200.0,186.0,7,0
2040804426,3,12296,17.063000000000102,122952409,0,100,0.0,10.0,200.0,186.0,7,0
2040804426,3,12297,17.063000000000102,122962409,0,100,0.0,10.0,200.0,186.0,7,0
2040804426,3,12298,17.063000000000102,122972409,0,100,0.0,10.0,200.0,186.0,7,0
2040804426,3,12299,17.063000000000102,122982409,0,100,0.0,10.0,200.0,186.0,7,0
2040804426,3,12300,17.063000000000102,122992409,0,100,0.0,10.0,200.0,186.0,7,0
2040804426,3,12301,17.063000000000102,123002409,0,100,0.0,10.0,200.0,186.0,7,0
2040804426,3,12302,17.063000000000102,123012409,0,100,0.0,10.0,200.0,186.0,7,0
2040804426,3,12303,17.063000000000102,123022409,0,100,0.0,10.0,200.0,186.0,7,0
2040804426,3,12304,17.063000000000102,123032409,0,100,0.0,10.0,200.0,186.0,7,0
2040804426,3,12305,17.063000000000102,123042409,0,100,0.0,10.0,200.0,186.0,7,0
2040804426,3,12306,17.063000000000102,123052409,0,100,0.0,10.0,200.0,186.0,7,0
2040804426,3,12307,17.063000000000102,123062409,0,100,0.0,10.0,200.0,186.0,7,0
2040804426,3,12308,17.063000000000102,123072409,0,100,0.0,10.0,200.0,186.0,7,0
2040804426,3,12309,17.063000000000102,123082409,0,100,0.0,10.0,200.0,186.0,7,0
2040804426,3,12310,17.063000000000102,123092409,0,100,0.0,10.0,200.0,186.0,7,0
2040804426,3,12311,17.063000000000102,123102409,0,100,0.0,10.0,200.0,186.0,7,0
2040804426,3,12312,17.063000000000102,123112409,0,100,0.0,10.0,200.0,186.0,7,0
2040804426,3,12313,17.063000000000102,123122409,0,100,0.0,10.0,200.0,186.0,7,0
2040804426,3,12314,17.063000000000102,123132409,0,100,0.0,10.0,200.0,186.0,7,0
2040804426,3,12315,17.063000000000102,123142409,0,100,0.0,10.0,200.0,186.0,7,0
2040804426,3,12316,17.063000000000102,123152409,0,100,0.0,10.0,200.0,186.0,7,0
2040804426,3,12317,17.063000000000102,123162409,0,100,0.0,10.0,200.0,186.0,7,0
2040804426,3,12318,17.063000000000102,123172409,0,100,0.0,10.0,200.0,186.0,7,0
2040804426,3,12319,17.063000000000102,123182409,0,100,0.0,10.0,200.0,186.0,7,0
2040804426,3,12320,17.063000000000102,123192409,0,100,0.0,10.0,200.0,186.0,7,0
2040804426,3,12321,17.063000000000102,123202409,0,100,0.0,10.0,200.0,186.0,7,0
2040804426,3,12322,17.063000000000102,123212409,0,100,0.0,10.0,200.0,186.0,7,0
2040804426,3,12323,17.063000000000102,123222409,0,100,0.0,10.0,200.0,186.0,7,0
2040804426,3,12324,17.063000000000102,123232409,0,100,0.0,10.0,200.0,186.0,7,0
2040804426,3,12325,17.063000000000102,123242409,0,100,0.0,10.0,200.0,186.0,7,0
2040804426,3,12326,17.063000000000102,123252409,0,100,0.0,10.0,200.0,186.0,7,0
2040804426,3,12327,17.063000000000102,123262409,0,100,0.0,10.0,200.0,186.0,7,0
2040804426,3,12328,17.063000000000102,123272409,0,100,0.0,10.0,200.0,186.0,7,0
2040804426,3,12329,17.063000000000102,123282409,0,100,0.0,10.0,200.0,186.0,7,0
2040804426,3,12330,17.063000000000102,123292409,0,100,0.0,10.0,200.0,186.0,7,0
2040804426,3,12331,17.063000000000102,123302409,0,100,0.0,10.0,200.0,186.0,7,0
2040804426,3,12332,17.063000000000102,123312409,0,100,0.0,10.0,200.0,186.0,7,0
2040804426,3,12333,17.063000000000102,123322409,0,100,0.0,10.0,200.0,186.0,7,0
2040804426,3,12334,17.063000000000102,123332409,0,100,0.0,10.0,200.0,186.0,7,0
2040804426,3,12335,17.063000000000102,123342409,0,100,0.0,10.0,200.0,186.0,7,0
2040804426,3,12336,17.063000000000102,123352409,0,100,0.0,10.0,200.0,186.0,7,0
2040804426,3,12337,17.063000000000102,123362409,0,100,0.0,10.0,200.0,186.0,7,0
2040804426,3,12338,17.063000000000102,123372409,0,100,0.0,10.0,200.0,186.0,7,0
2040804426,3,12339,17.063000000000102,123382409,0,100,0.0,10.0,200.0,186.0,7,0
2040804426,3,12340,17.063000000000102,123392410,0,100,0.0,10.0,200.0,186.0,7,0
2040804426,3,12341,17.063000000000102,123402409,0,100,0.0,10.0,200.0,186.0,7,0
2040804426,3,12342,17.063000000000102,123412409,0,100,0.0,10.0,200.0,186.0,7,0
2040804426,3,12343,17.063000000000102,123422409,0,100,0.0,10.0,200.0,186.0,7,0
2040804426,3,12344,17.063000000000102,123432409,0,100,0.0,10.0,200.0,186.0,7,0
2040804426,3,12345,17.063000000000102,123442409,0,100,0.0,10.0,200.0,186.0,7,0
2040804426,3,12346,17.063000000000102,123452409,0,100,0.0,10.0,200.0,186.0,7,0
2040804426,3,12347,17.25,123462409,0,100,0.0,10.0,200.0,186.0,7,0
2040804426,3,12348,17.25,123472409,0,100,0.0,10.0,200.0,186.0,7,0
2040804426,3,12349,17.25,123482409,0,100,0.0,10.0,200.0,186.0,7,0
2040804426,3,12350,17.25,123492409,0,100,0.0,10.0,200.0,186.0,7,0
2040804426,3,12351,17.25,123502409,0,100,0.0,10.0,200.0,186.0,7,0
2040804426,3,12352,17.25,123512409,0,100,0.0,10.0,200.0,186.0,7,0
2040804426,3,12353,17.25,123522409,0,100,0.0,10.0,200.0,186.0,7,0
2040804426,3,12354,17.25,123532409,0,100,0.0,10.0,200.0,186.0,7,0
2040804426,3,12355,17.25,123542409,0,100,0.0,10.0,200.0,186.0,7,0
2040804426,3,12356,17.25,123552409,0,100,0.0,10.0,200.0,186.0,7,0
2040804426,3,12357,17.25,123562409,0,100,0.0,10.0,200.0,186.0,7,0
2040804426,3,12358,17.25,123572409,0,100,0.0,10.0,200.0,186.0,7,0
2040804426,3,12359,17.25,123582409,0,100,0.0,10.0,200.0,186.0,7,0
2040804426,3,12360,17.25,123592409,0,100,0.0,10.0,200.0,186.0,7,0
2040804426,3,12361,17.25,123602409,0,100,0.0,10.0,200.0,186.0,7,0
2040804426,3,12362,17.25,123612409,0,100,0.0,10.0,200.0,186.0,7,0
2040804426,3,12363,17.34400000000096,123622409,0,100,0.0,10.0,200.0,186.0,7,0
2040804426,3,12364,17.34400000000096,123632409,0,100,0.0,10.0,200.0,186.0,7,0
2040804426,3,12365,17.34400000000096,123642409,0,100,0.0,10.0,200.0,186.0,7,0
2040804426,3,12366,17.34400000000096,123652409,0,100,0.0,10.0,200.0,186.0,7,0
2040804426,3,12367,17.34400000000096,123662409,0,100,0.0,10.0,200.0,186.0,7,0
2040804426,3,12368,17.34400000000096,123672409,0,100,0.0,10.0,200.0,186.0,7,0
2040804426,3,12369,17.34400000000096,123682409,0,100,0.0,10.0,200.0,186.0,7,0
2040804426,3,12370,17.34400000000096,123692409,0,100,0.0,10.0,200.0,186.0,7,0
2040804426,3,12371,17.875,123702409,0,100,0.0,10.0,200.0,186.0,7,0
2040804426,3,12372,17.875,123712409,0,100,0.0,10.0,200.0,186.0,7,0
2040804426,3,12373,17.875,123722409,0,100,0.0,10.0,200.0,186.0,7,0
2040804426,3,12374,17.875,123732409,0,100,0.0,10.0,200.0,186.0,7,0
2040804426,3,12375,17.875,123742409,0,100,0.0,10.0,200.0,186.0,7,0
2040804426,3,12376,17.875,123752409,0,100,0.0,10.0,200.0,186.0,7,0
2040804426,3,12377,17.875,123762409,0,100,0.0,10.0,200.0,186.0,7,0
2040804426,3,12378,17.875,123772409,0,100,0.0,10.0,200.0,186.0,7,0
2040804426,3,12379,17.875,123782409,0,100,0.0,10.0,200.0,186.0,7,0
2040804426,3,12380,17.875,123792409,0,100,0.0,10.0,200.0,186.0,7,0
2040804426,3,12381,17.875,123802409,0,100,0.0,10.0,200.0,186.0,7,0
2040804426,3,12382,17.875,123812409,0,100,0.0,10.0,200.0,186.0,7,0
2040804426,3,12383,17.875,123822409,0,100,0.0,10.0,200.0,186.0,7,0
2040804426,3,12384,17.875,123832409,0,100,0.0,10.0,200.0,186.0,7,0
2040804426,3,12385,17.875,123842409,0,100,0.0,10.0,200.0,186.0,7,0
2040804426,3,12386,17.875,123852409,0,100,0.0,10.0,200.0,186.0,7,0
2040804426,3,12387,17.875,123862409,0,100,0.0,10.0,200.0,186.0,7,0
2040804426,3,12388,17.875,123872409,0,100,0.0,10.0,200.0,186.0,7,0
2040804426,3,12389,17.875,123882409,0,100,0.0,10.0,200.0,186.0,7,0
2040804426,3,12390,17.875,123892409,0,100,0.0,10.0,200.0,186.0,7,0
2040804426,3,12391,17.875,123902409,0,100,0.0,10.0,200.0,186.0,7,0
2040804426,3,12392,17.875,123912409,0,100,0.0,10.0,200.0,186.0,7,0
2040804426,3,12393,17.875,123922409,0,100,0.0,10.0,200.0,186.0,7,0
2040804426,3,12394,17.875,123932409,0,100,0.0,10.0,200.0,186.0,7,0
2040804426,3,12395,17.875,123942409,0,100,0.0,10.0,200.0,186.0,7,0
2040804426,3,12396,17.875,123952409,0,100,0.0,10.0,200.0,186.0,7,0
2040804426,3,12397,17.875,123962409,0,100,0.0,10.0,200.0,186.0,7,0
2040804426,3,12398,17.875,123972409,0,100,0.0,10.0,200.0,186.0,7,0
2040804426,3,12399,17.875,123982409,0,100,0.0,10.0,200.0,186.0,7,0
2040804426,3,12400,17.875,123992409,0,100,0.0,10.0,200.0,186.0,7,0
2040804426,3,12401,17.875,124002409,0,100,0.0,10.0,200.0,186.0,7,0
2040804426,3,12402,17.875,124012409,0,100,0.0,10.0,200.0,186.0,7,0
2040804426,3,12403,17.875,124022409,0,100,0.0,10.0,200.0,186.0,7,0
2040804426,3,12404,17.875,124032409,0,100,0.0,10.0,200.0,186.0,7,0
2040804426,3,12405,17.875,124042409,0,100,0.0,10.0,200.0,186.0,7,0
2040804426,3,12406,17.875,124052409,0,100,0.0,10.0,200.0,186.0,7,0
2040804426,3,12407,17.875,124062409,0,100,0.0,10.0,200.0,186.0,7,0
2040804426,3,12408,17.875,124072409,0,100,0.0,10.0,200.0,186.0,7,0
2040804426,3,12409,17.875,124082409,0,100,0.0,10.0,200.0,186.0,7,0
2040804426,3,12410,17.875,124092409,0,100,0.0,10.0,200.0,186.0,7,0
2040804426,3,12411,17.875,124102409,0,100,0.0,10.0,200.0,186.0,7,0
2040804426,3,12412,17.875,124112409,0,100,0.0,10.0,200.0,186.0,7,0
2040804426,3,12413,17.875,124122409,0,100,0.0,10.0,200.0,186.0,7,0
2040804426,3,12414,17.875,124132409,0,100,0.0,10.0,200.0,186.0,7,0
2040804426,3,12415,17.875,124142409,0,100,0.0,10.0,200.0,186.0,7,0
2040804426,3,12416,17.875,124152409,0,100,0.0,10.0,200.0,186.0,7,0
2040804426,3,12417,17.875,124162409,0,100,0.0,10.0,200.0,186.0,7,0
2040804426,3,12418,17.875,124172409,0,100,0.0,10.0,200.0,186.0,7,0
2040804426,3,12419,17.875,124182409,0,100,0.0,10.0,200.0,186.0,7,0
2040804426,3,12420,17.875,124192409,0,100,0.0,10.0,200.0,186.0,7,0
2040804426,3,12421,17.875,124202409,0,100,0.0,10.0,200.0,186.0,7,0
2040804426,3,12422,17.875,124212409,0,100,0.0,10.0,200.0,186.0,7,0
2040804426,3,12423,17.875,124222409,0,100,0.0,10.0,200.0,186.0,7,0
2040804426,3,12424,17.875,124232409,0,100,0.0,10.0,200.0,186.0,7,0
2040804426,3,12425,17.875,124242409,0,100,0.0,10.0,200.0,186.0,7,0
2040804426,3,12426,17.875,124252409,0,100,0.0,10.0,200.0,186.0,7,0
2040804426,3,12427,18.26599999999962,124262409,0,100,0.0,10.0,200.0,186.0,7,0
2040804426,3,12428,18.26599999999962,124272409,0,100,0.0,10.0,200.0,186.0,7,0
2040804426,3,12429,18.26599999999962,124282409,0,100,0.0,10.0,200.0,186.0,7,0
2040804426,3,12430,18.26599999999962,124292409,0,100,0.0,10.0,200.0,186.0,7,0
2040804426,3,12431,18.26599999999962,124302409,0,100,0.0,10.0,200.0,186.0,7,0
2040804426,3,12432,18.26599999999962,124312409,0,100,0.0,10.0,200.0,186.0,7,0
2040804426,3,12433,18.26599999999962,124322409,0,100,0.0,10.0,200.0,186.0,7,0
2040804426,3,12434,18.26599999999962,124332409,0,100,0.0,10.0,200.0,186.0,7,0
2040804426,3,12435,18.26599999999962,124342409,0,100,0.0,10.0,200.0,186.0,7,0
2040804426,3,12436,18.26599999999962,124352409,0,100,0.0,10.0,200.0,186.0,7,0
2040804426,3,12437,18.26599999999962,124362409,0,100,0.0,10.0,200.0,186.0,7,0
2040804426,3,12438,18.26599999999962,124372409,0,100,0.0,10.0,200.0,186.0,7,0
2040804426,3,12439,18.26599999999962,124382409,0,100,0.0,10.0,200.0,186.0,7,0
2040804426,3,12440,18.26599999999962,124392409,0,100,0.0,10.0,200.0,186.0,7,0
2040804426,3,12441,18.26599999999962,124402409,0,100,0.0,10.0,200.0,186.0,7,0
2040804426,3,12442,18.26599999999962,124412409,0,100,0.0,10.0,200.0,186.0,7,0
2040804426,3,12443,18.26599999999962,124422409,0,100,0.0,10.0,200.0,186.0,7,0
2040804426,3,12444,18.26599999999962,124432409,0,100,0.0,10.0,200.0,186.0,7,0
2040804426,3,12445,18.26599999999962,124442409,0,100,0.0,10.0,200.0,186.0,7,0
2040804426,3,12446,18.26599999999962,124452409,0,100,0.0,10.0,200.0,186.0,7,0
2040804426,3,12447,18.26599999999962,124462409,0,100,0.0,10.0,200.0,186.0,7,0
2040804426,3,12448,18.26599999999962,124472409,0,100,0.0,10.0,200.0,186.0,7,0
2040804426,3,12449,18.26599999999962,124482409,0,100,0.0,10.0,200.0,186.0,7,0
2040804426,3,12450,18.26599999999962,124492409,0,100,0.0,10.0,200.0,186.0,7,0
2040804426,3,12451,18.26599999999962,124502419,0,100,0.0,10.0,200.0,186.0,7,0
2040804426,3,12452,18.26599999999962,124512409,0,100,0.0,10.0,200.0,186.0,7,0
2040804426,3,12453,18.26599999999962,124522409,0,100,0.0,10.0,200.0,186.0,7,0
2040804426,3,12454,18.26599999999962,124532409,0,100,0.0,10.0,200.0,186.0,7,0
2040804426,3,12455,18.26599999999962,124542409,0,100,0.0,10.0,200.0,186.0,7,0
2040804426,3,12456,18.26599999999962,124552409,0,100,0.0,10.0,200.0,186.0,7,0
2040804426,3,12457,18.26599999999962,124562409,0,100,0.0,10.0,200.0,186.0,7,0
2040804426,3,12458,18.26599999999962,124572409,0,100,0.0,10.0,200.0,186.0,7,0
2040804426,3,12459,18.26599999999962,124582409,0,100,0.0,10.0,200.0,186.0,7,0
2040804426,3,12460,18.26599999999962,124592409,0,100,0.0,10.0,200.0,186.0,7,0
2040804426,3,12461,18.26599999999962,124602409,0,100,0.0,10.0,200.0,186.0,7,0
2040804426,3,12462,18.26599999999962,124612409,0,100,0.0,10.0,200.0,186.0,7,0
2040804426,3,12463,18.26599999999962,124622409,0,100,0.0,10.0,200.0,186.0,7,0
2040804426,3,12464,18.26599999999962,124632409,0,100,0.0,10.0,200.0,186.0,7,0
2040804426,3,12465,18.26599999999962,124642409,0,100,0.0,10.0,200.0,186.0,7,0
2040804426,3,12466,18.26599999999962,124652409,0,100,0.0,10.0,200.0,186.0,7,0
2040804426,3,12467,18.82799999999952,124662409,0,100,0.0,10.0,200.0,186.0,7,0
2040804426,3,12468,18.82799999999952,124672409,0,100,0.0,10.0,200.0,186.0,7,0
2040804426,3,12469,18.82799999999952,124682409,0,100,0.0,10.0,200.0,186.0,7,0
2040804426,3,12470,18.82799999999952,124692409,0,100,0.0,10.0,200.0,186.0,7,0
2040804426,3,12471,18.82799999999952,124702409,0,100,0.0,10.0,200.0,186.0,7,0
2040804426,3,12472,18.82799999999952,124712409,0,100,0.0,10.0,200.0,186.0,7,0
2040804426,3,12473,18.82799999999952,124722409,0,100,0.0,10.0,200.0,186.0,7,0
2040804426,3,12474,18.82799999999952,124732409,0,100,0.0,10.0,200.0,186.0,7,0
2040804426,3,12475,18.82799999999952,124742409,0,100,0.0,10.0,200.0,186.0,7,0
2040804426,3,12476,18.82799999999952,124752409,0,100,0.0,10.0,200.0,186.0,7,0
2040804426,3,12477,18.82799999999952,124762409,0,100,0.0,10.0,200.0,186.0,7,0
2040804426,3,12478,18.82799999999952,124772409,0,100,0.0,10.0,200.0,186.0,7,0
2040804426,3,12479,18.82799999999952,124782409,0,100,0.0,10.0,200.0,186.0,7,0
2040804426,3,12480,18.82799999999952,124792409,0,100,0.0,10.0,200.0,186.0,7,0
2040804426,3,12481,18.82799999999952,124802409,0,100,0.0,10.0,200.0,186.0,7,0
2040804426,3,12482,18.82799999999952,124812409,0,100,0.0,10.0,200.0,186.0,7,0
2040804426,3,12483,18.82799999999952,124822409,0,100,0.0,10.0,200.0,186.0,7,0
2040804426,3,12484,18.82799999999952,124832409,0,100,0.0,10.0,200.0,186.0,7,0
2040804426,3,12485,18.82799999999952,124842409,0,100,0.0,10.0,200.0,186.0,7,0
2040804426,3,12486,18.82799999999952,124852409,0,100,0.0,10.0,200.0,186.0,7,0
2040804426,3,12487,18.82799999999952,124862409,0,100,0.0,10.0,200.0,186.0,7,0
2040804426,3,12488,18.82799999999952,124872409,0,100,0.0,10.0,200.0,186.0,7,0
2040804426,3,12489,18.82799999999952,124882409,0,100,0.0,10.0,200.0,186.0,7,0
2040804426,3,12490,18.82799999999952,124892409,0,100,0.0,10.0,200.0,186.0,7,0
2040804426,3,12491,18.82799999999952,124902409,0,100,0.0,10.0,200.0,186.0,7,0
2040804426,3,12492,18.82799999999952,124912409,0,100,0.0,10.0,200.0,186.0,7,0
2040804426,3,12493,18.82799999999952,124922409,0,100,0.0,10.0,200.0,186.0,7,0
2040804426,3,12494,18.82799999999952,124932409,0,100,0.0,10.0,200.0,186.0,7,0
2040804426,3,12495,18.82799999999952,124942409,0,100,0.0,10.0,200.0,186.0,7,0
2040804426,3,12496,18.82799999999952,124952409,0,100,0.0,10.0,200.0,186.0,7,0
2040804426,3,12497,18.82799999999952,124962409,0,100,0.0,10.0,200.0,186.0,7,0
2040804426,3,12498,18.82799999999952,124972409,0,100,0.0,10.0,200.0,186.0,7,0
2040804426,3,12499,18.82799999999952,124982409,0,100,0.0,10.0,200.0,186.0,7,0
2040804426,3,12500,18.82799999999952,124992409,0,100,0.0,10.0,200.0,186.0,7,0
2040804426,3,12501,18.82799999999952,125002409,0,100,0.0,10.0,200.0,186.0,7,0
2040804426,3,12502,18.82799999999952,125012409,0,100,0.0,10.0,200.0,186.0,7,0
2040804426,3,12503,18.82799999999952,125022409,0,100,0.0,10.0,200.0,186.0,7,0
2040804426,3,12504,18.82799999999952,125032409,0,100,0.0,10.0,200.0,186.0,7,0
2040804426,3,12505,18.82799999999952,125042409,0,100,0.0,10.0,200.0,186.0,7,0
2040804426,3,12506,18.82799999999952,125052409,0,100,0.0,10.0,200.0,186.0,7,0
2040804426,3,12507,18.82799999999952,125062409,0,100,0.0,10.0,200.0,186.0,7,0
2040804426,3,12508,18.82799999999952,125072409,0,100,0.0,10.0,200.0,186.0,7,0
2040804426,3,12509,18.82799999999952,125082409,0,100,0.0,10.0,200.0,186.0,7,0
2040804426,3,12510,18.82799999999952,125092409,0,100,0.0,10.0,200.0,186.0,7,0
2040804426,3,12511,18.82799999999952,125102409,0,100,0.0,10.0,200.0,186.0,7,0
2040804426,3,12512,18.82799999999952,125112409,0,100,0.0,10.0,200.0,186.0,7,0
2040804426,3,12513,18.82799999999952,125122409,0,100,0.0,10.0,200.0,186.0,7,0
2040804426,3,12514,18.82799999999952,125132409,0,100,0.0,10.0,200.0,186.0,7,0
2040804426,3,12515,18.82799999999952,125142409,0,100,0.0,10.0,200.0,186.0,7,0
2040804426,3,12516,18.82799999999952,125152409,0,100,0.0,10.0,200.0,186.0,7,0
2040804426,3,12517,18.82799999999952,125162409,0,100,0.0,10.0,200.0,186.0,7,0
2040804426,3,12518,18.82799999999952,125172409,0,100,0.0,10.0,200.0,186.0,7,0
2040804426,3,12519,18.82799999999952,125182409,0,100,0.0,10.0,200.0,186.0,7,0
2040804426,3,12520,18.82799999999952,125192409,0,100,0.0,10.0,200.0,186.0,7,0
2040804426,3,12521,18.82799999999952,125202409,0,100,0.0,10.0,200.0,186.0,7,0
2040804426,3,12522,18.82799999999952,125212409,0,100,0.0,10.0,200.0,186.0,7,0
2040804426,3,12523,19.125,125222409,0,100,0.0,10.0,200.0,186.0,7,0
2040804426,3,12524,19.125,125232409,0,100,0.0,10.0,200.0,186.0,7,0
2040804426,3,12525,19.125,125242409,0,100,0.0,10.0,200.0,186.0,7,0
2040804426,3,12526,19.125,125252409,0,100,0.0,10.0,200.0,186.0,7,0
2040804426,3,12527,19.125,125262409,0,100,0.0,10.0,200.0,186.0,7,0
2040804426,3,12528,19.125,125272409,0,100,0.0,10.0,200.0,186.0,7,0
2040804426,3,12529,19.125,125282409,0,100,0.0,10.0,200.0,186.0,7,0
2040804426,3,12530,19.125,125292409,0,100,0.0,10.0,200.0,186.0,7,0
2040804426,3,12531,19.125,125302410,0,100,0.0,10.0,200.0,186.0,7,0
2040804426,3,12532,19.125,125312409,0,100,0.0,10.0,200.0,186.0,7,0
2040804426,3,12533,19.125,125322409,0,100,0.0,10.0,200.0,186.0,7,0
2040804426,3,12534,19.125,125332409,0,100,0.0,10.0,200.0,186.0,7,0
2040804426,3,12535,19.125,125342409,0,100,0.0,10.0,200.0,186.0,7,0
2040804426,3,12536,19.125,125352409,0,100,0.0,10.0,200.0,186.0,7,0
2040804426,3,12537,19.125,125362409,0,100,0.0,10.0,200.0,186.0,7,0
2040804426,3,12538,19.125,125372409,0,100,0.0,10.0,200.0,186.0,7,0
2040804426,3,12539,19.125,125382409,0,100,0.0,10.0,200.0,186.0,7,0
2040804426,3,12540,19.125,125392409,0,100,0.0,10.0,200.0,186.0,7,0
2040804426,3,12541,19.125,125402409,0,100,0.0,10.0,200.0,186.0,7,0
2040804426,3,12542,19.125,125412409,0,100,0.0,10.0,200.0,186.0,7,0
2040804426,3,12543,19.125,125422409,0,100,0.0,10.0,200.0,186.0,7,0
2040804426,3,12544,19.125,125432409,0,100,0.0,10.0,200.0,186.0,7,0
2040804426,3,12545,19.125,125442409,0,100,0.0,10.0,200.0,186.0,7,0
2040804426,3,12546,19.125,125452409,0,100,0.0,10.0,200.0,186.0,7,0
2040804426,3,12547,19.125,125462409,0,100,0.0,10.0,200.0,186.0,7,0
2040804426,3,12548,19.125,125472409,0,100,0.0,10.0,200.0,186.0,7,0
2040804426,3,12549,19.125,125482409,0,100,0.0,10.0,200.0,186.0,7,0
2040804426,3,12550,19.125,125492409,0,100,0.0,10.0,200.0,186.0,7,0
2040804426,3,12551,19.125,125502409,0,100,0.0,10.0,200.0,186.0,7,0
2040804426,3,12552,19.125,125512409,0,100,0.0,10.0,200.0,186.0,7,0
2040804426,3,12553,19.125,125522409,0,100,0.0,10.0,200.0,186.0,7,0
2040804426,3,12554,19.125,125532409,0,100,0.0,10.0,200.0,186.0,7,0
2040804426,3,12555,19.51599999999962,125542409,0,100,0.0,10.0,200.0,186.0,7,0
2040804426,3,12556,19.51599999999962,125552409,0,100,0.0,10.0,200.0,186.0,7,0
2040804426,3,12557,19.51599999999962,125562409,0,100,0.0,10.0,200.0,186.0,7,0
2040804426,3,12558,19.51599999999962,125572409,0,100,0.0,10.0,200.0,186.0,7,0
2040804426,3,12559,19.51599999999962,125582409,0,100,0.0,10.0,200.0,186.0,7,0
2040804426,3,12560,19.51599999999962,125592409,0,100,0.0,10.0,200.0,186.0,7,0
2040804426,3,12561,19.51599999999962,125602409,0,100,0.0,10.0,200.0,186.0,7,0
2040804426,3,12562,19.51599999999962,125612409,0,100,0.0,10.0,200.0,186.0,7,0
2040804426,3,12563,19.51599999999962,125622409,0,100,0.0,10.0,200.0,186.0,7,0
2040804426,3,12564,19.51599999999962,125632409,0,100,0.0,10.0,200.0,186.0,7,0
2040804426,3,12565,19.51599999999962,125642409,0,100,0.0,10.0,200.0,186.0,7,0
2040804426,3,12566,19.51599999999962,125652409,0,100,0.0,10.0,200.0,186.0,7,0
2040804426,3,12567,19.51599999999962,125662409,0,100,0.0,10.0,200.0,186.0,7,0
2040804426,3,12568,19.51599999999962,125672409,0,100,0.0,10.0,200.0,186.0,7,0
2040804426,3,12569,19.51599999999962,125682409,0,100,0.0,10.0,200.0,186.0,7,0
2040804426,3,12570,19.51599999999962,125692409,0,100,0.0,10.0,200.0,186.0,7,0
2040804426,3,12571,19.51599999999962,125702409,0,100,0.0,10.0,200.0,186.0,7,0
2040804426,3,12572,19.51599999999962,125712409,0,100,0.0,10.0,200.0,186.0,7,0
2040804426,3,12573,19.51599999999962,125722409,0,100,0.0,10.0,200.0,186.0,7,0
2040804426,3,12574,19.51599999999962,125732409,0,100,0.0,10.0,200.0,186.0,7,0
2040804426,3,12575,19.51599999999962,125742409,0,100,0.0,10.0,200.0,186.0,7,0
2040804426,3,12576,19.51599999999962,125752409,0,100,0.0,10.0,200.0,186.0,7,0
2040804426,3,12577,19.51599999999962,125762409,0,100,0.0,10.0,200.0,186.0,7,0
2040804426,3,12578,19.51599999999962,125772409,0,100,0.0,10.0,200.0,186.0,7,0
2040804426,3,12579,19.51599999999962,125782409,0,100,0.0,10.0,200.0,186.0,7,0
2040804426,3,12580,19.51599999999962,125792409,0,100,0.0,10.0,200.0,186.0,7,0
2040804426,3,12581,19.51599999999962,125802409,0,100,0.0,10.0,200.0,186.0,7,0
2040804426,3,12582,19.51599999999962,125812409,0,100,0.0,10.0,200.0,186.0,7,0
2040804426,3,12583,19.51599999999962,125822409,0,100,0.0,10.0,200.0,186.0,7,0
2040804426,3,12584,19.51599999999962,125832409,0,100,0.0,10.0,200.0,186.0,7,0
2040804426,3,12585,19.51599999999962,125842409,0,100,0.0,10.0,200.0,186.0,7,0
2040804426,3,12586,19.51599999999962,125852409,0,100,0.0,10.0,200.0,186.0,7,0
2040804426,3,12587,20.10900000000038,125862409,0,100,0.0,10.0,200.0,186.0,7,0
2040804426,3,12588,20.10900000000038,125872409,0,100,0.0,10.0,200.0,186.0,7,0
2040804426,3,12589,20.10900000000038,125882409,0,100,0.0,10.0,200.0,186.0,7,0
2040804426,3,12590,20.10900000000038,125892409,0,100,0.0,10.0,200.0,186.0,7,0
2040804426,3,12591,20.10900000000038,125902409,0,100,0.0,10.0,200.0,186.0,7,0
2040804426,3,12592,20.10900000000038,125912409,0,100,0.0,10.0,200.0,186.0,7,0
2040804426,3,12593,20.10900000000038,125922409,0,100,0.0,10.0,200.0,186.0,7,0
2040804426,3,12594,20.10900000000038,125932409,0,100,0.0,10.0,200.0,186.0,7,0
2040804426,3,12595,20.10900000000038,125942409,0,100,0.0,10.0,200.0,186.0,7,0
2040804426,3,12596,20.10900000000038,125952409,0,100,0.0,10.0,200.0,186.0,7,0
2040804426,3,12597,20.10900000000038,125962409,0,100,0.0,10.0,200.0,186.0,7,0
2040804426,3,12598,20.10900000000038,125972410,0,100,0.0,10.0,200.0,186.0,7,0
2040804426,3,12599,20.10900000000038,125982409,0,100,0.0,10.0,200.0,186.0,7,0
2040804426,3,12600,20.10900000000038,125992409,0,100,0.0,10.0,200.0,186.0,7,0
2040804426,3,12601,20.10900000000038,126002409,0,100,0.0,10.0,200.0,186.0,7,0
2040804426,3,12602,20.10900000000038,126012409,0,100,0.0,10.0,200.0,186.0,7,0
2040804426,3,12603,20.10900000000038,126022409,0,100,0.0,10.0,200.0,186.0,7,0
2040804426,3,12604,20.10900000000038,126032409,0,100,0.0,10.0,200.0,186.0,7,0
2040804426,3,12605,20.10900000000038,126042409,0,100,0.0,10.0,200.0,186.0,7,0
2040804426,3,12606,20.10900000000038,126052409,0,100,0.0,10.0,200.0,186.0,7,0
2040804426,3,12607,20.10900000000038,126062409,0,100,0.0,10.0,200.0,186.0,7,0
2040804426,3,12608,20.10900000000038,126072409,0,100,0.0,10.0,200.0,186.0,7,0
2040804426,3,12609,20.10900000000038,126082409,0,100,0.0,10.0,200.0,186.0,7,0
2040804426,3,12610,20.10900000000038,126092409,0,100,0.0,10.0,200.0,186.0,7,0
2040804426,3,12611,20.10900000000038,126102409,0,100,0.0,10.0,200.0,186.0,7,0
2040804426,3,12612,20.10900000000038,126112409,0,100,0.0,10.0,200.0,186.0,7,0
2040804426,3,12613,20.10900000000038,126122409,0,100,0.0,10.0,200.0,186.0,7,0
2040804426,3,12614,20.10900000000038,126132409,0,100,0.0,10.0,200.0,186.0,7,0
2040804426,3,12615,20.10900000000038,126142409,0,100,0.0,10.0,200.0,186.0,7,0
2040804426,3,12616,20.10900000000038,126152409,0,100,0.0,10.0,200.0,186.0,7,0
2040804426,3,12617,20.10900000000038,126162409,0,100,0.0,10.0,200.0,186.0,7,0
2040804426,3,12618,20.10900000000038,126172409,0,100,0.0,10.0,200.0,186.0,7,0
2040804426,3,12619,20.10900000000038,126182409,0,100,0.0,10.0,200.0,186.0,7,0
2040804426,3,12620,20.10900000000038,126192409,0,100,0.0,10.0,200.0,186.0,7,0
2040804426,3,12621,20.10900000000038,126202409,0,100,0.0,10.0,200.0,186.0,7,0
2040804426,3,12622,20.10900000000038,126212409,0,100,0.0,10.0,200.0,186.0,7,0
2040804426,3,12623,20.10900000000038,126222409,0,100,0.0,10.0,200.0,186.0,7,0
2040804426,3,12624,20.10900000000038,126232409,0,100,0.0,10.0,200.0,186.0,7,0
2040804426,3,12625,20.10900000000038,126242409,0,100,0.0,10.0,200.0,186.0,7,0
2040804426,3,12626,20.10900000000038,126252409,0,100,0.0,10.0,200.0,186.0,7,0
2040804426,3,12627,20.10900000000038,126262409,0,100,0.0,10.0,200.0,186.0,7,0
2040804426,3,12628,20.10900000000038,126272409,0,100,0.0,10.0,200.0,186.0,7,0
2040804426,3,12629,20.10900000000038,126282409,0,100,0.0,10.0,200.0,186.0,7,0
2040804426,3,12630,20.10900000000038,126292409,0,100,0.0,10.0,200.0,186.0,7,0
2040804426,3,12631,20.10900000000038,126302409,0,100,0.0,10.0,200.0,186.0,7,0
2040804426,3,12632,20.10900000000038,126312409,0,100,0.0,10.0,200.0,186.0,7,0
2040804426,3,12633,20.10900000000038,126322409,0,100,0.0,10.0,200.0,186.0,7,0
2040804426,3,12634,20.10900000000038,126332409,0,100,0.0,10.0,200.0,186.0,7,0
2040804426,3,12635,20.10900000000038,126342409,0,100,0.0,10.0,200.0,186.0,7,0
2040804426,3,12636,20.10900000000038,126352409,0,100,0.0,10.0,200.0,186.0,7,0
2040804426,3,12637,20.10900000000038,126362409,0,100,0.0,10.0,200.0,186.0,7,0
2040804426,3,12638,20.10900000000038,126372409,0,100,0.0,10.0,200.0,186.0,7,0
2040804426,3,12639,20.10900000000038,126382409,0,100,0.0,10.0,200.0,186.0,7,0
2040804426,3,12640,20.10900000000038,126392409,0,100,0.0,10.0,200.0,186.0,7,0
2040804426,3,12641,20.10900000000038,126402409,0,100,0.0,10.0,200.0,186.0,7,0
2040804426,3,12642,20.10900000000038,126412409,0,100,0.0,10.0,200.0,186.0,7,0
2040804426,3,12643,20.10900000000038,126422409,0,100,0.0,10.0,200.0,186.0,7,0
2040804426,3,12644,20.10900000000038,126432409,0,100,0.0,10.0,200.0,186.0,7,0
2040804426,3,12645,20.10900000000038,126442409,0,100,0.0,10.0,200.0,186.0,7,0
2040804426,3,12646,20.10900000000038,126452409,0,100,0.0,10.0,200.0,186.0,7,0
2040804426,3,12647,20.10900000000038,126462409,0,100,0.0,10.0,200.0,186.0,7,0
2040804426,3,12648,20.10900000000038,126472409,0,100,0.0,10.0,200.0,186.0,7,0
2040804426,3,12649,20.10900000000038,126482409,0,100,0.0,10.0,200.0,186.0,7,0
2040804426,3,12650,20.10900000000038,126492409,0,100,0.0,10.0,200.0,186.0,7,0
2040804426,3,12651,20.688000000000102,126502409,0,100,0.0,10.0,200.0,186.0,7,0
2040804426,3,12652,20.688000000000102,126512409,0,100,0.0,10.0,200.0,186.0,7,0
2040804426,3,12653,20.688000000000102,126522409,0,100,0.0,10.0,200.0,186.0,7,0
2040804426,3,12654,20.688000000000102,126532409,0,100,0.0,10.0,200.0,186.0,7,0
2040804426,3,12655,20.688000000000102,126542409,0,100,0.0,10.0,200.0,186.0,7,0
2040804426,3,12656,20.688000000000102,126552409,0,100,0.0,10.0,200.0,186.0,7,0
2040804426,3,12657,20.688000000000102,126562409,0,100,0.0,10.0,200.0,186.0,7,0
2040804426,3,12658,20.688000000000102,126572409,0,100,0.0,10.0,200.0,186.0,7,0
2040804426,3,12659,20.688000000000102,126582409,0,100,0.0,10.0,200.0,186.0,7,0
2040804426,3,12660,20.688000000000102,126592409,0,100,0.0,10.0,200.0,186.0,7,0
2040804426,3,12661,20.688000000000102,126602409,0,100,0.0,10.0,200.0,186.0,7,0
2040804426,3,12662,20.688000000000102,126612409,0,100,0.0,10.0,200.0,186.0,7,0
2040804426,3,12663,20.688000000000102,126622409,0,100,0.0,10.0,200.0,186.0,7,0
2040804426,3,12664,20.688000000000102,126632409,0,100,0.0,10.0,200.0,186.0,7,0
2040804426,3,12665,20.688000000000102,126642409,0,100,0.0,10.0,200.0,186.0,7,0
2040804426,3,12666,20.688000000000102,126652409,0,100,0.0,10.0,200.0,186.0,7,0
2040804426,3,12667,20.688000000000102,126662409,0,100,0.0,10.0,200.0,186.0,7,0
2040804426,3,12668,20.688000000000102,126672409,0,100,0.0,10.0,200.0,186.0,7,0
2040804426,3,12669,20.688000000000102,126682409,0,100,0.0,10.0,200.0,186.0,7,0
2040804426,3,12670,20.688000000000102,126692409,0,100,0.0,10.0,200.0,186.0,7,0
2040804426,3,12671,20.688000000000102,126702409,0,100,0.0,10.0,200.0,186.0,7,0
2040804426,3,12672,20.688000000000102,126712409,0,100,0.0,10.0,200.0,186.0,7,0
2040804426,3,12673,20.688000000000102,126722409,0,100,0.0,10.0,200.0,186.0,7,0
2040804426,3,12674,20.688000000000102,126732409,0,100,0.0,10.0,200.0,186.0,7,0
2040804426,3,12675,20.688000000000102,126742409,0,100,0.0,10.0,200.0,186.0,7,0
2040804426,3,12676,20.688000000000102,126752409,0,100,0.0,10.0,200.0,186.0,7,0
2040804426,3,12677,20.688000000000102,126762409,0,100,0.0,10.0,200.0,186.0,7,0
2040804426,3,12678,20.688000000000102,126772409,0,100,0.0,10.0,200.0,186.0,7,0
2040804426,3,12679,20.688000000000102,126782409,0,100,0.0,10.0,200.0,186.0,7,0
2040804426,3,12680,20.688000000000102,126792409,0,100,0.0,10.0,200.0,186.0,7,0
2040804426,3,12681,20.688000000000102,126802414,65535,100,-0.072727270424366,10.0,200.0,186.61817932128906,7,-1
2040804426,3,12682,20.688000000000102,126812414,65535,100,-0.145454540848732,10.0,200.0,187.23635864257812,7,-1
2040804426,3,12683,20.688000000000102,126822414,65535,100,-0.21818183362483978,10.0,200.0,187.85455322265625,7,-1
2040804426,3,12684,20.688000000000102,126832414,0,100,-0.21818183362483978,10.0,200.0,187.85455322265625,7,0
2040804426,3,12685,20.688000000000102,126842414,65535,100,-0.290909081697464,10.0,200.0,188.47271728515625,7,-1
2040804426,3,12686,20.688000000000102,126852414,0,100,-0.21818183362483978,10.0,200.0,187.85455322265625,7,0
2040804426,3,12687,20.688000000000102,126862414,0,100,-0.145454540848732,10.0,200.0,187.23635864257812,7,0
2040804426,3,12688,20.688000000000102,126872414,0,100,-0.072727270424366,10.0,200.0,186.61817932128906,7,0
2040804426,3,12689,20.688000000000102,126882414,0,100,-0.072727270424366,10.0,200.0,186.61817932128906,7,0
2040804426,3,12690,20.688000000000102,126892409,0,100,0.0,10.0,200.0,186.0,7,0
2040804426,3,12691,20.688000000000102,126902409,0,100,0.0,10.0,200.0,186.0,7,0
2040804426,3,12692,20.688000000000102,126912409,0,100,0.0,10.0,200.0,186.0,7,0
2040804426,3,12693,20.688000000000102,126922409,0,100,0.0,10.0,200.0,186.0,7,0
2040804426,3,12694,20.688000000000102,126932409,0,100,0.0,10.0,200.0,186.0,7,0
2040804426,3,12695,20.688000000000102,126942409,0,100,0.0,10.0,200.0,186.0,7,0
2040804426,3,12696,20.688000000000102,126952409,0,100,0.0,10.0,200.0,186.0,7,0
2040804426,3,12697,20.688000000000102,126962409,0,100,0.0,10.0,200.0,186.0,7,0
2040804426,3,12698,20.688000000000102,126972409,0,100,0.0,10.0,200.0,186.0,7,0
2040804426,3,12699,20.688000000000102,126982409,0,100,0.0,10.0,200.0,186.0,7,0
2040804426,3,12700,20.688000000000102,126992409,0,100,0.0,10.0,200.0,186.0,7,0
2040804426,3,12701,20.688000000000102,127002409,0,100,0.0,10.0,200.0,186.0,7,0
2040804426,3,12702,20.688000000000102,127012409,0,100,0.0,10.0,200.0,186.0,7,0
2040804426,3,12703,20.688000000000102,127022409,0,100,0.0,10.0,200.0,186.0,7,0
2040804426,3,12704,20.688000000000102,127032409,0,100,0.0,10.0,200.0,186.0,7,0
2040804426,3,12705,20.688000000000102,127042409,0,100,0.0,10.0,200.0,186.0,7,0
2040804426,3,12706,20.688000000000102,127052409,0,100,0.0,10.0,200.0,186.0,7,0
2040804426,3,12707,20.688000000000102,127062409,0,100,0.0,10.0,200.0,186.0,7,0
2040804426,3,12708,20.688000000000102,127072414,65535,100,-0.072727270424366,10.0,200.0,186.61817932128906,7,-1
2040804426,3,12709,20.688000000000102,127082414,65534,100,-0.21818183362483978,10.0,200.0,187.85455322265625,7,-2
2040804426,3,12710,20.688000000000102,127092414,65534,100,-0.3636363744735718,10.0,200.0,189.09091186523438,7,-2
2040804426,3,12711,20.688000000000102,127102414,65535,100,-0.43636366724967957,10.0,200.0,189.70909118652344,7,-1
2040804426,3,12712,20.688000000000102,127112414,65535,100,-0.5090909004211426,10.0,200.0,190.3272705078125,7,-1
2040804426,3,12713,20.688000000000102,127122414,1,100,-0.3636363744735718,10.0,200.0,189.09091186523438,7,1
2040804426,3,12714,20.688000000000102,127132414,1,100,-0.145454540848732,10.0,200.0,187.23635864257812,7,1
2040804426,3,12715,20.98400000000038,127142414,1,100,0.072727270424366,10.0,200.0,185.38182067871094,7,1
2040804426,3,12716,20.98400000000038,127152414,0,100,0.145454540848732,10.0,200.0,184.76364135742188,7,0
2040804426,3,12717,20.98400000000038,127162414,0,100,0.21818183362483978,10.0,200.0,184.14544677734375,7,0
2040804426,3,12718,20.98400000000038,127172414,0,100,0.145454540848732,10.0,200.0,184.76364135742188,7,0
2040804426,3,12719,20.98400000000038,127182414,0,100,0.072727270424366,10.0,200.0,185.38182067871094,7,0
2040804426,3,12720,20.98400000000038,127192409,0,100,0.0,10.0,200.0,186.0,7,0
2040804426,3,12721,20.98400000000038,127202409,0,100,0.0,10.0,200.0,186.0,7,0
2040804426,3,12722,20.98400000000038,127212409,0,100,0.0,10.0,200.0,186.0,7,0
2040804426,3,12723,20.98400000000038,127222409,0,100,0.0,10.0,200.0,186.0,7,0
2040804426,3,12724,20.98400000000038,127232409,0,100,0.0,10.0,200.0,186.0,7,0
2040804426,3,12725,20.98400000000038,127242409,0,100,0.0,10.0,200.0,186.0,7,0
2040804426,3,12726,20.98400000000038,127252409,0,100,0.0,10.0,200.0,186.0,7,0
2040804426,3,12727,20.98400000000038,127262409,0,100,0.0,10.0,200.0,186.0,7,0
2040804426,3,12728,20.98400000000038,127272409,0,100,0.0,10.0,200.0,186.0,7,0
2040804426,3,12729,20.98400000000038,127282409,0,100,0.0,10.0,200.0,186.0,7,0
2040804426,3,12730,20.98400000000038,127292409,0,100,0.0,10.0,200.0,186.0,7,0
2040804426,3,12731,20.98400000000038,127302409,0,100,0.0,10.0,200.0,186.0,7,0
2040804426,3,12732,20.98400000000038,127312409,0,100,0.0,10.0,200.0,186.0,7,0
2040804426,3,12733,20.98400000000038,127322409,0,100,0.0,10.0,200.0,186.0,7,0
2040804426,3,12734,20.98400000000038,127332409,0,100,0.0,10.0,200.0,186.0,7,0
2040804426,3,12735,20.98400000000038,127342409,0,100,0.0,10.0,200.0,186.0,7,0
2040804426,3,12736,20.98400000000038,127352409,0,100,0.0,10.0,200.0,186.0,7,0
2040804426,3,12737,20.98400000000038,127362409,0,100,0.0,10.0,200.0,186.0,7,0
2040804426,3,12738,20.98400000000038,127372409,0,100,0.0,10.0,200.0,186.0,7,0
2040804426,3,12739,21.17200000000048,127382409,0,100,0.0,10.0,200.0,186.0,7,0
2040804426,3,12740,21.17200000000048,127392409,0,100,0.0,10.0,200.0,186.0,7,0
2040804426,3,12741,21.17200000000048,127402409,0,100,0.0,10.0,200.0,186.0,7,0
2040804426,3,12742,21.17200000000048,127412409,0,100,0.0,10.0,200.0,186.0,7,0
2040804426,3,12743,21.17200000000048,127422409,0,100,0.0,10.0,200.0,186.0,7,0
2040804426,3,12744,21.17200000000048,127432409,0,100,0.0,10.0,200.0,186.0,7,0
2040804426,3,12745,21.17200000000048,127442409,0,100,0.0,10.0,200.0,186.0,7,0
2040804426,3,12746,21.17200000000048,127452409,0,100,0.0,10.0,200.0,186.0,7,0
2040804426,3,12747,21.17200000000048,127462409,0,100,0.0,10.0,200.0,186.0,7,0
2040804426,3,12748,21.17200000000048,127472409,0,100,0.0,10.0,200.0,186.0,7,0
2040804426,3,12749,21.17200000000048,127482409,0,100,0.0,10.0,200.0,186.0,7,0
2040804426,3,12750,21.17200000000048,127492409,0,100,0.0,10.0,200.0,186.0,7,0
2040804426,3,12751,21.17200000000048,127502409,0,100,0.0,10.0,200.0,186.0,7,0
2040804426,3,12752,21.17200000000048,127512409,0,100,0.0,10.0,200.0,186.0,7,0
2040804426,3,12753,21.17200000000048,127522409,0,100,0.0,10.0,200.0,186.0,7,0
2040804426,3,12754,21.17200000000048,127532409,0,100,0.0,10.0,200.0,186.0,7,0
2040804426,3,12755,21.39099999999962,127542409,0,100,0.0,10.0,200.0,186.0,7,0
2040804426,3,12756,21.39099999999962,127552409,0,100,0.0,10.0,200.0,186.0,7,0
2040804426,3,12757,21.39099999999962,127562409,0,100,0.0,10.0,200.0,186.0,7,0
2040804426,3,12758,21.39099999999962,127572409,0,100,0.0,10.0,200.0,186.0,7,0
2040804426,3,12759,21.39099999999962,127582409,0,100,0.0,10.0,200.0,186.0,7,0
2040804426,3,12760,21.39099999999962,127592409,0,100,0.0,10.0,200.0,186.0,7,0
2040804426,3,12761,21.39099999999962,127602409,0,100,0.0,10.0,200.0,186.0,7,0
2040804426,3,12762,21.39099999999962,127612409,0,100,0.0,10.0,200.0,186.0,7,0
2040804426,3,12763,21.39099999999962,127622409,0,100,0.0,10.0,200.0,186.0,7,0
2040804426,3,12764,21.39099999999962,127632409,0,100,0.0,10.0,200.0,186.0,7,0
2040804426,3,12765,21.39099999999962,127642410,0,100,0.0,10.0,200.0,186.0,7,0
2040804426,3,12766,21.39099999999962,127652409,0,100,0.0,10.0,200.0,186.0,7,0
2040804426,3,12767,21.39099999999962,127662409,0,100,0.0,10.0,200.0,186.0,7,0
2040804426,3,12768,21.39099999999962,127672409,0,100,0.0,10.0,200.0,186.0,7,0
2040804426,3,12769,21.39099999999962,127682410,0,100,0.0,10.0,200.0,186.0,7,0
2040804426,3,12770,21.39099999999962,127692409,0,100,0.0,10.0,200.0,186.0,7,0
2040804426,3,12771,21.39099999999962,127702409,0,100,0.0,10.0,200.0,186.0,7,0
2040804426,3,12772,21.39099999999962,127712409,0,100,0.0,10.0,200.0,186.0,7,0
2040804426,3,12773,21.39099999999962,127722409,0,100,0.0,10.0,200.0,186.0,7,0
2040804426,3,12774,21.39099999999962,127732409,0,100,0.0,10.0,200.0,186.0,7,0
2040804426,3,12775,21.39099999999962,127742409,0,100,0.0,10.0,200.0,186.0,7,0
2040804426,3,12776,21.39099999999962,127752409,0,100,0.0,10.0,200.0,186.0,7,0
2040804426,3,12777,21.39099999999962,127762409,0,100,0.0,10.0,200.0,186.0,7,0
2040804426,3,12778,21.39099999999962,127772409,0,100,0.0,10.0,200.0,186.0,7,0
2040804426,3,12779,21.938000000000102,127782409,0,100,0.0,10.0,200.0,186.0,7,0
2040804426,3,12780,21.938000000000102,127792409,0,100,0.0,10.0,200.0,186.0,7,0
2040804426,3,12781,21.938000000000102,127802409,0,100,0.0,10.0,200.0,186.0,7,0
2040804426,3,12782,21.938000000000102,127812409,0,100,0.0,10.0,200.0,186.0,7,0
2040804426,3,12783,21.938000000000102,127822409,0,100,0.0,10.0,200.0,186.0,7,0
2040804426,3,12784,21.938000000000102,127832409,0,100,0.0,10.0,200.0,186.0,7,0
2040804426,3,12785,21.938000000000102,127842409,0,100,0.0,10.0,200.0,186.0,7,0
2040804426,3,12786,21.938000000000102,127852409,0,100,0.0,10.0,200.0,186.0,7,0
2040804426,3,12787,21.938000000000102,127862409,0,100,0.0,10.0,200.0,186.0,7,0
2040804426,3,12788,21.938000000000102,127872409,0,100,0.0,10.0,200.0,186.0,7,0
2040804426,3,12789,21.938000000000102,127882409,0,100,0.0,10.0,200.0,186.0,7,0
2040804426,3,12790,21.938000000000102,127892409,0,100,0.0,10.0,200.0,186.0,7,0
2040804426,3,12791,21.938000000000102,127902409,0,100,0.0,10.0,200.0,186.0,7,0
2040804426,3,12792,21.938000000000102,127912409,0,100,0.0,10.0,200.0,186.0,7,0
2040804426,3,12793,21.938000000000102,127922409,0,100,0.0,10.0,200.0,186.0,7,0
2040804426,3,12794,21.938000000000102,127932409,0,100,0.0,10.0,200.0,186.0,7,0
2040804426,3,12795,21.938000000000102,127942409,0,100,0.0,10.0,200.0,186.0,7,0
2040804426,3,12796,21.938000000000102,127952409,0,100,0.0,10.0,200.0,186.0,7,0
2040804426,3,12797,21.938000000000102,127962409,0,100,0.0,10.0,200.0,186.0,7,0
2040804426,3,12798,21.938000000000102,127972409,0,100,0.0,10.0,200.0,186.0,7,0
2040804426,3,12799,21.938000000000102,127982409,0,100,0.0,10.0,200.0,186.0,7,0
2040804426,3,12800,21.938000000000102,127992409,0,100,0.0,10.0,200.0,186.0,7,0
2040804426,3,12801,21.938000000000102,128002409,0,100,0.0,10.0,200.0,186.0,7,0
2040804426,3,12802,21.938000000000102,128012409,0,100,0.0,10.0,200.0,186.0,7,0
2040804426,3,12803,21.938000000000102,128022409,0,100,0.0,10.0,200.0,186.0,7,0
2040804426,3,12804,21.938000000000102,128032409,0,100,0.0,10.0,200.0,186.0,7,0
2040804426,3,12805,21.938000000000102,128042409,0,100,0.0,10.0,200.0,186.0,7,0
2040804426,3,12806,21.938000000000102,128052409,0,100,0.0,10.0,200.0,186.0,7,0
2040804426,3,12807,21.938000000000102,128062409,0,100,0.0,10.0,200.0,186.0,7,0
2040804426,3,12808,21.938000000000102,128072409,0,100,0.0,10.0,200.0,186.0,7,0
2040804426,3,12809,21.938000000000102,128082409,0,100,0.0,10.0,200.0,186.0,7,0
2040804426,3,12810,21.938000000000102,128092409,0,100,0.0,10.0,200.0,186.0,7,0
2040804426,3,12811,21.938000000000102,128102409,0,100,0.0,10.0,200.0,186.0,7,0
2040804426,3,12812,21.938000000000102,128112409,0,100,0.0,10.0,200.0,186.0,7,0
2040804426,3,12813,21.938000000000102,128122409,0,100,0.0,10.0,200.0,186.0,7,0
2040804426,3,12814,21.938000000000102,128132409,0,100,0.0,10.0,200.0,186.0,7,0
2040804426,3,12815,21.938000000000102,128142409,0,100,0.0,10.0,200.0,186.0,7,0
2040804426,3,12816,21.938000000000102,128152409,0,100,0.0,10.0,200.0,186.0,7,0
2040804426,3,12817,21.938000000000102,128162409,0,100,0.0,10.0,200.0,186.0,7,0
2040804426,3,12818,21.938000000000102,128172409,0,100,0.0,10.0,200.0,186.0,7,0
2040804426,3,12819,21.938000000000102,128182409,0,100,0.0,10.0,200.0,186.0,7,0
2040804426,3,12820,21.938000000000102,128192409,0,100,0.0,10.0,200.0,186.0,7,0
2040804426,3,12821,21.938000000000102,128202409,0,100,0.0,10.0,200.0,186.0,7,0
2040804426,3,12822,21.938000000000102,128212410,0,100,0.0,10.0,200.0,186.0,7,0
2040804426,3,12823,21.938000000000102,128222409,0,100,0.0,10.0,200.0,186.0,7,0
2040804426,3,12824,21.938000000000102,128232409,0,100,0.0,10.0,200.0,186.0,7,0
2040804426,3,12825,21.938000000000102,128242409,0,100,0.0,10.0,200.0,186.0,7,0
2040804426,3,12826,21.938000000000102,128252409,0,100,0.0,10.0,200.0,186.0,7,0
2040804426,3,12827,21.938000000000102,128262409,0,100,0.0,10.0,200.0,186.0,7,0
2040804426,3,12828,21.938000000000102,128272409,0,100,0.0,10.0,200.0,186.0,7,0
2040804426,3,12829,21.938000000000102,128282409,0,100,0.0,10.0,200.0,186.0,7,0
2040804426,3,12830,21.938000000000102,128292409,0,100,0.0,10.0,200.0,186.0,7,0
2040804426,3,12831,21.938000000000102,128302409,0,100,0.0,10.0,200.0,186.0,7,0
2040804426,3,12832,21.938000000000102,128312409,0,100,0.0,10.0,200.0,186.0,7,0
2040804426,3,12833,21.938000000000102,128322409,0,100,0.0,10.0,200.0,186.0,7,0
2040804426,3,12834,21.938000000000102,128332409,0,100,0.0,10.0,200.0,186.0,7,0
2040804426,3,12835,22.03100000000086,128342409,0,100,0.0,10.0,200.0,186.0,7,0
2040804426,3,12836,22.03100000000086,128352409,0,100,0.0,10.0,200.0,186.0,7,0
2040804426,3,12837,22.03100000000086,128362409,0,100,0.0,10.0,200.0,186.0,7,0
2040804426,3,12838,22.03100000000086,128372409,0,100,0.0,10.0,200.0,186.0,7,0
2040804426,3,12839,22.03100000000086,128382409,0,100,0.0,10.0,200.0,186.0,7,0
2040804426,3,12840,22.03100000000086,128392409,0,100,0.0,10.0,200.0,186.0,7,0
2040804426,3,12841,22.03100000000086,128402409,0,100,0.0,10.0,200.0,186.0,7,0
2040804426,3,12842,22.03100000000086,128412409,0,100,0.0,10.0,200.0,186.0,7,0
2040804426,3,12843,22.10900000000038,128422409,0,100,0.0,10.0,200.0,186.0,7,0
2040804426,3,12844,22.10900000000038,128432409,0,100,0.0,10.0,200.0,186.0,7,0
2040804426,3,12845,22.10900000000038,128442409,0,100,0.0,10.0,200.0,186.0,7,0
2040804426,3,12846,22.10900000000038,128452409,0,100,0.0,10.0,200.0,186.0,7,0
2040804426,3,12847,22.10900000000038,128462409,0,100,0.0,10.0,200.0,186.0,7,0
2040804426,3,12848,22.10900000000038,128472409,0,100,0.0,10.0,200.0,186.0,7,0
2040804426,3,12849,22.10900000000038,128482409,0,100,0.0,10.0,200.0,186.0,7,0
2040804426,3,12850,22.10900000000038,128492409,0,100,0.0,10.0,200.0,186.0,7,0
2040804426,3,12851,22.5,128502409,0,100,0.0,10.0,200.0,186.0,7,0
2040804426,3,12852,22.5,128512409,0,100,0.0,10.0,200.0,186.0,7,0
2040804426,3,12853,22.5,128522409,0,100,0.0,10.0,200.0,186.0,7,0
2040804426,3,12854,22.5,128532409,0,100,0.0,10.0,200.0,186.0,7,0
2040804426,3,12855,22.5,128542409,0,100,0.0,10.0,200.0,186.0,7,0
2040804426,3,12856,22.5,128552409,0,100,0.0,10.0,200.0,186.0,7,0
2040804426,3,12857,22.5,128562409,0,100,0.0,10.0,200.0,186.0,7,0
2040804426,3,12858,22.5,128572409,0,100,0.0,10.0,200.0,186.0,7,0
2040804426,3,12859,22.5,128582409,0,100,0.0,10.0,200.0,186.0,7,0
2040804426,3,12860,22.5,128592409,0,100,0.0,10.0,200.0,186.0,7,0
2040804426,3,12861,22.5,128602409,0,100,0.0,10.0,200.0,186.0,7,0
2040804426,3,12862,22.5,128612409,0,100,0.0,10.0,200.0,186.0,7,0
2040804426,3,12863,22.5,128622409,0,100,0.0,10.0,200.0,186.0,7,0
2040804426,3,12864,22.5,128632409,0,100,0.0,10.0,200.0,186.0,7,0
2040804426,3,12865,22.5,128642409,0,100,0.0,10.0,200.0,186.0,7,0
2040804426,3,12866,22.5,128652409,0,100,0.0,10.0,200.0,186.0,7,0
2040804426,3,12867,22.5,128662409,0,100,0.0,10.0,200.0,186.0,7,0
2040804426,3,12868,22.5,128672409,0,100,0.0,10.0,200.0,186.0,7,0
2040804426,3,12869,22.5,128682409,0,100,0.0,10.0,200.0,186.0,7,0
2040804426,3,12870,22.5,128692409,0,100,0.0,10.0,200.0,186.0,7,0
2040804426,3,12871,22.5,128702409,0,100,0.0,10.0,200.0,186.0,7,0
2040804426,3,12872,22.5,128712409,0,100,0.0,10.0,200.0,186.0,7,0
2040804426,3,12873,22.5,128722409,0,100,0.0,10.0,200.0,186.0,7,0
2040804426,3,12874,22.5,128732409,0,100,0.0,10.0,200.0,186.0,7,0
2040804426,3,12875,22.5,128742409,0,100,0.0,10.0,200.0,186.0,7,0
2040804426,3,12876,22.5,128752409,0,100,0.0,10.0,200.0,186.0,7,0
2040804426,3,12877,22.5,128762409,0,100,0.0,10.0,200.0,186.0,7,0
2040804426,3,12878,22.5,128772409,0,100,0.0,10.0,200.0,186.0,7,0
2040804426,3,12879,22.5,128782409,0,100,0.0,10.0,200.0,186.0,7,0
2040804426,3,12880,22.5,128792409,0,100,0.0,10.0,200.0,186.0,7,0
2040804426,3,12881,22.5,128802409,0,100,0.0,10.0,200.0,186.0,7,0
2040804426,3,12882,22.5,128812409,0,100,0.0,10.0,200.0,186.0,7,0
2040804426,3,12883,22.5,128822409,0,100,0.0,10.0,200.0,186.0,7,0
2040804426,3,12884,22.5,128832409,0,100,0.0,10.0,200.0,186.0,7,0
2040804426,3,12885,22.5,128842409,0,100,0.0,10.0,200.0,186.0,7,0
2040804426,3,12886,22.5,128852409,0,100,0.0,10.0,200.0,186.0,7,0
2040804426,3,12887,22.5,128862409,0,100,0.0,10.0,200.0,186.0,7,0
2040804426,3,12888,22.5,128872409,0,100,0.0,10.0,200.0,186.0,7,0
2040804426,3,12889,22.5,128882409,0,100,0.0,10.0,200.0,186.0,7,0
2040804426,3,12890,22.5,128892409,0,100,0.0,10.0,200.0,186.0,7,0
2040804426,3,12891,23.063000000000102,128902409,0,100,0.0,10.0,200.0,186.0,7,0
2040804426,3,12892,23.063000000000102,128912409,0,100,0.0,10.0,200.0,186.0,7,0
2040804426,3,12893,23.063000000000102,128922409,0,100,0.0,10.0,200.0,186.0,7,0
2040804426,3,12894,23.063000000000102,128932414,5,100,0.3636363744735718,10.0,200.0,182.90908813476562,7,5
2040804426,3,12895,23.063000000000102,128942414,16,100,1.5272725820541382,10.0,200.0,173.0181884765625,7,16
2040804426,3,12896,23.063000000000102,128952414,24,100,3.2727272510528564,10.0,200.0,158.18182373046875,7,24
2040804426,3,12897,23.063000000000102,128962414,23,100,4.9454545974731445,10.0,200.0,143.96363830566406,7,23
2040804426,3,12898,23.063000000000102,128972414,21,100,6.472726821899414,10.0,200.0,130.98182678222656,7,21
2040804426,3,12899,23.063000000000102,128982414,25,100,7.927272796630859,10.0,200.0,118.61817932128906,7,25
2040804426,3,12900,23.063000000000102,128992414,26,100,8.654545783996582,10.0,200.0,112.43636322021484,7,26
2040804426,3,12901,23.063000000000102,129002414,28,100,8.945454597473145,10.0,200.0,109.96363830566406,7,28
2040804426,3,12902,23.063000000000102,129012414,27,100,9.236363410949707,10.0,200.0,107.49091339111328,7,27
2040804426,3,12903,23.063000000000102,129022414,30,100,9.890909194946289,10.0,200.0,101.9272689819336,7,30
2040804426,3,12904,23.063000000000102,129032414,30,98,10.254545211791992,10.0,199.74545288085938,98.70781707763672,7,30
2040804426,3,12905,23.063000000000102,129042414,30,95,10.545454978942871,10.0,199.1999969482422,95.95963287353516,7,30
2040804426,3,12906,23.063000000000102,129052414,28,95,10.545454978942871,10.0,198.654541015625,95.68417358398438,7,28
2040804426,3,12907,23.063000000000102,129062414,30,93,10.763636589050293,10.0,197.89089965820312,93.4439926147461,7,30
2040804426,3,12908,23.063000000000102,129072414,30,93,10.763636589050293,10.0,197.12725830078125,93.058349609375,7,30
2040804426,3,12909,23.063000000000102,129082414,32,91,10.909090995788574,10.0,196.21817016601562,91.36289978027344,7,32
2040804426,3,12910,23.063000000000102,129092414,31,90,10.981818199157715,10.0,195.23635864257812,90.2489013671875,7,31
2040804426,3,12911,23.063000000000102,129102414,31,87,11.199999809265137,10.0,194.03636169433594,87.78836822509766,7,31
2040804426,3,12912,23.063000000000102,129112424,31,86,11.272727012634277,10.0,192.76364135742188,86.52745056152344,7,31
2040804426,3,12913,23.063000000000102,129122414,30,85,11.272727012634277,10.0,191.4909210205078,85.88473510742188,7,30
2040804426,3,12914,23.063000000000102,129132414,29,87,11.054545402526855,10.0,190.43637084960938,87.20672607421875,7,29
2040804426,3,12915,23.063000000000102,129142414,28,88,10.836363792419434,10.0,189.60000610351562,88.63890838623047,7,28
2040804426,3,12916,23.063000000000102,129152414,29,89,10.690909385681152,10.0,188.9091033935547,89.5263671875,7,29
2040804426,3,12917,23.063000000000102,129162414,30,89,10.618182182312012,10.0,188.29092407226562,89.83236694335938,7,30
2040804426,3,12918,23.063000000000102,129172414,30,89,10.618182182312012,10.0,187.67274475097656,89.52018737792969,7,30
2040804426,3,12919,23.063000000000102,129182414,31,87,10.763636589050293,10.0,186.9091033935547,87.89818572998047,7,31
2040804426,3,12920,23.063000000000102,129192414,32,84,11.054545402526855,10.0,185.85455322265625,84.89291381835938,7,32
2040804426,3,12921,23.063000000000102,129202414,30,83,11.127272605895996,10.0,184.72727966308594,83.70545959472656,7,30
2040804426,3,12922,23.063000000000102,129212414,29,83,11.054545402526855,10.0,183.6727294921875,83.79109191894531,7,29
2040804426,3,12923,23.063000000000102,129222414,29,83,10.981818199157715,10.0,182.69091796875,83.9134521484375,7,29
2040804426,3,12924,23.063000000000102,129232414,28,85,10.763636589050293,10.0,181.92727661132812,85.38236236572266,7,28
2040804426,3,12925,23.063000000000102,129242414,28,87,10.472726821899414,10.0,181.4545440673828,87.61636352539062,7,28
2040804426,3,12926,23.063000000000102,129252414,27,89,10.254545211791992,10.0,181.1999969482422,89.34236145019531,7,27
2040804426,3,12927,23.063000000000102,129262414,27,90,10.109090805053711,10.0,181.09091186523438,90.52364349365234,7,27
2040804426,3,12928,23.063000000000102,129272414,28,91,10.03636360168457,10.0,181.05455017089844,91.12345886230469,7,28
2040804426,3,12929,23.063000000000102,129282414,28,91,10.03636360168457,10.0,181.0181884765625,91.10509490966797,7,28
2040804426,3,12930,23.063000000000102,129292414,29,90,10.109090805053711,10.0,180.9091033935547,90.43182373046875,7,29
2040804426,3,12931,23.063000000000102,129302414,29,89,10.254545211791992,10.0,180.65455627441406,89.0669174194336,7,29
2040804426,3,12932,23.063000000000102,129312414,28,88,10.327272415161133,10.0,180.32728576660156,88.28346252441406,7,28
2040804426,3,12933,23.063000000000102,129322414,30,86,10.472726821899414,10.0,179.85455322265625,86.80836486816406,7,30
2040804426,3,12934,23.063000000000102,129332414,30,85,10.618182182312012,10.0,179.2363739013672,85.25981903076172,7,30
2040804426,3,12935,23.063000000000102,129342414,28,85,10.545454978942871,10.0,178.69091796875,85.60254669189453,7,28
2040804426,3,12936,23.063000000000102,129352414,29,85,10.545454978942871,10.0,178.1454620361328,85.32708740234375,7,29
2040804426,3,12937,23.063000000000102,129362414,28,85,10.545454978942871,10.0,177.60000610351562,85.0516357421875,7,28
2040804426,3,12938,23.063000000000102,129372414,29,85,10.472726821899414,10.0,177.1272735595703,85.43109130859375,7,29
2040804426,3,12939,23.063000000000102,129382414,28,86,10.327272415161133,10.0,176.8000030517578,86.50218963623047,7,28
2040804426,3,12940,23.063000000000102,129392414,30,85,10.472726821899414,10.0,176.3272705078125,85.02709197998047,7,30
2040804426,3,12941,23.063000000000102,129402414,30,84,10.545454978942871,10.0,175.7818145751953,84.1334457397461,7,30
2040804426,3,12942,23.063000000000102,129412414,30,82,10.690909385681152,10.0,175.09091186523438,82.54817962646484,7,30
2040804426,3,12943,23.063000000000102,129422414,32,80,10.909090995788574,10.0,174.18182373046875,80.23455047607422,7,32
2040804426,3,12944,23.063000000000102,129432414,31,77,11.127272605895996,10.0,173.05455017089844,77.81072998046875,7,31
2040804426,3,12945,23.063000000000102,129442414,31,76,11.199999809265137,10.0,171.85455322265625,76.5865478515625,7,31
2040804426,3,12946,23.063000000000102,129452414,31,75,11.272727012634277,10.0,170.5818328857422,75.32563781738281,7,31
2040804426,3,12947,23.14099999999962,129462414,31,74,11.345454216003418,10.0,169.2363739013672,74.02800750732422,7,31
2040804426,3,12948,23.14099999999962,129472414,30,74,11.199999809265137,10.0,168.036376953125,74.65837097167969,7,30
2040804426,3,12949,23.14099999999962,129482414,31,74,11.199999809265137,10.0,166.8363800048828,74.05237579345703,7,31
2040804426,3,12950,23.14099999999962,129492414,32,72,11.272727012634277,10.0,165.56365966796875,72.79147338867188,7,32
2040804426,3,12951,23.14099999999962,129502414,33,70,11.418181419372559,10.0,164.14547729492188,70.83892059326172,7,33
2040804426,3,12952,23.14099999999962,129512414,33,68,11.563636779785156,10.0,162.58184814453125,68.81292724609375,7,33
2040804426,3,12953,23.14099999999962,129522414,33,66,11.781819343566895,10.0,160.80003356933594,66.05855560302734,7,33
2040804426,3,12954,23.14099999999962,129532414,32,64,11.854544639587402,10.0,158.94549560546875,64.50384521484375,7,32
2040804426,3,12955,23.70299999999952,129542414,32,63,11.854544639587402,10.0,157.09095764160156,63.56730270385742,7,32
2040804426,3,12956,23.70299999999952,129552414,33,62,11.854544639587402,10.0,155.23641967773438,62.63076400756836,7,33
2040804426,3,12957,23.70299999999952,129562414,33,61,11.854544639587402,10.0,153.3818817138672,61.694217681884766,7,33
2040804426,3,12958,23.70299999999952,129572414,32,61,11.781819343566895,10.0,151.60006713867188,61.412574768066406,7,32
2040804426,3,12959,23.70299999999952,129582414,33,59,11.854544639587402,10.0,149.7455291748047,59.85786056518555,7,33
2040804426,3,12960,23.70299999999952,129592414,32,58,11.854544639587402,10.0,147.8909912109375,58.921321868896484,7,32
2040804426,3,12961,23.70299999999952,129602414,32,58,11.781819343566895,10.0,146.1091766357422,58.639671325683594,7,32
2040804426,3,12962,23.70299999999952,129612414,31,59,11.636363983154297,10.0,144.47280883789062,59.04967498779297,7,31
2040804426,3,12963,23.70299999999952,129622414,32,58,11.636363983154297,10.0,142.83644104003906,58.223304748535156,7,32
2040804426,3,12964,23.70299999999952,129632414,32,58,11.563636779785156,10.0,141.27279663085938,58.05184555053711,7,32
2040804426,3,12965,23.70299999999952,129642414,33,56,11.636363983154297,10.0,139.6364288330078,56.6072998046875,7,33
2040804426,3,12966,23.70299999999952,129652414,33,55,11.709091186523438,10.0,137.92733764648438,55.12602996826172,7,33
2040804426,3,12967,23.70299999999952,129662414,32,53,11.781819343566895,10.0,136.14552307128906,53.60802459716797,7,32
2040804426,3,12968,23.70299999999952,129672414,32,52,11.781819343566895,10.0,134.36370849609375,52.708213806152344,7,32
2040804426,3,12969,23.70299999999952,129682414,30,53,11.636363983154297,10.0,132.7273406982422,53.11820983886719,7,30
2040804426,3,12970,23.70299999999952,129692415,31,53,11.4909086227417,10.0,131.23643493652344,53.60167694091797,7,31
2040804426,3,12971,23.70299999999952,129702414,31,54,11.345454216003418,10.0,129.89097595214844,54.15857696533203,7,31
2040804426,3,12972,23.70299999999952,129712414,31,54,11.272727012634277,10.0,128.61825561523438,54.134037017822266,7,31
2040804426,3,12973,23.70299999999952,129722414,31,54,11.199999809265137,10.0,127.41825866699219,54.14622497558594,7,31
2040804426,3,12974,23.70299999999952,129732414,32,52,11.345454216003418,10.0,126.07280731201172,52.23040771484375,7,32
2040804426,3,12975,23.70299999999952,129742414,32,50,11.418181419372559,10.0,124.65462493896484,50.89604187011719,7,32
2040804426,3,12976,23.70299999999952,129752414,31,50,11.418181419372559,10.0,123.23644256591797,50.17985916137695,7,31
2040804426,3,12977,23.70299999999952,129762414,31,49,11.418181419372559,10.0,121.8182601928711,49.46367645263672,7,31
2040804426,3,12978,23.70299999999952,129772414,32,48,11.4909086227417,10.0,120.32735443115234,48.09259033203125,7,32
2040804426,3,12979,23.70299999999952,129782414,29,49,11.272727012634277,10.0,119.05462646484375,49.304405212402344,7,29
2040804426,3,12980,23.70299999999952,129792414,31,49,11.199999809265137,10.0,117.85462951660156,49.31658935546875,7,31
2040804426,3,12981,23.70299999999952,129802414,30,49,11.127272605895996,10.0,116.72735595703125,49.36549758911133,7,30
2040804426,3,12982,23.70299999999952,129812414,30,49,11.054545402526855,10.0,115.67281341552734,49.451133728027344,7,30
2040804426,3,12983,23.70299999999952,129822414,31,49,10.981818199157715,10.0,114.69099426269531,49.5734977722168,7,31
2040804426,3,12984,23.70299999999952,129832414,30,48,11.054545402526855,10.0,113.6364517211914,48.422767639160156,7,30
2040804426,3,12985,23.70299999999952,129842414,31,47,11.054545402526855,10.0,112.5819091796875,47.890228271484375,7,31
2040804426,3,12986,23.70299999999952,129852414,31,46,11.127272605895996,10.0,111.45463562011719,46.70277404785156,7,31
2040804426,3,12987,23.70299999999952,129862414,29,46,11.054545402526855,10.0,110.40009307861328,46.78840637207031,7,29
2040804426,3,12988,23.70299999999952,129872414,30,46,10.981818199157715,10.0,109.41827392578125,46.91077423095703,7,30
2040804426,3,12989,23.70299999999952,129882414,30,46,10.981818199157715,10.0,108.43645477294922,46.414955139160156,7,30
2040804426,3,12990,23.70299999999952,129892414,28,47,10.763636589050293,10.0,107.67282104492188,47.88386535644531,7,28
2040804426,3,12991,23.70299999999952,129902414,30,48,10.690909385681152,10.0,106.9819107055664,48.153133392333984,7,30
2040804426,3,12992,23.70299999999952,129912414,29,47,10.690909385681152,10.0,106.29100036621094,47.80422592163086,7,29
2040804426,3,12993,23.70299999999952,129922414,29,48,10.618182182312012,10.0,105.67282104492188,48.110225677490234,7,29
2040804426,3,12994,23.70299999999952,129932414,29,48,10.545454978942871,10.0,105.12736511230469,48.45294952392578,7,29
2040804426,3,12995,23.70299999999952,129942414,29,47,10.618182182312012,10.0,104.50918579101562,47.52259063720703,7,29
2040804426,3,12996,23.70299999999952,129952414,30,47,10.618182182312012,10.0,103.89100646972656,47.210411071777344,7,30
2040804426,3,12997,23.70299999999952,129962414,28,47,10.545454978942871,10.0,103.34555053710938,47.55313491821289,7,28
2040804426,3,12998,23.70299999999952,129972414,29,47,10.545454978942871,10.0,102.80009460449219,47.277679443359375,7,29
2040804426,3,12999,23.70299999999952,129982414,29,47,10.545454978942871,10.0,102.254638671875,47.00222396850586,7,29
2040804426,3,13000,23.70299999999952,129992414,28,47,10.472726821899414,10.0,101.78191375732422,47.38168716430664,7,28
2040804426,3,13001,23.70299999999952,130002414,28,48,10.327272415161133,10.0,101.45464324951172,48.452781677246094,7,28
2040804426,3,13002,23.70299999999952,130012414,28,48,10.327272415161133,10.0,101.12737274169922,48.28750991821289,7,28
2040804426,3,13003,23.70299999999952,130022414,28,48,10.254545211791992,10.0,100.8728256225586,48.77714157104492,7,28
2040804426,3,13004,23.70299999999952,130032414,28,49,10.181818008422852,10.0,100.69100952148438,49.30350875854492,7,28
2040804426,3,13005,23.70299999999952,130042414,28,49,10.181818008422852,10.0,100.50919342041016,49.21168899536133,7,28
2040804426,3,13006,23.70299999999952,130052414,27,49,10.109090805053711,10.0,100.40010070800781,49.774776458740234,7,27
2040804426,3,13007,23.70299999999952,130062414,28,49,10.109090805053711,10.0,100.29100799560547,49.71968460083008,7,28
2040804426,3,13008,23.70299999999952,130072414,27,50,10.03636360168457,10.0,100.25464630126953,50.31950759887695,7,27
2040804426,3,13009,23.70299999999952,130082414,28,50,10.03636360168457,10.0,100.2182846069336,50.301143646240234,7,28
2040804426,3,13010,23.70299999999952,130092414,28,50,10.03636360168457,10.0,100.18192291259766,50.282779693603516,7,28
2040804426,3,13011,24.26599999999962,130102414,28,49,10.109090805053711,10.0,100.07283020019531,49.60950469970703,7,28
2040804426,3,13012,24.26599999999962,130112414,28,49,10.109090805053711,10.0,99.96373748779297,49.554412841796875,7,28
2040804426,3,13013,24.26599999999962,130122414,28,48,10.181818008422852,10.0,99.78192138671875,48.844417572021484,7,28
2040804426,3,13014,24.26599999999962,130132414,28,48,10.181818008422852,10.0,99.60010528564453,48.752601623535156,7,28
2040804426,3,13015,24.26599999999962,130142414,26,49,10.03636360168457,10.0,99.5637435913086,49.97060012817383,7,26
2040804426,3,13016,24.26599999999962,130152414,27,50,9.96363639831543,10.0,99.60010528564453,50.60714340209961,7,27
2040804426,3,13017,24.26599999999962,130162414,28,50,9.96363639831543,10.0,99.63646697998047,50.62550354003906,7,28
2040804426,3,13018,24.26599999999962,130172414,27,51,9.890909194946289,10.0,99.74555969238281,51.29877853393555,7,27
2040804426,3,13019,24.26599999999962,130182414,28,51,9.890909194946289,10.0,99.85465240478516,51.3538703918457,7,28
2040804426,3,13020,24.26599999999962,130192414,28,50,10.03636360168457,10.0,99.81829071044922,50.09914779663086,7,28
2040804426,3,13021,24.26599999999962,130202414,28,49,10.109090805053711,10.0,99.70919799804688,49.425872802734375,7,28
2040804426,3,13022,24.26599999999962,130212414,28,49,10.109090805053711,10.0,99.60010528564453,49.37078094482422,7,28
2040804426,3,13023,24.26599999999962,130222414,28,48,10.181818008422852,10.0,99.41828918457031,48.66078186035156,7,28
2040804426,3,13024,24.26599999999962,130232414,28,48,10.181818008422852,10.0,99.2364730834961,48.568965911865234,7,28
2040804426,3,13025,24.26599999999962,130242414,26,49,10.03636360168457,10.0,99.20011138916016,49.786964416503906,7,26
2040804426,3,13026,24.26599999999962,130252414,26,51,9.890909194946289,10.0,99.3092041015625,51.07841873168945,7,26
2040804426,3,13027,24.26599999999962,130262414,26,52,9.745454788208008,10.0,99.56375122070312,52.443328857421875,7,26
2040804426,3,13028,24.26599999999962,130272414,27,53,9.672727584838867,10.0,99.89102172851562,53.22677993774414,7,27
2040804426,3,13029,24.26599999999962,130282414,27,54,9.600000381469727,10.0,100.29102325439453,54.04696273803711,7,27
2040804426,3,13030,24.26599999999962,130292414,28,52,9.745454788208008,10.0,100.54557037353516,52.93914794921875,7,28
2040804426,3,13031,24.26599999999962,130302414,28,51,9.890909194946289,10.0,100.6546630859375,51.757877349853516,7,28
2040804426,3,13032,24.26599999999962,130312414,28,50,10.03636360168457,10.0,100.61830139160156,50.503150939941406,7,28
2040804426,3,13033,24.26599999999962,130322414,28,49,10.109090805053711,10.0,100.50920867919922,49.82987594604492,7,28
2040804426,3,13034,24.26599999999962,130332414,27,49,10.109090805053711,10.0,100.40011596679688,49.774784088134766,7,27
2040804426,3,13035,24.26599999999962,130342414,26,51,9.96363639831543,10.0,100.43647766113281,51.029510498046875,7,26
2040804426,3,13036,24.26599999999962,130352414,27,51,9.890909194946289,10.0,100.54557037353516,51.70278549194336,7,27
2040804426,3,13037,24.26599999999962,130362414,26,53,9.745454788208008,10.0,100.80011749267578,53.06769561767578,7,26
2040804426,3,13038,24.26599999999962,130372414,26,54,9.600000381469727,10.0,101.20011901855469,54.50605773925781,7,26
2040804426,3,13039,24.26599999999962,130382414,28,54,9.672727584838867,10.0,101.52738952636719,54.05314636230469,7,28
2040804426,3,13040,24.26599999999962,130392414,28,52,9.818181991577148,10.0,101.7092056274414,52.908599853515625,7,28
2040804426,3,13041,24.26599999999962,130402414,27,53,9.818181991577148,10.0,101.89102172851562,53.00041580200195,7,27
2040804426,3,13042,24.26599999999962,130412414,26,53,9.818181991577148,10.0,102.07283782958984,53.09223556518555,7,26
2040804426,3,13043,24.26599999999962,130422414,27,52,9.890909194946289,10.0,102.18193054199219,52.52914810180664,7,27
2040804426,3,13044,24.26599999999962,130432414,27,53,9.818181991577148,10.0,102.3637466430664,53.23914337158203,7,27
2040804426,3,13045,24.26599999999962,130442414,27,53,9.745454788208008,10.0,102.61829376220703,53.98587417602539,7,27
2040804426,3,13046,24.26599999999962,130452414,28,53,9.818181991577148,10.0,102.80010986328125,53.45950698852539,7,28
2040804426,3,13047,24.26599999999962,130462414,28,52,9.96363639831543,10.0,102.83647155761719,52.24150848388672,7,28
2040804426,3,13048,24.26599999999962,130472414,27,52,9.96363639831543,10.0,102.87283325195312,52.25986862182617,7,27
2040804426,3,13049,24.26599999999962,130482414,27,52,9.96363639831543,10.0,102.90919494628906,52.27823257446289,7,27
2040804426,3,13050,24.26599999999962,130492414,26,52,9.890909194946289,10.0,103.0182876586914,52.951507568359375,7,26
2040804426,3,13051,24.26599999999962,130502414,28,53,9.890909194946289,10.0,103.12738037109375,53.00659942626953,7,28
2040804426,3,13052,24.26599999999962,130512414,27,53,9.818181991577148,10.0,103.30919647216797,53.71659469604492,7,27
2040804426,3,13053,24.26599999999962,130522414,28,53,9.890909194946289,10.0,103.41828918457031,53.153507232666016,7,28
2040804426,3,13054,24.26599999999962,130532414,28,52,9.96363639831543,10.0,103.45465087890625,52.553688049316406,7,28
2040804426,3,13055,24.26599999999962,130542414,28,51,10.109090805053711,10.0,103.3455581665039,51.26223373413086,7,28
2040804426,3,13056,24.26599999999962,130552414,27,51,10.03636360168457,10.0,103.30919647216797,51.86205291748047,7,27
2040804426,3,13057,24.26599999999962,130562414,28,51,10.109090805053711,10.0,103.20010375976562,51.188777923583984,7,28
2040804426,3,13058,24.26599999999962,130572414,27,51,10.03636360168457,10.0,103.16374206542969,51.78860092163086,7,27
2040804426,3,13059,24.26599999999962,130582414,27,52,9.96363639831543,10.0,103.20010375976562,52.425140380859375,7,27
2040804426,3,13060,24.26599999999962,130592414,27,53,9.890909194946289,10.0,103.30919647216797,53.09841537475586,7,27
2040804426,3,13061,24.26599999999962,130602415,28,52,9.96363639831543,10.0,103.3455581665039,52.49859619140625,7,28
2040804426,3,13062,24.26599999999962,130612414,27,53,9.890909194946289,10.0,103.45465087890625,53.171871185302734,7,27
2040804426,3,13063,24.26599999999962,130622414,28,52,9.96363639831543,10.0,103.49101257324219,52.572052001953125,7,28
2040804426,3,13064,24.26599999999962,130632414,28,51,10.03636360168457,10.0,103.45465087890625,51.935508728027344,7,28
2040804426,3,13065,24.26599999999962,130642414,28,51,10.109090805053711,10.0,103.3455581665039,51.26223373413086,7,28
2040804426,3,13066,24.26599999999962,130652414,28,51,10.109090805053711,10.0,103.23646545410156,51.2071418762207,7,28
2040804426,3,13067,24.26599999999962,130662414,26,51,10.03636360168457,10.0,103.20010375976562,51.80696105957031,7,26
2040804426,3,13068,24.26599999999962,130672414,28,51,10.03636360168457,10.0,103.16374206542969,51.78860092163086,7,28
2040804426,3,13069,24.26599999999962,130682414,26,53,9.890909194946289,10.0,103.27283477783203,53.080055236816406,7,26
2040804426,3,13070,24.26599999999962,130692414,28,53,9.890909194946289,10.0,103.38192749023438,53.13514709472656,7,28
2040804426,3,13071,24.26599999999962,130702414,26,54,9.745454788208008,10.0,103.636474609375,54.50005340576172,7,26
2040804426,3,13072,24.26599999999962,130712414,27,53,9.818181991577148,10.0,103.81829071044922,53.973690032958984,7,27
2040804426,3,13073,24.26599999999962,130722414,27,54,9.745454788208008,10.0,104.07283782958984,54.72041702270508,7,27
2040804426,3,13074,24.26599999999962,130732414,26,54,9.745454788208008,10.0,104.32738494873047,54.84896469116211,7,26
2040804426,3,13075,24.85900000000038,130742414,28,54,9.745454788208008,10.0,104.5819320678711,54.977508544921875,7,28
2040804426,3,13076,24.85900000000038,130752414,28,53,9.890909194946289,10.0,104.69102478027344,53.79623794555664,7,28
2040804426,3,13077,24.85900000000038,130762414,28,53,9.96363639831543,10.0,104.72738647460938,53.19641876220703,7,28
2040804426,3,13078,24.85900000000038,130772414,27,53,9.96363639831543,10.0,104.76374816894531,53.21478271484375,7,27
2040804426,3,13079,24.85900000000038,130782414,27,52,10.03636360168457,10.0,104.72738647460938,52.57823944091797,7,27
2040804426,3,13080,24.85900000000038,130792414,27,53,9.96363639831543,10.0,104.76374816894531,53.21478271484375,7,27
2040804426,3,13081,24.85900000000038,130802414,28,53,9.96363639831543,10.0,104.80010986328125,53.2331428527832,7,28
2040804426,3,13082,24.85900000000038,130812414,28,53,9.96363639831543,10.0,104.83647155761719,53.25150680541992,7,28
2040804426,3,13083,24.85900000000038,130822414,27,53,9.96363639831543,10.0,104.87283325195312,53.26987075805664,7,27
2040804426,3,13084,24.85900000000038,130832414,28,52,10.03636360168457,10.0,104.83647155761719,52.63332748413086,7,28
2040804426,3,13085,24.85900000000038,130842414,26,53,9.96363639831543,10.0,104.87283325195312,53.26987075805664,7,26
2040804426,3,13086,24.85900000000038,130852414,26,54,9.818181991577148,10.0,105.05464935302734,54.59804916381836,7,26
2040804426,3,13087,24.85900000000038,130862414,26,55,9.672727584838867,10.0,105.38191986083984,55.99968338012695,7,26
2040804426,3,13088,24.85900000000038,130872414,28,55,9.745454788208008,10.0,105.63646697998047,55.51005172729492,7,28
2040804426,3,13089,24.85900000000038,130882414,27,56,9.672727584838867,10.0,105.96373748779297,56.29350280761719,7,27
2040804426,3,13090,24.85900000000038,130892414,27,55,9.745454788208008,10.0,106.2182846069336,55.80386734008789,7,27
2040804426,3,13091,24.85900000000038,130902414,28,54,9.890909194946289,10.0,106.32737731933594,54.622596740722656,7,28
2040804426,3,13092,24.85900000000038,130912414,27,54,9.96363639831543,10.0,106.36373901367188,54.02277755737305,7,27
2040804426,3,13093,24.85900000000038,130922414,28,54,9.96363639831543,10.0,106.40010070800781,54.041141510009766,7,28
2040804426,3,13094,24.85900000000038,130932414,29,52,10.109090805053711,10.0,106.29100799560547,52.74968719482422,7,29
2040804426,3,13095,24.85900000000038,130942414,28,52,10.181818008422852,10.0,106.10919189453125,52.03968811035156,7,28
2040804426,3,13096,24.85900000000038,130952414,28,51,10.181818008422852,10.0,105.92737579345703,51.947872161865234,7,28
2040804426,3,13097,24.85900000000038,130962414,28,51,10.254545211791992,10.0,105.6728286743164,51.201141357421875,7,28
2040804426,3,13098,24.85900000000038,130972414,26,52,10.109090805053711,10.0,105.56373596191406,52.38241195678711,7,26
2040804426,3,13099,24.85900000000038,130982414,28,52,10.03636360168457,10.0,105.52737426757812,52.982234954833984,7,28
2040804426,3,13100,24.85900000000038,130992414,26,54,9.890909194946289,10.0,105.63646697998047,54.27368927001953,7,26
2040804426,3,13101,24.85900000000038,131002414,27,54,9.818181991577148,10.0,105.81828308105469,54.98368453979492,7,27
2040804426,3,13102,24.85900000000038,131012414,28,55,9.818181991577148,10.0,106.0000991821289,55.07550048828125,7,28
2040804426,3,13103,24.85900000000038,131022414,27,54,9.890909194946289,10.0,106.10919189453125,54.512413024902344,7,27
2040804426,3,13104,24.85900000000038,131032414,28,54,9.890909194946289,10.0,106.2182846069336,54.5675048828125,7,28
2040804426,3,13105,24.85900000000038,131042414,28,53,10.03636360168457,10.0,106.18192291259766,53.312782287597656,7,28
2040804426,3,13106,24.85900000000038,131052414,28,52,10.109090805053711,10.0,106.07283020019531,52.63950729370117,7,28
2040804426,3,13107,24.85900000000038,131062414,26,53,9.96363639831543,10.0,106.10919189453125,53.894229888916016,7,26
2040804426,3,13108,24.85900000000038,131072414,27,53,9.96363639831543,10.0,106.14555358886719,53.912593841552734,7,27
2040804426,3,13109,24.85900000000038,131082414,27,54,9.890909194946289,10.0,106.25464630126953,54.58586883544922,7,27
2040804426,3,13110,24.85900000000038,131092414,28,54,9.890909194946289,10.0,106.36373901367188,54.640960693359375,7,28
2040804426,3,13111,24.85900000000038,131102414,28,54,9.890909194946289,10.0,106.47283172607422,54.69605255126953,7,28
2040804426,3,13112,24.85900000000038,131112414,28,53,10.03636360168457,10.0,106.43647003173828,53.44132614135742,7,28
2040804426,3,13113,24.85900000000038,131122414,28,52,10.109090805053711,10.0,106.32737731933594,52.76805114746094,7,28
2040804426,3,13114,24.85900000000038,131132414,28,52,10.181818008422852,10.0,106.14556121826172,52.05805587768555,7,28
2040804426,3,13115,24.85900000000038,131142414,28,51,10.181818008422852,10.0,105.9637451171875,51.96623992919922,7,28
2040804426,3,13116,24.85900000000038,131152414,28,51,10.181818008422852,10.0,105.78192901611328,51.874420166015625,7,28
2040804426,3,13117,24.85900000000038,131162414,26,53,10.03636360168457,10.0,105.74556732177734,53.09242248535156,7,26
2040804426,3,13118,24.85900000000038,131172414,26,54,9.890909194946289,10.0,105.85466003417969,54.38387680053711,7,26
2040804426,3,13119,24.85900000000038,131182414,26,55,9.745454788208008,10.0,106.10920715332031,55.748783111572266,7,26
2040804426,3,13120,24.85900000000038,131192414,28,55,9.745454788208008,10.0,106.36375427246094,55.8773307800293,7,28
2040804426,3,13121,24.85900000000038,131202414,28,56,9.745454788208008,10.0,106.61830139160156,56.00587844848633,7,28
2040804426,3,13122,24.85900000000038,131212414,29,54,9.96363639831543,10.0,106.6546630859375,54.16969299316406,7,29
2040804426,3,13123,24.85900000000038,131222414,29,52,10.181818008422852,10.0,106.47284698486328,52.22333526611328,7,29
2040804426,3,13124,24.85900000000038,131232414,28,50,10.327272415161133,10.0,106.14557647705078,50.82170104980469,7,28
2040804426,3,13125,24.85900000000038,131242414,27,51,10.254545211791992,10.0,105.89102935791016,51.31133270263672,7,27
2040804426,3,13126,24.85900000000038,131252414,28,51,10.254545211791992,10.0,105.63648223876953,51.18278884887695,7,28
2040804426,3,13127,24.85900000000038,131262414,27,52,10.109090805053711,10.0,105.52738952636719,52.36405944824219,7,27
2040804426,3,13128,24.85900000000038,131272414,27,53,9.96363639831543,10.0,105.56375122070312,53.61878204345703,7,27
2040804426,3,13129,24.85900000000038,131282414,27,54,9.890909194946289,10.0,105.67284393310547,54.292057037353516,7,27
2040804426,3,13130,24.85900000000038,131292414,28,53,9.96363639831543,10.0,105.7092056274414,53.692237854003906,7,28
2040804426,3,13131,25.438000000000102,131302414,28,53,9.96363639831543,10.0,105.74556732177734,53.710601806640625,7,28
2040804426,3,13132,25.438000000000102,131312414,28,53,10.03636360168457,10.0,105.7092056274414,53.074058532714844,7,28
2040804426,3,13133,25.438000000000102,131322414,28,52,10.109090805053711,10.0,105.60011291503906,52.40078353881836,7,28
2040804426,3,13134,25.438000000000102,131332414,28,51,10.181818008422852,10.0,105.41829681396484,51.69078826904297,7,28
2040804426,3,13135,25.438000000000102,131342414,28,51,10.181818008422852,10.0,105.23648071289062,51.598968505859375,7,28
2040804426,3,13136,25.438000000000102,131352414,27,52,10.109090805053711,10.0,105.12738800048828,52.16205596923828,7,27
2040804426,3,13137,25.438000000000102,131362414,27,52,10.03636360168457,10.0,105.09102630615234,52.761878967285156,7,27
2040804426,3,13138,25.438000000000102,131372414,27,53,9.96363639831543,10.0,105.12738800048828,53.39841842651367,7,27
2040804426,3,13139,25.438000000000102,131382414,28,53,9.96363639831543,10.0,105.16374969482422,53.41678237915039,7,28
2040804426,3,13140,25.438000000000102,131392414,27,54,9.890909194946289,10.0,105.27284240722656,54.090057373046875,7,27
2040804426,3,13141,25.438000000000102,131402414,29,52,10.03636360168457,10.0,105.23648071289062,52.835330963134766,7,29
2040804426,3,13142,25.438000000000102,131412414,29,51,10.181818008422852,10.0,105.0546646118164,51.50715255737305,7,29
2040804426,3,13143,25.438000000000102,131422414,28,50,10.254545211791992,10.0,104.80011749267578,50.76042175292969,7,28
2040804426,3,13144,25.438000000000102,131432414,27,51,10.181818008422852,10.0,104.61830139160156,51.28678894042969,7,27
2040804426,3,13145,25.438000000000102,131442414,27,51,10.181818008422852,10.0,104.43648529052734,51.19497299194336,7,27
2040804426,3,13146,25.438000000000102,131452414,28,51,10.109090805053711,10.0,104.327392578125,51.758060455322266,7,28
2040804426,3,13147,25.438000000000102,131462414,27,53,9.96363639831543,10.0,104.36375427246094,53.012786865234375,7,27
2040804426,3,13148,25.438000000000102,131472414,27,53,9.890909194946289,10.0,104.47284698486328,53.68606185913086,7,27
2040804426,3,13149,25.438000000000102,131482414,26,54,9.818181991577148,10.0,104.6546630859375,54.39605712890625,7,26
2040804426,3,13150,25.438000000000102,131492414,28,53,9.890909194946289,10.0,104.76375579833984,53.832969665527344,7,28
2040804426,3,13151,25.438000000000102,131502414,28,53,9.890909194946289,10.0,104.87284851074219,53.8880615234375,7,28
2040804426,3,13152,25.438000000000102,131512414,27,53,9.890909194946289,10.0,104.98194122314453,53.943153381347656,7,27
2040804426,3,13153,25.438000000000102,131522414,29,52,10.03636360168457,10.0,104.9455795288086,52.68842697143555,7,29
2040804426,3,13154,25.438000000000102,131532414,28,51,10.181818008422852,10.0,104.76376342773438,51.36024856567383,7,28
2040804426,3,13155,25.438000000000102,131542414,28,51,10.181818008422852,10.0,104.58194732666016,51.2684326171875,7,28
2040804426,3,13156,25.438000000000102,131552414,28,51,10.181818008422852,10.0,104.40013122558594,51.176612854003906,7,28
2040804426,3,13157,25.438000000000102,131562414,27,51,10.181818008422852,10.0,104.21831512451172,51.08479690551758,7,27
2040804426,3,13158,25.438000000000102,131572414,27,52,10.03636360168457,10.0,104.18195343017578,52.30279541015625,7,27
2040804426,3,13159,25.438000000000102,131582414,27,52,9.96363639831543,10.0,104.21831512451172,52.93933868408203,7,27
2040804426,3,13160,25.438000000000102,131592414,27,53,9.890909194946289,10.0,104.32740783691406,53.612613677978516,7,27
2040804426,3,13161,25.438000000000102,131602414,28,53,9.890909194946289,10.0,104.4365005493164,53.66770553588867,7,28
2040804426,3,13162,25.438000000000102,131612414,28,53,9.96363639831543,10.0,104.47286224365234,53.06788635253906,7,28
2040804426,3,13163,25.438000000000102,131622414,28,52,10.03636360168457,10.0,104.4365005493164,52.43134307861328,7,28
2040804426,3,13164,25.438000000000102,131632414,27,52,10.03636360168457,10.0,104.40013885498047,52.41297912597656,7,27
2040804426,3,13165,25.438000000000102,131642414,27,52,10.03636360168457,10.0,104.36377716064453,52.39461898803711,7,27
2040804426,3,13166,25.438000000000102,131652414,28,52,10.03636360168457,10.0,104.3274154663086,52.37625503540039,7,28
2040804426,3,13167,25.438000000000102,131662414,26,53,9.890909194946289,10.0,104.43650817871094,53.66770935058594,7,26
2040804426,3,13168,25.438000000000102,131672414,28,53,9.890909194946289,10.0,104.54560089111328,53.722801208496094,7,28
2040804426,3,13169,25.438000000000102,131682414,28,53,9.96363639831543,10.0,104.58196258544922,53.122982025146484,7,28
2040804426,3,13170,25.438000000000102,131692414,28,52,10.03636360168457,10.0,104.54560089111328,52.4864387512207,7,28
2040804426,3,13171,25.438000000000102,131702414,29,51,10.109090805053711,10.0,104.43650817871094,51.81316375732422,7,29
2040804426,3,13172,25.438000000000102,131712414,29,49,10.327272415161133,10.0,104.10923767089844,49.79335021972656,7,29
2040804426,3,13173,25.438000000000102,131722414,27,50,10.254545211791992,10.0,103.85469055175781,50.282981872558594,7,27
2040804426,3,13174,25.438000000000102,131732414,29,49,10.327272415161133,10.0,103.52742004394531,49.49953079223633,7,29
2040804426,3,13175,25.438000000000102,131742414,27,49,10.254545211791992,10.0,103.27287292480469,49.989166259765625,7,27
2040804426,3,13176,25.438000000000102,131752414,27,51,10.109090805053711,10.0,103.16378021240234,51.17043685913086,7,27
2040804426,3,13177,25.438000000000102,131762414,28,51,10.03636360168457,10.0,103.1274185180664,51.77025604248047,7,28
2040804426,3,13178,25.438000000000102,131772414,27,51,10.03636360168457,10.0,103.09105682373047,51.75189208984375,7,27
2040804426,3,13179,25.438000000000102,131782414,27,53,9.890909194946289,10.0,103.20014953613281,53.0433464050293,7,27
2040804426,3,13180,25.438000000000102,131792414,27,53,9.890909194946289,10.0,103.30924224853516,53.09843826293945,7,27
2040804426,3,13181,25.438000000000102,131802414,28,52,9.96363639831543,10.0,103.3456039428711,52.498619079589844,7,28
2040804426,3,13182,25.438000000000102,131812414,29,51,10.03636360168457,10.0,103.30924224853516,51.86207580566406,7,29
2040804426,3,13183,25.438000000000102,131822414,28,51,10.109090805053711,10.0,103.20014953613281,51.18880081176758,7,28
2040804426,3,13184,25.438000000000102,131832414,27,51,10.109090805053711,10.0,103.09105682373047,51.13370895385742,7,27
2040804426,3,13185,25.438000000000102,131842414,27,51,10.109090805053711,10.0,102.98196411132812,51.078617095947266,7,27
2040804426,3,13186,25.438000000000102,131852414,28,51,10.109090805053711,10.0,102.87287139892578,51.02352523803711,7,28
2040804426,3,13187,25.688000000000102,131862414,28,51,10.03636360168457,10.0,102.83650970458984,51.623348236083984,7,28
2040804426,3,13188,25.688000000000102,131872414,28,51,10.03636360168457,10.0,102.8001480102539,51.604984283447266,7,28
2040804426,3,13189,25.688000000000102,131882414,28,50,10.109090805053711,10.0,102.69105529785156,50.93170928955078,7,28
2040804426,3,13190,25.688000000000102,131892414,28,50,10.181818008422852,10.0,102.50923919677734,50.22171401977539,7,28
2040804426,3,13191,25.688000000000102,131902414,28,50,10.181818008422852,10.0,102.32742309570312,50.1298942565918,7,28
2040804426,3,13192,25.688000000000102,131912414,27,50,10.109090805053711,10.0,102.21833038330078,50.6929817199707,7,27
2040804426,3,13193,25.688000000000102,131922414,27,51,10.03636360168457,10.0,102.18196868896484,51.29280471801758,7,27
2040804426,3,13194,25.688000000000102,131932414,28,51,10.03636360168457,10.0,102.1456069946289,51.27444076538086,7,28
2040804426,3,13195,25.688000000000102,131942414,27,51,9.96363639831543,10.0,102.18196868896484,51.91098403930664,7,27
2040804426,3,13196,25.688000000000102,131952414,27,52,9.890909194946289,10.0,102.29106140136719,52.584259033203125,7,27
2040804426,3,13197,25.688000000000102,131962414,28,51,9.96363639831543,10.0,102.32742309570312,51.98443603515625,7,28
2040804426,3,13198,25.688000000000102,131972414,27,52,9.96363639831543,10.0,102.36378479003906,52.00279998779297,7,27
2040804426,3,13199,25.688000000000102,131982414,27,52,9.890909194946289,10.0,102.4728775024414,52.67607498168945,7,27
2040804426,3,13200,25.688000000000102,131992414,27,52,9.890909194946289,10.0,102.58197021484375,52.73116683959961,7,27
2040804426,3,13201,25.688000000000102,132002414,27,52,9.890909194946289,10.0,102.6910629272461,52.786258697509766,7,27
2040804426,3,13202,25.688000000000102,132012414,28,52,9.890909194946289,10.0,102.80015563964844,52.84135055541992,7,28
2040804426,3,13203,25.688000000000102,132022414,28,52,9.96363639831543,10.0,102.83651733398438,52.24153137207031,7,28
2040804426,3,13204,25.688000000000102,132032414,28,51,10.03636360168457,10.0,102.80015563964844,51.60498809814453,7,28
2040804426,3,13205,25.688000000000102,132042414,27,51,10.03636360168457,10.0,102.7637939453125,51.58662414550781,7,27
2040804426,3,13206,25.688000000000102,132052414,27,51,10.03636360168457,10.0,102.72743225097656,51.56826400756836,7,27
2040804426,3,13207,25.688000000000102,132062414,26,52,9.890909194946289,10.0,102.8365249633789,52.859718322753906,7,26
2040804426,3,13208,25.688000000000102,132072414,28,52,9.890909194946289,10.0,102.94561767578125,52.91481018066406,7,28
2040804426,3,13209,25.688000000000102,132082414,27,53,9.818181991577148,10.0,103.12743377685547,53.62480545043945,7,27
2040804426,3,13210,25.688000000000102,132092414,27,53,9.818181991577148,10.0,103.30924987792969,53.71662139892578,7,27
2040804426,3,13211,26.04700000000048,132102414,27,53,9.818181991577148,10.0,103.4910659790039,53.808441162109375,7,27
2040804426,3,13212,26.04700000000048,132112414,28,52,9.96363639831543,10.0,103.52742767333984,52.59043884277344,7,28
2040804426,3,13213,26.04700000000048,132122414,27,53,9.890909194946289,10.0,103.63652038574219,53.26371383666992,7,27
2040804426,3,13214,26.04700000000048,132132414,28,52,9.96363639831543,10.0,103.67288208007812,52.66389465332031,7,28
2040804426,3,13215,26.04700000000048,132142414,28,52,10.03636360168457,10.0,103.63652038574219,52.02735137939453,7,28
2040804426,3,13216,26.04700000000048,132152414,28,51,10.109090805053711,10.0,103.52742767333984,51.35407638549805,7,28
2040804426,3,13217,26.04700000000048,132162414,26,52,9.96363639831543,10.0,103.56378936767578,52.608802795410156,7,26
2040804426,3,13218,26.04700000000048,132172414,27,52,9.96363639831543,10.0,103.60015106201172,52.627166748046875,7,27
2040804426,3,13219,26.04700000000048,132182414,27,53,9.890909194946289,10.0,103.70924377441406,53.30044174194336,7,27
2040804426,3,13220,26.04700000000048,132192414,27,54,9.818181991577148,10.0,103.89105987548828,54.01043701171875,7,27
2040804426,3,13221,26.04700000000048,132202414,28,54,9.818181991577148,10.0,104.0728759765625,54.10225296020508,7,28
2040804426,3,13222,26.04700000000048,132212414,27,53,9.890909194946289,10.0,104.18196868896484,53.53916549682617,7,27
2040804426,3,13223,26.04700000000048,132222414,28,52,9.96363639831543,10.0,104.21833038330078,52.93934631347656,7,28
2040804426,3,13224,26.04700000000048,132232414,28,52,10.03636360168457,10.0,104.18196868896484,52.30280303955078,7,28
2040804426,3,13225,26.04700000000048,132242414,27,52,10.03636360168457,10.0,104.1456069946289,52.28444290161133,7,27
2040804426,3,13226,26.04700000000048,132252414,27,52,9.96363639831543,10.0,104.18196868896484,52.920982360839844,7,27
2040804426,3,13227,26.04700000000048,132262414,27,52,9.96363639831543,10.0,104.21833038330078,52.93934631347656,7,27
2040804426,3,13228,26.04700000000048,132272414,27,53,9.890909194946289,10.0,104.32742309570312,53.61262130737305,7,27
2040804426,3,13229,26.04700000000048,132282414,28,53,9.890909194946289,10.0,104.43651580810547,53.6677131652832,7,28
2040804426,3,13230,26.04700000000048,132292414,28,53,9.96363639831543,10.0,104.4728775024414,53.067893981933594,7,28
2040804426,3,13231,26.04700000000048,132302414,27,53,9.96363639831543,10.0,104.50923919677734,53.08625411987305,7,27
2040804426,3,13232,26.04700000000048,132312414,28,52,10.03636360168457,10.0,104.4728775024414,52.44971466064453,7,28
2040804426,3,13233,26.04700000000048,132322414,27,52,10.03636360168457,10.0,104.43651580810547,52.43135070800781,7,27
2040804426,3,13234,26.04700000000048,132332414,28,52,10.03636360168457,10.0,104.40015411376953,52.412986755371094,7,28
2040804426,3,13235,26.04700000000048,132342414,26,53,9.890909194946289,10.0,104.50924682617188,53.70444107055664,7,26
2040804426,3,13236,26.04700000000048,132352414,28,53,9.96363639831543,10.0,104.54560852050781,53.10462188720703,7,28
2040804426,3,13237,26.04700000000048,132362414,26,54,9.818181991577148,10.0,104.72742462158203,54.43280029296875,7,26
2040804426,3,13238,26.04700000000048,132372414,28,53,9.890909194946289,10.0,104.83651733398438,53.869712829589844,7,28
2040804426,3,13239,26.04700000000048,132382414,28,53,9.890909194946289,10.0,104.94561004638672,53.9248046875,7,28
2040804426,3,13240,26.04700000000048,132392414,26,53,9.890909194946289,10.0,105.05470275878906,53.979896545410156,7,26
2040804426,3,13241,26.04700000000048,132402414,27,54,9.818181991577148,10.0,105.23651885986328,54.68989181518555,7,27
2040804426,3,13242,26.04700000000048,132412414,27,54,9.890909194946289,10.0,105.34561157226562,54.12680435180664,7,27
2040804426,3,13243,26.57799999999952,132422414,28,54,9.890909194946289,10.0,105.45470428466797,54.1818962097168,7,28
2040804426,3,13244,26.57799999999952,132432414,27,54,9.818181991577148,10.0,105.63652038574219,54.89189529418945,7,27
2040804426,3,13245,26.57799999999952,132442414,27,54,9.890909194946289,10.0,105.74561309814453,54.32880783081055,7,27
2040804426,3,13246,26.57799999999952,132452414,28,53,9.96363639831543,10.0,105.78197479248047,53.72898483276367,7,28
2040804426,3,13247,26.57799999999952,132462414,28,53,10.03636360168457,10.0,105.74561309814453,53.092445373535156,7,28
2040804426,3,13248,26.57799999999952,132472414,28,53,10.03636360168457,10.0,105.7092514038086,53.07408142089844,7,28
2040804426,3,13249,26.57799999999952,132482414,28,52,10.109090805053711,10.0,105.60015869140625,52.40080642700195,7,28
2040804426,3,13250,26.57799999999952,132492414,28,51,10.181818008422852,10.0,105.41834259033203,51.69081115722656,7,28
2040804426,3,13251,26.57799999999952,132502414,27,52,10.109090805053711,10.0,105.30924987792969,52.25389862060547,7,27
2040804426,3,13252,26.57799999999952,132512414,28,52,10.109090805053711,10.0,105.20015716552734,52.19880676269531,7,28
2040804426,3,13253,26.57799999999952,132522414,27,52,10.03636360168457,10.0,105.1637954711914,52.79862594604492,7,27
2040804426,3,13254,26.57799999999952,132532414,28,52,10.03636360168457,10.0,105.12743377685547,52.7802619934082,7,28
2040804426,3,13255,26.57799999999952,132542414,28,52,10.03636360168457,10.0,105.09107208251953,52.76190185546875,7,28
2040804426,3,13256,26.57799999999952,132552414,28,52,10.109090805053711,10.0,104.98197937011719,52.088626861572266,7,28
2040804426,3,13257,26.57799999999952,132562414,28,52,10.109090805053711,10.0,104.87288665771484,52.03353500366211,7,28
2040804426,3,13258,26.57799999999952,132572414,27,51,10.109090805053711,10.0,104.7637939453125,51.97844314575195,7,27
2040804426,3,13259,26.57799999999952,132582414,27,52,10.03636360168457,10.0,104.72743225097656,52.57826232910156,7,27
2040804426,3,13260,26.57799999999952,132592414,27,53,9.96363639831543,10.0,104.7637939453125,53.214805603027344,7,27
2040804426,3,13261,26.57799999999952,132602414,27,53,9.890909194946289,10.0,104.87288665771484,53.88808059692383,7,27
2040804426,3,13262,26.57799999999952,132612414,28,53,9.890909194946289,10.0,104.98197937011719,53.943172454833984,7,28
2040804426,3,13263,26.57799999999952,132622414,28,53,9.96363639831543,10.0,105.01834106445312,53.343353271484375,7,28
2040804426,3,13264,26.57799999999952,132632414,27,53,9.96363639831543,10.0,105.05470275878906,53.36171340942383,7,27
2040804426,3,13265,26.57799999999952,132642414,27,53,9.96363639831543,10.0,105.091064453125,53.38007736206055,7,27
2040804426,3,13266,26.57799999999952,132652414,27,53,9.96363639831543,10.0,105.12742614746094,53.3984375,7,27
2040804426,3,13267,26.57799999999952,132662414,27,54,9.890909194946289,10.0,105.23651885986328,54.071712493896484,7,27
2040804426,3,13268,26.57799999999952,132672414,28,54,9.890909194946289,10.0,105.34561157226562,54.12680435180664,7,28
2040804426,3,13269,26.57799999999952,132682414,27,54,9.890909194946289,10.0,105.45470428466797,54.1818962097168,7,27
2040804426,3,13270,26.57799999999952,132692414,28,53,9.96363639831543,10.0,105.4910659790039,53.58207702636719,7,28
2040804426,3,13271,26.57799999999952,132702414,28,52,10.03636360168457,10.0,105.45470428466797,52.945533752441406,7,28
2040804426,3,13272,26.57799999999952,132712414,27,52,10.03636360168457,10.0,105.41834259033203,52.92717361450195,7,27
2040804426,3,13273,26.57799999999952,132722414,27,53,9.96363639831543,10.0,105.45470428466797,53.56371307373047,7,27
2040804426,3,13274,26.57799999999952,132732414,27,53,9.96363639831543,10.0,105.4910659790039,53.58207702636719,7,27
2040804426,3,13275,26.57799999999952,132742414,26,54,9.818181991577148,10.0,105.67288208007812,54.910255432128906,7,26
2040804426,3,13276,26.57799999999952,132752414,27,55,9.745454788208008,10.0,105.92742919921875,55.656986236572266,7,27
2040804426,3,13277,26.57799999999952,132762414,27,55,9.745454788208008,10.0,106.18197631835938,55.7855339050293,7,27
2040804426,3,13278,26.57799999999952,132772414,28,55,9.818181991577148,10.0,106.3637924194336,55.2591667175293,7,28
2040804426,3,13279,26.57799999999952,132782414,27,55,9.818181991577148,10.0,106.54560852050781,55.350982666015625,7,27
2040804426,3,13280,26.57799999999952,132792414,28,54,9.96363639831543,10.0,106.58197021484375,54.13298416137695,7,28
2040804426,3,13281,26.57799999999952,132802414,27,54,9.96363639831543,10.0,106.61833190917969,54.15134811401367,7,27
2040804426,3,13282,26.57799999999952,132812414,28,53,10.03636360168457,10.0,106.58197021484375,53.51480484008789,7,28
2040804426,3,13283,26.57799999999952,132822414,28,53,10.03636360168457,10.0,106.54560852050781,53.49644088745117,7,28
2040804426,3,13284,26.57799999999952,132832414,28,52,10.109090805053711,10.0,106.43651580810547,52.82316589355469,7,28
2040804426,3,13285,26.57799999999952,132842414,28,52,10.109090805053711,10.0,106.32742309570312,52.76807403564453,7,28
2040804426,3,13286,26.57799999999952,132852414,27,52,10.109090805053711,10.0,106.21833038330078,52.712982177734375,7,27
2040804426,3,13287,26.57799999999952,132862414,28,52,10.109090805053711,10.0,106.10923767089844,52.65789031982422,7,28
2040804426,3,13288,26.57799999999952,132872414,28,52,10.109090805053711,10.0,106.0001449584961,52.60279846191406,7,28
2040804426,3,13289,26.57799999999952,132882414,29,51,10.181818008422852,10.0,105.81832885742188,51.89280319213867,7,29
2040804426,3,13290,26.57799999999952,132892414,28,51,10.181818008422852,10.0,105.63651275634766,51.800987243652344,7,28
2040804426,3,13291,26.57799999999952,132902414,28,51,10.254545211791992,10.0,105.38196563720703,51.054256439208984,7,28
2040804426,3,13292,26.57799999999952,132912414,27,51,10.181818008422852,10.0,105.20014953613281,51.580623626708984,7,27
2040804426,3,13293,26.57799999999952,132922414,27,52,10.109090805053711,10.0,105.09105682373047,52.14371109008789,7,27
2040804426,3,13294,26.57799999999952,132932414,28,52,10.03636360168457,10.0,105.05469512939453,52.7435302734375,7,28
2040804426,3,13295,26.57799999999952,132942414,28,52,10.03636360168457,10.0,105.0183334350586,52.72516632080078,7,28
2040804426,3,13296,26.57799999999952,132952414,28,52,10.03636360168457,10.0,104.98197174072266,52.70680618286133,7,28
2040804426,3,13297,26.57799999999952,132962414,28,52,10.109090805053711,10.0,104.87287902832031,52.033531188964844,7,28
2040804426,3,13298,26.57799999999952,132972414,27,51,10.109090805053711,10.0,104.76378631591797,51.97843933105469,7,27
2040804426,3,13299,27.20299999999952,132982414,27,52,10.03636360168457,10.0,104.72742462158203,52.5782585144043,7,27
2040804426,3,13300,27.20299999999952,132992414,27,53,9.96363639831543,10.0,104.76378631591797,53.21480178833008,7,27
2040804426,3,13301,27.20299999999952,133002414,27,53,9.890909194946289,10.0,104.87287902832031,53.88807678222656,7,27
2040804426,3,13302,27.20299999999952,133012414,28,53,9.890909194946289,10.0,104.98197174072266,53.94316864013672,7,28
2040804426,3,13303,27.20299999999952,133022414,28,53,9.96363639831543,10.0,105.0183334350586,53.343345642089844,7,28
2040804426,3,13304,27.20299999999952,133032414,28,52,10.03636360168457,10.0,104.98197174072266,52.70680618286133,7,28
2040804426,3,13305,27.20299999999952,133042414,27,52,10.03636360168457,10.0,104.94561004638672,52.68844223022461,7,27
2040804426,3,13306,27.20299999999952,133052414,25,53,9.890909194946289,10.0,105.05470275878906,53.979896545410156,7,25
2040804426,3,13307,27.20299999999952,133062414,27,54,9.818181991577148,10.0,105.23651885986328,54.68989181518555,7,27
2040804426,3,13308,27.20299999999952,133072414,26,56,9.672727584838867,10.0,105.56378936767578,56.09152603149414,7,26
2040804426,3,13309,27.20299999999952,133082414,27,56,9.600000381469727,10.0,105.96379089355469,56.911712646484375,7,27
2040804426,3,13310,27.20299999999952,133092414,28,56,9.672727584838867,10.0,106.29106140136719,56.45880126953125,7,28
2040804426,3,13311,27.20299999999952,133102414,28,54,9.890909194946289,10.0,106.40015411376953,54.65935134887695,7,28
2040804426,3,13312,27.20299999999952,133112414,28,54,9.96363639831543,10.0,106.43651580810547,54.05952835083008,7,28
2040804426,3,13313,27.20299999999952,133122414,27,53,10.03636360168457,10.0,106.40015411376953,53.42298889160156,7,27
2040804426,3,13314,27.20299999999952,133132414,28,52,10.109090805053711,10.0,106.29106140136719,52.74971389770508,7,28
2040804426,3,13315,27.20299999999952,133142414,27,53,10.03636360168457,10.0,106.25469970703125,53.34953308105469,7,27
2040804426,3,13316,27.20299999999952,133152414,28,53,10.03636360168457,10.0,106.21833801269531,53.33116912841797,7,28
2040804426,3,13317,27.20299999999952,133162414,28,53,10.03636360168457,10.0,106.18197631835938,53.312808990478516,7,28
2040804426,3,13318,27.20299999999952,133172414,27,53,10.03636360168457,10.0,106.14561462402344,53.2944450378418,7,27
2040804426,3,13319,27.20299999999952,133182414,27,53,9.96363639831543,10.0,106.18197631835938,53.93098831176758,7,27
2040804426,3,13320,27.20299999999952,133192414,28,53,10.03636360168457,10.0,106.14561462402344,53.2944450378418,7,28
2040804426,3,13321,27.20299999999952,133202414,27,53,9.96363639831543,10.0,106.18197631835938,53.93098831176758,7,27
2040804426,3,13322,27.20299999999952,133212414,27,54,9.890909194946289,10.0,106.29106903076172,54.60426330566406,7,27
2040804426,3,13323,27.20299999999952,133222414,27,54,9.890909194946289,10.0,106.40016174316406,54.65935516357422,7,27
2040804426,3,13324,27.20299999999952,133232414,27,54,9.890909194946289,10.0,106.5092544555664,54.714447021484375,7,27
2040804426,3,13325,27.20299999999952,133242414,28,54,9.890909194946289,10.0,106.61834716796875,54.76953887939453,7,28
2040804426,3,13326,27.20299999999952,133252414,28,54,9.96363639831543,10.0,106.65470886230469,54.169715881347656,7,28
2040804426,3,13327,27.20299999999952,133262414,28,53,10.03636360168457,10.0,106.61834716796875,53.53317642211914,7,28
2040804426,3,13328,27.20299999999952,133272414,28,52,10.109090805053711,10.0,106.5092544555664,52.859901428222656,7,28
2040804426,3,13329,27.20299999999952,133282414,28,52,10.181818008422852,10.0,106.32743835449219,52.14990234375,7,28
2040804426,3,13330,27.20299999999952,133292414,28,52,10.181818008422852,10.0,106.14562225341797,52.05808639526367,7,28
2040804426,3,13331,27.20299999999952,133302414,28,51,10.181818008422852,10.0,105.96380615234375,51.966270446777344,7,28
2040804426,3,13332,27.20299999999952,133312414,27,52,10.109090805053711,10.0,105.8547134399414,52.52935791015625,7,27
2040804426,3,13333,27.20299999999952,133322414,27,53,10.03636360168457,10.0,105.81835174560547,53.12917709350586,7,27
2040804426,3,13334,27.20299999999952,133332414,27,53,9.96363639831543,10.0,105.8547134399414,53.76572036743164,7,27
2040804426,3,13335,27.20299999999952,133342414,28,53,9.96363639831543,10.0,105.89107513427734,53.784080505371094,7,28
2040804426,3,13336,27.20299999999952,133352414,27,54,9.890909194946289,10.0,106.00016784667969,54.45735549926758,7,27
2040804426,3,13337,27.20299999999952,133362414,28,53,9.96363639831543,10.0,106.03652954101562,53.85753631591797,7,28
2040804426,3,13338,27.20299999999952,133372414,27,53,9.96363639831543,10.0,106.07289123535156,53.87590026855469,7,27
2040804426,3,13339,27.20299999999952,133382414,26,54,9.890909194946289,10.0,106.1819839477539,54.54917526245117,7,26
2040804426,3,13340,27.20299999999952,133392414,27,55,9.818181991577148,10.0,106.36380004882812,55.25917053222656,7,27
2040804426,3,13341,27.20299999999952,133402414,27,55,9.818181991577148,10.0,106.54561614990234,55.35098648071289,7,27
2040804426,3,13342,27.20299999999952,133412414,28,55,9.818181991577148,10.0,106.72743225097656,55.442806243896484,7,28
2040804426,3,13343,27.20299999999952,133422414,28,54,9.890909194946289,10.0,106.8365249633789,54.87971878051758,7,28
2040804426,3,13344,27.20299999999952,133432414,28,53,10.03636360168457,10.0,106.80016326904297,53.62499237060547,7,28
2040804426,3,13345,27.20299999999952,133442414,28,52,10.109090805053711,10.0,106.69107055664062,52.951717376708984,7,28
2040804426,3,13346,27.20299999999952,133452414,28,52,10.181818008422852,10.0,106.5092544555664,52.241722106933594,7,28
2040804426,3,13347,27.20299999999952,133462414,28,52,10.181818008422852,10.0,106.32743835449219,52.14990234375,7,28
2040804426,3,13348,27.20299999999952,133472414,27,52,10.109090805053711,10.0,106.21834564208984,52.712989807128906,7,27
2040804426,3,13349,27.20299999999952,133482414,28,52,10.109090805053711,10.0,106.1092529296875,52.65789794921875,7,28
2040804426,3,13350,27.20299999999952,133492414,27,53,10.03636360168457,10.0,106.07289123535156,53.257720947265625,7,27
2040804426,3,13351,27.20299999999952,133502414,27,53,9.96363639831543,10.0,106.1092529296875,53.89426040649414,7,27
2040804426,3,13352,27.20299999999952,133512414,27,54,9.890909194946289,10.0,106.21834564208984,54.567535400390625,7,27
2040804426,3,13353,27.20299999999952,133522414,27,54,9.890909194946289,10.0,106.32743835449219,54.62262725830078,7,27
2040804426,3,13354,27.20299999999952,133532414,27,55,9.818181991577148,10.0,106.5092544555664,55.33262634277344,7,27
2040804426,3,13355,27.20299999999952,133542414,27,55,9.818181991577148,10.0,106.69107055664062,55.424442291259766,7,27
2040804426,3,13356,27.20299999999952,133552414,27,55,9.818181991577148,10.0,106.87288665771484,55.516258239746094,7,27
2040804426,3,13357,27.20299999999952,133562414,25,56,9.672727584838867,10.0,107.20015716552734,56.91789245605469,7,25
2040804426,3,13358,27.20299999999952,133572414,24,59,9.454545021057129,10.0,107.74561309814453,59.04790115356445,7,24
2040804426,3,13359,27.20299999999952,133582414,24,61,9.236363410949707,10.0,108.50924682617188,61.28807830810547,7,24
2040804426,3,13360,27.20299999999952,133592414,25,62,9.090909004211426,10.0,109.4183349609375,62.9835319519043,7,25
2040804426,3,13361,27.20299999999952,133602414,25,64,8.945454597473145,10.0,110.4728775024414,64.75244140625,7,25
2040804426,3,13362,27.20299999999952,133612414,26,64,9.018181800842285,10.0,111.45469665527344,64.63008117675781,7,26
2040804426,3,13363,27.79700000000048,133622414,25,64,9.090909004211426,10.0,112.36378479003906,64.47098541259766,7,25
2040804426,3,13364,27.79700000000048,133632414,27,62,9.309090614318848,10.0,113.05469512939453,62.96535110473633,7,27
2040804426,3,13365,27.79700000000048,133642414,24,63,9.236363410949707,10.0,113.81832885742188,63.96916580200195,7,24
2040804426,3,13366,27.79700000000048,133652414,24,65,9.163636207580566,10.0,114.65469360351562,65.00971221923828,7,24
2040804426,3,13367,27.79700000000048,133662414,24,66,9.018181800842285,10.0,115.63651275634766,66.74189758300781,7,24
2040804426,3,13368,27.79700000000048,133672414,22,69,8.800000190734863,10.0,116.83650970458984,69.20243835449219,7,22
2040804426,3,13369,27.79700000000048,133682414,22,73,8.436363220214844,10.0,118.400146484375,73.0829849243164,7,22
2040804426,3,13370,27.79700000000048,133692414,21,75,8.218181610107422,10.0,120.18196105957031,75.83734893798828,7,21
2040804426,3,13371,27.79700000000048,133702414,22,78,8.07272720336914,10.0,122.10923767089844,78.04698181152344,7,22
2040804426,3,13372,27.79700000000048,133712414,22,80,7.927272796630859,10.0,124.18196105957031,80.33007049560547,7,22
2040804426,3,13373,27.79700000000048,133722413,23,80,8.0,10.0,126.18196105957031,80.72189331054688,7,23
2040804426,3,13374,27.79700000000048,133732414,25,79,8.218181610107422,10.0,127.96377563476562,79.76715850830078,7,25
2040804426,3,13375,27.79700000000048,133742414,25,78,8.5090913772583,10.0,129.45468139648438,78.04733276367188,7,25
2040804426,3,13376,27.79700000000048,133752414,24,77,8.654545783996582,10.0,130.80014038085938,77.49043273925781,7,24
2040804426,3,13377,27.79700000000048,133762414,26,75,8.945454597473145,10.0,131.8546905517578,75.55025482177734,7,26
2040804426,3,13378,27.79700000000048,133772414,24,75,9.018181800842285,10.0,132.8365020751953,75.42788696289062,7,24
2040804426,3,13379,27.79700000000048,133782414,26,75,9.090909004211426,10.0,133.74559020996094,75.26879119873047,7,26
2040804426,3,13380,27.79700000000048,133792414,26,75,9.163636207580566,10.0,134.5819549560547,75.07298278808594,7,26
2040804426,3,13381,27.79700000000048,133802414,26,74,9.309090614318848,10.0,135.27285766601562,74.18551635742188,7,26
2040804426,3,13382,27.79700000000048,133812414,26,74,9.309090614318848,10.0,135.96376037597656,74.534423828125,7,26
2040804426,3,13383,27.79700000000048,133822414,24,74,9.309090614318848,10.0,136.6546630859375,74.88333129882812,7,24
2040804426,3,13384,27.79700000000048,133832414,25,75,9.236363410949707,10.0,137.41830444335938,75.88715362548828,7,25
2040804426,3,13385,27.79700000000048,133842414,26,76,9.236363410949707,10.0,138.18194580078125,76.27279663085938,7,26
2040804426,3,13386,27.79700000000048,133852414,25,77,9.163636207580566,10.0,139.018310546875,77.31333923339844,7,25
2040804426,3,13387,27.79700000000048,133862414,26,77,9.163636207580566,10.0,139.85467529296875,77.73570251464844,7,26
2040804426,3,13388,27.79700000000048,133872414,26,76,9.309090614318848,10.0,140.5455780029297,76.8482437133789,7,26
2040804426,3,13389,27.79700000000048,133882414,27,75,9.454545021057129,10.0,141.09103393554688,75.88733673095703,7,27
2040804426,3,13390,27.79700000000048,133892414,25,76,9.381817817687988,10.0,141.70921325683594,76.81769561767578,7,25
2040804426,3,13391,27.79700000000048,133902414,26,76,9.454545021057129,10.0,142.25466918945312,76.4749755859375,7,26
2040804426,3,13392,27.79700000000048,133912414,26,76,9.454545021057129,10.0,142.8001251220703,76.75042724609375,7,26
2040804426,3,13393,27.79700000000048,133922414,28,75,9.600000381469727,10.0,143.2001190185547,75.71605682373047,7,28
2040804426,3,13394,27.79700000000048,133932414,28,75,9.672727584838867,10.0,143.5273895263672,75.26314544677734,7,28
2040804426,3,13395,27.79700000000048,133942414,27,74,9.818181991577148,10.0,143.70921325683594,74.11860656738281,7,27
2040804426,3,13396,27.79700000000048,133952414,27,73,9.890909194946289,10.0,143.81829833984375,73.55551147460938,7,27
2040804426,3,13397,27.79700000000048,133962414,26,73,9.890909194946289,10.0,143.92738342285156,73.610595703125,7,26
2040804426,3,13398,27.79700000000048,133972414,28,73,9.890909194946289,10.0,144.03646850585938,73.66568756103516,7,28
2040804426,3,13399,27.79700000000048,133982414,26,75,9.745454788208008,10.0,144.291015625,75.03059387207031,7,26
2040804426,3,13400,27.79700000000048,133992414,26,75,9.672727584838867,10.0,144.6182861328125,75.81404876708984,7,26
2040804426,3,13401,27.79700000000048,134002414,25,77,9.527273178100586,10.0,145.0910186767578,77.28914642333984,7,25
2040804426,3,13402,27.79700000000048,134012414,27,76,9.600000381469727,10.0,145.4910125732422,76.87295532226562,7,27
2040804426,3,13403,27.79700000000048,134022414,26,78,9.454545021057129,10.0,146.03646850585938,78.38478088378906,7,26
2040804426,3,13404,27.79700000000048,134032414,26,78,9.454545021057129,10.0,146.58192443847656,78.66024017333984,7,26
2040804426,3,13405,27.79700000000048,134042414,28,77,9.600000381469727,10.0,146.98191833496094,77.62586212158203,7,28
2040804426,3,13406,27.79700000000048,134052414,28,75,9.818181991577148,10.0,147.1637420654297,75.86314392089844,7,28
2040804426,3,13407,27.79700000000048,134062414,28,75,9.890909194946289,10.0,147.2728271484375,75.300048828125,7,28
2040804426,3,13408,27.79700000000048,134072414,28,74,10.03636360168457,10.0,147.23646545410156,74.04532623291016,7,28
2040804426,3,13409,27.79700000000048,134082414,27,73,10.109090805053711,10.0,147.12738037109375,73.37205505371094,7,27
2040804426,3,13410,27.79700000000048,134092414,26,74,9.96363639831543,10.0,147.1637420654297,74.62677764892578,7,26
2040804426,3,13411,27.79700000000048,134102414,27,75,9.890909194946289,10.0,147.2728271484375,75.300048828125,7,27
2040804426,3,13412,27.79700000000048,134112414,26,76,9.745454788208008,10.0,147.52737426757812,76.66495513916016,7,26
2040804426,3,13413,27.79700000000048,134122414,26,78,9.600000381469727,10.0,147.9273681640625,78.10331726074219,7,26
2040804426,3,13414,27.79700000000048,134132414,27,78,9.600000381469727,10.0,148.32736206054688,78.30531311035156,7,27
2040804426,3,13415,27.79700000000048,134142414,27,77,9.672727584838867,10.0,148.65463256835938,77.85240173339844,7,27
2040804426,3,13416,27.79700000000048,134152414,26,78,9.600000381469727,10.0,149.05462646484375,78.67257690429688,7,26
2040804426,3,13417,27.79700000000048,134162414,27,78,9.672727584838867,10.0,149.38189697265625,78.21967315673828,7,27
2040804426,3,13418,27.79700000000048,134172414,27,77,9.745454788208008,10.0,149.63644409179688,77.73004150390625,7,27
