:020000040800F2
:1000000008E000209D010008B15100080528000803
:100010003D46000825120008156800080000000091
:10002000000000000000000000000000355600083D
:10003000251600080000000005540008E9570008D4
:10004000B7010008B7010008B7010008B7010008B0
:10005000B7010008B7010008B7010008B7010008A0
:10006000B7010008B7010008B7010008B701000890
:10007000B7010008B7010008B7010008B701000880
:100080007D120008B7010008B7010008B701000899
:10009000B7010008B7010008B7010008B701000860
:1000A000B7010008B7010008B7010008B701000850
:1000B000B7010008B7010008B7010008B701000840
:1000C000B7010008B7010008B7010008B701000830
:1000D000B7010008B7010008B7010008B701000820
:1000E000B7010008B7010008B7010008B701000810
:1000F000B7010008B7010008B7010008B701000800
:10010000B7010008B7010008715B0008B7010008DB
:10011000B7010008B70100084D5D0008B7010008ED
:10012000B7010008B7010008B7010008B7010008CF
:10013000B7010008B7010008B7010008B7010008BF
:10014000B7010008B7010008B7010008B7010008AF
:10015000B7010008B7010008B7010008AD64000846
:10016000B7010008B7010008B7010008B70100088F
:10017000B7010008B7010008B7010008B70100087F
:10018000B7010008B7010008DFF80CD000F0B4FC9C
:10019000004800478978000808E0002006488047AA
:1001A00006480047FEE7FEE7FEE7FEE7FEE7FEE75C
:1001B000FEE7FEE7FEE7FEE7ED57000889010008CD
:1001C0009FED1A1AF5EE000A40EE010ABDEEE00AB4
:1001D000F5EEC00A10EE100AF1EE10FA38BF401E1C
:1001E00000EE100A1349F7EE001AB8EEC00A30EE1E
:1001F000C00ADFED0F0A20EE200AFCEEC00A10EE66
:10020000900AC0F3080000EE900A01EB8000F8EEBF
:10021000600A90ED011A70EE600A90ED000A71EE2E
:10022000E01A21EE800A00EE810A704783F9223E2F
:100230000000004420940008B5EEC00AF1EE10FA68
:1002400007D2DFED1E0AB4EEE00AF1EE10FAA8BF05
:100250007047DFED1B0AB5EEC00A60EE200ABDEE66
:10026000E01A11EE100AF1EE10FA38BF401E00EE4F
:10027000100A1549F7EE001AB8EEC00A30EEC00AAF
:10028000DFED100A60EE200ABCEEE00A10EE100A64
:10029000C0F3080000EE100A01EB8000B8EE400A3F
:1002A00090ED011A70EEC00A90ED000A71EEE01AAE
:1002B00021EE800A00EE810A70470000CD024CB4A6
:1002C00083F9223E000000442094000810B5431A30
:1002D000934209D28318881803E010F8011D03F82F
:1002E000011D521EF9D210BD40EA01039B0703D045
:1002F00009E008C9121F08C0042AFAD203E011F865
:10030000013B00F8013B521EF9D210BDD2B201E010
:1003100000F8012B491EFBD270470022F6E710B50A
:1003200013460A4604461946FFF7F0FF204610BD63
:10033000CAB2401E10F8011F8A4202D00029F9D12A
:1003400000207047421C10F8011B0029FBD1801AC5
:10035000704710B5002200E0521C835C8C5CA34205
:1003600001D1002BF8D1D8B2E1B2401A10BD30B59E
:1003700005460020034600E05B1C934205D2EC5C7E
:10038000C85C201A01D1002CF6D130BD2DE9F04710
:1003900091460F4680460446002614F8015B2DB1B5
:1003A00000F038FA0068405DC007F6D12B2D02D06E
:1003B0002D2D18D0641E4A463946204600F02EFAEC
:1003C00027B13968A14201D1C7F8008071054FF00B
:1003D00002040BD54042002803DD06F055FA046004
:1003E000A007BDE8F08746F48066E4E70028F8DA65
:1003F00006F04AFA04606FF00040F2E72DE9FE4F84
:10040000804681EA0300C00F0C46009021F00041B5
:1004100023F00045B8EB0200A94105D24046214631
:1004200090461C460B46024623F00040104347D03E
:10043000270DC7F30A00C3F30A510290401A019036
:1004400040286BDAC3F3130040F4801B00989246F7
:1004500020B10023D2EB030A63EB0B0B0198594642
:10046000C0F14002504600F0A4F906460D46504641
:100470005946019A00F0BCF910EB080061410024D4
:1004800087EA115284EAE7731A4340D0009A62B3B4
:10049000019A012A4FEA075215DC001B61EB0201A9
:1004A0004FF0004202EA0752CDE90042001C41F53C
:1004B000801132462B4600F046FA03B0BDE8F08FBB
:1004C00040462146F9E7001B61EB0201001C41F5A3
:1004D000801300185B412018A2F5001747EB0301B9
:1004E00040EAD570B6196D4111E06D084FEA360645
:1004F00045EAC0754FEA0752001B61EB0201001C80
:1005000041F5801149084FEA300000195141324647
:100510002B4603B0BDE8F04F00F006BA0098012268
:1005200040000023D0EB020263EBE0730098214609
:100530004FEAE074B8EB000061EB0401E9E783F0F7
:1005400000435BE781F0004158E72DE9F04D81EA77
:10055000030404F0004B21F0004514464FF0000A5C
:1005600023F0004150EA050220D054EA01021DD0D8
:10057000C5F30A570246C5F31303C1F31300C1F3D1
:100580000A5640F4801543F48013A7EB0608101BAD
:10059000D64608F2FD3873EB050002D308F10108D6
:1005A00001E092185B41B8F1000F03DA0020014628
:1005B000BDE8F08D00204FF48011064684460EE021
:1005C000171B73EB050705D3121B63EB05030643EB
:1005D0004CEA010C49084FEA300092185B4150EA9E
:1005E0000107EDD152EA030012D082EA040083EA47
:1005F0000501084305D0101BAB4106D201220023A0
:1006000006E000224FF0004302E06FF001025310B9
:100610001AEB06004CEB085110EB0A0041EB0B0102
:10062000BDE8F04D00F080B970B5C1F30A5201F099
:1006300000450024C1F3130140F2FF3341F480115F
:100640009A4201DA002070BD40F233439A42A2F28E
:10065000334203DC524200F0BBF800E090402C43F0
:10066000F1D0404270BD00F0004230F000400AD0AE
:10067000C10D01F56071C0F3160042EA0151C208D4
:1006800040071143704700200146704730B5041EF3
:1006900071F1000404DB4FF00044404264EB0101BF
:1006A000141E73F1000405DB1C464FF00043524258
:1006B00063EB04038B4208BF824230BD30B5041E99
:1006C00071F1000404DB4FF00044404264EB01018F
:1006D000141E73F1000405DB1C464FF00043524228
:1006E00063EB0403994208BF904230BD01F0004320
:1006F00030B421F0004150EA010206D00A0DA2F503
:100700006072C1F31301002A02DC30BC0020704784
:10071000440F44EAC104C100E01830BC00EBC250F1
:1007200000F0CBB830B50B46014600202022012452
:1007300009E021FA02F59D4205D303FA02F5491BAF
:1007400004FA02F52844151EA2F10102F1DC30BDC5
:100750002DE9F05F0546002092469B4688460646F6
:10076000814640241BE0284641464746224600F089
:100770002FF853465A46C01A914110D311461846D5
:10078000224600F016F82D1A67EB01084F46224664
:100790000120002100F00DF817EB00094E41201E4A
:1007A000A4F10104DFDC484631462A464346BDE851
:1007B000F09F202A04DB203A00FA02F10020704763
:1007C0009140C2F1200320FA03F31943904070478F
:1007D000202A04DB203A21FA02F00021704721FA96
:1007E00002F3D040C2F120029140084319467047FD
:1007F000202A06DBCB17203A41FA02F043EAE073E5
:1008000006E041FA02F3D040C2F1200291400843D1
:100810001946704700487047A89C00082DE9F05F12
:1008200082460078002715468B460AF10104B94636
:10083000302801D09DB113E014F8010B012778286E
:1008400003D0582801D045B10AE00DB1102D07D1D1
:100850000027102514F8010B02E0082500E00A2506
:100860000026B0460EE005FB080005FB06F1012757
:1008700001EB10461FFA80F8B6F5803F00D3B94669
:1008800014F8010B294600F049F90028EBDABBF116
:10089000000F05D00FB1641E00E05446CBF80040B5
:1008A000B9F1000F06D005F0EFFF02210160C81E6C
:1008B000BDE8F09F48EA0640FAE70029A8BF704764
:1008C000401C490008BF20F00100704710B4B0FA86
:1008D00080FC00FA0CF050EA010404BF10BC704721
:1008E00049B1CCF1200421FA04F411FA0CF118BF3B
:1008F000012121430843A3EB0C01CB1D4FEA00610A
:100900004FEA102042BF002010BC704700EBC350DC
:1009100010440029A4BF10BC7047401C490008BF08
:1009200020F0010010BC704710B5141E73F10004D4
:1009300008DA401C41F1000192185B411A4301D1D1
:1009400020F0010010BD2DE9F04D92469B4611B1FB
:10095000B1FA81F202E0B0FA80F220329046FFF75D
:1009600028FF04460F4640EA0A0041EA0B015346BD
:100970005A46084313D0114653EA010019D0C8F172
:1009800040025046FFF724FF05460E4650465946A2
:100990004246FFF70EFF084305D0012004E0204641
:1009A0003946BDE8F08D0020054346EAE0762C4349
:1009B00037430A986305E40AA0EB08000022FD0A09
:1009C00044EA47540A3002D500200146E9E7010510
:1009D00010196941DDE9084500196941BDE8F04D8C
:1009E000A2E72DE9FE4F81EA030404F0004421F060
:1009F000004100944FF0000B23F0004350EA010443
:100A00005ED052EA03045BD0C3F30A54C1F30A5523
:100A10002C44A4F2F3340194A0FB0254C1F313015B
:100A200041F48011C3F3130343F4801301FB024428
:100A300000FB034E840A970A44EA815447EA83572D
:100A4000A4FB076802958D0A05FB07854FEA932CE6
:100A500004FB0C542705029D4FEA065847EA163757
:100A6000B5EB08056EEB070C870E920E47EA81176F
:100A700042EA8312A7FB0201B6EB0B0164EB000410
:100A80002B0D43EA0C335E1844EB1C50DA465146FA
:100A9000E7FB0201C5F313044FEA0B3343EA145397
:100AA0004FEA0432019C43EA0603A4F10C040294C9
:100AB000009CCDE900B4FFF746FF03B0BDE8F08F1E
:100AC00000200146F9E7C1F30A52C1F3130140F2D5
:100AD000FF3341F480119A4202DA00200146704748
:100AE00040F233439A42A2F2334202DC5242FFF711
:100AF0006FBEFFF75EBE0000064C074D06E0E068E3
:100B000040F0010394E8070098471034AC42F6D354
:100B1000FFF73EFBF49E0008149F00083A2800D21D
:100B2000303820F02002412A01D3A2F13700884258
:100B300001D34FF0FF30704770B58C1810F8015B8F
:100B400015F0070301D110F8013B2A1106D110F866
:100B5000012B03E010F8016B01F8016B5B1EF9D16A
:100B60002B0705D40023521E0DD401F8013BFAE7F0
:100B700010F8013BCB1A921C03E013F8015B01F85B
:100B8000015B521EF9D5A142D8D3002070BD0000F0
:100B900010B500BFEFF31082114672B600201BE0C3
:100BA000114A92F90020904214D000EB40120F4BF2
:100BB00003EBC20292F8032162B1002200EB401362
:100BC0000A4C04EBC30383F80321094A1268521C40
:100BD000074B1A60421CD0B20628E1DB00BF81F34C
:100BE000108800BF10BD0000CC000020182300209A
:100BF000D40000200020002110E001EB4112094B3D
:100C000003EBC20292F8032132B9074A92F900209D
:100C10008A4201D0421CD0B24A1CD1B20629ECDB78
:100C20007047000018230020CC000020002110E0B5
:100C300001EB4110094A02EBC00090F8030130B902
:100C4000074890F90000884201D001207047481CF5
:100C5000C1B20429ECDB0020F8E7000018230020D3
:100C6000CC0000202DE9F04107460D461646022E25
:100C700001D1062004E0012E01D1052000E004206E
:100C8000804600F0A7FA01F041FD10B90020BDE850
:100C9000F08115B1B5F5807F06DD28480068401C5D
:100CA000264908600020F2E700243DE004EB4410F0
:100CB000234901EBC00090F8030190BB214890F953
:100CC0000000A0422ED004EB44111D4A02EBC100EB
:100CD0002A463946FFF7FAFA04EB4410184901EBAB
:100CE000C000A0F8005104EB441001EBC00080F8F4
:100CF00002611548006804EB4411114A02EBC1017E
:100D0000C1F8040110480068401C0F490860BFF397
:100D10005F8F012004EB441102EBC10181F8030154
:100D2000B5E7FFE7601CC4B24445BFDB0348006879
:100D3000401C024908600020A9E70000D400002000
:100D400018230020CC000020D0000020F0B5B3B064
:100D500005F0A2FA4248007808B933B0F0BD00BFF0
:100D6000EFF31080054672B63E4806783C4800789E
:100D7000022801D1012000E00020074632463A490E
:100D800001A8FFF7A3FA00F04FFA00BF85F310881F
:100D900000BF2FB100203549087001203449087088
:100DA000002458E001A8005D0A2826D130480078C8
:100DB000D0B92E48007858B12C480078401E2D49F3
:100DC000085C0D2804D129480078401E2749087086
:100DD00000202849254A127888542448007830B1E8
:100DE000084605F019F902E023A001F0EFF9002010
:100DF0001E4908701E4908702BE01D48007840BB52
:100E000001A8005D20280ADA01A8005D0D2806D09F
:100E100001201749087000201449087019E0134890
:100E20000078C7280AD201A8015D1048027800782E
:100E3000401C0E4B18700F4881540AE001200C49E9
:100E400008700020094908700F480068401C0E49CE
:100E50000860601CC4B2B442A4DB00BF7DE70000A0
:100E60003F00002040000020E0160020DA000020B3
:100E7000DB00002048290020455252206F76657221
:100E8000666C6F770D0A00006800002030B52DED0C
:100E9000028B91B0B0EE408AF0EE608A0446244D99
:100EA00024480078012803D011B0BDEC028B30BD7E
:100EB0008DED008A0A2C00DB0095CDED018A1E48DD
:100EC00090ED000A8DED020A90ED040A8DED030A03
:100ED00000EE104AB8EE400A8DED040A174890ED76
:100EE000000A8DED050A164890ED000A8DED060A00
:100EF0001448008800EE100AB8EE400A8DED070A8B
:100F00002022694608A8FFF7E1F900208DF840008B
:100F10008DF8410080208DF842007F208DF843003D
:100F20000022242108A8FFF79DFE00BFBCE70000B7
:100F30000000C07F4400002060CF00209C01002002
:100F4000A0010020DE00002010B5214890F900002B
:100F5000002806DA002240F227711E4805F0BAFB8D
:100F600010BD1D480488601C1B4A1080184890F969
:100F7000000000EB4010194A02EBC000015D15486B
:100F800005F038FC124890F9000000EB40101349BE
:100F900001EBC000B0F800010F490988884215DC58
:100FA00000200B4991F9001001EB41110B4A02EBB3
:100FB000C10181F80301FF2005490870002240F2B9
:100FC0002771044805F086FB07F030FE00BFC7E735
:100FD000CC00002000140140CE0000201823002087
:100FE00010B500F0F7F801F091FB58B90E48007801
:100FF00020B1FFF7CDFD00200C49086000200A4910
:10100000087010BD01200849087000BFEFF3108080
:10101000044600BF72B607F009FE00BF84F31088D3
:1010200000BF00BFEDE70000D80000204C0000200A
:1010300070B5044644B12046FFF784F985B2022218
:1010400029462046FFF70EFE70BD000010B588B09F
:1010500004460121042004F0D7F90121042004F002
:10106000D3F9082206213B4801F016FB082207218C
:10107000384801F011FB06A801F03EFB4020069025
:1010800002208DF81C0003208DF81D0000208DF833
:101090001E0001208DF81F0006A92E4801F0B4FAA9
:1010A00006A801F029FB8020069002208DF81C0084
:1010B00003208DF81D0000208DF81E0001208DF802
:1010C0001F0006A9234801F09FFA0121202004F007
:1010D000CBF9214805F05CFA02A805F08FFB0294D9
:1010E0000020ADF80C00ADF80E00ADF810000C209B
:1010F000ADF812000020ADF8140002A9164805F062
:101100000FFB012240F22551134805F0E3FA0122BA
:1011100040F22441104805F0DDFA20210E4805F088
:1011200019FA40F224410C4805F014FA01210A484A
:1011300005F019FA47208DF8040001208DF805000C
:101140008DF806008DF8070001A804F033F808B008
:1011500010BD0000000802400014014010B54FF41B
:10116000E130FFF773FF00F013F802A005F054FB25
:1011700010BD0000426C7565746F6F74685F496ED6
:1011800069742073756363656564210D0A0000004E
:101190001CB50121042004F037F9684601F0ACFACF
:1011A0000420009000208DF8040003208DF8050035
:1011B00000208DF8060001208DF8070069460448DC
:1011C00001F022FA0421024801F092FA1CBD00004D
:1011D0000008024010B504210F4801F080FA50B910
:1011E00000200E4908700E480078012802D1002026
:1011F0000B49087010BD0421074801F070FA01285E
:1012000007D1064908700648007810B90120044942
:10121000087000BFEEE70000000802403E0000201A
:101220004100002000BFFEE700200249087002498B
:1012300008707047400000203F0000201CB50121CD
:10124000022004F0E1F801208DF8040000208DF860
:1012500006004FF40040009002208DF805000020A9
:101260008DF807006946044801F0CEF94FF40041BB
:10127000014801F03FFA1CBD0004024010B51549B9
:10128000154800F011F918B30021134800F04AF88E
:101290001248007820B112480068401C10490860CC
:1012A00000F04CFD40F206720E490F48FFF70EF8B1
:1012B00001200A4908700D49074800F019F840F26A
:1012C0000671054800F0ACF90121034800F02AF846
:1012D00010BD000000080020886002403C00002093
:1012E0005C000020D4080020DA0F0020400F00200E
:1012F0000246094B9A4201D2084801E006481038DC
:1013000001F000531BB1064B0B40C36002E0044BDD
:101310000B40836070470000106402400060024090
:101320007D0F7D0F21B1026842F00102026003E0EF
:10133000026822F00102026070470000016821F09B
:10134000010101600021016041608160C1600161B3
:10135000212141614A49884204D13D21484A103A3D
:1013600091608CE046491831884205D14FF4746190
:10137000434A103A916082E041493031884205D1B8
:101380004FF474113E4A103A916078E03C4948317C
:10139000884205D14FF07461394A103A91606EE08D
:1013A00037496031884204D13649354A103AD16014
:1013B00065E033497831884204D13349304A103AE4
:1013C000D1605CE02E499031884204D12F492C4AEB
:1013D000103AD16053E02A49A831884205D14FF034
:1013E0003D51274A103AD16049E02949884204D149
:1013F0003D21274A083A116041E0254918318842C9
:1014000005D14FF47461224A083A116037E020494F
:101410003031884205D14FF474111D4A083A1160E9
:101420002DE01B494831884205D14FF07461184ABC
:10143000083A116023E016496031884204D111490D
:10144000134A121F11601AE011497831884204D101
:101450000D490F4A121F116011E00D499031884269
:1014600004D10A490A4A121F116008E00849A8314C
:10147000884204D14FF03D51054A121F1160704758
:10148000106002403D000020400F002000003D2081
:1014900010640240014600200A6802F001020AB10D
:1014A000012000E00020704730B503460A460020C6
:1014B00000240B4DAB4201D20A4901E00849103922
:1014C00002F000550DB14C6800E00C68064D2C4050
:1014D00004EA02050DB1012000E0002030BD00004B
:1014E00010640240006002407D0F7D0F10B501F0D6
:1014F00080034BB122B1436943F08003436103E0B1
:10150000436923F08003436180290BD02AB103682B
:1015100001F01E042343036004E0036801F01E048D
:10152000A343036010BD000010B500220268134BF6
:101530001A40CC680B6823434C6923438C692343CE
:10154000CC6923430C6A23434C6A23438C6A2343AC
:101550004C6B23438C6B23431A430260426922F095
:101560000702D1E90B3423431A4342610B694360FC
:101570004B6883608B68C36010BD00003F801CF027
:1015800000B591B00121480503F03EFF2148FFF767
:10159000D5FE00BF1F48FFF77DFF0028FAD14FF0AE
:1015A000006002901C4803901C48049000200590A5
:1015B00040F206700690002007904FF4806008907B
:1015C000002009900A900B904FF480300C9000207E
:1015D0000D900E900F90109002A90E48FFF7A4FFF7
:1015E000012210210B48FFF781FF10208DF8040025
:1015F00000208DF805008DF8060001208DF8070009
:1016000001A803F0D7FD01210248FFF78BFE11B0BE
:1016100000BD00008860024004440040D40800205F
:10162000416070477047000070B504460D460020C9
:101630000D4908600D49086068210D48FEF76DFEF0
:101640000C48046000F0CDFF0B49086060210B4896
:10165000FEF763FE40210A48FEF75FFE2821094895
:10166000FEF75BFE70BD000094000020900000209B
:10167000A81700208C0000208800002050190020AE
:10168000B0190020F019002030B502460B464FF685
:10169000FF7017E012F8015B80EA052000210FE0DF
:1016A00000F400442CB141F2210484EA4004A4B2C5
:1016B00003E04FF6FF7404EA400420464C1CE1B2FC
:1016C0000829EDDB1C1EA3F10105ABB2E2D130BD50
:1016D00010B5B0B0044664A12046FEF73AFE20B132
:1016E00063A12046FEF735FE90B9A079312801D1DB
:1016F000012000E000206049087022465FA102A896
:1017000005F09AF802A803F097FF012030B010BD51
:101710005CA12046FEF71DFE70B9002001215BA3ED
:1017200060A2CDE90010644902A805F085F802A87E
:1017300003F082FF0120E9E760A12046FEF709FEE1
:1017400078B960480078032804D05FA000F03EFD1F
:101750000120DBE700F00CF95EA003F06DFF012033
:10176000D4E708225EA12046FEF701FE20BB2FA988
:1017700004F1080007F074F908B12F9820B95BA0B4
:1017800000F024FD0120C1E7FFF702FA5B492F9822
:10179000086007F031F8002059490860594908707D
:1017A0005949087059A102A82F9A05F045F802A8D6
:1017B00003F042FF0120A9E7052259A12046FEF7C8
:1017C000D6FD10BB2FA9601D07F04AF910B12F9864
:1017D000032804D954A000F0F9FC012096E7FFF794
:1017E000D7F938492F98087007F006F800204649C5
:1017F0000870444908704FA102A82F9A05F01CF800
:1018000002A803F019FF012080E705224DA1204620
:10181000FEF7ADFD30BB2FA9601D07F021F938B1EF
:101820002F9828B12F980A2802D83648007820B17E
:1018300046A000F0CBFC012068E747492F980870CC
:1018400000203149087045480068401C4349086041
:1018500043A102A82F9A04F0EFFF02A803F0ECFEC8
:10186000012053E7002051E764726976652030005B
:1018700064726976652031007C0100204F4B202581
:10188000730D0A00696E666F0000000073686132B4
:1018900035362D3935663666303830626138363047
:1018A00036383100726332362D6D61736B33312DF2
:1018B00076322E3100000000AC9C0008676574632E
:1018C0006667000044000020455252206D6F646539
:1018D0000D0A00004F4B206765746366670D0A00B0
:1018E00073657373696F6E200000000045525220CB
:1018F00073657373696F6E0D0A0000004C00002061
:1019000070000020A00000209F0000204F4B20739B
:10191000657373696F6E20256C750D0A00000000F9
:1019200074656C65200000004552522074656C653A
:101930000D0A00004F4B2074656C6520256C750DF9
:101940000A000000726174652000000045525220B8
:10195000726174650D0A00004500002048000020F7
:101960004F4B207261746520256C750D0A000000D4
:1019700038B5002408E00B4800EB84026946204695
:1019800004F076FC601CC4B2102CF4DB0120064984
:10199000087000200549087005480068401C04498B
:1019A000086038BD10180020A0000020A100002011
:1019B000A400002070B52DED088B0446B0EE408ADF
:1019C0000E4615469FED640AF0EE408A0020307006
:1019D00028701A2C0DDA9FED610AB4EEC08AF1EE80
:1019E00010FA06D89FED5E0AB4EEC08AF1EE10FA46
:1019F00003DA0020BDEC088B70BD022C16D1B5EEC9
:101A0000C08AF1EE10FA0FD3B2EE020AB4EEC08A29
:101A1000F1EE10FA08DCBDEEC80AB8EEC00AB4EE6A
:101A2000408AF1EE10FA01D00020E3E7142C0DD12A
:101A3000B5EEC08AF1EE10FA08D0B7EE000AB4EEA7
:101A4000408AF1EE10FA01D00020D3E71CB99FEDD7
:101A5000450AF0EE408A032C05D0052C03D0072C54
:101A600001D0082C03D1B3EE0E0AF0EE408A042C0C
:101A700001D0062C03D19FED3C0AF0EE408AF5EE32
:101A8000C08AF1EE10FA08D1122C06D0B5EEC08A49
:101A9000F1EE10FA01D20020ACE701203070F5EE33
:101AA000C08AF1EE10FA14D0B4EEE88AF1EE10FA22
:101AB00002DDB0EE688A2870B1EE680AB4EEC08A22
:101AC000F1EE10FA05D2B1EE680AB0EE408A0120BC
:101AD0002870264830F8140000EE100AB8EE400ACC
:101AE00020EE089A9FED220AB4EEC09AF1EE10FAA9
:101AF00004DD0120287047F6FF707BE79FED1D0A8B
:101B0000B4EEC09AF1EE10FA03D2012028701A4800
:101B100070E719EE100AFEF7A6FD41EC1B0BB5EEBF
:101B2000C09AF1EE10FA02DB9FED141B01E09FED6D
:101B3000151BB0EE410AF0EE610A53EC102B51EC8C
:101B40001B0BFEF75BFC41EC1A0B51EC1A0BFEF77A
:101B50006BFD00B24EE7000000000000FFFF7F7F3A
:101B6000FFFF7FFF000016440060EA46C4920008B1
:101B700000FEFF46000000C70080FFFF00000000DD
:101B80000000E03F000000000000E0BF1A281BDA60
:101B90000E4A02EB800282ED000A012282400C4BC9
:101BA0001B681A430A4B1A6039B101228240094B63
:101BB0001B681A43074B1A6006E001228240054B5E
:101BC0001B689343034A136070470000A817002066
:101BD000940000209000002070B504460D46102DA2
:101BE0001CDB2078AA2819D16078552816D1A07856
:101BF000022813D10A4801680068401C084B18608D
:101C0000A01D06F075FF281F81B2A01CFFF73CFD48
:101C100006466119881E314606F066FF70BD000059
:101C20007000002070B505460E462C461E488542C1
:101C30000FD1D4ED000AB0EE600A31460320FFF761
:101C4000A5FFD4ED010AB0EE600A31460420FFF78B
:101C50009DFF164885420FD1D4ED000AB0EE600A10
:101C600031460520FFF792FFD4ED010AB0EE600A7D
:101C700031460620FFF78AFF0D48854207D1D4ED93
:101C8000000AB0EE600A31460720FFF77FFF0948DF
:101C9000854207D1D4ED000AB0EE600A3146082033
:101CA000FFF774FF70BD00001C010020340100200C
:101CB0003C0100204401002030B50446F0EE400A0B
:101CC0000D462946B0EE600A2046FFF75FFF01206F
:101CD000A0400349096881430148016030BD00000C
:101CE0009400002008B50121102003F09DFB002086
:101CF000104908805320088540F2E730C86201206F
:101D00008882002008820C490860012009498881E6
:101D100036208DF8000000208DF8010001208DF89C
:101D200002008DF80300684603F044FA01200149DF
:101D3000088008BD001000406C00002010B500F0C5
:101D400050FC0649086000F045FC0549086005485C
:101D50000068401C0349086010BD000058000020C6
:101D600054000020500000202DE9F04105460E46A9
:101D7000174637480068401C35490860804635489A
:101D80000078032802D13448006808B9BDE8F08122
:101D90003248006832490968401A402805D3314862
:101DA0000068401C2F490860F0E72C48006800F0EC
:101DB0003F0000EBC0002C4901EB8004C4F8008018
:101DC0002A480068606000F00CFCA060A5814FF01C
:101DD0008040406BE081264890ED000A84ED040AC3
:101DE000244890ED000A84ED050A234890ED000A8E
:101DF00084ED060A214890ED000A84ED070A0EB131
:101E0000012000E000200FB1022100E00021084382
:101E10001B49097809B1042100E000210843194950
:101E2000097809B1082100E0002108431649098812
:101E300009B1102100E0002108432062BFF35F8F49
:101E400006480068401C0549086000BF9EE7000086
:101E5000B8000020440000204C000020B00000200A
:101E6000B4000020BC000020181A00204800002008
:101E70009C01002080010020A8000020AC00002070
:101E80008C0100208D0100209801002070B52DEDFF
:101E9000028B05460C46B0EE408A1448007818B90B
:101EA000FEF7A8FE022803DA0020BDEC028B70BD0D
:101EB0000F480078032808D1D4ED000AB0EE600A7C
:101EC000F0EE480A284605F075FC04F0E1FC0646F1
:101ED00072B684ED008A07480068401C0549086016
:101EE000304604F042FE0120DFE70000A0000020A1
:101EF00044000020480000202DE9F043A1B000F08C
:101F000069FB06468024FFF76BF800F0FFFB10B971
:101F100021B0BDE8F08305F0AFFA5F4800780328F0
:101F20002CD1FEF767FE032828DB5C4800785C496B
:101F3000097888420ED05A4802785AA101A804F0C4
:101F40007BFC01A9032006F013FE55480078534995
:101F5000087013E0594800685949096888420DD053
:101F60005748026857A101A804F066FC01A90420A3
:101F700006F0FEFD52480068504908604648007867
:101F800003280BD154480068301A4549097809B133
:101F9000C82101E04FF47A71884202D206F044FB76
:101FA000B6E704F075FC814672B64C48D0F8008064
:101FB0004B480768484604F0D8FD3948007808B116
:101FC00044F001044748007810B14748007808B948
:101FD00044F002043A48006808B144F0040443485D
:101FE000007808B144F008040FB144F020043D48E3
:101FF000007808B144F04004119617B1A6EB080030
:1020000000E0002012903748007818B13848006886
:10201000301A00E00020139014973648006815909D
:1020200035480068169035480068179034480068B5
:10203000189000201990334800681A9020480068D2
:102040001B90314800681C9000201D902F480068AC
:102050001E901F944FF48B5020905021022005F0C9
:10206000F3FB002509E011AA52F82510284A02EBDB
:10207000850006F03DFD681CC5B2102DF3DB022281
:10208000502123480E38FEF7EDFD08B112480660D6
:1020900006F0CAFA00BF3BE744000020C40000205D
:1020A0008D0100206D6F746F725F73746F705F6C61
:1020B0006174636865643D2575000000C8000020F8
:1020C000D400002074785F64726F705F746F746105
:1020D0006C3D256C75000000980000205400002025
:1020E000500000209D0000209E000020A000002045
:1020F00080000020740000206000002064000020A8
:10210000680000205C0000208400002048000020BF
:102110005E180020F0B50146002208794F7940EAA8
:10212000072491F82A0091F82B7040EA07252648E9
:10213000006B401C244F3863002312E0C85C42400F
:1021400000260AE002F0800008B14D2000E00020E7
:1021500080EA4200C2B2701CC6B2082EF2DB581CE4
:1021600083B22E2BEADB91F82E00904204D0164861
:10217000406B401C144F786348782C2804D01248D8
:10218000806B401C104FB86348F6A040844201DACF
:10219000854204DB0C48C06B401C0B4FF863087889
:1021A00054280ED148782C280BD148F6A040844200
:1021B00007DA854205DA91F82E00904201D101201C
:1021C000F0BD0020FCE700005019002010B50446C7
:1021D00007480078032807D1FEF70CFD022803DB2F
:1021E0002146022006F0C4FC204603F025FA10BD6B
:1021F000440000202DE9FF4F89B006468B469946E2
:1022000000F0EFF9074600F0E5F98246002008905B
:10221000D2480568D248D0F8008000200690D14806
:102220000068401CCF490860CF4880F80090CF4834
:10223000007870B1CE480068AAEB0000CD49884212
:1022400007D2CD480068381A069045F0804548F01E
:102250008048C9480760C648C0F800A00120C349AB
:102260000870B9F1000F05D0C448C0F800A00120E3
:10227000C3490870C3480068381AC34909688842CE
:1022800004D9C0480068381ABF490860092E01DC2B
:10229000012010E00B2E01D105200CE00C2E09D1FD
:1022A000BA48006840F2A551884201D9032002E0F3
:1022B000042000E002200390B448006800EE900A79
:1022C000F8EE600AB0EE600A01210846FFF75EFCF6
:1022D000092E10DCAE48D0ED0B0AB0EE600A0121E9
:1022E0000020FFF753FC012100EE106AB8EE400A0F
:1022F0000220FFF74BFC04F0CBFA079072B60121E5
:10230000A44890ED000A1220FFF740FC0121A248EA
:1023100090ED000A1320FFF739FCA048007808B1BF
:10232000032005E09E48007808B1022000E001206B
:102330000290079804F019FC9A4890ED000A9A4818
:1023400080ED030A974890ED010A974880ED040A52
:10235000964890ED000A944880ED050A934890ED68
:10236000010A914880ED060A914890ED000A8E48D6
:1023700080ED070A8F4890ED000A8B4880ED080A2F
:102380007648006805437648006848EA000845F04A
:10239000405548F04058BBF1000F03D045F0406570
:1023A00048F040680398022803D183480068401C25
:1023B00000E000208049086080480078401CC0B2DE
:1023C0007E4908707E490978884202DA0DB0BDE87E
:1023D000F08F0020794908707A480078022800DAE6
:1023E000F4E76C21012005F02FFA00242FE06E485D
:1023F00000EB8400D0ED000AB0EE600A04AA05A943
:102400002046FFF7D7FA01909DF8140010B901207B
:10241000A04085439DF8100040B10120A040284015
:1024200020B10120A0400899084308900122A24051
:102430002A4012B1019A92B200E000221146624A8B
:10244000022303FB042006F04FFB601CC4B21A2CCD
:10245000CDDB5C480078022827D100200090342290
:102460005949A1F10A00FDF731FF012056490E3903
:1024700088703C480078C870042408E052480E3840
:10248000015D00980844C0B20090601CC4B2382CB2
:10249000F4DB4D490E39009881F8380000223921CB
:1024A00049480E38FEF7DEFB90E72E4801684648A3
:1024B000343006F01DFB454801684348383006F0CB
:1024C00017FB514640483C3006F012FB3E48403076
:1024D000069906F00DFB29463B48443006F008FB00
:1024E00041463948483006F003FB37484C300899DC
:1024F00006F0FEFA34490E39039881F85E0002981E
:1025000081F85F00012081F86000022081F86100FD
:102510002F4801682C48543006F0EAFA59462A48F8
:10252000583006F0E1FABBF1000F01D00B9800E043
:102530000020014624485A3006F0D6FA01226C21C8
:1025400021480E38FEF78EFB0E490968781A4A4674
:10255000039905F08BF800BF38E7000090000020D9
:1025600094000020740000209E0000209C000020A9
:102570007C00002037894100780000208000002086
:102580009D000020880000208400002034040040CA
:1025900060CF00209C010020800100208D010020E0
:1025A0008C0100201C010020A8170020340100200D
:1025B0003C01002044010020C00000209F000020BA
:1025C00045000020440000205E1800208C00002000
:1025D000480000201CB5694601A804F02DFF0198B1
:1025E0001CBD1CB5694601A804F026FF019800EB4C
:1025F0004001C1EBC010BDF8001001EBC0001CBDD4
:1026000010B503F059FA10BDF0B50A4600210023B9
:10261000002400BF3DE0012505FA01F3156805EA35
:1026200003049C4234D105684F000326BE40B543E5
:10263000056015794E00B54006683543056015798B
:10264000012D02D01579022D16D185684F00032681
:10265000BE40B543856055794E00B5408668354328
:102660008560456801268E40B5434560456896798A
:102670008E40B6B235434560C5684F000326BE4064
:10268000B543C560D5794E00B540C6683543C560D1
:10269000491C1029BFD3F0BDF0B5002300244D071D
:1026A000ED0E02FA05F3CE1000F1200555F8265084
:1026B0004E07F70E0F26BE40B543CF1000F120069F
:1026C00046F82750CE1000F1200555F8265045EA6F
:1026D0000304CE1000F1200545F82640F0BD024667
:1026E000002013690B400BB1012000E0002070476F
:1026F00041837047018370474FF6FF7101600021ED
:10270000017141718171C171704700000148007809
:10271000704700003E00002070B52DED048B30485E
:1027200003F062FB86B22F480088301A2E490880D9
:102730002C48068008460088B0F5004F02DA0846AB
:10274000008803E028480088A0F5803005B200EE3C
:10275000105AB8EEC00A254880ED000A002415E0A2
:102760002349601C31F8100021F81400084630F9A4
:10277000140000EE100AB8EEC00A1C48D0ED000AA2
:1027800030EE200A80ED000A601C84B2042CE7DBE6
:10279000174820F81450154890ED000AF1EE040A8D
:1027A00080EE201A80ED001A90ED000ADFED110A8C
:1027B00020EE200A10EE101A0846FDF754FF41ECF7
:1027C000190B9FED0D0B53EC102BFDF7BEFE41ECEA
:1027D000180BFDF78BFF0A490860BDEC048B70BD38
:1027E00000080040AC010020A8010020A401002046
:1027F000FCCF00200000C842000000000030714003
:102800009C01002000BFFEE72DE9F0472DED048B71
:1028100080468A469146002496480068401C9549A7
:1028200008600020944908809448006940F0400006
:1028300092490861601E48644FF4C8514046FDF754
:102840006CFDB9F1000F09D18D480068401C8C491E
:1028500008600020BDEC048BBDE8F0870025F8E09F
:102860008848008820B91AF80500542800D0EEE006
:102870001AF80510834802880088401C814B188094
:1028800081488154184600882F2800DADFE07E480E
:10289000FFF740FC002873D07848406C401C38B9E2
:1028A0002E2D02DBA5F12E0000E0002073494864C4
:1028B000754880787449C97840EA012073490880D6
:1028C000714800797049497940EA012000EE100A08
:1028D000B8EEC00ADFED6E0AC0EE208A6A4890F8B2
:1028E0002A00694991F82B1040EA012000EE100AF5
:1028F000B8EEC00ADFED660A80EE201AB0EE419A0B
:10290000B4EEE89AF1EE10FA05D29FED620A39EEC4
:10291000000AB0EE409A00266DE006EB4600801DEE
:102920005949095C06EB4600C01D574A105C41EA54
:10293000002000EE100AB8EEC00A08EBC40080EDDB
:10294000010A79EE680A00EE106AB8EE400A60EEFD
:10295000800AB2EE061A80EE810A30EE280AB0EE46
:10296000408A9FED4C0A30EE480ADFED4B0A30EE0C
:10297000200ADFED4A0A30EE200AB0EE408A06E077
:1029800042E09FED440A38EE400AB0EE408A9FEDE7
:10299000410AB4EEC08AF1EE10FAF2DA05E09FEDDA
:1029A0003D0A38EE000AB0EE408AB5EEC08AF1EE7C
:1029B00010FAF4D308EBC40080ED008A08EBC400E1
:1029C00090ED010AB5EEC00AF1EE10FA0FDDB3EE9C
:1029D0000E0AC8EE000ABCEEE00A10EE100A012151
:1029E00001FA00F02549896C084324498864701C69
:1029F00086B2601C84B20C2E02DAB4F5487F8CDB00
:102A000000202049088021E025480068401C244916
:102A100008601A48006C401C18490864012701E04E
:102A2000781C87B22F2F03DA1748C05D5428F7D1DE
:102A3000C7F12F00134908800846008830B11248BA
:102A4000C119104802881048FDF740FC00BF681CFF
:102A500085B24D45FFF604AF3CB9B9F12F0F04DB49
:102A600010480068401C0F49086003480480204655
:102A7000F0E60000E0000020F000002050190020E7
:102A8000E8000020F2000020105C0020DE000020A2
:102A90000000C8420000B4430000B442000000003F
:102AA000EC000020E40000202DE9F0412DED0C8B1E
:102AB00005460E4600279FED770AB0EE409A9FED3F
:102AC000760AF0EE409A9FED750AB0EE40AA002417
:102AD00038E005EBC40090ED000ADFED6E0AB4EEBD
:102AE000E00AF1EE10FA20D805EBC40090ED000AE0
:102AF000DFED690AB4EEE00AF1EE10FA15DB05EB42
:102B0000C40090ED010ADFED630AB4EEE00AF1EED5
:102B100010FA0AD805EBC40090ED010ADFED5E0A59
:102B2000B4EEE00AF1EE10FA00DA09E03846791C5A
:102B30008FB205EBC00005EBC40206CA06C000BF99
:102B4000601C84B2B442C4DB3E46032E04DA304635
:102B5000BDEC0C8BBDE8F08100241FE005EBC40048
:102B600090ED000AB4EEC90AF1EE10FA05D205EBB9
:102B7000C40090ED000AB0EE409A05EBC40090ED61
:102B8000000AB4EEE90AF1EE10FA05DD05EBC40027
:102B900090ED000AF0EE409A601C84B2B442DDDB96
:102BA00039EEC90AF1EE040A60EE200A00EE106A5E
:102BB000B8EE400A80EE808AB3EE040AB4EEC08A12
:102BC000F1EE10FA03D2B3EE040AB0EE408A00240C
:102BD00000275BE005EBC400D0ED008AECB3601C7D
:102BE000B04246D018EE100AFDF73DFD41EC1B0B3C
:102BF00038EECA0A10EE101A0846FDF734FD41EC13
:102C00001D0BB0EE4D0AF0EE6D0A03F06DFFB0EE55
:102C100040CAF0EE60CA53EC1B2B51EC1C0BFDF7C5
:102C200035FD26D918EE100AFDF71DFD41EC1B0BF2
:102C3000601C05EBC00090ED000A38EEC00A10EEF3
:102C4000101A0846FDF70FFD41EC1D0BB0EE4D0AC2
:102C5000F0EE6D0A03F048FF00E00AE0B0EE40CA73
:102C6000F0EE60CA53EC1B2B51EC1C0BFDF70EFD74
:102C700008D83846791C8FB205EBC00005EBC402BA
:102C800006CA06C0B0EE68AA601C84B2B442A1DBDA
:102C900038465DE7FFFF7F7FFFFF7FFF00000000FA
:102CA00030B503469FED2E0AB0EE402A9FED2D0A67
:102CB000B0EE401A9FED2C0AF0EE401A00242B4D86
:102CC0002C708A4205DD541A022C02DBB2F5C87F53
:102CD00002DD9FED250A30BD084628E003EBC00465
:102CE000D4ED000A9FED1E0AF4EEC00AF1EE10FAD0
:102CF00006D89FED1C0AF4EEC00AF1EE10FA02DAD3
:102D00009FED190AE7E7F4EEC20AF1EE10FA01D2DC
:102D1000B0EE602AF4EEC10AF1EE10FA01DDB0EE79
:102D2000601A31EEA00AF0EE401A441CA0B29042A4
:102D3000D4DB31EE420AF2EE042AB4EEE20AF1EEFE
:102D400010FA0AD20124094D2C70541A00EE104AD0
:102D5000F8EEC02A81EEA20ABDE79FED030ABAE7AA
:102D6000FFFF7F7FFFFF7FFF0000000018010020B2
:102D70002DE9F0412DED028B06460D461746002445
:102D800038E005EBC40090ED000ADFED1D0A20EEEF
:102D9000200ADFED1C0A80EE201AB0EE418AB0EE68
:102DA000480AFDF70DFA05EBC400D0ED010A20EE4C
:102DB000200A06EBC40080ED000A05EBC40090ED8C
:102DC000000ADFED0F0A20EE200ADFED0E0A80EE8A
:102DD000201AB0EE418AB0EE480AFDF72DFA05EB55
:102DE000C400D0ED010A20EE200A06EBC40080EDFD
:102DF000010A641CBC42C4DBBDEC028BBDE8F0815F
:102E0000DB0F4940000034432DE9F04F2DED048BDA
:102E1000DBB081460D4693460026002405E04FF0C6
:102E2000FF302DF81400601C84B2B42CF7DD0024B0
:102E300051E005EBC40090ED010ADFED880AB4EE25
:102E4000E00AF1EE10FA1ED305EBC40090ED010A82
:102E5000DFED830AB4EEE00AF1EE10FA13DC05EBC5
:102E6000C40090ED000AB5EEC00AF1EE10FA0AD3E4
:102E700005EBC40090ED000ADFED7A0AB4EEE00A3B
:102E8000F1EE10FA00DD24E005EBC40090ED000A3D
:102E9000F6EE000A30EE200ABCEEC00A10EE100A70
:102EA0001FFA80FA3DF91A0000280EDB05EBC4007A
:102EB00090ED010A3DF91A0005EBC000D0ED010AC2
:102EC000B4EEE00AF1EE10FA02D220B22DF81A00A8
:102ED00000BF601C84B25C45ABDB9FED630A6348B6
:102EE00080ED000A00248DE03DF91470C4F1B400B7
:102EF0003DF91080002F02DBB8F1000F00DA7FE00F
:102F000005EBC70090ED000ADFED590A20EE200A1C
:102F1000DFED540A80EE201AB0EE419AB0EE490A75
:102F2000FDF74EF905EBC700D0ED010A60EE209ADF
:102F300005EBC80090ED000ADFED4D0A20EE200AF7
:102F4000DFED480A80EE201AB0EE419AB0EE490A51
:102F5000FDF736F905EBC800D0ED010A40EE809A86
:102F6000B0EE000AC9EE808A05EBC70090ED000ABA
:102F7000DFED3F0A20EE200ADFED3A0A80EE201A4C
:102F8000B0EE419AB0EE490AFDF756F905EBC700DD
:102F9000D0ED010A60EE209A05EBC80090ED000A22
:102FA000DFED330A20EE200ADFED2E0A80EE201A34
:102FB000B0EE419AB0EE490AFDF73EF905EBC800C4
:102FC000D0ED010A40EE809AB0EE000A89EE808AC8
:102FD000B5EEC08AF1EE10FA11DB9FED260AB4EED1
:102FE000C08AF1EE10FA0AD809EBC600C0ED008ADB
:102FF0003046711C8EB209EBC00080ED018A00BF23
:10300000601C84B24B2C7FF76FAF31464846FFF708
:103010004BFD064600240CE009EBC40090ED000ACD
:103020001248D0ED000A30EE200A80ED000A601C44
:1030300084B2B442F0DB56B10C48D0ED000A00EE89
:10304000106AB8EE400A80EE801A80ED001A304611
:103050005BB0BDEC048BBDE8F08F00000000C842FF
:103060000000FA440000344300000000000100208A
:10307000DB0F4940000048442DE9F0472DED0E8B51
:1030800082B005460F4691460026B2469FEDEC0AF7
:10309000B0EE408A9FEDEB0AF0EE408A9FEDE90A20
:1030A000F0EE40AA9FEDE70AB0EE409A9FEDE60AE7
:1030B000F0EE409A9FEDE40AB0EE40DA9FEDE20AAE
:1030C000B0EE40AA9FEDE10AF0EE40DA9FEDE00A93
:1030D000B0EE408A92E0002486E007EBC40090ED59
:1030E000000A30EE480A10EE101A0846FDF7BBFA47
:1030F00041EC1C0BB0EE4C0AF0EE6C0A03F0F4FC51
:10310000B0EE40BAF0EE60BA9FEDD20B53EC102B4C
:1031100051EC1B0BFDF7BAFA64D807EBC40090ED35
:10312000000ADFEDCE0A20EE200ADFEDCD0A80EEA8
:10313000201AB0EE41BAB0EE4B0AFDF77DF807EB6E
:10314000C400D0ED010A20EE200ADFEDC60AB4EE7D
:10315000E00AF1EE10FA45D807EBC40090ED010A41
:10316000DFEDC10AB4EEE00AF1EE10FA3ADB07EB4C
:10317000C40090ED000ADFEDB90A20EE200ADFED71
:10318000B80A80EE201AB0EE41BAB0EE4B0AFDF755
:1031900017F807EBC400D0ED010A20EE200A05EB7A
:1031A000C60080ED000A07EBC40090ED000ADFEDD9
:1031B000AB0A20EE200ADFEDAA0A80EE201AB0EE5C
:1031C00041BAB0EE4B0AFDF737F807EBC400D0ED7B
:1031D000010A20EE200A05EBC60080ED010A701CF2
:1031E00086B204E0601C84B24C45FFF676AF00BFA7
:1031F000B7EE000A38EE000AB0EE408A9FED9B0A57
:10320000B4EEC08AF1EE10FA7FF665AF062E05DA4D
:10321000304602B0BDEC0E8BBDE8F087721E6B46E7
:103220000121284601F0C0FE9DED000AB5EEC00A5E
:10323000F1EE10FA03DD3146284605F065FC002466
:103240001FE005EBC40090ED010AB4EEE80AF1EED0
:1032500010FA05DD05EBC40090ED010AF0EE408A9E
:1032600005EBC40090ED010AB4EEE90AF1EE10FAA4
:1032700005D205EBC40090ED010AF0EE409A601C07
:1032800084B2B442DDDB002431E005EBC40090EDF4
:10329000010AB4EEEA0AF1EE10FA0EDD05EBC40005
:1032A00090ED010AB4EE680AF1EE10FA05D005EBD4
:1032B000C40090ED010AF0EE40AA05EBC40090EDC9
:1032C000010AB4EECD0AF1EE10FA0ED205EBC400FD
:1032D00090ED010AB4EE690AF1EE10FA05D005EBA3
:1032E000C40090ED010AB0EE40DA601C84B2B44232
:1032F000CBDB002443E005EBC40090ED010AB4EE03
:10330000C90AF1EE10FA17DD05EBC40090ED010AD1
:10331000B4EE680AF1EE10FA0ED005EBC40090EDA1
:10332000010AB4EE6A0AF1EE10FA05D005EBC4000A
:1033300090ED010AB0EE409A05EBC40090ED010A51
:10334000B4EECA0AF1EE10FA17D205EBC40090ED04
:10335000010AB4EE690AF1EE10FA0ED005EBC400D2
:1033600090ED010AB4EE4D0AF1EE10FA05D005EB2E
:10337000C40090ED010AB0EE40AA601C84B2B442D1
:10338000B9DBB4EECA9AF1EE10FA01D8304640E744
:1033900079EE4A0A301F00EE100AB8EEC00A80EE3D
:1033A000801AF0EE41DA0024A04643E0B1EE040AB0
:1033B0002DEE800A10EE101A0846FDF754F941EC84
:1033C0001B0B05EBC40090ED010A601C05EBC0006F
:1033D000D0ED010A30EE600A10EE101A0846FDF733
:1033E00042F941EC1C0BB0EE4C0AF0EE6C0A03F013
:1033F0007BFBB0EE40EAF0EE60EA53EC1B2B51ECA5
:103400001E0BFDF743F913D805EBC40090ED000A3D
:1034100005EBC80080ED000A05EBC40090ED010A41
:1034200005EBC80080ED010A08F101001FFA80F8E1
:10343000601C84B2701EA042B8DC4046E9E6000081
:103440000000704200007AC500007A4500000000CC
:1034500000008C42000000000000F03FDB0F4940FC
:10346000000034430000FA44000048430000DC42FE
:103470002DE9F0472DED0E8B07460D469046B0EE38
:10348000408AF0EE608A0026B1469FED5D0AB0EEFC
:1034900040BA9FED5B0AF0EE40BA9FED590AB0EEDC
:1034A00040CA9FED580AF0EE40CA9FED560AB0EEB2
:1034B00040DA9FED540AF0EE40DA9FED530AB0EE89
:1034C00040EA92E0002486E005EBC40090ED000A9B
:1034D00030EE480A10EE101A0846FDF7C4F841EC29
:1034E0001A0BB0EE4A0AF0EE6A0A03F0FDFAB0EEEB
:1034F000409AF0EE609A9FED450B53EC102B51EC87
:10350000190BFDF7C3F864D805EBC40090ED000A71
:10351000DFED400A20EE200ADFED3F0A80EE201AA0
:10352000B0EE419AB0EE490AFCF786FE05EBC40006
:10353000D0ED010A20EE200ADFED380AB4EEE00AF1
:10354000F1EE10FA45D805EBC40090ED010ADFED6D
:10355000340AB4EEE00AF1EE10FA3ADB05EBC400EF
:1035600090ED000ADFED2B0A20EE200ADFED2A0A9B
:1035700080EE201AB0EE419AB0EE490AFCF720FE28
:1035800005EBC400D0ED010A20EE200A07EBC600CF
:1035900080ED000A05EBC40090ED000ADFED1D0A86
:1035A00020EE200ADFED1C0A80EE201AB0EE419AD0
:1035B000B0EE490AFCF740FE05EBC400D0ED010A6D
:1035C00020EE200A07EBC60080ED010A701C86B2CF
:1035D00004E0601C84B24445FFF676AF00BFB7EE4E
:1035E000000A38EE000AB0EE408AB4EEE88AF1EE46
:1035F00010FA7FF667AF3046BDEC0E8BBDE8F08762
:1036000000007AC500007A450000000000000000BC
:103610000000F03FDB0F4940000034430000FA4453
:103620000000484370B52DED068B05460E4600247C
:103630009FED700AB0EE408A0324D5E005EBC4008C
:1036400090ED000ADFED6C0AB4EEE00AF1EE10FA3C
:103650007EDB05EBC40090ED010A601C05EBC000A9
:10366000D0ED010A30EE600A10EE101A0846FCF7A1
:10367000FAFF41EC1A0BB0EE4A0AF0EE6A0A03F0C8
:1036800033FAB0EE409AF0EE609A9FED5C0B53EC8B
:10369000102B51EC190BFDF711F859D8601E05EBF2
:1036A000C00090ED010AA01C05EBC000D0ED010A9E
:1036B00030EE600A10EE101A0846FCF7D4FF41EC19
:1036C0001A0BB0EE4A0AF0EE6A0A03F00DFAB0EEF9
:1036D000409AF0EE609A9FED490B53EC102B51ECA1
:1036E000190BFCF7EBFF7DD8A01E05EBC00090ED99
:1036F000010AE01C05EBC000D0ED010A30EE600AC3
:1037000010EE101A0846FCF7AEFF41EC1A0BB0EEB3
:103710004A0AF0EE6A0A03F0E7F9B0EE409AF0EEDA
:10372000609A9FED360B53EC102B51EC190BFCF704
:10373000C5FF57D805EBC40090ED010AA01C05EBAE
:10374000C000D0ED010AB4EEE00AF1EE10FA00E09C
:1037500048E01CDDA01C05EBC00090ED000ADFED89
:10376000290A20EE200ADFED280A80EE201AF0EE6A
:10377000418AB0EE680AFCF75FFDA01C05EBC000B3
:10378000D0ED010A20EE200AB0EE408A1BE0601E58
:1037900005EBC00090ED000ADFED1A0A20EE200ACA
:1037A000DFED190A80EE201AF0EE418AB0EE680AC9
:1037B000FCF742FD601E05EBC000D0ED010A20EED3
:1037C000200AB0EE408A9FED110AB4EEC08AF1EEF5
:1037D00010FA07D2BCEEC80A10EE100A80B2BDEC97
:1037E000068B70BD601C84B2301FA0423FF726AF2D
:1037F0000020F4E7000000000000C84200000000C4
:1038000000007940DB0F49400000344300007A4457
:1038100070B52DED068B05460E4600249FED710A0E
:10382000B0EE408A0324D6E005EBC40090ED000A18
:10383000DFED6D0AB4EEE00AF1EE10FA7DD805EB8B
:10384000C40090ED010A601C05EBC000D0ED010A38
:1038500030EE600A10EE101A0846FCF704FF41EC47
:103860001A0BB0EE4A0AF0EE6A0A03F03DF9B0EE28
:10387000409AF0EE609A9FED5D0B53EC102B51ECEB
:10388000190BFCF71BFF58D8601E05EBC00090ED2C
:10389000010AA01C05EBC000D0ED010A30EE600A61
:1038A00010EE101A0846FCF7DEFE41EC1A0BB0EEE3
:1038B0004A0AF0EE6A0A03F017F9B0EE409AF0EE09
:1038C000609A9FED4A0B53EC102B51EC190BFCF74F
:1038D000F5FE7ED8A01E05EBC00090ED010AE01CAD
:1038E00005EBC000D0ED010A30EE600A10EE101AB0
:1038F0000846FCF7B8FE41EC1A0BB0EE4A0AF0EEAF
:103900006A0A03F0F1F8B0EE409AF0EE609A9FED8B
:10391000370B53EC102B51EC190BFCF7CFFE58D89A
:10392000601E05EBC00090ED010AA01C05EBC00075
:10393000D0ED010AB4EEE00A00E04AE0F1EE10FA40
:103940001CDDA01C05EBC00090ED000ADFED290A8C
:1039500020EE200ADFED280A80EE201AF0EE418AE0
:10396000B0EE680AFCF768FCA01C05EBC000D0EDC7
:10397000010A20EE200AB0EE408A1BE0601E05EB33
:10398000C00090ED000ADFED1B0A20EE200ADFEDFB
:103990001A0A80EE201AF0EE418AB0EE680AFCF7AF
:1039A0004BFC601E05EBC000D0ED010A20EE200AA2
:1039B000B0EE408A9FED110AB4EEC08AF1EE10FA23
:1039C00007D2BCEEC80A10EE100A80B2BDEC068B1E
:1039D00070BD601C84B2301FA0423FF725AF0020AD
:1039E000F4E70000000000000000A042000000001A
:1039F00000007940DB0F49400000344300007A4466
:103A00002DE9F0412DED0E8B04460F469FED700A17
:103A1000B0EE40EA9FED6E0AF0EE40AA9FED6C0A10
:103A2000F0EE409A9FED6A0AB0EE409A9FED680A68
:103A3000F0EE408A9FED660AF0EE40EA0025BEE017
:103A400004EBC50090ED000ADFED620AB4EEE00A77
:103A5000F1EE10FA70DB04EBC50090ED000ADFED2B
:103A60005E0AB4EEE00AF1EE10FA65D804EBC50088
:103A7000D0ED00DA9FED590A3DEE800AB0EE40AA83
:103A80009FED570AB4EEC0AAF1EE10FA05DB9FEDE8
:103A9000540A3AEE400AB0EE40AA00268AE004EB4F
:103AA000C60090ED000A30EE4A0A10EE101A0846E1
:103AB000FCF7D9FD41EC1C0BB0EE4C0AF0EE6C0AA1
:103AC00003F012F8B0EE40BAF0EE60BA51EC1B0B06
:103AD000FCF70CFE0DEE100A9FED400AB4EEC0DAC2
:103AE000F1EE10FA05DD9FED3E0A30EE4D0AB0EE24
:103AF00040DAB7EE000AB4EEC0DAF1EE10FA57D8A9
:103B000004EBC50090ED010A04EBC600D0ED010AFC
:103B100030EE208AB4EECE8AF1EE10FA0DD8F0EE37
:103B200068EAF0EE498AB0EE699AF0EE6A9AF0EE31
:103B30004EAAB0EE48EA3BE03FE0B4EEEA8AF1EE8E
:103B400010FA0AD8F0EE68EAF0EE498AB0EE699A07
:103B5000F0EE6A9AF0EE48AA2AE0B4EEE98AF1EEB5
:103B600010FA08D8F0EE68EAF0EE498AB0EE699AE9
:103B7000F0EE489A1CE0B4EEC98AF1EE10FA06D8CD
:103B8000F0EE68EAF0EE498AB0EE489A10E0B4EE42
:103B9000E88AF1EE10FA04D8F0EE68EAF0EE488A0E
:103BA00006E0B4EEEE8AF1EE10FA01D8F0EE48EA43
:103BB000701C86B2BE42FFF672AF681C85B2BD4271
:103BC000FFF63EAFB0EE6E0ABDEC0E8BBDE8F081A5
:103BD00000409C450000164300005243000034435F
:103BE0000000B4432DE9F04F2DED0C8B81B007465A
:103BF0004FF000094FF0FF3A4FF0FF3B9FEDFD0AF9
:103C0000B0EE409A2021FC48FCF787FB00248EE1AF
:103C10003946204604F002FE00B986E104EB440078
:103C2000F64901EBC0000069381A4FF47A71B0FB15
:103C3000F1F01FFA80F8F048C088404502DAEE48FB
:103C4000A0F80680462C06DB6E2C04DCEA480088CF
:103C5000401CE9490880692C1DDBB42C1BDCE648BC
:103C60004088401CE449488004EB4400E34901EBF0
:103C7000C0000069381A50450DD204EB440001EB36
:103C8000C0000069A7EB000A04EB440001EBC00090
:103C90000069D94988604B2C1BDCD7488088401CC0
:103CA000D549888004EB4400D44901EBC000006989
:103CB000381A58450DD204EB440001EBC0000069EE
:103CC000A7EB000B04EB440001EBC0000069CA49FC
:103CD000C86004EB4400C94901EBC000D0ED028A82
:103CE00004EB440001EBC00090ED038A9FEDC40A91
:103CF000B4EEC08AF1EE10FA52D39FEDC20AB4EED0
:103D0000C08AF1EE10FA4BDCBF48006800EE100AE2
:103D1000B8EE400ADFEDBD0A30EE600A10EE101A70
:103D20000846FCF7A0FC41EC1D0BB0EE4D0AF0EE8E
:103D30006D0A02F0D9FEB0EE40CAF0EE60CA9FED07
:103D4000B40B53EC102B51EC1C0BFCF7B7FC01D25D
:103D50004B2000E0002000EE100AB8EEC00ADFEDB4
:103D6000AE0A70EE209A19EE900AFCF77CFC41EC4A
:103D70001A0B18EE900AFCF776FC41EC1C0BB0EE27
:103D80004C0AF0EE6C0A02F0AFFEB0EE40BAF0EE74
:103D900060BA53EC1A2B51EC1B0BFCF78FFC00D2D2
:103DA000C3E09FED9E0AB4EEC08AF1EE10FA01D88E
:103DB000012000E000200090002C51DD611E88B23F
:103DC000394604F02BFDE8B3601E00EB40008B4A3F
:103DD00002EBC00090ED020A30EE680A10EE101AF5
:103DE0000846FCF740FC41EC1B0BB0EE4B0AF0EE32
:103DF0006B0A02F079FEB0EE40AAF0EE60AA9FEDE9
:103E0000880B53EC102B51EC1A0BFCF73FFC27D21C
:103E1000601E00EB4000794A02EBC00090ED030AFF
:103E200030EE480A10EE101A0846FCF71CFC41EC74
:103E30001B0BB0EE4B0AF0EE6B0A02F055FEB0EE33
:103E400040AA00E00CE0F0EE60AA9FED750B53EC89
:103E5000102B51EC1A0BFCF719FC01D20120009039
:103E6000B4F5B37F51DC611C88B2394604F0D6FC4E
:103E7000E8B3601C00EB4000604A02EBC00090ED2C
:103E8000020A30EE680A10EE101A0846FCF7EBFB47
:103E900041EC1B0BB0EE4B0AF0EE6B0A02F024FE75
:103EA000B0EE40AAF0EE60AA9FED5D0B53EC102B34
:103EB00051EC1A0BFCF7EAFB27D2601C00EB400028
:103EC0004E4A02EBC00090ED030A30EE480A10EEB5
:103ED000101A0846FCF7C7FB41EC1B0BB0EE4B0A6F
:103EE000F0EE6B0A02F000FEB0EE40AA00E00CE03B
:103EF000F0EE60AA9FED4A0B53EC102B51EC1A0B1D
:103F0000FCF7C4FB01D201200090009860B1B4EE30
:103F1000C98AF1EE10FA07D2B0EE489AA1463648A7
:103F2000C0ED058A80ED048A00BF601C84B2B4F540
:103F3000B47FFFF66DAE304800881D2801DA0120FD
:103F400000E000202C4908779FED2E0AB4EEC09ABD
:103F5000F1EE10FA04DD01B0BDEC0C8BBDE8F08F82
:103F60000220254908774D462E4601E0681E85B29D
:103F7000002D75DD691E88B2394604F04FFCC0B3D0
:103F8000681E00EB40001D4A02EBC00090ED020AE3
:103F900005EB450002EBC000D0ED020A30EE600AEE
:103FA00010EE101A0846FCF75EFB41EC1B0BB0EE5E
:103FB0004B0AF0EE6B0A02F097FDB0EE40AAF0EE6D
:103FC00060AA9FED170B53EC102B51EC1A0BFCF76A
:103FD0005DFB45D2681E00EB4000084A02EBC000C2
:103FE00090ED030A05EB450002EBC000D0ED030A9B
:103FF0001AE035E000407A4440CF002080AD002038
:104000000000C84200007A443404004000A0B444D8
:10401000000000000000594000002F430000C8438A
:104020000000000000005E4030EE600A10EE101A42
:104030000846FCF718FB41EC1B0BB0EE4B0AF0EE08
:104040006B0A02F051FDB0EE40AAF0EE60AA1FED3F
:104050000C0B53EC102B51EC1A0BFCF717FB85D310
:1040600001E0701C86B2B6F5B37F5BDC711C88B2D0
:10407000394604F0D3FBE8B3701C00EB4000684AFB
:1040800002EBC00090ED020A06EB460002EBC00016
:10409000D0ED020A30EE600A10EE101A0846FCF766
:1040A000E2FA41EC1B0BB0EE4B0AF0EE6B0A02F0A9
:1040B0001BFDB0EE40AAF0EE60AA1FED270B53ECFB
:1040C000102B51EC1A0BFCF7E1FA2BD2701C00EB11
:1040D0004000534A02EBC00090ED030A06EB460095
:1040E00002EBC000D0ED030A30EE600A10EE101AA9
:1040F000084600E016E0FCF7B6FA41EC1B0BB0EE08
:104100004B0AF0EE6B0A02F0EFFCB0EE40AAF0EEC4
:1041100060AA1FED3D0B53EC102B51EC1A0BFCF772
:10412000B5FA9ED306EB46003D4A02EBC00090ED87
:10413000020A05EB450002EBC000D0ED020A30EEAA
:10414000600A10EE101A0846FCF78DFA41EC1B0BC2
:10415000B0EE4B0AF0EE6B0A02F0C6FCB0EE40AADD
:10416000F0EE60AA51EC1A0BFCF7C0FA2D498861F9
:104170001FED560AB4EEC09AF1EE10FA09D90846BE
:1041800090ED060ADFED280AB4EEE00AF1EE10FA2F
:1041900000DDE0E6234890ED050ADFED240A30EE6D
:1041A000200ADFED230A30EE200AD0ED060AB6EE33
:1041B000001A00EE810ADFED1E0A30EE200AF0EE52
:1041C000408A3846F0EE490AB0EE680A04F040FB37
:1041D00018B10420134908771FE01248D0ED050AF2
:1041E0009FED121A70EEC10A9FED111A70EEC10A0E
:1041F00090ED061AF6EE001A41EE610A9FED0C1AD8
:1042000070EEC10AB0EE600A3846F0EE490A04F0DA
:104210001FFB10B103200349087700BF9BE6000095
:1042200080AD002040CF002000007A430000FA4219
:1042300000004842FCB50446079D404FC0CFCDE981
:104240000067012A09D0022A07D0032A05D0042AD0
:1042500003D0082A01D0092A01D1012600E0002656
:104260003046374E367F032E03D0354E367F042E30
:1042700015D1334E367F032E02D140F23B6601E06A
:1042800040F20F56ADF80460B1EE000A8DED000A61
:1042900002268DF8066001268DF8076048E033B1EC
:1042A000284EB54203D303268DF8066040E019B1CD
:1042B000234E367F012E03D101268DF8066037E0AC
:1042C0001F4E367F022E1AD18DF806601C4E96EDD9
:1042D000060ADFED1D0AB4EEE00AF1EE10FA27DD62
:1042E00096ED040ADFED190AB4EEE00AF1EE10FAD9
:1042F0001EDDE8B1B1EE000A8DED000A18E03BB119
:10430000B1EE000A8DED000A03268DF806600FE07D
:1043100008B1062600E0082600EE106AB8EEC00AD2
:104320008DED000A08B1042600E000268DF8066035
:10433000DDE90067C4E90067FCBD000018940008CF
:1043400040CF0020400D030000007A430000C84326
:104350000020014908807047F200002010B54FF49A
:1043600007510548FBF7D9FF20210448FBF7D5FF8B
:1043700001200249087710BD80AD002040CF002009
:104380002DE9F04105460F460026002412E039468B
:10439000204604F043FA58B13046711C8EB205EB4A
:1043A000C00004EB4401064A02EBC10206CA06C083
:1043B000601C84B2B4F5B47FE9DB3046BDE8F0811F
:1043C00080AD00202DE9F0472DED048B05460F460A
:1043D000914657B19148008840F2DC51884204DB95
:1043E0008E4800884900884205DDFFF7B7FFBDEC25
:1043F000048BBDE8F087781E05EBC000D0ED008A85
:10440000002406E105EBC40090ED000AB5EEC00AF9
:10441000F1EE10FA0ADB05EBC40090ED000ADFEDC7
:10442000800AB4EEE00AF1EE10FA00D3EFE005EBFB
:10443000C40090ED000AF6EE000A30EE200ABCEE51
:10444000C00A10EE100A80B24FF4B47190FBF1F282
:1044500001FB120086B205EBC40090ED000A30EEBD
:10446000680AB0EE408AB5EEC08AF1EE10FA05D2C5
:104470009FED6B0A38EE000AB0EE408A9FED690AA4
:1044800068EE000A6548008800EE100AB8EE400A9F
:1044900080EE801ABCEEC10A10EE100AA9EB0000F3
:1044A000A0F6B83806EB46005F4901EBC000007D7E
:1044B00040B106EB460001EBC0000069B8EB00001C
:1044C00000D5A4E006EB4600574901EBC000007D93
:1044D00030B306EB460001EBC0000069A8EB00001A
:1044E000B0F5FA6F1CD206EB460001EBC00090ED70
:1044F000010ADFED4E0AB4EEE00AF1EE10FA0FDB2E
:1045000006EB460001EBC00090ED010A05EBC4008C
:10451000D0ED010AB4EEE00AF1EE10FA00D276E036
:1045200006EB4600404901EBC00005EBC40206CA99
:1045300006C006EB46003C4901EBC000C0F8108005
:1045400005EBC40090ED010ADFED380AB4EEE00A95
:10455000F1EE10FA0CDB05EBC40090ED010ADFED83
:10456000340AB4EEE00AF1EE10FA01D8012000E0BE
:10457000002006EB46012C4A02EBC101087506EB50
:104580004600114601EBC000007DE0B305EBC4001E
:1045900090ED000ADFED270A20EE200ADFED260A63
:1045A00080EE201AB0EE419AB0EE490AFBF708FE01
:1045B00005EBC400D0ED010A20EE200A06EB460010
:1045C000194901EBC00080ED020A05EBC40090ED33
:1045D000000ADFED180A20EE200ADFED170A80EE50
:1045E000201AB0EE419AB0EE490AFBF725FE05EB22
:1045F000C400D0ED010A20EE200A06EB46000A496D
:1046000001EBC00000E001E080ED030A00BF601C88
:1046100084B2BC42FFF6F6AE00BFE8E6DE00002042
:104620000000B4430024744980AD00200000C8425B
:1046300000007A45DB0F49400000344300BFFEE72D
:104640002DE9F04F2DED108B85B081460D461646B5
:10465000B0EE40AA9846DDE91E74FDF7C2FF049053
:10466000FE4904980968401A03909FEDFD0AF0EE98
:10467000409A9FEDFB0A8DED020A9FEDF90AB0EE1C
:1046800040EA0020F7490870F7490870F7480088A9
:10469000F74988610846C0F81C800762474502DD7B
:1046A000A7EB080000E00020F149486295ED0A0AF6
:1046B000F04880ED0D0A96ED000A80ED0B0A96EDAC
:1046C000010A80ED0C0A092C04DC474502DDB7F530
:1046D000C87F13DD0120E4490870012C01D0022CB1
:1046E00005D1E348006940F00800E149086104F0A1
:1046F000DDF905B0BDEC108BBDE8F08F002C7DD14D
:1047000096ED000A10EE101A0846FBF7ACFF41ECDC
:104710001C0BB0EE4C0AF0EE6C0A02F0E5F9B0EEBC
:1047200040FAF0EE60FA9FEDD40B53EC102B51ECF5
:104730001F0BFBF7C3FF37D296ED000A10EE101ADD
:104740000846FBF790FF41EC1C0BB0EE4C0AF0EE74
:104750006C0A02F0C9F9B0EE40FAF0EE60FA9FED93
:10476000C80B53EC102B51EC1F0BFBF78FFF1BD822
:1047700096ED010A10EE101A0846FBF774FF41ECA3
:104780001C0BB0EE4C0AF0EE6C0A02F0ADF9B0EE84
:1047900040FAF0EE60FA9FEDBA0B53EC102B51EC9F
:1047A0001F0BFBF773FF05D90220AF49087004F017
:1047B0007DF99EE7B44890ED000AF7EE000AB4EEEA
:1047C000600AF1EE10FA03D1B04890ED000A04E05F
:1047D000781E09EBC00090ED010AB0EE40DA96EDCC
:1047E000010A7DEE400A96ED001A80EE810ADFEDA7
:1047F000A80A30EE600AB1EE400A00E032E0F0EEC6
:10480000409AA14890ED000AF7EE000AB4EE600A63
:10481000F1EE10FA75D1781E09EBC00090ED010A97
:104820003DEE400A10EE101A0846FBF71CFF41EC63
:104830001F0BB0EE4F0AF0EE6F0A02F055F9B0EE22
:1048400040CAF0EE60CA9FED930B53EC102B51EC75
:104850001C0BFBF733FF54D202208349087004F08D
:1048600025F946E7012C01D0022C4BD1012C03D1B4
:104870008A4890ED000A02E0894890ED000AB0EE07
:1048800040DA02A8B0EE4D0A23463A46414600906F
:10489000484604F015FB58B9032073490870744862
:1048A000006940F008007249086104F0FFF820E751
:1048B000012C12D17B4890ED000A7B48D0ED000A14
:1048C00060EE200A9FED791A80EE810ADDED020A82
:1048D00030EE200AB1EE400A11E0724890ED000A75
:1048E0007348D0ED000A20EE200A9FED701AC0EE4A
:1048F000010A9DED020A30EE600AB1EE400AF0EEC8
:10490000409A22E1032C05D0042C03D0082C01D0BE
:10491000092C71D196ED000A10EE101A0846FBF72B
:10492000A2FE41EC1C0BB0EE4C0AF0EE6C0A02F059
:10493000DBF8B0EE40FAF0EE60FA9FED510B53EC6D
:10494000102B51EC1F0BFBF7A1FE02D904F0AEF8BF
:10495000CFE696ED000A10EE101A0846FBF783FE2C
:1049600041EC1C0BB0EE4C0AF0EE6C0A02F0BCF805
:10497000B0EE40FAF0EE60FA9FED4E0B53EC102BC8
:1049800051EC1F0BFBF782FE02D29FED4C0B1CE09B
:1049900096ED000A10EE101A0846FBF764FE41EC93
:1049A0001C0BB0EE4C0AF0EE6C0A02F09DF8B0EE73
:1049B00040FAF0EE60FA53EC1F2B9FED420B51ECE6
:1049C000100BFBF7C2FD41EC100B8DED000B9DEDC4
:1049D000000B51EC100BFBF789FE0BEE900A032C39
:1049E00001D0082C02D1B1EE6B0A01E0B0EE6B0AE7
:1049F000F0EE409AA9E0FFE7052C0FD1334800788C
:104A000010B904F053F874E6314890ED000ADFED78
:104A1000200A30EEC00AF0EE409A96E0A7EB0800BC
:104A2000022802DA04F042F863E6C2466CE009EBC1
:104A3000CA0090ED000A10EE101A0846FBF713FEAC
:104A400041EC1C0BB0EE4C0AF0EE6C0A02F04CF894
:104A5000B0EE40FAF0EE60FA3CE000007001002099
:104A60000000000068010020690100206C010020A6
:104A700050190020B0190020000000A09999B93FFA
:104A8000000000E0FFFFEF4764010020600100200C
:104A9000000048420000000000406F405801002024
:104AA0005C01002004000020500100200000C842EA
:104AB00054010020000000606666D63F0000000040
:104AC00000407F400000000000E065401801002029
:104AD000140100201FED160B53EC102B51EC1F0B93
:104AE000FBF7D4FD02D903F0E1FF02E609EBCA00AF
:104AF00090ED000ADDED020A30EE200A8DED020A8B
:104B00000AF101001FFA80FABA4590DBA7EB080012
:104B100000EE100AB8EEC00ADDED020A80EE801A3F
:104B20008DED021A9DED020A5FED270A30EEC00AF4
:104B3000F0EE409A9DED020AF84880ED0E0AF84822
:104B4000006940F48070F649086119EE900AFBF79D
:104B50008AFD41EC1C0BB0EE4C0AF0EE6C0A01F041
:104B6000C3FFB0EE40FAF0EE60FA1FED3B0B53ECE2
:104B7000102B51EC1F0BFBF789FD02D903F096FFB8
:104B8000B7E59FEDE80AF4EEC09AF1EE10FA03DD06
:104B90009FEDE40AF0EE409A9FEDE30AF4EEC09A2E
:104BA000F1EE10FA03D29FEDE00AF0EE409A012CEC
:104BB00001D0022C02D195ED020A09E01CB1052CAE
:104BC00004DB072C02DC95ED000A01E095ED010AFB
:104BD000F0EE40DA012C01D0022C02D195ED060A4C
:104BE00009E01CB1052C04DB072C02DC95ED040A5E
:104BF00001E095ED050AB0EE40BACC48007848B126
:104C0000039838B1CA490398884203D8C948008834
:104C1000844208D0C5ED0A9AC148006940F00400FA
:104C2000BF4908610BE09DED030AF8EE400A9FEDD5
:104C3000C21A81EE200A20EE0B0AB0EE40BAB2EEA4
:104C4000040A2DEE800A20EE298AB2EE040A2BEE29
:104C5000000AD5ED0A0A79EEE00A20EE209AF0EE7D
:104C600049AA9FEDB60AB4EEC09AF1EE10FA03DD40
:104C70009FEDB20AB0EE409A9FEDB10AB4EEC09A31
:104C8000F1EE10FA03D29FEDAE0AB0EE409AB5EE07
:104C9000C08AF1EE10FA06DB38EE090AB5EEC00A5A
:104CA000F1EE10FA0BD3B5EEC08AF1EE10FA0AD885
:104CB00038EE090AB5EEC00AF1EE10FA03DDB1EEE6
:104CC000480AB0EE409AB4EE6A9AF1EE10FA05D0B6
:104CD0009348006940F4006091490861204603F060
:104CE00083FFE0B3204603F07FFF834691480088AE
:104CF00003F07AFF834509D1204603F088FF8346FD
:104D00008C48008803F083FF834550DD204603F084
:104D10006BFF012804D1B5EEC08AF1EE10FA09D379
:104D2000204603F061FF022841D1B5EEC08AF1EEC2
:104D300010FA3CDD18EE100AFBF795FC41EC1C0B59
:104D4000B0EE4C0AF0EE6C0A01F0CEFEB0EE40FA86
:104D5000F0EE60FA9FED7B0B53EC102B00E026E0A9
:104D600051EC1F0BFBF792FC0CD218EE100AFBF76C
:104D70007AFC41EC1C0BB0EE4C0AF0EE6C0A01F030
:104D8000B3FE01E09FED6F0B8DED000B9DED000B71
:104D900051EC100BFBF7AAFC0EEE100AB5EEC08A20
:104DA000F1EE10FA03D2B1EE4E0AB0EE40EAF2EEA6
:104DB000040AB0EE480A00EE8A0A30EE090A70EEE4
:104DC0000E8A012C03D0032C01D0082C14D1B2EE92
:104DD000040A2AEE000AB4EEE80AF1EE10FA0BD249
:104DE000B2EE040A2AEE000AF0EE408A4C4800694E
:104DF00040F480604A490861022C03D0042C01D0A1
:104E0000092C14D1B2EE040A2AEE000AB4EEE80A24
:104E1000F1EE10FA0BDDB2EE040A2AEE000AF0EE13
:104E2000408A3F48006940F480603D49086118EEBF
:104E3000900AFBF718FC41EC1C0BB0EE4C0AF0EEAC
:104E40006C0A01F051FEB0EE40FAF0EE60FA1FED90
:104E5000F40B53EC102B51EC1F0BFBF717FC02D992
:104E600003F024FE45E42E48006940F001002C497F
:104E7000086195ED0A0A294880ED000AC0ED019A03
:104E800080ED028A80ED039AC0ED04DA80ED05BA68
:104E9000C0ED068AB2EE040A2AEE000A80ED070A87
:104EA0009FED2A0AF4EEC08AF1EE10FA06D39FEDC8
:104EB000280AF4EEC08AF1EE10FA05DD1848006900
:104EC00040F01000164908619FED200AF4EEC08AF8
:104ED000F1EE10FA03D29FED1D0AF0EE408A9FED2D
:104EE0001C0AF4EEC08AF1EE10FA03DD9FED180AF9
:104EF000F0EE408AC5ED0A9AC5ED0B9A1549049863
:104F000008600C48048001200849087012490870A4
:104F1000BCEEE80A10EE100A80B24AE4B019002094
:104F2000501900200000FA430000FAC36A01002073
:104F300090D003006C010020009CE0470000164365
:104F4000000016C30000000000C052400040924420
:104F50000000D744700100206801002000B502461F
:104F600000F018F89FED0A3A82ED0B3A9FED083AEF
:104F700082ED0A3A82ED000AC2ED010A82ED021AC0
:104F8000C2ED041A82ED052AC2ED062A00BD00001A
:104F900000000000002002490870024908707047B4
:104FA0006A010020680100202DE9F0472DED068BF5
:104FB00006460F4690461C46A8EB07099FED6E0A71
:104FC000B0EE409A9FED6C0AF0EE408A9FED6A0ABF
:104FD000B0EE40AA9FED680AF0EE40AA9FED660A87
:104FE00084ED010A84ED000A002F05DBB9F1020F00
:104FF00002DBB8F5C87F08DD00212046FCF712FE71
:105000000020BDEC068BBDE8F0873D4632E006EBA4
:10501000C50090ED008A06EBC500D0ED019A9FED2A
:10502000570AB4EEC08AF1EE10FA14D89FED540A74
:10503000B4EEC08AF1EE10FA0DDB9FED500AF4EEEB
:10504000C09AF1EE10FA06D89FED4D0AF4EEC09A20
:10505000F1EE10FA05DA00212046FCF7E3FD00200E
:10506000CFE739EE080AB0EE409A38EEA90AF0EE22
:10507000408A6D1C4545CADB00EE109AB8EEC00AA6
:10508000C9EE000AB0EE609A00EE109AB8EEC00ABF
:10509000C8EE800AF0EE608A3D461AE006EBC500D5
:1050A00090ED000A30EE490AB0EE408AB0EE4A0AAE
:1050B00008EE080AB0EE40AA06EBC50090ED010A22
:1050C00070EE680AB0EE6A0A08EE200AF0EE40AA16
:1050D0006D1C4545E2DB9FED2B0AB4EEC0AAF1EE54
:1050E00010FA07D8C4ED018A00212046FCF79AFD8A
:1050F000002086E78AEE8A0A84ED000AD4ED000AD1
:10510000B0EE680A00EEC90A84ED010A94ED000AC7
:10511000DFED1A0AB4EEE00AF1EE10FA1AD894EDB7
:10512000000ADFED170AB4EEE00AF1EE10FA11DB27
:1051300094ED010ADFED110AB4EEE00AF1EE10FA87
:1051400008D894ED010ADFED0E0AB4EEE00AF1EEA4
:1051500010FA0BDA9FED080A84ED010A84ED000ACB
:1051600000212046FCF75EFD00204AE70121204691
:10517000FCF758FD012044E700000000FFFF7F7F9F
:10518000FFFF7FFFBD37863570B504460D461646D6
:10519000FCF754F8691E601E324600F0EDFB70BD4E
:1051A00010B5044621464FF0804000F0C2FE10BD0D
:1051B0007047000070B5002100230F22C4781CB393
:1051C000174C246804F4E064C4F5E064C4F30721D8
:1051D000C1F10404E3B20A4144789C40E1B284780E
:1051E000144021430C07210E0E4C057861550478BC
:1051F00004F01F050124AC4005786D11AD0005F1E8
:10520000E025C5F8004109E0047804F01F050124F9
:10521000AC40054D0678761145F8264070BD00007B
:105220000CED00E000E400E080E100E00249014311
:10523000024A1160704700000000FA050CED00E022
:10524000B0EE401AF0EE601A31EEC12A80ED0B2A62
:1052500090ED0C2AD0ED0B2A32EE222AF0EE420A13
:105260009FED342AF4EEC20AF1EE10FA03DD9FED51
:10527000312AF0EE420A9FED302AF4EEC20AF1EE36
:1052800010FA03D29FED2C2AF0EE420A90ED002A8C
:10529000D0ED0B2A22EE222AD0ED032A02EEA02A1C
:1052A000D0ED0B2A90ED0A3A72EEC32A90ED043A43
:1052B000B0EE420A03EE220A9FED202AB4EEC20AA3
:1052C000F1EE10FA06DD90ED0B2AB5EEC02AF1EEF4
:1052D00010FA0DDCB5EEC00AF1EE10FA06D290ED30
:1052E0000B2AB5EEC02AF1EE10FA01D3C0ED0C0A7C
:1052F00090ED0B2A80ED0A2A90ED0C2A104981EDE1
:10530000002A104981ED000A9FED0C2AB4EEC20A72
:10531000F1EE10FA03DD9FED092AB0EE420AB5EE78
:10532000C00AF1EE10FA03D29FED072AB0EE420A4E
:105330007047000000004843000048C30000C84216
:10534000A8000020AC0000200000000000B58BB0D9
:105350000121080400F088F80121084600F054F803
:10536000032202212048FDF797F90420099002202A
:105370008DF8280003208DF8290000208DF82A00E0
:1053800001208DF82B0009A91748FDF73DF940F2DF
:105390008F60ADF818000020ADF81A006320079068
:1053A0000020ADF8200006A9104800F0F3FD6020B1
:1053B000ADF804000120ADF806000020ADF81000A3
:1053C000039001A9094800F06DFD0821074800F08D
:1053D000A7FD0121054800F0CBFC0121034800F0A6
:1053E000D6FC0BB000BD00000000024000400140B0
:1053F00010B504462146024800F09BFD10BD000098
:10540000004001407047000029B1064A126802437B
:10541000044B1A6004E0034A12688243014B1A608D
:10542000704700003038024029B1064A1268024332
:10543000044B1A6004E0034A12688243014B1A606D
:10544000704700004038024029B1064A1268024302
:10545000044B1A6004E0034A12688243014B1A604D
:10546000704700002038024029B1064A1268024302
:10547000044B1A6004E0034A12688243014B1A602D
:10548000704700004438024029B1064A12680243BE
:10549000044B1A6004E0034A12688243014B1A600D
:1054A0007047000024380240F0B50021002200249B
:1054B000022500260223324F3F6807F00C0121B17C
:1054C000042905D0082937D105E02E4F076036E0C2
:1054D0002D4F076033E02A4F3F1F3F68C7F38056C8
:1054E000274F3F1F3F6807F03F036EB1264FB7FBC2
:1054F000F3F7DFF88CC0ACF1040CDCF800C0CCF39F
:10550000881C07FB0CF40CE01E4FB7FBF3F7DFF829
:1055100070C0ACF1040CDCF800C0CCF3881C07FBB5
:105520000CF4174F3F1F3F68C7F301477F1C7D00F6
:10553000B4FBF5F7076002E0124F076000BF00BF41
:105540000F4F3F6807F0F0010909104F7A5C0768B8
:10555000D74047600A4F3F6807F4E051890A0B4F74
:105560007A5C4768D7408760054F3F6807F4604121
:10557000490B064F7A5C4768D740C760F0BD000012
:10558000083802400024F40000127A0024000020B1
:1055900000BFEFF31081084672B60749097829B9B0
:1055A0000021064A11800121054A117000BF80F3D5
:1055B000108800BF704700008D0100208A01002084
:1055C0008C0100200D480078B8B10D480078A0B9D2
:1055D0000C480088322804D20A480088401C094937
:1055E000088008480088322807D301200449087041
:1055F00005480068401C0449086070478C01002081
:105600008D0100208A0100209001002000BFEFF3EF
:105610001082114672B6054A82ED000A044A1070E3
:105620000A4682F3108800BF704700008401002002
:10563000880100207047000010B50446FBF7CAFD42
:1056400003480078012802D12046FBF7F1FC10BD89
:105650003E00002010B504462146024800F069FCD7
:1056600010BD00000004004070B504460D4616460B
:10567000691E601E324600F0CFF970BD0CB50020E7
:10568000019000903448006840F48030324908604E
:1056900000BF3148006800F4003000900198401CC1
:1056A0000190009818B90198B0F5A04FF1D12A489F
:1056B000006800F4003010B10120009001E00020EB
:1056C00000900098012846D123484030006840F0FF
:1056D00080502149403108602048006840F4404033
:1056E0001E4908601C48083000681B4908310860E2
:1056F0000846006840F4004008600846006840F42E
:10570000A05008601648091F0860081F006840F094
:105710008070091F086000BF0F48006800F000702B
:105720000028F9D040F205700E4908600A48083098
:10573000006820F003000849083108600846006846
:1057400040F00200086000BF03480830006800F025
:105750000C000828F8D10CBD003802400070004051
:1057600008544007003C0240DFED071AC0ED0B1A59
:10577000DFED051AC0ED0A1A80ED000AC0ED030A3C
:1057800080ED041A70470000000000009FED090A38
:1057900080ED0C0A9FED070A80ED0A0A9FED050ACD
:1057A000054981ED000A9FED030A044981ED000AD5
:1057B0007047000000000000A8000020AC0000209E
:1057C000042808D14FF0E021096941F004014FF0AD
:1057D000E022116107E04FF0E021096921F00401A6
:1057E0004FF0E022116170477047000010B5154876
:1057F000006840F47000134908601348006840F0E6
:1058000001001149086000200F49083108600E4866
:1058100000680E4908400C4908600D48091D0860E1
:10582000081F006820F48020091F08600020064936
:105830000C310860FFF722FF4FF00060014980390A
:10584000086010BD88ED00E000380240FFFFF6FE62
:1058500010300024F0B50C46154600210022068CBD
:105860004FF6FE773E400684018B028C4FF60C7695
:1058700031407E1C06EA03162E4331434FF6F5767F
:10588000324044F00106324301830284F0BDF0B59A
:105890000C461546002100220026078C4FF6EF7CAF
:1058A00007EA0C070784018B028C4FF6FF7707EAA3
:1058B000041640F6FF4739404FF6FF7707EA0337F3
:1058C00039434FF6FF7707EA052739434FF65F77ED
:1058D0003A4046F010073A4301830284F0BDF0B528
:1058E0000C461546002100220026078C4FF6FF6C5F
:1058F00007EA0C070784818B028C4FF6FF7707EAD3
:1059000004264FF60C7739404FF6FF7707EA031766
:105910002F4339434FF2FF573A4046F480773A43DA
:1059200081830284F0BDF0B50C46154600210022AB
:105930000026078C4EF6FF7C07EA0C070784818B54
:10594000028C4FF6FF7707EA043640F6FF473940EE
:105950004FF6FF7707EA052739434FF6FF7707EA47
:105960000337394345F6FF773A4046F480573A43C8
:1059700081830284F0BD000070B58AB006460C46F3
:10598000154601210846FFF74FFD01210846FFF7A4
:105990003BFD012205211F48FCF77EFE20200890D8
:1059A00002208DF8240003208DF8250000208DF8BA
:1059B00026008DF8270008A91648FCF725FEB0B28E
:1059C000ADF814000020ADF816000694ADF81C00E8
:1059D00005A94FF0804000F0DDFA6020ADF800002E
:1059E0000120ADF802000020ADF80C0002956946D8
:1059F0004FF0804000F056FA0821C80600F090FAF7
:105A00000121880700F0B4F90121880700F0BFF9EF
:105A10000AB070BD0000024070B58AB006460C4660
:105A2000154601210220FFF7FFFC01210846FFF780
:105A3000EBFC022206211E48FCF72EFE40200890B7
:105A400002208DF8240003208DF8250000208DF819
:105A500026008DF8270008A91548FCF7D5FDB0B23F
:105A6000ADF814000020ADF816000694ADF81C0047
:105A7000029505A90F4800F08DFA6020ADF80000EE
:105A80000120ADF802000020ADF80C00694609487D
:105A900000F008FA0821074800F042FA0121054801
:105AA00000F066F90121034800F071F90AB070BDF9
:105AB000000002400004004000B589B0012104202C
:105AC000FFF7B2FC01210820FFF79EFC02208DF8B1
:105AD000080001208DF80A0003208DF8090000203D
:105AE0008DF80B004FF44050019001A91E48FCF7BF
:105AF0008BFD02220C211C48FCF7CEFD02220D2159
:105B00001948FCF7C9FD0020ADF81800ADF81A00DF
:105B10004FF6FF7007900020ADF8200006A913484B
:105B200000F038FA03A800F0AAF90F20ADF814002D
:105B300003A90E4800F06CF90420ADF80C0003A98D
:105B40000A4800F065F900231A460321074800F0CF
:105B50002AF90021054800F0EEF90121034800F080
:105B600016F909B000BD0000000C0240000800401A
:105B700070B52DED028B01214E4800F038F9012857
:105B800076D101214B4800F0FFF800240025FFF7F3
:105B900019FD494890ED000A4848D0ED000AB4EEDE
:105BA000E00AF1EE10FA03D2434890ED000A02E059
:105BB000424890ED000AB0EE408A414800880A2829
:105BC0000ADBB1EE000AB4EEC08AF1EE10FA03DD92
:105BD000B1EE000AB0EE408A39480088142806DB8E
:105BE0009FED380AB0EE408A0520374908703748E3
:105BF000007820B1B5EEC08AF1EE10FA03D29FED25
:105C0000310AB0EE408A324890ED000AF6EE000A02
:105C100030EE600AB4EEC80AF1EE10FA02DD2D484B
:105C2000FFF7B4FD2A4880ED008A2B48007850B178
:105C30002A48007838B9264890ED000AB5EEC00A27
:105C4000F1EE10FA0BD8FCF767FD01242148FFF7AD
:105C50009DFD002022490880FFF7A2FA20E021489C
:105C60000088012805D13221800700F062F917E091
:105C70001DE0FCF751FD012416481549D1ED000A3D
:105C8000194991ED000AFFF7DBFABCEEC00A10EEED
:105C9000100A13490880012508460088FFF780FA9A
:105CA0002A46214611480088FCF75EF800BFBDEC8B
:105CB000028B70BD000C0040A00100208401002078
:105CC0008A01002000000000880100207C010020E3
:105CD00080010020A4CF00208C0100208D01002035
:105CE000AA010020980100209C010020A8010020AA
:105CF0007FB505460C4601210820FFF795FB02956C
:105D0000ADF804400020ADF80600ADF80C0001A984
:105D10000D4800F03FF9012211460B4800F0B8F899
:105D20000121094800F033F832208DF800000120ED
:105D30008DF8010003208DF8020001208DF803008A
:105D40006846FFF737FA7FBD000C00400648008A1E
:105D500000F0010038B100200349088203480068C0
:105D6000401C024908607047001000406C00002091
:105D700021B1028842F08002028004E002884FF6DE
:105D80007F731A4002807047CA430282704721B174
:105D9000028842F00102028004E002884FF6FE739E
:105DA0001A4002807047F0B50C4615461E46002189
:105DB000002200230189028B038C4FF6F8773940CB
:105DC00021434FF6FC473A4040F201173A434FF661
:105DD000DD773B404FF6FF7707EA06172F433B433B
:105DE000018102830384F0BD0146486A704730B5E3
:105DF0000246002000230024158A05EA0103958944
:105E000005EA010413B10CB1012000E0002030BD0F
:105E100070B505460C46208850B92389A288618850
:105E20002846FFF717FDE188284600F086F825E0B0
:105E3000208804280AD12389A28861882846FFF790
:105E400026FDE188284600F081F817E02088082820
:105E50000AD12389A28861882846FFF740FDE1889E
:105E6000284600F080F809E02389A2886188284646
:105E7000FFF759FDE188284600F07EF870BD00214B
:105E800001804180012181800021C1800181704712
:105E90001AB183890B43838102E083898B43838119
:105EA0007047000070B5002400220023058C4FF6D7
:105EB000FE7635400584028C8388048B4FF68F75FF
:105EC0002C40B51E2C400D882C43751E2A408D8910
:105ED0002A434D882A43104DA84202D00F4DA842B4
:105EE00013D14FF6F7752A40CD892A434FF6FB753B
:105EF0002A408D882A434FF6FF652B404FF6FF5509
:105F00002B400D8A2B434D8A2B43838004838D685D
:105F10004563028470BD00000000014000040140A0
:105F20000A460021018B4FF6F77319401143018394
:105F300070474163704741627047028B4FF6F373BD
:105F40001A400283028B0A4302837047028B4FF28E
:105F5000FF331A400283028B4FF6FF7303EA0123DB
:105F60001A4302837047828B4FF6F3731A40828381
:105F7000828B0A4382837047828B4FF2FF331A4031
:105F80008283828B4FF6FF7303EA01231A438283D5
:105F90007047000000220288184B98420ED0184B20
:105FA00098420BD0B0F1804F08D0164B984205D0E4
:105FB000154B984202D0154B984204D14FF68F737F
:105FC0001A404B881A43124B984207D0114B984203
:105FD00004D04FF6FF431A400B891A4302804B68E6
:105FE000C3620B880385054B984202D0044B98424C
:105FF00001D18B7A03860123838270470000014020
:10600000000401400004004000080040000C004073
:1060100000100040001400402DE9F0472DED028BE8
:10602000D0B082466DA15046FAF793F938B9504680
:10603000FBF74EFB50B0BDEC028BBDE8F087FAF7E2
:10604000D9FD022800DAF5E75046FBF741FB18B10D
:10605000102064490870EDE763A15046FAF779F91A
:1060600018BB6348006863490978634A1278634B38
:106070001B88CDE90432CDE906106148006861490A
:106080000988614A1268614B1B68CDE90032CDE98D
:1060900002105F4803685F4802685F4908A800F083
:1060A000CBFB08A8FFF7C8FAC4E75CA15046FAF793
:1060B00050F910B900F038F9BCE720215046FAF742
:1060C00037F906463A215046FAF732F9804626B1AA
:1060D000B8F1000F02D0B04500D246461EB950A01C
:1060E000FCF774F8A6E700203070751C00E06D1C0A
:1060F00028782028FBD028783A28F8D0287818B9B2
:1061000047A0FCF763F895E70A223FA92846FAF76B
:106110003DF981463F98A84208D03F98007828B9B9
:1061200019F5004F02DBB9F5004F03DB3FA0FCF788
:106130004DF87FE74F46002448E03F4800EB04104D
:1061400001685046FAF705F900B13DE03A4800EB26
:106150000410B0F90800B84206DC374800EB041020
:10616000B0F90A00B84203DA34A0FCF72FF861E76F
:10617000314800EB0410007B334951F8200000EE59
:10618000100AF8EEC00A00EE107AB8EEC00A80EEEF
:10619000201AB0EE418A284A02EB041204F164008E
:1061A000B0EE480A5168FBF771FE18B927A0FCF75A
:1061B0000DF83FE73B46524627A140A800F03CFBC4
:1061C00040A8FFF739FA35E7601CC4B2102CB4D3ED
:1061D00024A0FBF7FBFF00BF2CE700006472697688
:1061E00065203000D90000207261646172000000F7
:1061F000900100208D0100208C0100208A010020E8
:1062000094010020F0000020EC000020E8000020B5
:10621000E4000020E0000020289E0008676574006C
:1062200045525220666D740D0A00000045525220FE
:1062300076616C75650D0A00F8920008455252208F
:1062400072616E67650D0A0008940008455252207D
:10625000627573790D0A00004F4B2025733D25644C
:106260000D0A0000455252206E616D650D0A000056
:106270000346102B01D30020704703F1640008800F
:10628000044800EB0310406890ED000A82ED000A1C
:106290000120F1E7F892000810B58AB01D48007897
:1062A000102803D2FAF7A6FC032801DA0AB010BDC1
:1062B00019481849097800EB01104068D0ED000A30
:1062C00015481449097800EB0110007B134951F877
:1062D000200000EE100AB8EEC01AB6EE000A00EE7A
:1062E000810ABDEEC00A10EE104A0B480949097830
:1062F00000EB011023460AA10268684600F09CFAF0
:106300006846FFF799F903480078401C0149087076
:1063100000BFCBE7D9000020F8920008F8930008EE
:1063200025733D25640D0A0000200149087070475F
:10633000D90000202DE9FF4F83B004468A46174656
:10634000DDE91089129E504602F04EFC0546002001
:10635000307007B920744FB345B3608A02F044FC33
:1063600020B3608A02F040FCA8421FD0207CA842E3
:106370000AD02574C4F80C906068A06001203070C9
:10638000A08A07B0BDE8F08FD4E90101884206D0A9
:10639000E068A9EB00004EF66021884203D201209C
:1063A0003070A08AEDE70020207402E00FB10020D9
:1063B0002074A07D40B12068A9EB00003A498842D2
:1063C00002D30020A075E0751FB90020E07540469B
:1063D000D7E7002D4FD00020E075012D04D140F209
:1063E000A550A0EB080001E0A8F2A5500290012DF5
:1063F00004D1A08A40F2A551081A02E0A08AA0F2B6
:10640000A5500190029814280EDAA07D40B1608A50
:1064100002F0EAFBA84203D101203070A08AB0E765
:106420000020A0754046ACE7A07DD0B1608A02F0A4
:10643000DBFBA84215D1504602F0E9FB8346608A97
:1064400002F0E5FB834503DADDE90110884204DB55
:10645000DDE90101401A3C2803DD01203070A08AEB
:106460008FE70120A075A4F812A0A4F81480C4F846
:106470000090404685E7A07D08B9404681E7069830
:1064800010B1E07D401C00E00020E075E07D0228B6
:1064900005D30020A075E0756082404671E70120B9
:1064A0003070A08A6DE700003057050010B5244811
:1064B000048804F03E0060B32149091D0988C8B270
:1064C00004F00E0141B11F490968491C1D4A1160C1
:1064D00002211D4A11701BE004F02001C1B11B49CB
:1064E0000978C7290CDA19490A780978491C174B29
:1064F0001970174988540021154A1B78D15407E0B8
:1065000010490968491C0F4A116002210E4A117096
:1065100000BF04F0100048B10C48007830B10A48C0
:106520000078022802D001200749087040F2277144
:10653000034800F0A5F8012801D1FAF705FD10BDC8
:1065400000140140680000203F00002040000020AF
:10655000E016002001F40072B2F5007F00D100BF08
:10656000CA430280704721B1828942F4005282817D
:1065700004E082894DF6FF731A40828170471AB198
:10658000838A0B43838202E0838A8B438382704732
:1065900010B504463248844208D101211020FEF78C
:1065A00073FF00211020FEF76FFF57E02D48844253
:1065B00009D101214804FEF747FF00214FF40030C4
:1065C000FEF742FF4AE02848844209D101218804AD
:1065D000FEF73AFF00214FF48020FEF735FF3DE043
:1065E0002248844209D10121C804FEF72DFF002171
:1065F0004FF40020FEF728FF30E01D48844209D107
:1066000001210805FEF720FF00214FF48010FEF75E
:106610001BFF23E01748844208D101212020FEF708
:1066200033FF00212020FEF72FFF17E0124884429D
:1066300009D101218807FEF707FF00214FF08040B4
:10664000FEF702FF0AE00D48844207D10121400510
:10665000FEF7FAFE00216005FEF7F6FE10BD000011
:10666000001001400044004000480040004C004041
:10667000005000400014014000780040007C0040C1
:1066800070B50246002400230025002040F66A165B
:10669000B14200D100BFC1F3421501F01F03012632
:1066A00006FA03F3012D02D19689334006E0022D4C
:1066B00002D1168A334001E0968A33400C1201263B
:1066C00006FA04F41688344013B10CB1012000E03E
:1066D000002070BDF0B503460024002600250020F0
:1066E00040F66A17B94200D100BF1846C1F3421400
:1066F00001F01F06012707FA06F5012C01D10C3025
:1067000004E0022C01D1103000E014301AB1076807
:106710002F43076002E00768AF430760F0BD000049
:106720002DE9FF4705460E460024A14600BFA046BE
:10673000B08900B100BF2C8A24F44054F08804438F
:106740002C82AC8941F20C608443B08831890843C3
:10675000718908430443AC81AC8A24F44074B08945
:106760000443AC826846FEF79FFE2048854202D073
:106770001F48854202D1DDF80C9001E0DDF8089059
:10678000A88900F4004040B109EBC90000EB0910F2
:1067900031684900B0FBF1F707E009EBC90000EBF5
:1067A000091031688900B0FBF1F76420B7FBF0F005
:1067B00004012009642101FB1078A88900F400403D
:1067C00040B1322000EBC800B0FBF1F000F0070050
:1067D000044308E0322000EB08106421B0FBF1F024
:1067E00000F00F0004432C81BDE8FF87001001403A
:1067F00000140140C1F30802828070474FF4165123
:10680000016000218180C18001810C214181002132
:106810008181704700BFFEE70FB4054B10B503A997
:10682000044A029800F06CFA10BC5DF814FB0000FA
:106830002D780008380000200FB4084B10B504A9CB
:1068400002AA039800F05CFA044602A9002000F0B6
:10685000EEFD204610BC5DF814FB00002F7400080C
:106860004100080218BF04200A0E18BF40F00100C2
:106870004FF07F4232EA010108BF40F002000128D8
:1068800008BF05207047000000487047B001002095
:10689000EFF310807047000010EE100A10B510EEF4
:1068A000901A4FF0684202EB40032DED028BB3F1DA
:1068B000654F3CBF02EB4102B2F1654F7CD200BF95
:1068C000C0F3C753C1F3C7529A1A1B2A09DD10F04F
:1068D000004F14BF9FED6E0A9FED6E0ABDEC028B58
:1068E00010BD12F11A0F1BDA11F0004F09D010F091
:1068F000004F0CBF9FED680A9FED680ABDEC028B4C
:1069000010BD80EE208A18EE100AFFF7A9FF0428B8
:1069100008BF00F013F9B0EE480ABDEC028B10BDC1
:106920004200B2EB410F37D910F0004F19BFDFED35
:106930005C1A9FED5C1ADFED5C1A9FED5C1AB0EEFD
:10694000602A0A46F1EE400A80F00041B0EE420AA9
:1069500010460A1A5200B2F1807F34D2484010F03B
:10696000004FDFED532A9FED533A1DBFBEEE002AC4
:1069700071EEE21A31EE431AB6EE002A04BF71EE50
:10698000A21A31EE031AF0EE402A42EE602A40EEDF
:10699000020A82EEA02A18E011F0004F04BF9FED1A
:1069A000461AF0EE411AD4D010F0004F1CBFDFEDB4
:1069B000431A9FED431A00E026E004BFDFED411AC1
:1069C0009FED411AC5E780EE202A22EE020ADFED94
:1069D0003F0ADFED3F2ABDEC028B40EE202ADFEDBF
:1069E0003D0A40EE220ADFED3C2A40EE202ADFED90
:1069F0003B0A40EE220A22EE000A00EE201A31EE97
:106A0000020A30EE210A10BD4FF07F42B2EB400F78
:106A100028BFB2EB410F05D2BDEC028BBDE81040A0
:106A200000F089B840EA01035B0008BF41F0FF4174
:106A30000BD0B2EB400F08BFB2EB410F08D120F0F2
:106A4000804000EE100A21F0804100EE901A37E7F6
:106A5000B2EB400F12BF5FEA410240F0FF4001F08D
:106A600000413FF42DAF4A0092EA40033FF528AFC2
:106A7000002AACBF9FED1A1A9FED1A1A20EE010AE8
:106A800060EE810A10EE100A10EE901A18E700006E
:106A9000DB0FC9BFDB0FC93FDB0F4940DB0F49C02C
:106AA0000000C9BF22AAFDB90000C93F22AAFD39D2
:106AB0000060ED3EC30ACE3700000000000049C070
:106AC00022AA7DBA0000494022AA7D3A2DAD65BDBB
:106AD0008FB8D53D0FB511BE61C84C3EA8AAAABE5D
:106AE0000000804F0000802F2DED020B019820F058
:106AF000004001909DED000B02B0704710B52DEDE8
:106B0000028BB1EEC08A18EE100A20F00040C0F1EE
:106B1000FF40C00F0AD010EE100A20F00040C0F174
:106B2000FF40C00F04BF012000F022F8B0EE480A79
:106B3000BDEC028B10BD30EE200A70479FED020ABB
:106B400020EE000A704700000000001002E008C8B4
:106B5000121F08C1002AFAD170477047002001E0D7
:106B600001C1121F002AFBD1704780F310887047C3
:106B70000149086070470000B00100202DE9FF5F67
:106B800082B00021DDE90430020DDDF840B003439E
:106B900018D044F61050A2F2FF3242431514119857
:106BA00001281FD0A5EB0B00401C5FEA000A4FF044
:106BB00000064E4FDFF83891B046504615D5CAF161
:106BC000000413E0119801244AA3012801D16FEABF
:106BD0000B010298119AC0E90031C0E9024206B0E7
:106BE000BDE8F09FCBF10000DFE704460021404AFA
:106BF000491842EB0450CDE9001012E0E00707D03D
:106C000032463B4640464946F9F7EBFE8046894608
:106C100032463B4610461946F9F7E3FE06460F4654
:106C20006410002CEAD1DDE90401DDE90023BAF1AA
:106C3000000F06DAF9F7D5FE42464B46F9F7D1FECA
:106C400005E0F9F782FC42464B46F9F77EFC044624
:106C50000E460022284BF9F731FD03D84FF0FF30E4
:106C6000014607E00022254B20463146F9F7C6FBD6
:106C7000F9F729FF102409E0002C0ADB0A2200237F
:106C8000F9F766FD039B30321A55641E50EA010283
:106C9000F2D1641C039AC4F111031444119A012A1D
:106CA00003D0012208430DD10AE0084304D000209C
:106CB0004FF0110B119072E7A3EB0B056D1E0DE069
:106CC0005B4504DD4FF0000205F1010504E003DA45
:106CD0004FF00002A5F10105002AECD002981199AD
:106CE000C0E90231C0E9004579E700000000144026
:106CF0000000F03F300000000000F0430000E03FE3
:106D00002DE9FF4F95B09B468946064600250FE2C8
:106D1000252877D100242746F84A0121059400E070
:106D2000044316F8013F203B01FA03F01042F7D16B
:106D300030782A2811D06FF02F033078A0F130027C
:106D4000092A16D8059A44F0020402EB820203EBEA
:106D500042021044761C0590EFE759F8042B059287
:106D6000002A03DA504244F40054059044F002042F
:106D7000761C30782E2816D116F8010F44F0040442
:106D80002A280DD06FF02F023078A0F13003092BA4
:106D900009D807EB870302EB4303C718761CF3E718
:106DA00059F8047B761C30786C280FD006DC4C2810
:106DB00017D068280DD06A2814D104E0742810D0A8
:106DC0007A280FD10DE044F400140AE044F4801452
:106DD00001E044F440147278824202D104F5801438
:106DE000761C761C307866280BD013DC582877D0B8
:106DF00009DC002875D04528F6D04628F4D047286D
:106E00001AD19DE118E0632835D0642879D065282F
:106E100012D195E1702873D008DC6728F1D0692879
:106E20006FD06E280DD06F2806D1B5E073282CD016
:106E3000752875D0782874D05A46179990476D1CDC
:106E400075E1C4F30250022809D003280DD0D9F807
:106E5000001004280DD00D6009F1040967E1D9F88C
:106E60000010EA17C1E90052F6E7D9F800100D80CA
:106E7000F2E70D70F0E719F8041B8DF80010002000
:106E80008DF80100EA46012003E059F804AB4FF009
:106E9000FF3061074FF0000102D40DE008F101015D
:106EA0008846B9420FDA8045F8DB1AF80810002945
:106EB000F4D108E008F1010188468142FADB1AF8B2
:106EC00008100029F6D105985B46A0EB080721467B
:106ED0003846179A00F094FA284400EB080507E0BA
:106EE0004DE029E10DE01AF8010B5A461799904739
:106EF000B8F10108F7D25B4621463846179A13E1EC
:106F000042E00A220092C4F302524FF0000A022A21
:106F100008D059F804CB032A4FEAEC710AD00DE0EF
:106F200029E02AE009F1070121F00702F2E802C195
:106F3000914609E00FFA8CFC4FEAEC71042A03D168
:106F40004FFA8CFC4FEAEC71002907DA0A4600215F
:106F5000DCF1000C61EB02012D2202E0220504D5D8
:106F60002B228DF80420012203E0E20701D0202229
:106F7000F7E7904659E00A2102E010220DE01021C7
:106F80004FF0000A00910BE010224FF0000A44F08D
:106F900004040827009203E008224FF0000A009240
:106FA000C4F30252022A05D059F804CB0021032A67
:106FB00008D009E009F1070121F00702F2E802C157
:106FC000914605E01FFA8CFC042A01D10CF0FF0C5D
:106FD0004FF00008220728D5702806D0009B83F0C8
:106FE000100353EA0A0305D00EE040228DF8042076
:106FF000012208E05CEA010206D030228DF804206C
:107000008DF8050002229046009B83F0080353EAA6
:107010000A030AD15CEA010201D1620705D53022D8
:107020008DF804204FF001087F1E582804D034A0AA
:1070300003900EA802900DE036A0F9E75346604693
:10704000009AF9F785FB84460398825C0298401EFB
:10705000029002705CEA0100F0D1029806A9081AB9
:1070600000F1200A600702D524F4803400E00127F3
:10707000574502DDA7EB0A0000E0002000EB0A0103
:10708000009005984144401A0590E00306D45B4601
:107090002146179A059800F0B3F90544002706E049
:1070A00001A85A46C05D179990476D1C7F1C474543
:1070B000F6DBE0030CD55B462146179A059800F0F5
:1070C0009FF9054404E030205A46179990476D1CFB
:1070D0000099481E00900029F5DC08E0029802990A
:1070E0005A460078491C0291179990476D1CBAF1D5
:1070F0000001AAF1010AF1DC65E1000009280100A4
:10710000303132333435363738396162636465661D
:1071100000000000303132333435363738394142DF
:10712000434445460000000000F058F90544761C31
:10713000307800287FF4ECAD19B02846BDE8F08F18
:10714000620700D4062709F1070222F0070CFCE8C9
:107150000223E14603F000485FEA080C02D00FF278
:10716000702C0DE05FEA045C02D50FF2682C07E09A
:107170005FEAC47C02D00FF2602C01E0AFF2700C29
:107180004FF0FF3823F00043CDF850C065280CD0F5
:1071900006DC452809D046281DD047283DD13DE0D2
:1071A000662818D067287ED138E00021112F01DB36
:1071B000112000E0781CCDE9000106A90EA8FFF718
:1071C000DDFCDDE90F010E9A03910021009207F129
:1071D000010A04914DE04FF000400097CDE9011005
:1071E00006A90EA8FFF7CAFCDDE90F0203920E9B69
:1071F00011990022DDF80CA00093049211B9791CBA
:1072000000EB010AB7EB0A0004D4C0F1FF3007F12C
:10721000010A0490AAEB0700019044E0012F00DA74
:1072200001270021112F01DD112000E03846CDE9B2
:10723000000106A90EA8FFF7A1FCDDE90F010E9AD7
:107240000391002104910092BA4621070CD40399BE
:10725000514500DA8A46BAF1010F05DD009AAAF11C
:107260000101515C302908D0B84202DA10F1040F54
:1072700006DA0121CDE9011015E0AAF10101E9E7E3
:10728000002805DC049901440491AAEB000102E006
:10729000411C514500DD8A460499401A401C01906A
:1072A0004FF000400290200704D40198504501DBC4
:1072B000CDF8048000208DF84F0002980DF14F07A3
:1072C000B0F1004F25D02B200E9002984FF002080D
:1072D00000280CDA404202902D200E9007E00A218F
:1072E0000298F9F71FFA3031029007F8011DB8F142
:1072F0000001A8F10108F2DC02980028EFD1791E04
:107300000E980870307800F0200040F0450007F833
:10731000020D12A8C01B00F107081498007800B1F4
:10732000012000EB0A01019801EBE071059841444E
:10733000401A401E0590E00306D45B462146179A8A
:10734000059800F05DF805441498007818B15A4685
:10735000179990476D1CE00324D55B462146179A88
:10736000059800F04DF805441CE00498002807DB60
:10737000DDE90301884203DD0098405C179901E0D4
:10738000179930205A469047049805F10105401C92
:1073900004900198401E019004D12E205A4617995E
:1073A00090476D1CBAF10001AAF1010ADDDC05E08D
:1073B00017F8010B5A46179990476D1CB8F1000158
:1073C000A8F10108F4DC5B462146179A0598ABE664
:1073D0002D0000002B000000200000002DE9F041EE
:1073E000044600251E461746880404D405E03946A5
:1073F0002020B0476D1C641EF9D52846BDE8F081F9
:107400002DE9F041044600251E469046C80301D5EB
:10741000302700E02027880404D505E0414638469F
:10742000B0476D1C641EF9D52846BDE8F0810A6896
:10743000531C0B601070704770B504460D46FFF783
:1074400027FA064672B60A48006820600948406A72
:1074500028800848008A00F0010028B12068401CFC
:1074600020600448406A28803046FFF77EFB70BDEC
:107470006C000020001000402DE9F84357480078C8
:10748000461C042401274FF00008002554480078CA
:1074900010B1F9F7CBFB08B9BDE8F8834F48007885
:1074A0000E280FDB4D480078563086B203274B4834
:1074B00000780E384B4901EB800090ED000A8DED0D
:1074C000000A32E00F2E2FD2DFE806F02E080A0C59
:1074D0000F1215181C1F2224272A2C0042A523E076
:1074E00046A521E04FF001081EE04FF002081BE026
:1074F0004FF0000818E04FF4E13815E0454890F8E7
:10750000008011E04FF4FA780EE04FF47A780BE047
:10751000414D09E040F2067806E04FF4487803E078
:107520003E4D01E03E4D00BF00BF25B10427284677
:10753000F8F708FF84B204F1210081B2032000F0C3
:1075400083F938480168384801F0D2FA37480168B1
:107550003548001D01F0CCFA204801783248083047
:1075600001F0C2FA1E2130480A3001F0BDFA31465E
:107570002D480C3001F0B8FA2B480E380777214619
:107580001D3001F0B1FA35B12246294626481130A6
:10759000F8F79CFE0CE0032F05D123480E38009924
:1075A000C0F81F1004E041461F48113001F0A0FA56
:1075B00004F1210081B201221B480E38F9F752FB79
:1075C00050B106480078401CC0B2044908701E281B
:1075D00002D100200249087000BF5DE7A100002031
:1075E000A000002010180020726332362D6D6173E8
:1075F0006B33312D76322E3100000000736861321A
:1076000035362D3935663666303830626138363079
:107610003638310045000020889D0008109D000884
:10762000E49D0008A40000205E180020480000200F
:1076300010B504466FF00400FEF7C2F8E11704EB42
:107640005171C1F3C701074A11701046007800EB71
:107650004001C1EBC0104FF6FF7101EAC0000249C2
:10766000088010BD3400002036000020F8B5054623
:107670000E46174602203F4908603F4800684860B0
:107680003E4800688860084645613D480068C86219
:107690003C480068C8643C48006808653B4800688E
:1076A00048653B48006888653A480068C865E82135
:1076B000052000F0C9F800240AE02E4A52F82410F0
:1076C000354A042303FB042001F012FA601CC4B203
:1076D000182CF2DB00240BE02F486030042101FB62
:1076E00004002E4901EB840109680160601CC4B2EA
:1076F000102CF1DB2A48007F2A49C86028480088FE
:107700000861274840884861254880888861244866
:10771000C088C86124480078086200240AE0214A31
:1077200052F824101C4AA03202EB840001F0E0F968
:10773000601CC4B20A2CF2DB17480E381B490968DA
:10774000C0F8D6101A4890ED000A8DED000A1248D4
:107750000E380099C0F8DA1011494969C0F8DE10F6
:107760000F490969C0F8E2100022E821F9F77AFA16
:10777000F8BD0000501900207400002048000020CF
:10778000C0000020E4000020EC0000205C0000208D
:10779000D4000020BC0000205E180020B01900209A
:1077A00040CF0020F019002088010020A001002017
:1077B0008001002031B52DED020B04462821042064
:1077C00000F042F8FAF706FF05462946154801F091
:1077D0008FF915480168491C1248001D01F088F90D
:1077E00001211048083001F07FF90C210D480A30C2
:1077F00001F07AF921460B480C3001F075F90320AD
:1078000008490E3908770420487708460099C0F8DF
:107810001E100199C0F8221002222821F9F722FA3D
:107820003EBD00005E1800204800002000BF054A51
:10783000128802F04002002AF9D0C2B2014B1B1D8F
:107840001A8070470048004070B504460D4629462E
:107850000B48F8F762FDAA200949087055204870C6
:10786000022088700846C4702946001D01F03CF9CA
:107870000448016802480A3001F03AF970BD00007E
:10788000501800204C0000202DED068B92B04FF4D4
:10789000E13001F0CDFA4FF4E13001F081FA00BFA0
:1078A000002011900F9000BF079006900A200590CD
:1078B0009FEDFE0AB0EE408A002400BFC001FDF734
:1078C000B5FCFAF70FFAA820FFF7B2FE4FF46130CB
:1078D00001F01AFAF9F754FEF9F740FCFDF736FD0E
:1078E0006120FDF785FD40F2A55244F62061542049
:1078F000FDF7BAFEDFEDEE2A9FEDEE2ADFEDEE1A80
:107900009FEDEE1ADFEDEE0A9FEDEE0AEE48FDF771
:1079100025FB9FEDEE1ADFEDEE0AB2EE010AED480F
:10792000FDF722FF0020EC49088008460288642108
:107930002A20FDF729FCFAF763FE42F2CF0163200B
:10794000FEF7D6F9B2EE000AE44880ED000ADFED5A
:10795000D92A9FEDE32ADFEDE31A9FEDE31ADFED6D
:10796000E30A9FEDE00AD848FDF7F8FA9FEDE00A38
:10797000E04880ED000A9FEDE00AE04880ED000A53
:107980009FEDDD0ADE4880ED000A9FEDDE0ADE484D
:1079900080ED000A9FEDDD0ADD4880ED000A9FEDD5
:1079A000CB0ADC4880ED000A9FEDDB0ADB4880ED66
:1079B000000AE8E3FAF7A0FAF9F7C8F9D84800781E
:1079C00000287DD000BFEFF3108600BF72B6002004
:1079D000D3490870D3480768D34800681090D3484B
:1079E000D0F8008040F20672D149D248F8F76EFC18
:1079F00000BF86F3108800BF41461098F9F714FEC7
:107A0000CD48C7600B2005900020CC490870CC49B8
:107A100008700F9838B10F98381A012803D0FCF776
:107A200097FCFCF79BFC0F9700200D900E900690A2
:107A300040F20672BF49C348FAF7E6FE119042468B
:107A4000C0481199FCF7BEFCFAF7CBFD0546294664
:107A5000BD48FCF795FCBD490880FAF7C2FD054614
:107A6000FCF7C0F80121B948008800EE100AB8EE12
:107A7000400A0C20FAF78AF8B4480088142837DC4A
:107A800001209FED920AFDF7C1FDB1480068401C3E
:107A9000AF490860FAF7A5FD05460BA9AD48006897
:107AA00080B200231A46CDE9015100900B21AA486B
:107AB000FEF740FCFDF76EFA01200790002300E07E
:107AC000FEE3A64802880B201199FAF793FBA14820
:107AD000006801EE100AB8EE411AF0EE410A7A4849
:107AE00090ED0B1AB0EE410A0B20F9F7CFF960E7E1
:107AF000964801889448FBF783FF994880ED000A77
:107B000090ED000ADFED970AB4EEE00AF1EE10FA0C
:107B10000BDD90ED000ADFED940AB4EEE00AF1EE21
:107B200010FA02D290ED000A02E0904890ED000AAF
:107B30008E4880ED000A00208D4908808D4908801C
:107B400000BF23E0804901EBC001D1ED000AB0EE97
:107B5000600A6849D1ED000AB4EEE00AF1EE10FACD
:107B600012D883490988B1F5C87F0DDA80490A889F
:107B70000988491C7E4B19807F4901EBC201724A7A
:107B800002EBC0030CCB0CC1411C88B26F490988C1
:107B90008842D7DB6D49088830E0411E6A4A02EB13
:107BA000C101D1ED000AB0EE600ADFED740AB4EE57
:107BB000E00AF1EE10FA1FD84E49D1ED000A9FED10
:107BC0006F1A71EE600AF4EEC00AF1EE10FA13D8E3
:107BD00068490988B1F5C87F0EDA66490A880988BC
:107BE000491C644B1980664901EBC202411E564B89
:107BF00003EBC1030ACB0AC2411E88B20028CCDCC9
:107C00005248028850495F48FBF736FA5E490880BF
:107C1000DFED370A9FED5D0A4C4802884A495C480F
:107C2000FBF726FC5B490880DFED5B0A9FED300A1D
:107C30004648028844495948FBF71AFC58490880CD
:107C40005148008880B35048008800EE100AB8EE12
:107C5000400AF7EE000A20EE200AF3EE040A80EE56
:107C6000201AB3EE020A21EE000ABCEEC00A10EEA2
:107C7000100A85B24448008800EE100AB8EE400AA7
:107C8000F7EE000A20EE200AB3EE041AC0EE010A55
:107C9000B0EE000A20EE800ABCEEC00A10EE100A18
:107CA0001FFA80FB3F4B7FE0A6E0000000801043FE
:107CB0003D0AD73D0AD7A33C8FC2F53DFD87743DF1
:107CC000295C0F3E1F856B3D60CF00200000000047
:107CD000AE47013FA4CF0020AA010020A001002050
:107CE0005839B43C295C0F3DC1CA213D0AD7233D18
:107CF0000000B4420401002000004842500100206E
:107D000054010020000096445801002000C0A844FF
:107D10005C01002064010020008009442000002054
:107D20003C0000205000002054000020580000209B
:107D3000DA0F0020B4010020501900206801002053
:107D400069010020102A002010430020F4000020C8
:107D50009401002034040040BC080020DE00002014
:107D600008000020000016440000614404000020C8
:107D7000F8000020F6000020C06800200000344316
:107D8000405C0020C09A00200801002000008C42C6
:107D900000A100200A0100200000DC4240A70020D2
:107DA0000C010020340100202A465946F648FDF710
:107DB000FBF80E9000200690F448008805281BDD93
:107DC000F3480088052817DDF0480088401E82B27D
:107DD000F04B0121F048FDF7E7F80D90EC480088E2
:107DE000401E82B2ED4B0121ED48FDF7DDF80D9903
:107DF00008400D900D980690EA480188EA48FBF784
:107E000007FDEA490880EA480188EA48FBF70AFCCE
:107E1000E94908800846008864282CDD0846008867
:107E200000EE100AB8EE400AE448D0ED000AB4EEC5
:107E3000E00AF1EE10FA1ED2DC48008864281ADD50
:107E4000DA48008800EE100AB8EE400ADB48D0EDB0
:107E5000000AB4EEE00AF1EE10FA0CD208460088EF
:107E6000D2490988884203DD0020D349088002E016
:107E70000020CE490880D24800681FFA80FA00200E
:107E8000D0490880C948008800280DDDC74800880F
:107E900000EE100AB8EE400AC848D0ED000AB4EE71
:107EA000E00AF1EE10FA11D3C348008800286BDD18
:107EB000C148008800EE100AB8EE400ABF48D0ED75
:107EC000000AB4EEE00AF1EE10FA5DD2B74800887D
:107ED00000280FDDB548008800EE100AB8EE400A11
:107EE000B648D0ED000AB4EEE00AF1EE10FA01D285
:107EF000012000E00020054615B1AC48008801E0F3
:107F0000AD48008804900E98E8B30498B0F5167F49
:107F10004DDAAD4890ED000A10EE101A0846F8F759
:107F2000A2FB41EC1A0BB0EE4A0AF0EE6A0AFEF729
:107F3000DBFDB0EE409AF0EE609A9FEDA40B53EC9F
:107F4000102B51EC190BF8F7A1FB30D20DB1032027
:107F500000E0042004469F48008800EE100AB8EEB6
:107F6000400ADFED9D0A20EE200ABCEEC00A10EEAA
:107F7000100A80B2CDE900049648008800EE100A8D
:107F8000B8EE400A01E012E0D8E0DFED940A20EEFE
:107F9000200ABCEEC00A10EE100A83B2B0EE480A06
:107FA000894A8F497848FCF74BFB8246C5E00E981A
:107FB000E8B30498B0F5167F39DA834890ED000AEB
:107FC00010EE101A0846F8F74EFB41EC1A0BB0EE13
:107FD0004A0AF0EE6A0AFEF787FDB0EE409AF0EE2C
:107FE000609A9FED800B53EC102B51EC190BF8F7B6
:107FF0004DFB6BD20698D0B1664890ED000A10EEAA
:10800000101A0846F8F72FFB41EC1A0BB0EE4A0A9B
:10801000F0EE6A0AFEF768FDB0EE409AF0EE609A64
:108020009FED720B53EC102B51EC190B00E04DE05F
:10803000F8F72CFB1CD3594890ED000A10EE101AEB
:108040000846F8F710FB41EC1A0BB0EE4A0AF0EEC6
:108050006A0AFEF749FDB0EE409AF0EE609A9FED95
:10806000630B53EC102B51EC190BF8F70FFB2DD2CF
:108070000DB1082000E0092004465648008800EEB3
:10808000100AB8EE400ADFED540A20EE200ABCEEDA
:10809000C00A10EE100A80B2CDE900044D480088F5
:1080A00000EE100AB8EE400ADFED4C0A20EE200A7E
:1080B000BCEEC00A10EE100A83B2B0EE480A424A83
:1080C00047493148FCF7BCFA824636E00DB14948D1
:1080D00000E04948039015B13548008801E0314877
:1080E000008883460DB1334800E02F4801465A46C8
:1080F0000398FAF73DFE1DB12D48A0F800B002E04C
:108100002848A0F800B000200C90D9463B4B4A46C6
:108110000C990398FCF748FF0DB1012000E0022004
:108120000446CDE90094B0EE480A344A2C490C9B31
:108130000398FCF785FA824600BFB5E03048028814
:1081400030493148FAF760FE1E4908800846008829
:108150002E4988620846006940F08000086119488D
:108160000088082856DB1748008800EE100AB8EE91
:10817000400ADFED270A20EE200ABCEEC00A10EE0E
:10818000100A80B247E00AE2C09A00200A010020EB
:108190000C0100203C01002000A10020440100202F
:1081A00040A70020F8000020C06800200000002048
:1081B000F6000020405C002002000020200000208B
:1081C00034040040FE000020340100200000006064
:1081D0006666D63F080100206666663FCDCCCC3D82
:1081E00060CF0020000000606666E63F00000000EF
:1081F0000000D03F40750020C08100201C010020FD
:10820000F400002010430020408E00205019002070
:10821000CDCCCC3E00200C90E248008808280FDB33
:10822000E048008800EE100AB8EE400A5FED160A3A
:1082300020EE200ABCEEC00A10EE100A80B201E067
:10824000D848008881464A46D7480C99FAF728FD55
:10825000D64880ED000AD6480178D44890ED000A4F
:108260001920F9F793FCD248007808B1052410E0F2
:10827000D04B4A46CC480C99FCF796FE40B1C94811
:108280000088082801DB002000E00720044600E009
:108290000724CDE90094B0EE480AC64AC649C24850
:1082A0000C9BFCF7CDF98246C448007838B3BD4832
:1082B0000088082823DB0CB1052C20D1BE4800E043
:1082C00067E190ED0B0A10EE101A0846F8F7CBF9AB
:1082D00041EC1A0BB0EE4A0AF0EE6A0AFEF704FC13
:1082E000B0EE409AF0EE609A9FEDB50B53EC102B78
:1082F00051EC190BF8F7CAF901D8012000E0002071
:108300000A90012C03D0032C01D0082C02D1AE48D6
:10831000806801E0AC48C068AC494860AC4800786F
:10832000AC49086008464460C0F808A0FAF759F95B
:1083300005460BA8CDE900A50290A0480278214689
:10834000A2480A9BFDF7F6FF8246FAF74AF905466E
:10835000FBF748FCFAF745F99C49C968451A9B4860
:108360000095037C22469548017803A8FBF762FF3D
:10837000DDE90301CDE908019DF82600DDED080ADD
:10838000B0EE600AFDF742F99DF8270090B1BDF804
:1083900024A018218D48F7F7C0FF00200B90FCF7B0
:1083A000F9FD0120854908708B48006920F0010023
:1083B000894908618148007810B90B20059021E0B7
:1083C0008148007F032803D07F48007F042801D123
:1083D0000C2005E09DF82C0008B10A2000E02046A2
:1083E00005909DF82C0050B1FCF7D4FD0120734995
:1083F00008707948006920F001007749086150460B
:10840000FDF728F97148007C72494862734890ED85
:10841000000A734880ED0F0A01217248008800EEBF
:10842000100AB8EE400A0920F9F7B0FB01216E48A6
:10843000008800EE100AB8EE400A0A20F9F7A6FB01
:10844000664890ED000ADFED690AB4EEE00AF1EE4D
:1084500010FA10DD90ED000ADFED650AB4EEE00AD7
:10846000F1EE10FA07D20121624890ED000A0B20CC
:10847000F9F78CFB06E001215E4890ED000A0B2025
:10848000F9F71AFC01215C48008800EE100AB8EEEA
:10849000400A0D20F9F77AFB01215848008800EEC8
:1084A000100AB8EE400A0E20F9F770FB012154487B
:1084B000008800EE100AB8EE400A0F20F9F766FBBC
:1084C00001215048008800EE100AB8EE400A102042
:1084D000F9F75CFB01214C48008800EE100AB8EE69
:1084E000400A1120F9F752FB01219DED060AB8EE72
:1084F000400A1420F9F74AFB01214448008800EEA5
:10850000100AB8EE400A1520F9F740FB0121404857
:10851000008800EE100AB8EE400A1620F9F736FB84
:1085200001213C48008800EE100AB8EE400A1720EE
:10853000F9F72CFB01213848008800EE100AB8EE4C
:10854000400A1820F9F722FB1C48007810B1FDF70B
:108550001FF806E031480068401C30490860FCF70D
:1085600019FD164803782E48028811990598F9F7E5
:1085700041FE2C48006801EE100AB8EE411AF0EEF8
:10858000410A0D4890ED0B1AB0EE410A0598F8F734
:108590007DFC0798012801D10020079000BFFFF75C
:1085A00009BA0000FE000020408E002014010020C7
:1085B000180100201C01002060CF0020680100206D
:1085C000000000000000594040CF0020BC080020FF
:1085D00069010020F0190020501900200800002037
:1085E000B019002000000020020000200000164406
:1085F0000000614404000020F8000020F600002084
:10860000080100200A0100200C01002014000020B5
:1086100016000020180000201A00002094010020FD
:10862000DE000020340400402DE9F0476A48056868
:108630006A48D0F80080002469480078032807D1F0
:108640006848006820B1454502D0F8F7EFFA08B94C
:10865000BDE8F087A8EB050008280ED2F9F7C1FFA6
:1086600005F03F0101EBC1015F4A02EB810189681E
:10867000401A5E49884200D2EAE705F03F0000EB6D
:10868000C000594951F8209005F03F0000EBC000B0
:1086900001EB8000D0F804A001E0601CC4B2082CFB
:1086A00018DA2819404515D0281900F03F0000EBD2
:1086B000C0004D4901EB8000406850450AD128199F
:1086C00000F03F0000EBC00051F8200009EB04016E
:1086D0008842E2D0C4EBC400800000F120010620F3
:1086E000FFF7B2F80121424800F0FEF92146404868
:1086F000801C00F0F9F949463D48001D00F0F8F9EA
:1087000051463B48083000F0F3F93A4801683848D0
:108710000C3000F0EDF900241E2745E0281900F088
:108720003F0000EBC000304901EB80067068504507
:1087300004D109EB04013068884200D039E02C4AAA
:108740000E3AD019B16800F0D3F9B189284A0E3A2F
:108750003A44101D00F0C8F9F189254A0E3A3A440E
:10876000901D00F0C1F922480E383844316981600B
:108770001F480E3838447169C1601D480E383844AE
:10878000B16901611A480E383844F1694161184AEB
:108790000E3A3A4402F11800316A00F0A9F9601C5F
:1087A000C4B207F11C0087B22819404501D0082C3B
:1087B000B4DB00BFC4EBC400800000F12001002244
:1087C0000B480E38F8F74EFA20B1BFF35F8F281927
:1087D0000149086000BF3BE7B4000020B000002062
:1087E000440000204C000020181A002080380100AE
:1087F0005E180020BC00002010B5FEF749F80446C2
:1088000072B604480068044908602046FEF7ADF9D6
:1088100010BD0000B0000020B4000020024602EBB2
:108820004200094B03EBC000007D50B102EB420057
:1088300003EBC0000069081A044B984201D80120DC
:1088400070470020FCE7000080AD0020400D0300D1
:1088500070B52DED0C8BB0EE409AF0EE608A0646B6
:1088600019EE100AF7F7FFFE41EC1C0BB0EE4C0AB4
:10887000F0EE6C0AFEF738F9B0EE40BAF0EE60BAEE
:108880009FED6B0B53EC102B51EC1B0BF7F716FF06
:1088900006D39FED690AF4EEC08AF1EE10FA03D216
:1088A0000020BDEC0C8B70BD9FED648A5AE0B4EEE5
:1088B000E88AF1EE10FA02D288EE280A01E0B7EE5B
:1088C000000A20EE09AA002444E0601E00EE100A0F
:1088D000B8EEC00ADFED5A0AF0EE4A9A40EE209A4E
:1088E000F0EE690AB0EE480AFDF7D6FFDFED550A53
:1088F00020EE200ADFED540AC0EE20AAB6EE000AF0
:108900003AEE800ABCEEC00A10EE100A85B269EE9B
:10891000A90A48EE080AB0EE600AFEF7EFF8B0EEDA
:1089200040DA31462846FFF779FF78B105EB45007C
:10893000464901EBC00090ED010ADFED450A7DEEEE
:10894000200AB4EEE00AF1EE10FA01D20020A8E706
:10895000601C84B2032CB8DB9FED3E0A38EE000A9F
:10896000B0EE408A9FED350A38EE800AB4EEC80AB0
:10897000F1EE10FA9BDA002455E031462046FFF76D
:108980004DFF00B94DE004EB4400304901EBC0005D
:1089900090ED030AB0EE408A9FED2E0AB4EEC08A35
:1089A000F1EE10FA08D39FED250A38EE800AB4EEF6
:1089B000C80AF1EE10FA00D233E0B4EEE88AF1EE24
:1089C00010FA02D288EE280A01E0B7EE000A20EE83
:1089D000090AB0EE40AA04EB44001C4A02EBC000B6
:1089E00090ED020A30EE4A0A10EE101A0846F7F728
:1089F0003AFE41EC1C0BB0EE4C0AF0EE6C0AFEF7AE
:108A000073F8B0EE40BAF0EE60BA9FED130B53EC82
:108A1000102B51EC1B0BF7F739FE01D2002040E779
:108A200000BF601C84B2B42CA7DB012039E7000032
:108A30000000000000207C400000E14300004843AB
:108A400000002F4300003443DB0F494080AD00207D
:108A5000000048420000C8420000000000E06540FD
:108A600030B502460B460021002417E0107830286C
:108A70000ADB1078392807DC0B48814204D8814290
:108A800004D11078352801DD002030BD12F8010B2B
:108A9000303801EB810500EB4501012410780028F6
:108AA000E4D119602046F0E79999991900B50B486F
:108AB000007810B90420094908700948006920F0BD
:108AC0000100074908610846006940F40070086128
:108AD000FCF760FA0348006880B200BD690100201D
:108AE000501900203404004001700A12427070478F
:108AF00070B505460C46A1B22846FFF7F5FF210CDC
:108B0000A81CFFF7F1FF70BD10B50B4600215A1EDF
:108B100011E000EBC20494ED000A00EBC104D4EDB7
:108B2000000A00EBC204C4ED000A00EBC10484EDAE
:108B3000000A491C521E9142EBDB00215A1E13E031
:108B400000EBC204D4ED010AB0EE600A00EBC104F0
:108B5000D4ED010A00EBC204C4ED010A00EBC1042C
:108B600084ED010A491C521E9142E9DB10BD000050
:108B70002DE9F04105460E463046F7F7E3FB84B297
:108B8000642C00DD642404F11C0081B20420FEF793
:108B90005BFEF9F71FFD074639461148FFF7A8FFAE
:108BA000104801680E48001DFFF7A2FF29460C4837
:108BB0000830FFF799FF214609480A30FFF794FF74
:108BC0002246314606480C30F7F780FB04F11C00C2
:108BD00081B2022202480E38F8F744F8BDE8F0816D
:108BE0005E180020480000200146012903D0032917
:108BF00001D0082901D101207047022903D004299E
:108C000001D0092901D10220F6E70020F4E701464E
:108C1000032901D0042901D103207047082901D07C
:108C2000092901D10220F8E70120F6E770B54FF0DD
:108C3000FF35314890F90000002800DB70BD0024AA
:108C400039E004EB44102D4901EBC00090F803011A
:108C500078B3002D2CDB04EB441001EBC00090F83E
:108C6000020105EB4511254A02EBC10191F8021101
:108C700088421DDC04EB4410114601EBC00090F863
:108C8000020105EB451102EBC10191F80211884286
:108C90000FD104EB4410114601EBC000D0F80401E1
:108CA00005EB451102EBC101D1F80411401A00D5C2
:108CB00065B2601CC4B2062CC3DB002D00DABDE730
:108CC00005EB45120D4B03EBC202B2F8001105EBA8
:108CD000451203EBC200F8F77FFF00200849088027
:108CE00005480570BFF35F8F012240F227710548E8
:108CF000FDF7F0FC00BFA1E7CC0000201823002006
:108D0000CE0000200014014010B586B004460121B9
:108D10000846FCF779FB01214804FCF785FB072294
:108D200002211D48F9F7B8FC072203211A48F9F778
:108D3000B3FC0C20049002208DF8140003208DF861
:108D4000150000208DF8160001208DF8170004A9E9
:108D50001148F9F759FC00940020ADF80400ADF873
:108D60000600ADF80800ADF80C000C20ADF80A00C4
:108D700069460A48FDF7D4FC01210848FDF7F3FBDA
:108D8000012240210548FDF7FAFB40210348FDF789
:108D9000E1FB06B010BD00000000024000440040AE
:108DA00010B586B0044601210420FCF72DFB0121FB
:108DB0008804FCF739FB07220A211B48F9F76CFCF1
:108DC00007220B211848F9F767FC4FF44060049024
:108DD00002208DF8140003208DF8150000208DF876
:108DE000160001208DF8170004A90F48F9F70CFCB4
:108DF00000940020ADF80400ADF80600ADF80800BE
:108E0000ADF80C000C20ADF80A0069460748FDF7E4
:108E100087FC01210548FDF7A6FB40210348FDF72B
:108E200099FB06B010BD0000000802400048004059
:108E300010B586B0044601210846FCF7E5FA012189
:108E40001020FCF711FB072209211B48F9F724FC2D
:108E500007220A211848F9F71FFC4FF4C06004905C
:108E600002208DF8140003208DF8150000208DF8E5
:108E7000160001208DF8170004A90F48F9F7C4FB6C
:108E800000940020ADF80400ADF80600ADF808002D
:108E9000ADF80C000C20ADF80A0069460748FDF754
:108EA0003FFC01210548FDF75EFB40210348FDF72B
:108EB00051FB06B010BD0000000002400010014050
:108EC0002DE9F0472DED108B0646884691461F464A
:108ED000B0EE409ADDF860A000259FEDEB0AF0EEC1
:108EE00040BA9FEDE90AF0EE409A9FEDE70AF0EEF6
:108EF00040DA9FEDE50AB0EE40EA9FEDE30AF0EEBE
:108F000040EA9FEDE20AF0EE40AA9FEDE10AB0EEE2
:108F100040BA44465DE056F8340008EE900A06EB8D
:108F2000C40090ED018A18EE900AF7F79CFB41EC23
:108F30001C0BB0EE4C0AF0EE6C0AFDF7D5FDB0EE5E
:108F400040FAF0EE60FA9FEDD30B53EC102B51EC8E
:108F50001F0BF7F79BFB0DD89FEDD00AB4EEC08A2C
:108F6000F1EE10FA06DB9FEDCE0AB4EEC08AF1EE08
:108F700010FA00D92BE0012F06D19FEDCA0AF4EEBA
:108F8000C08AF1EE10FA08DC022F07D19FEDC60A65
:108F9000F4EEC08AF1EE10FA00D218E03BEEA80A17
:108FA000F0EE40BA39EE880AF0EE409A681C85B2BD
:108FB000B4EEEA8AF1EE10FA01D2F0EE48AAB4EE6D
:108FC000CB8AF1EE10FA01DDB0EE48BA00BF601CAA
:108FD00084B24C459FDBB5484562062D1ADB3BEE5B
:108FE0006A0ADFEDB30AB4EEE00AF1EE10FA11D32B
:108FF0009FEDAF0A3AEEC00AB4EEC90AF1EE10FADC
:1090000008DC9FEDAB0A3BEE000AB4EEC90AF1EEB4
:1090100010FA04D20020BDEC108BBDE8F08700EE02
:10902000105AB8EE400ACBEE800AF0EE60BA00EEBD
:10903000105AB8EE400AC9EE800AF0EE609A444633
:109040005DE006EBC40090ED000AF0EE408A06EB0E
:10905000C40090ED010AB0EE408A18EE900AF7F7CE
:1090600002FB41EC1C0BB0EE4C0AF0EE6C0AFDF773
:109070003BFDB0EE40FAF0EE60FA9FED860B53EC4C
:10908000102B51EC1F0BF7F701FB0DD89FED830A56
:10909000B4EEC08AF1EE10FA06DB9FED810AB4EE61
:1090A000C08AF1EE10FA00D927E0012F06D19FED1A
:1090B0007D0AF4EEC08AF1EE10FA08DC022F07D127
:1090C0009FED790AF4EEC08AF1EE10FA00D214E0B6
:1090D00078EE690A38EE691AB0EE6D0A00EE810A80
:1090E000F0EE40DA78EE690A38EEEB1AB0EE4E0A8E
:1090F00000EE810AB0EE40EA00BF601C84B24C452D
:109100009FDBB7EE000AF4EEC0DAF1EE10FA01D2FE
:10911000002080E78EEE2DAAB0EE6BDA0AEE69DA57
:109120001AEE100AF7F79FFA41EC1F0BB0EE4F0A48
:10913000F0EE6F0AFDF7D8FCB0EE40CAF0EE60CA60
:109140009FED5C0B53EC102B51EC1C0BF7F7B6FAB0
:1091500001D200205FE744465BE006EBC40090EDDF
:10916000000AF0EE408A06EBC40090ED010AB0EE72
:10917000408A18EE900AF7F776FA41EC1C0BB0EE35
:109180004C0AF0EE6C0AFDF7AFFCB0EE40FAF0EEE0
:1091900060FA9FED400B53EC102B51EC1F0BF7F7CF
:1091A00075FA0DD89FED3D0AB4EEC08AF1EE10FAC3
:1091B00006DB9FED3B0AB4EEC08AF1EE10FA00D94F
:1091C00025E0012F06D19FED370AF4EEC08AF1EEBB
:1091D00010FA08DC022F07D19FED330AF4EEC08AA3
:1091E000F1EE10FA00D212E0B0EE680A0AEE480A78
:1091F00070EE4D0AB0EE680A0AEE480A30EE4D1ADB
:10920000B0EE6E0A00EE810AF0EE40EA00BF601C8C
:1092100084B24C45A1DB00EE105AB8EE400ACEEE07
:10922000800A9FED260AF4EEC00AF1EE10FA01DD85
:109230000020F0E6B0EE4D0A0AEE090A8AED000AB7
:109240009AED000A1E4880ED080A80ED099AB4EEF6
:10925000EA9AF1EE10FA02D23AEEC90A09E0B4EE47
:10926000CB9AF1EE10FA02DD39EE4B0A01E09FEDE8
:10927000060A134880ED0A0A0C48006940F0020013
:109280000A4908610120C6E600000000FFFF7F7F59
:10929000FFFF7FFF000000E0FFFFEF4700001643E5
:1092A0000000E1440000A0C20000A04250190020CC
:1092B00000007A430000000000000040000061450B
:1092C000B01900200A0001000100E8030100E803D2
:1092D0000100E803E80301000100010001000100B2
:1092E00001000100010001000A000100010001006D
:1092F0000100010001000100E49E000860CF002091
:109300000000E803030000009C9E000864CF0020DA
:109310000000E80303000000A49E000868CF0020BE
:109320000000E80303000000B09E000870CF00209A
:109330000000E80303000000989E000874CF00209E
:109340000000E80303000000A09E000878CF002082
:109350000000E80303000000DC9E0008A4CF00200A
:109360000000881302000000C09E0008B0CF00205B
:109370000000881303000000B49E0008A001002034
:109380000000320000000000E89E000850010020AC
:109390000000C80000000000D09E0008540100201A
:1093A0000000C80000000000F09E000858010020E6
:1093B0000000D00700000000D89E00085C010020DB
:1093C0000000D00700000000A89E000860010020F7
:1093D0000000D00700000000C89E000864010020C3
:1093E0000000010000000000B89E000804010020F9
:1093F0000000B40000000000010000000A000000AE
:1094000064000000E8030000010000000A00000002
:1094100064000000E803000000000000A505010052
:1094200000000000920E493CB10AC93C2BC3163D16
:109430002EFB483D752B7B3D04A9963D80B6AF3D84
:1094400036BDC83D2FBCE13D73B2FA3D87CF093E22
:109450008340163EB5AB223EA2102F3ECF6E3B3E60
:10946000C2C5473E0115543E135C603E7F9A6C3E78
:10947000CCCF783EC07D823E938E883E229A8E3E2F
:1094800032A0943E86A09A3EE59AA03E128FA63E58
:10949000D47CAC3EEF63B23E2A44B83E491DBE3E8A
:1094A00015EFC33E53B9C93ECA7BCF3E4136D53EC8
:1094B00080E8DA3E4F92E03E7533E63EBBCBEB3EB2
:1094C000EA5AF13ECBE0F63E275DFC3EE4E7003F82
:1094D0003D9C033F824B063F9BF5083F6B9A0B3F39
:1094E000DA390E3FCDD3103F2A68133FD9F6153F26
:1094F000C07F183FC6021B3FD17F1D3FCBF61F3FE9
:109500009967223F25D2243F5636273F1594293F9D
:109510004AEB2B3FDE3B2E3FBB85303FC9C8323F75
:10952000F304353F233A373F4268393F3B8F3B3F97
:10953000F9AE3D3F67C73F3F70D8413F01E2433F2F
:1095400003E4453F65DE473F12D1493FF8BB4B3F3F
:10955000029F4D3F207A4F3F3D4D513F4918533FA9
:1095600031DB543FE595563F5348583F6AF2593F27
:109570001A945B3F532D5D3F05BE5E3F2146603F21
:1095800097C5613F5A3C633F59AA643F880F663FC5
:10959000D86B673F3CBF683FA7096A3F0C4B6B3FE6
:1095A0005E836C3F93B26D3F9ED86E3F73F56F3F05
:1095B0000809713F5213723F4714733FDD0B743F2C
:1095C0000BFA743FC6DE753F07BA763FC58B773F0F
:1095D000F853783F9812793F9DC7793F02737A3FDD
:1095E000BE147B3FCDAC7B3F283B7C3FC9BF7C3F5B
:1095F000AC3A7D3FCCAB7D3F23137E3FB0707E3FC6
:109600006DC47E3F580E7F3F6D4E7F3FAB847F3FE2
:109610000FB17F3F97D37F3F43EC7F3F11FB7F3FED
:109620000000803F11FB7F3F43EC7F3F97D37F3F9C
:109630000FB17F3FAB847F3F6D4E7F3F580E7F3F22
:109640006DC47E3FB0707E3F23137E3FCCAB7D3F29
:10965000AC3A7D3FC9BF7C3F283B7C3FCDAC7B3FD4
:10966000BE147B3F02737A3F9DC7793F9812793FC2
:10967000F853783FC58B773F07BA763FC6DE753F14
:109680000BFA743FDD0B743F4714733F5213723F64
:109690000809713F73F56F3F9ED86E3F93B26D3FDF
:1096A0005E836C3F0C4B6B3FA7096A3F3CBF683F32
:1096B000D86B673F880F663F59AA643F5A3C633FA7
:1096C00097C5613F2146603F05BE5E3F532D5D3F1C
:1096D0001A945B3F6AF2593F5348583FE595563F0D
:1096E00031DB543F4918533F3D4D513F207A4F3FA6
:1096F000029F4D3FF8BB4B3F12D1493F65DE473FCC
:1097000003E4453F01E2433F70D8413F67C73F3F15
:10971000F9AE3D3F3B8F3B3F4268393F233A373FED
:10972000F304353FC9C8323FBB85303FDE3B2E3F97
:109730004AEB2B3F1594293F5636273F25D2243F2D
:109740009967223FCBF61F3FD17F1D3FC6021B3FCB
:10975000C07F183FD9F6153F2A68133FCDD3103F7D
:10976000DA390E3F6B9A0B3F9BF5083F824B063F61
:109770003D9C033FE4E7003F275DFC3ECBE0F63E27
:10978000EA5AF13EBBCBEB3E7533E63E4F92E03EEC
:1097900080E8DA3E4136D53ECA7BCF3E53B9C93E5A
:1097A00015EFC33E491DBE3E2A44B83EEF63B23EAC
:1097B000D47CAC3E128FA63EE59AA03E86A09A3E8F
:1097C00032A0943E229A8E3E938E883EC07D823E89
:1097D000CCCF783E7F9A6C3E135C603E0115543EC0
:1097E000C2C5473ECF6E3B3EA2102F3EB5AB223ED8
:1097F0008340163E87CF093E73B2FA3D2FBCE13D50
:1098000036BDC83D80B6AF3D04A9963D752B7B3D66
:109810002EFB483D2BC3163DB10AC93C920E493C74
:1098200000000000920E49BCB10AC9BC2BC316BD92
:109830002EFB48BD752B7BBD04A996BD80B6AFBD80
:1098400036BDC8BD2FBCE1BD73B2FABD87CF09BE1E
:10985000834016BEB5AB22BEA2102FBECF6E3BBE5C
:10986000C2C547BE011554BE135C60BE7F9A6CBE74
:10987000CCCF78BEC07D82BE938E88BE229A8EBE2B
:1098800032A094BE86A09ABEE59AA0BE128FA6BE54
:10989000D47CACBEEF63B2BE2A44B8BE491DBEBE86
:1098A00015EFC3BE53B9C9BECA7BCFBE4136D5BEC4
:1098B00080E8DABE4F92E0BE7533E6BEBBCBEBBEAE
:1098C000EA5AF1BECBE0F6BE275DFCBEE4E700BF7E
:1098D0003D9C03BF824B06BF9BF508BF6B9A0BBF35
:1098E000DA390EBFCDD310BF2A6813BFD9F615BF22
:1098F000C07F18BFC6021BBFD17F1DBFCBF61FBFE5
:10990000996722BF25D224BF563627BF159429BF99
:109910004AEB2BBFDE3B2EBFBB8530BFC9C832BF71
:10992000F30435BF233A37BF426839BF3B8F3BBF93
:10993000F9AE3DBF67C73FBF70D841BF01E243BF2B
:1099400003E445BF65DE47BF12D149BFF8BB4BBF3B
:10995000029F4DBF207A4FBF3D4D51BF491853BFA5
:1099600031DB54BFE59556BF534858BF6AF259BF23
:109970001A945BBF532D5DBF05BE5EBF214660BF1D
:1099800097C561BF5A3C63BF59AA64BF880F66BFC1
:10999000D86B67BF3CBF68BFA7096ABF0C4B6BBFE2
:1099A0005E836CBF93B26DBF9ED86EBF73F56FBF01
:1099B000080971BF521372BF471473BFDD0B74BF28
:1099C0000BFA74BFC6DE75BF07BA76BFC58B77BF0B
:1099D000F85378BF981279BF9DC779BF02737ABFD9
:1099E000BE147BBFCDAC7BBF283B7CBFC9BF7CBF57
:1099F000AC3A7DBFCCAB7DBF23137EBFB0707EBFC2
:109A00006DC47EBF580E7FBF6D4E7FBFAB847FBFDE
:109A10000FB17FBF97D37FBF43EC7FBF11FB7FBFE9
:109A2000000080BF11FB7FBF43EC7FBF97D37FBF98
:109A30000FB17FBFAB847FBF6D4E7FBF580E7FBF1E
:109A40006DC47EBFB0707EBF23137EBFCCAB7DBF25
:109A5000AC3A7DBFC9BF7CBF283B7CBFCDAC7BBFD0
:109A6000BE147BBF02737ABF9DC779BF981279BFBE
:109A7000F85378BFC58B77BF07BA76BFC6DE75BF10
:109A80000BFA74BFDD0B74BF471473BF521372BF60
:109A9000080971BF73F56FBF9ED86EBF93B26DBFDB
:109AA0005E836CBF0C4B6BBFA7096ABF3CBF68BF2E
:109AB000D86B67BF880F66BF59AA64BF5A3C63BFA3
:109AC00097C561BF214660BF05BE5EBF532D5DBF18
:109AD0001A945BBF6AF259BF534858BFE59556BF09
:109AE00031DB54BF491853BF3D4D51BF207A4FBFA2
:109AF000029F4DBFF8BB4BBF12D149BF65DE47BFC8
:109B000003E445BF01E243BF70D841BF67C73FBF11
:109B1000F9AE3DBF3B8F3BBF426839BF233A37BFE9
:109B2000F30435BFC9C832BFBB8530BFDE3B2EBF93
:109B30004AEB2BBF159429BF563627BF25D224BF29
:109B4000996722BFCBF61FBFD17F1DBFC6021BBFC7
:109B5000C07F18BFD9F615BF2A6813BFCDD310BF79
:109B6000DA390EBF6B9A0BBF9BF508BF824B06BF5D
:109B70003D9C03BFE4E700BF275DFCBECBE0F6BE23
:109B8000EA5AF1BEBBCBEBBE7533E6BE4F92E0BEE8
:109B900080E8DABE4136D5BECA7BCFBE53B9C9BE56
:109BA00015EFC3BE491DBEBE2A44B8BEEF63B2BEA8
:109BB000D47CACBE128FA6BEE59AA0BE86A09ABE8B
:109BC00032A094BE229A8EBE938E88BEC07D82BE85
:109BD000CCCF78BE7F9A6CBE135C60BE011554BEBC
:109BE000C2C547BECF6E3BBEA2102FBEB5AB22BED4
:109BF000834016BE87CF09BE73B2FABD2FBCE1BD4C
:109C000036BDC8BD80B6AFBD04A996BD752B7BBD62
:109C10002EFB48BD2BC316BDB10AC9BC920E49BC70
:109C200000000080004040404040404040404141F2
:109C30004141414040404040404040404040404021
:109C400040404040400502020202020202020202BB
:109C500002020202022020202020202020202002B8
:109C60000202020202029090909090901010101048
:109C700010101010101010101010101010101010E4
:109C80000202020202028888888888880808080878
:109C90000808080808080808080808080808080844
:109CA0000202020240000000259C0008494E464F77
:109CB0002070726F746F3D312C32206C61796F753A
:109CC000743D25732066773D2573206C696461724D
:109CD0003D257520616C676F726974686D3D322037
:109CE000696E7075743D25752061746F6D69633D93
:109CF000302064657461696C3D32206D6F746F72E1
:109D00003D312064726976653D310D0A0000000026
:109D1000627265616B3D3535302F3630306D6D3B8D
:109D200077696474683D3630302E2E3930306D6D71
:109D30003B50574D3D313137302F313434352F3191
:109D40003732303B50446D69643D313434353B66C5
:109D500069743D636865636B65643B63656E7465D8
:109D6000723D7061697265643B76656869636C65B4
:109D70003D323530783230303B6E61763D7363680A
:109D8000656D6132000000006D6D3B4343523B65E1
:109D90006E636F6465725F756E6974733B736C6F2D
:109DA00070653B50443D77616C6C2D6669742D4441
:109DB0006361703135303B7475726E3D72657665E6
:109DC000727365323B63616368653D3230306D7339
:109DD0003B73706565643D65666665637469766549
:109DE000000000004C44313450206E6F6D696E618C
:109DF0006C343030307074732F734036487A3B5077
:109E0000574D39373B7261775F6372633D7265719D
:109E100075697265643B696E7075743D444D412D82
:109E200073747265616D00007261646172206361B8
:109E30006C6C733D256C752073796E633D256C7574
:109E40002073686F72743D256C75206D697373693A
:109E50006E673D256C75207261773D257520696EB2
:109E600076616C69643D256C752061676531306D84
:109E7000733D25752073746172743D25752073746C
:109E80006F703D25752074696D656F7574733D2520
:109E90006C750D0A000000006B6432006B703200BC
:109EA0006B6433006B70330079737472610000006F
:109EB0006B64000073706400616E676C6500000085
:109EC00073705F6B690000007973656C00000000BF
:109ED0006469736C00000000796C000073705F6B44
:109EE000700000006B700000646973720000000075
:109EF00079720000149F000800000020B4010000E7
:109F0000380B0008549F0008B401002054DE000004
:109F10005C6B0008614B2F4404E152013A16182D86
:109F20000102030404DD0607080921115A01080192
:109F300078DAFF0851022C100344B442520A1A780E
:109F40004C1A70043B4844041B803B0801160A1558
:049F5000010C0120DF
:040000050800018965
:00000001FF
