session,param_revision,sample_seq,host_t,sample_us,encoder_raw,motor_pwm,speed_float,target_float,motor_integral,motor_prelimit,motor_flags,encoder_signed
2566431872,1,26240,0.6719999999995707,262392411,0,100,0.0,10.0,200.0,186.0,7,0
2566431872,1,26241,0.6719999999995707,262402411,0,100,0.0,10.0,200.0,186.0,7,0
2566431872,1,26242,0.6719999999995707,262412411,0,100,0.0,10.0,200.0,186.0,7,0
2566431872,1,26243,0.6719999999995707,262422411,0,100,0.0,10.0,200.0,186.0,7,0
2566431872,1,26244,0.6719999999995707,262432411,0,100,0.0,10.0,200.0,186.0,7,0
2566431872,1,26245,0.6719999999995707,262442411,0,100,0.0,10.0,200.0,186.0,7,0
2566431872,1,26246,0.6719999999995707,262452411,0,100,0.0,10.0,200.0,186.0,7,0
2566431872,1,26247,0.6719999999995707,262462411,0,100,0.0,10.0,200.0,186.0,7,0
2566431872,1,26248,0.6719999999995707,262472411,0,100,0.0,10.0,200.0,186.0,7,0
2566431872,1,26249,0.6719999999995707,262482411,0,100,0.0,10.0,200.0,186.0,7,0
2566431872,1,26250,0.6719999999995707,262492411,0,100,0.0,10.0,200.0,186.0,7,0
2566431872,1,26251,0.6719999999995707,262502411,0,100,0.0,10.0,200.0,186.0,7,0
2566431872,1,26252,0.6719999999995707,262512411,0,100,0.0,10.0,200.0,186.0,7,0
2566431872,1,26253,0.6719999999995707,262522411,0,100,0.0,10.0,200.0,186.0,7,0
2566431872,1,26254,0.6719999999995707,262532411,0,100,0.0,10.0,200.0,186.0,7,0
2566431872,1,26255,0.6719999999995707,262542411,0,100,0.0,10.0,200.0,186.0,7,0
2566431872,1,26256,0.6719999999995707,262552411,0,100,0.0,10.0,200.0,186.0,7,0
2566431872,1,26257,0.6719999999995707,262562411,0,100,0.0,10.0,200.0,186.0,7,0
2566431872,1,26258,0.6719999999995707,262572411,0,100,0.0,10.0,200.0,186.0,7,0
2566431872,1,26259,0.6719999999995707,262582411,0,100,0.0,10.0,200.0,186.0,7,0
2566431872,1,26260,0.6719999999995707,262592411,0,100,0.0,10.0,200.0,186.0,7,0
2566431872,1,26261,0.6719999999995707,262602411,0,100,0.0,10.0,200.0,186.0,7,0
2566431872,1,26262,0.6719999999995707,262612412,0,100,0.0,10.0,200.0,186.0,7,0
2566431872,1,26263,0.6719999999995707,262622411,0,100,0.0,10.0,200.0,186.0,7,0
2566431872,1,26264,0.6719999999995707,262632411,0,100,0.0,10.0,200.0,186.0,7,0
2566431872,1,26265,0.6719999999995707,262642411,0,100,0.0,10.0,200.0,186.0,7,0
2566431872,1,26266,0.6719999999995707,262652411,0,100,0.0,10.0,200.0,186.0,7,0
2566431872,1,26267,0.6719999999995707,262662411,0,100,0.0,10.0,200.0,186.0,7,0
2566431872,1,26268,0.6719999999995707,262672411,0,100,0.0,10.0,200.0,186.0,7,0
2566431872,1,26269,0.6719999999995707,262682411,0,100,0.0,10.0,200.0,186.0,7,0
2566431872,1,26270,0.6719999999995707,262692411,0,100,0.0,10.0,200.0,186.0,7,0
2566431872,1,26271,0.6719999999995707,262702411,0,100,0.0,10.0,200.0,186.0,7,0
2566431872,1,26272,1.2029999999995198,262712411,0,100,0.0,10.0,200.0,186.0,7,0
2566431872,1,26273,1.2029999999995198,262722411,0,100,0.0,10.0,200.0,186.0,7,0
2566431872,1,26274,1.2029999999995198,262732411,0,100,0.0,10.0,200.0,186.0,7,0
2566431872,1,26275,1.2029999999995198,262742411,0,100,0.0,10.0,200.0,186.0,7,0
2566431872,1,26276,1.2029999999995198,262752411,0,100,0.0,10.0,200.0,186.0,7,0
2566431872,1,26277,1.2029999999995198,262762411,0,100,0.0,10.0,200.0,186.0,7,0
2566431872,1,26278,1.2029999999995198,262772411,0,100,0.0,10.0,200.0,186.0,7,0
2566431872,1,26279,1.2029999999995198,262782411,0,100,0.0,10.0,200.0,186.0,7,0
2566431872,1,26280,1.2029999999995198,262792411,0,100,0.0,10.0,200.0,186.0,7,0
2566431872,1,26281,1.2029999999995198,262802412,0,100,0.0,10.0,200.0,186.0,7,0
2566431872,1,26282,1.2029999999995198,262812411,0,100,0.0,10.0,200.0,186.0,7,0
2566431872,1,26283,1.2029999999995198,262822411,0,100,0.0,10.0,200.0,186.0,7,0
2566431872,1,26284,1.2029999999995198,262832411,0,100,0.0,10.0,200.0,186.0,7,0
2566431872,1,26285,1.2029999999995198,262842411,0,100,0.0,10.0,200.0,186.0,7,0
2566431872,1,26286,1.2029999999995198,262852411,0,100,0.0,10.0,200.0,186.0,7,0
2566431872,1,26287,1.2029999999995198,262862411,0,100,0.0,10.0,200.0,186.0,7,0
2566431872,2,26288,1.2029999999995198,262872411,0,100,0.0,10.0,200.0,186.0,7,0
2566431872,2,26289,1.2029999999995198,262882411,0,100,0.0,10.0,200.0,186.0,7,0
2566431872,2,26290,1.2029999999995198,262892411,0,100,0.0,10.0,200.0,186.0,7,0
2566431872,2,26291,1.2029999999995198,262902411,0,100,0.0,10.0,200.0,186.0,7,0
2566431872,2,26292,1.2029999999995198,262912411,0,100,0.0,10.0,200.0,186.0,7,0
2566431872,2,26293,1.2029999999995198,262922411,0,100,0.0,10.0,200.0,186.0,7,0
2566431872,2,26294,1.2029999999995198,262932411,0,100,0.0,10.0,200.0,186.0,7,0
2566431872,2,26295,1.2029999999995198,262942411,0,100,0.0,10.0,200.0,186.0,7,0
2566431872,2,26296,1.2029999999995198,262952411,0,100,0.0,10.0,200.0,186.0,7,0
2566431872,2,26297,1.2029999999995198,262962411,0,100,0.0,10.0,200.0,186.0,7,0
2566431872,2,26298,1.2029999999995198,262972411,0,100,0.0,10.0,200.0,186.0,7,0
2566431872,2,26299,1.2029999999995198,262982411,0,100,0.0,10.0,200.0,186.0,7,0
2566431872,2,26300,1.2029999999995198,262992411,0,100,0.0,10.0,200.0,186.0,7,0
2566431872,2,26301,1.2029999999995198,263002411,0,100,0.0,10.0,200.0,186.0,7,0
2566431872,2,26302,1.2029999999995198,263012411,0,100,0.0,10.0,200.0,186.0,7,0
2566431872,2,26303,1.2029999999995198,263022411,0,100,0.0,10.0,200.0,186.0,7,0
2566431872,2,26304,1.2029999999995198,263032411,0,100,0.0,10.0,200.0,186.0,7,0
2566431872,2,26305,1.2029999999995198,263042411,0,100,0.0,10.0,200.0,186.0,7,0
2566431872,2,26306,1.2029999999995198,263052411,0,100,0.0,10.0,200.0,186.0,7,0
2566431872,2,26307,1.2029999999995198,263062411,0,100,0.0,10.0,200.0,186.0,7,0
2566431872,2,26308,1.2029999999995198,263072411,0,100,0.0,10.0,200.0,186.0,7,0
2566431872,2,26309,1.2029999999995198,263082411,0,100,0.0,10.0,200.0,186.0,7,0
2566431872,2,26310,1.2029999999995198,263092411,0,100,0.0,10.0,200.0,186.0,7,0
2566431872,2,26311,1.2029999999995198,263102411,0,100,0.0,10.0,200.0,186.0,7,0
2566431872,2,26312,1.2029999999995198,263112411,0,100,0.0,10.0,200.0,186.0,7,0
2566431872,2,26313,1.2029999999995198,263122411,0,100,0.0,10.0,200.0,186.0,7,0
2566431872,2,26314,1.2029999999995198,263132411,0,100,0.0,10.0,200.0,186.0,7,0
2566431872,2,26315,1.2029999999995198,263142411,0,100,0.0,10.0,200.0,186.0,7,0
2566431872,2,26316,1.2029999999995198,263152411,0,100,0.0,10.0,200.0,186.0,7,0
2566431872,2,26317,1.2029999999995198,263162411,0,100,0.0,10.0,200.0,186.0,7,0
2566431872,2,26318,1.2029999999995198,263172411,0,100,0.0,10.0,200.0,186.0,7,0
2566431872,2,26319,1.2029999999995198,263182411,0,100,0.0,10.0,200.0,186.0,7,0
2566431872,2,26320,1.2029999999995198,263192411,0,100,0.0,10.0,200.0,186.0,7,0
2566431872,2,26321,1.2029999999995198,263202411,0,100,0.0,10.0,200.0,186.0,7,0
2566431872,2,26322,1.2029999999995198,263212411,0,100,0.0,10.0,200.0,186.0,7,0
2566431872,2,26323,1.2029999999995198,263222411,0,100,0.0,10.0,200.0,186.0,7,0
2566431872,2,26324,1.2029999999995198,263232411,0,100,0.0,10.0,200.0,186.0,7,0
2566431872,2,26325,1.2029999999995198,263242411,0,100,0.0,10.0,200.0,186.0,7,0
2566431872,2,26326,1.2029999999995198,263252411,0,100,0.0,10.0,200.0,186.0,7,0
2566431872,2,26327,1.2029999999995198,263262411,0,100,0.0,10.0,200.0,186.0,7,0
2566431872,2,26328,1.6089999999994689,263272411,0,100,0.0,10.0,200.0,186.0,7,0
2566431872,2,26329,1.6089999999994689,263282411,0,100,0.0,10.0,200.0,186.0,7,0
2566431872,2,26330,1.6089999999994689,263292411,0,100,0.0,10.0,200.0,186.0,7,0
2566431872,2,26331,1.6089999999994689,263302411,0,100,0.0,10.0,200.0,186.0,7,0
2566431872,2,26332,1.6089999999994689,263312411,0,100,0.0,10.0,200.0,186.0,7,0
2566431872,2,26333,1.6089999999994689,263322411,0,100,0.0,10.0,200.0,186.0,7,0
2566431872,2,26334,1.6089999999994689,263332411,0,100,0.0,10.0,200.0,186.0,7,0
2566431872,2,26335,1.6089999999994689,263342411,0,100,0.0,10.0,200.0,186.0,7,0
2566431872,2,26336,1.6089999999994689,263352411,0,100,0.0,10.0,200.0,186.0,7,0
2566431872,2,26337,1.6089999999994689,263362411,0,100,0.0,10.0,200.0,186.0,7,0
2566431872,2,26338,1.6089999999994689,263372411,0,100,0.0,10.0,200.0,186.0,7,0
2566431872,2,26339,1.6089999999994689,263382411,0,100,0.0,10.0,200.0,186.0,7,0
2566431872,2,26340,1.6089999999994689,263392411,0,100,0.0,10.0,200.0,186.0,7,0
2566431872,2,26341,1.6089999999994689,263402411,0,100,0.0,10.0,200.0,186.0,7,0
2566431872,2,26342,1.6089999999994689,263412411,0,100,0.0,10.0,200.0,186.0,7,0
2566431872,2,26343,1.6089999999994689,263422411,0,100,0.0,10.0,200.0,186.0,7,0
2566431872,2,26344,1.6089999999994689,263432411,0,100,0.0,10.0,200.0,186.0,7,0
2566431872,2,26345,1.6089999999994689,263442411,0,100,0.0,10.0,200.0,186.0,7,0
2566431872,2,26346,1.6089999999994689,263452411,0,100,0.0,10.0,200.0,186.0,7,0
2566431872,2,26347,1.6089999999994689,263462411,0,100,0.0,10.0,200.0,186.0,7,0
2566431872,2,26348,1.6089999999994689,263472411,0,100,0.0,10.0,200.0,186.0,7,0
2566431872,2,26349,1.6089999999994689,263482411,0,100,0.0,10.0,200.0,186.0,7,0
2566431872,2,26350,1.6089999999994689,263492411,0,100,0.0,10.0,200.0,186.0,7,0
2566431872,2,26351,1.6089999999994689,263502411,0,100,0.0,10.0,200.0,186.0,7,0
2566431872,2,26352,1.6089999999994689,263512411,0,100,0.0,10.0,200.0,186.0,7,0
2566431872,2,26353,1.6089999999994689,263522411,0,100,0.0,10.0,200.0,186.0,7,0
2566431872,2,26354,1.6089999999994689,263532411,0,100,0.0,10.0,200.0,186.0,7,0
2566431872,2,26355,1.6089999999994689,263542411,0,100,0.0,10.0,200.0,186.0,7,0
2566431872,2,26356,1.6089999999994689,263552411,0,100,0.0,10.0,200.0,186.0,7,0
2566431872,2,26357,1.6089999999994689,263562411,0,100,0.0,10.0,200.0,186.0,7,0
2566431872,2,26358,1.6089999999994689,263572411,0,100,0.0,10.0,200.0,186.0,7,0
2566431872,2,26359,1.6089999999994689,263582411,0,100,0.0,10.0,200.0,186.0,7,0
2566431872,2,26360,1.6089999999994689,263592411,0,100,0.0,10.0,200.0,186.0,7,0
2566431872,2,26361,1.6089999999994689,263602411,0,100,0.0,10.0,200.0,186.0,7,0
2566431872,2,26362,1.6089999999994689,263612411,0,100,0.0,10.0,200.0,186.0,7,0
2566431872,2,26363,1.6089999999994689,263622411,0,100,0.0,10.0,200.0,186.0,7,0
2566431872,2,26364,1.6089999999994689,263632411,0,100,0.0,10.0,200.0,186.0,7,0
2566431872,2,26365,1.6089999999994689,263642411,0,100,0.0,10.0,200.0,186.0,7,0
2566431872,2,26366,1.6089999999994689,263652411,0,100,0.0,10.0,200.0,186.0,7,0
2566431872,2,26367,1.6089999999994689,263662411,0,100,0.0,10.0,200.0,186.0,7,0
2566431872,2,26368,2.155999999999949,263672411,0,100,0.0,10.0,200.0,186.0,7,0
2566431872,2,26369,2.155999999999949,263682411,0,100,0.0,10.0,200.0,186.0,7,0
2566431872,2,26370,2.155999999999949,263692411,0,100,0.0,10.0,200.0,186.0,7,0
2566431872,2,26371,2.155999999999949,263702411,0,100,0.0,10.0,200.0,186.0,7,0
2566431872,2,26372,2.155999999999949,263712411,0,100,0.0,10.0,200.0,186.0,7,0
2566431872,2,26373,2.155999999999949,263722411,0,100,0.0,10.0,200.0,186.0,7,0
2566431872,2,26374,2.155999999999949,263732411,0,100,0.0,10.0,200.0,186.0,7,0
2566431872,2,26375,2.155999999999949,263742411,0,100,0.0,10.0,200.0,186.0,7,0
2566431872,2,26376,2.155999999999949,263752411,0,100,0.0,10.0,200.0,186.0,7,0
2566431872,2,26377,2.155999999999949,263762411,0,100,0.0,10.0,200.0,186.0,7,0
2566431872,2,26378,2.155999999999949,263772411,0,100,0.0,10.0,200.0,186.0,7,0
2566431872,2,26379,2.155999999999949,263782411,0,100,0.0,10.0,200.0,186.0,7,0
2566431872,2,26380,2.155999999999949,263792411,0,100,0.0,10.0,200.0,186.0,7,0
2566431872,2,26381,2.155999999999949,263802411,0,100,0.0,10.0,200.0,186.0,7,0
2566431872,2,26382,2.155999999999949,263812411,0,100,0.0,10.0,200.0,186.0,7,0
2566431872,2,26383,2.155999999999949,263822411,0,100,0.0,10.0,200.0,186.0,7,0
2566431872,2,26384,2.155999999999949,263832411,0,100,0.0,10.0,200.0,186.0,7,0
2566431872,2,26385,2.155999999999949,263842411,0,100,0.0,10.0,200.0,186.0,7,0
2566431872,2,26386,2.155999999999949,263852411,0,100,0.0,10.0,200.0,186.0,7,0
2566431872,2,26387,2.155999999999949,263862411,0,100,0.0,10.0,200.0,186.0,7,0
2566431872,2,26388,2.155999999999949,263872411,0,100,0.0,10.0,200.0,186.0,7,0
2566431872,2,26389,2.155999999999949,263882411,0,100,0.0,10.0,200.0,186.0,7,0
2566431872,2,26390,2.155999999999949,263892411,0,100,0.0,10.0,200.0,186.0,7,0
2566431872,2,26391,2.155999999999949,263902411,0,100,0.0,10.0,200.0,186.0,7,0
2566431872,2,26392,2.155999999999949,263912411,0,100,0.0,10.0,200.0,186.0,7,0
2566431872,2,26393,2.155999999999949,263922411,0,100,0.0,10.0,200.0,186.0,7,0
2566431872,2,26394,2.155999999999949,263932411,0,100,0.0,10.0,200.0,186.0,7,0
2566431872,2,26395,2.155999999999949,263942411,0,100,0.0,10.0,200.0,186.0,7,0
2566431872,2,26396,2.155999999999949,263952411,0,100,0.0,10.0,200.0,186.0,7,0
2566431872,2,26397,2.155999999999949,263962411,0,100,0.0,10.0,200.0,186.0,7,0
2566431872,2,26398,2.155999999999949,263972411,0,100,0.0,10.0,200.0,186.0,7,0
2566431872,2,26399,2.155999999999949,263982411,0,100,0.0,10.0,200.0,186.0,7,0
2566431872,2,26400,2.155999999999949,263992411,0,100,0.0,10.0,200.0,186.0,7,0
2566431872,2,26401,2.155999999999949,264002411,0,100,0.0,10.0,200.0,186.0,7,0
2566431872,2,26402,2.155999999999949,264012411,0,100,0.0,10.0,200.0,186.0,7,0
2566431872,2,26403,2.155999999999949,264022411,0,100,0.0,10.0,200.0,186.0,7,0
2566431872,2,26404,2.155999999999949,264032411,0,100,0.0,10.0,200.0,186.0,7,0
2566431872,2,26405,2.155999999999949,264042411,0,100,0.0,10.0,200.0,186.0,7,0
2566431872,2,26406,2.155999999999949,264052411,0,100,0.0,10.0,200.0,186.0,7,0
2566431872,2,26407,2.155999999999949,264062411,0,100,0.0,10.0,200.0,186.0,7,0
2566431872,2,26408,2.155999999999949,264072411,0,100,0.0,10.0,200.0,186.0,7,0
2566431872,2,26409,2.155999999999949,264082411,0,100,0.0,10.0,200.0,186.0,7,0
2566431872,2,26410,2.155999999999949,264092411,0,100,0.0,10.0,200.0,186.0,7,0
2566431872,2,26411,2.155999999999949,264102411,0,100,0.0,10.0,200.0,186.0,7,0
2566431872,2,26412,2.155999999999949,264112411,0,100,0.0,10.0,200.0,186.0,7,0
2566431872,2,26413,2.155999999999949,264122411,0,100,0.0,10.0,200.0,186.0,7,0
2566431872,2,26414,2.155999999999949,264132411,0,100,0.0,10.0,200.0,186.0,7,0
2566431872,2,26415,2.155999999999949,264142411,0,100,0.0,10.0,200.0,186.0,7,0
2566431872,2,26416,2.155999999999949,264152411,0,100,0.0,10.0,200.0,186.0,7,0
2566431872,2,26417,2.155999999999949,264162411,0,100,0.0,10.0,200.0,186.0,7,0
2566431872,2,26418,2.155999999999949,264172411,0,100,0.0,10.0,200.0,186.0,7,0
2566431872,2,26419,2.155999999999949,264182411,0,100,0.0,10.0,200.0,186.0,7,0
2566431872,2,26420,2.155999999999949,264192411,0,100,0.0,10.0,200.0,186.0,7,0
2566431872,2,26421,2.155999999999949,264202411,0,100,0.0,10.0,200.0,186.0,7,0
2566431872,2,26422,2.155999999999949,264212411,0,100,0.0,10.0,200.0,186.0,7,0
2566431872,2,26423,2.155999999999949,264222411,0,100,0.0,10.0,200.0,186.0,7,0
2566431872,2,26424,2.6719999999995707,264232411,0,100,0.0,10.0,200.0,186.0,7,0
2566431872,2,26425,2.6719999999995707,264242411,0,100,0.0,10.0,200.0,186.0,7,0
2566431872,2,26426,2.6719999999995707,264252411,0,100,0.0,10.0,200.0,186.0,7,0
2566431872,2,26427,2.6719999999995707,264262411,0,100,0.0,10.0,200.0,186.0,7,0
2566431872,2,26428,2.6719999999995707,264272411,0,100,0.0,10.0,200.0,186.0,7,0
2566431872,2,26429,2.6719999999995707,264282411,0,100,0.0,10.0,200.0,186.0,7,0
2566431872,2,26430,2.6719999999995707,264292411,0,100,0.0,10.0,200.0,186.0,7,0
2566431872,2,26431,2.6719999999995707,264302411,0,100,0.0,10.0,200.0,186.0,7,0
2566431872,2,26432,2.6719999999995707,264312411,0,100,0.0,10.0,200.0,186.0,7,0
2566431872,2,26433,2.6719999999995707,264322411,0,100,0.0,10.0,200.0,186.0,7,0
2566431872,2,26434,2.6719999999995707,264332411,0,100,0.0,10.0,200.0,186.0,7,0
2566431872,2,26435,2.6719999999995707,264342411,0,100,0.0,10.0,200.0,186.0,7,0
2566431872,2,26436,2.6719999999995707,264352411,0,100,0.0,10.0,200.0,186.0,7,0
2566431872,2,26437,2.6719999999995707,264362411,0,100,0.0,10.0,200.0,186.0,7,0
2566431872,2,26438,2.6719999999995707,264372411,0,100,0.0,10.0,200.0,186.0,7,0
2566431872,2,26439,2.6719999999995707,264382411,0,100,0.0,10.0,200.0,186.0,7,0
2566431872,2,26440,2.6719999999995707,264392411,0,100,0.0,10.0,200.0,186.0,7,0
2566431872,2,26441,2.6719999999995707,264402411,0,100,0.0,10.0,200.0,186.0,7,0
2566431872,2,26442,2.6719999999995707,264412411,0,100,0.0,10.0,200.0,186.0,7,0
2566431872,2,26443,2.6719999999995707,264422411,0,100,0.0,10.0,200.0,186.0,7,0
2566431872,2,26444,2.6719999999995707,264432411,0,100,0.0,10.0,200.0,186.0,7,0
2566431872,2,26445,2.6719999999995707,264442411,0,100,0.0,10.0,200.0,186.0,7,0
2566431872,2,26446,2.6719999999995707,264452411,0,100,0.0,10.0,200.0,186.0,7,0
2566431872,2,26447,2.6719999999995707,264462411,0,100,0.0,10.0,200.0,186.0,7,0
2566431872,2,26448,2.6719999999995707,264472411,0,100,0.0,10.0,200.0,186.0,7,0
2566431872,2,26449,2.6719999999995707,264482411,0,100,0.0,10.0,200.0,186.0,7,0
2566431872,2,26450,2.6719999999995707,264492411,0,100,0.0,10.0,200.0,186.0,7,0
2566431872,2,26451,2.6719999999995707,264502411,0,100,0.0,10.0,200.0,186.0,7,0
2566431872,2,26452,2.6719999999995707,264512411,0,100,0.0,10.0,200.0,186.0,7,0
2566431872,2,26453,2.6719999999995707,264522411,0,100,0.0,10.0,200.0,186.0,7,0
2566431872,2,26454,2.6719999999995707,264532411,0,100,0.0,10.0,200.0,186.0,7,0
2566431872,2,26455,2.6719999999995707,264542411,0,100,0.0,10.0,200.0,186.0,7,0
2566431872,2,26456,2.6719999999995707,264552411,0,100,0.0,10.0,200.0,186.0,7,0
2566431872,2,26457,2.6719999999995707,264562411,0,100,0.0,10.0,200.0,186.0,7,0
2566431872,2,26458,2.6719999999995707,264572411,0,100,0.0,10.0,200.0,186.0,7,0
2566431872,2,26459,2.6719999999995707,264582411,0,100,0.0,10.0,200.0,186.0,7,0
2566431872,2,26460,2.6719999999995707,264592411,0,100,0.0,10.0,200.0,186.0,7,0
2566431872,2,26461,2.6719999999995707,264602411,0,100,0.0,10.0,200.0,186.0,7,0
2566431872,2,26462,2.6719999999995707,264612411,0,100,0.0,10.0,200.0,186.0,7,0
2566431872,2,26463,2.6719999999995707,264622411,0,100,0.0,10.0,200.0,186.0,7,0
2566431872,2,26464,2.6719999999995707,264632411,0,100,0.0,10.0,200.0,186.0,7,0
2566431872,2,26465,2.6719999999995707,264642411,0,100,0.0,10.0,200.0,186.0,7,0
2566431872,2,26466,2.6719999999995707,264652411,0,100,0.0,10.0,200.0,186.0,7,0
2566431872,2,26467,2.6719999999995707,264662411,0,100,0.0,10.0,200.0,186.0,7,0
2566431872,2,26468,2.6719999999995707,264672411,0,100,0.0,10.0,200.0,186.0,7,0
2566431872,2,26469,2.6719999999995707,264682411,0,100,0.0,10.0,200.0,186.0,7,0
2566431872,2,26470,2.6719999999995707,264692411,0,100,0.0,10.0,200.0,186.0,7,0
2566431872,2,26471,2.6719999999995707,264702411,0,100,0.0,10.0,200.0,186.0,7,0
2566431872,2,26472,3.20299999999952,264712411,0,100,0.0,10.0,200.0,186.0,7,0
2566431872,2,26473,3.20299999999952,264722411,0,100,0.0,10.0,200.0,186.0,7,0
2566431872,2,26474,3.20299999999952,264732411,0,100,0.0,10.0,200.0,186.0,7,0
2566431872,2,26475,3.20299999999952,264742411,0,100,0.0,10.0,200.0,186.0,7,0
2566431872,2,26476,3.20299999999952,264752411,0,100,0.0,10.0,200.0,186.0,7,0
2566431872,2,26477,3.20299999999952,264762411,0,100,0.0,10.0,200.0,186.0,7,0
2566431872,2,26478,3.20299999999952,264772411,0,100,0.0,10.0,200.0,186.0,7,0
2566431872,2,26479,3.20299999999952,264782411,0,100,0.0,10.0,200.0,186.0,7,0
2566431872,2,26480,3.20299999999952,264792411,0,100,0.0,10.0,200.0,186.0,7,0
2566431872,2,26481,3.20299999999952,264802411,0,100,0.0,10.0,200.0,186.0,7,0
2566431872,2,26482,3.20299999999952,264812411,0,100,0.0,10.0,200.0,186.0,7,0
2566431872,2,26483,3.20299999999952,264822411,0,100,0.0,10.0,200.0,186.0,7,0
2566431872,2,26484,3.20299999999952,264832411,0,100,0.0,10.0,200.0,186.0,7,0
2566431872,2,26485,3.20299999999952,264842411,0,100,0.0,10.0,200.0,186.0,7,0
2566431872,2,26486,3.20299999999952,264852411,0,100,0.0,10.0,200.0,186.0,7,0
2566431872,2,26487,3.20299999999952,264862411,0,100,0.0,10.0,200.0,186.0,7,0
2566431872,2,26488,3.20299999999952,264872411,0,100,0.0,10.0,200.0,186.0,7,0
2566431872,2,26489,3.20299999999952,264882411,0,100,0.0,10.0,200.0,186.0,7,0
2566431872,2,26490,3.20299999999952,264892411,0,100,0.0,10.0,200.0,186.0,7,0
2566431872,2,26491,3.20299999999952,264902411,0,100,0.0,10.0,200.0,186.0,7,0
2566431872,2,26492,3.20299999999952,264912411,0,100,0.0,10.0,200.0,186.0,7,0
2566431872,2,26493,3.20299999999952,264922411,0,100,0.0,10.0,200.0,186.0,7,0
2566431872,2,26494,3.20299999999952,264932411,0,100,0.0,10.0,200.0,186.0,7,0
2566431872,2,26495,3.20299999999952,264942411,0,100,0.0,10.0,200.0,186.0,7,0
2566431872,2,26496,3.20299999999952,264952411,0,100,0.0,10.0,200.0,186.0,7,0
2566431872,2,26497,3.20299999999952,264962411,0,100,0.0,10.0,200.0,186.0,7,0
2566431872,2,26498,3.20299999999952,264972411,0,100,0.0,10.0,200.0,186.0,7,0
2566431872,2,26499,3.20299999999952,264982411,0,100,0.0,10.0,200.0,186.0,7,0
2566431872,2,26500,3.20299999999952,264992411,0,100,0.0,10.0,200.0,186.0,7,0
2566431872,2,26501,3.20299999999952,265002411,0,100,0.0,10.0,200.0,186.0,7,0
2566431872,2,26502,3.20299999999952,265012411,0,100,0.0,10.0,200.0,186.0,7,0
2566431872,2,26503,3.20299999999952,265022411,0,100,0.0,10.0,200.0,186.0,7,0
2566431872,2,26504,3.20299999999952,265032411,0,100,0.0,10.0,200.0,186.0,7,0
2566431872,2,26505,3.20299999999952,265042411,0,100,0.0,10.0,200.0,186.0,7,0
2566431872,2,26506,3.20299999999952,265052411,0,100,0.0,10.0,200.0,186.0,7,0
2566431872,2,26507,3.20299999999952,265062411,0,100,0.0,10.0,200.0,186.0,7,0
2566431872,2,26508,3.20299999999952,265072411,0,100,0.0,10.0,200.0,186.0,7,0
2566431872,2,26509,3.20299999999952,265082411,0,100,0.0,10.0,200.0,186.0,7,0
2566431872,2,26510,3.20299999999952,265092411,0,100,0.0,10.0,200.0,186.0,7,0
2566431872,2,26511,3.20299999999952,265102411,0,100,0.0,10.0,200.0,186.0,7,0
2566431872,2,26512,3.20299999999952,265112411,0,100,0.0,10.0,200.0,186.0,7,0
2566431872,2,26513,3.20299999999952,265122411,0,100,0.0,10.0,200.0,186.0,7,0
2566431872,2,26514,3.20299999999952,265132411,0,100,0.0,10.0,200.0,186.0,7,0
2566431872,2,26515,3.20299999999952,265142411,0,100,0.0,10.0,200.0,186.0,7,0
2566431872,2,26516,3.20299999999952,265152411,0,100,0.0,10.0,200.0,186.0,7,0
2566431872,2,26517,3.20299999999952,265162411,0,100,0.0,10.0,200.0,186.0,7,0
2566431872,2,26518,3.20299999999952,265172411,0,100,0.0,10.0,200.0,186.0,7,0
2566431872,2,26519,3.20299999999952,265182411,0,100,0.0,10.0,200.0,186.0,7,0
2566431872,2,26520,3.20299999999952,265192411,0,100,0.0,10.0,200.0,186.0,7,0
2566431872,2,26521,3.20299999999952,265202411,0,100,0.0,10.0,200.0,186.0,7,0
2566431872,2,26522,3.20299999999952,265212411,0,100,0.0,10.0,200.0,186.0,7,0
2566431872,2,26523,3.20299999999952,265222411,0,100,0.0,10.0,200.0,186.0,7,0
2566431872,2,26524,3.20299999999952,265232411,0,100,0.0,10.0,200.0,186.0,7,0
2566431872,2,26525,3.20299999999952,265242411,0,100,0.0,10.0,200.0,186.0,7,0
2566431872,2,26526,3.20299999999952,265252411,0,100,0.0,10.0,200.0,186.0,7,0
2566431872,2,26527,3.20299999999952,265262411,0,100,0.0,10.0,200.0,186.0,7,0
2566431872,2,26528,3.75,265272411,0,100,0.0,10.0,200.0,186.0,7,0
2566431872,2,26529,3.75,265282411,0,100,0.0,10.0,200.0,186.0,7,0
2566431872,2,26530,3.75,265292411,0,100,0.0,10.0,200.0,186.0,7,0
2566431872,2,26531,3.75,265302411,0,100,0.0,10.0,200.0,186.0,7,0
2566431872,2,26532,3.75,265312411,0,100,0.0,10.0,200.0,186.0,7,0
2566431872,2,26533,3.75,265322411,0,100,0.0,10.0,200.0,186.0,7,0
2566431872,2,26534,3.75,265332411,0,100,0.0,10.0,200.0,186.0,7,0
2566431872,2,26535,3.75,265342411,0,100,0.0,10.0,200.0,186.0,7,0
2566431872,2,26536,3.75,265352411,0,100,0.0,10.0,200.0,186.0,7,0
2566431872,2,26537,3.75,265362411,0,100,0.0,10.0,200.0,186.0,7,0
2566431872,2,26538,3.75,265372411,0,100,0.0,10.0,200.0,186.0,7,0
2566431872,2,26539,3.75,265382411,0,100,0.0,10.0,200.0,186.0,7,0
2566431872,2,26540,3.75,265392411,0,100,0.0,10.0,200.0,186.0,7,0
2566431872,2,26541,3.75,265402411,0,100,0.0,10.0,200.0,186.0,7,0
2566431872,2,26542,3.75,265412411,0,100,0.0,10.0,200.0,186.0,7,0
2566431872,2,26543,3.75,265422411,0,100,0.0,10.0,200.0,186.0,7,0
2566431872,2,26544,3.75,265432411,0,100,0.0,10.0,200.0,186.0,7,0
2566431872,2,26545,3.75,265442411,0,100,0.0,10.0,200.0,186.0,7,0
2566431872,2,26546,3.75,265452411,0,100,0.0,10.0,200.0,186.0,7,0
2566431872,2,26547,3.75,265462411,0,100,0.0,10.0,200.0,186.0,7,0
2566431872,2,26548,3.75,265472411,0,100,0.0,10.0,200.0,186.0,7,0
2566431872,2,26549,3.75,265482411,0,100,0.0,10.0,200.0,186.0,7,0
2566431872,2,26550,3.75,265492411,0,100,0.0,10.0,200.0,186.0,7,0
2566431872,2,26551,3.75,265502411,0,100,0.0,10.0,200.0,186.0,7,0
2566431872,2,26552,3.75,265512411,0,100,0.0,10.0,200.0,186.0,7,0
2566431872,2,26553,3.75,265522411,0,100,0.0,10.0,200.0,186.0,7,0
2566431872,2,26554,3.75,265532411,0,100,0.0,10.0,200.0,186.0,7,0
2566431872,2,26555,3.75,265542411,0,100,0.0,10.0,200.0,186.0,7,0
2566431872,2,26556,3.75,265552411,0,100,0.0,10.0,200.0,186.0,7,0
2566431872,2,26557,3.75,265562411,0,100,0.0,10.0,200.0,186.0,7,0
2566431872,2,26558,3.75,265572411,0,100,0.0,10.0,200.0,186.0,7,0
2566431872,2,26559,3.75,265582411,0,100,0.0,10.0,200.0,186.0,7,0
2566431872,2,26560,3.75,265592411,0,100,0.0,10.0,200.0,186.0,7,0
2566431872,2,26561,3.75,265602411,0,100,0.0,10.0,200.0,186.0,7,0
2566431872,2,26562,3.75,265612411,0,100,0.0,10.0,200.0,186.0,7,0
2566431872,2,26563,3.75,265622411,0,100,0.0,10.0,200.0,186.0,7,0
2566431872,2,26564,3.75,265632411,0,100,0.0,10.0,200.0,186.0,7,0
2566431872,2,26565,3.75,265642411,0,100,0.0,10.0,200.0,186.0,7,0
2566431872,2,26566,3.75,265652411,0,100,0.0,10.0,200.0,186.0,7,0
2566431872,2,26567,3.75,265662411,0,100,0.0,10.0,200.0,186.0,7,0
2566431872,2,26568,3.75,265672411,0,100,0.0,10.0,200.0,186.0,7,0
2566431872,2,26569,3.75,265682411,0,100,0.0,10.0,200.0,186.0,7,0
2566431872,2,26570,3.75,265692411,0,100,0.0,10.0,200.0,186.0,7,0
2566431872,2,26571,3.75,265702411,0,100,0.0,10.0,200.0,186.0,7,0
2566431872,2,26572,3.75,265712411,0,100,0.0,10.0,200.0,186.0,7,0
2566431872,2,26573,3.75,265722411,0,100,0.0,10.0,200.0,186.0,7,0
2566431872,2,26574,3.75,265732411,0,100,0.0,10.0,200.0,186.0,7,0
2566431872,2,26575,3.75,265742411,0,100,0.0,10.0,200.0,186.0,7,0
2566431872,2,26576,3.75,265752411,0,100,0.0,10.0,200.0,186.0,7,0
2566431872,2,26577,3.75,265762411,0,100,0.0,10.0,200.0,186.0,7,0
2566431872,2,26578,3.75,265772411,0,100,0.0,10.0,200.0,186.0,7,0
2566431872,2,26579,3.75,265782411,0,100,0.0,10.0,200.0,186.0,7,0
2566431872,2,26580,3.75,265792411,0,100,0.0,10.0,200.0,186.0,7,0
2566431872,2,26581,3.75,265802411,0,100,0.0,10.0,200.0,186.0,7,0
2566431872,2,26582,3.75,265812411,0,100,0.0,10.0,200.0,186.0,7,0
2566431872,2,26583,3.75,265822411,0,100,0.0,10.0,200.0,186.0,7,0
2566431872,2,26584,4.296999999999571,265832411,0,100,0.0,10.0,200.0,186.0,7,0
2566431872,2,26585,4.296999999999571,265842411,0,100,0.0,10.0,200.0,186.0,7,0
2566431872,2,26586,4.296999999999571,265852411,0,100,0.0,10.0,200.0,186.0,7,0
2566431872,2,26587,4.296999999999571,265862411,0,100,0.0,10.0,200.0,186.0,7,0
2566431872,2,26588,4.296999999999571,265872411,0,100,0.0,10.0,200.0,186.0,7,0
2566431872,2,26589,4.296999999999571,265882411,0,100,0.0,10.0,200.0,186.0,7,0
2566431872,2,26590,4.296999999999571,265892411,0,100,0.0,10.0,200.0,186.0,7,0
2566431872,2,26591,4.296999999999571,265902411,0,100,0.0,10.0,200.0,186.0,7,0
2566431872,2,26592,4.296999999999571,265912411,0,100,0.0,10.0,200.0,186.0,7,0
2566431872,2,26593,4.296999999999571,265922411,0,100,0.0,10.0,200.0,186.0,7,0
2566431872,2,26594,4.296999999999571,265932411,0,100,0.0,10.0,200.0,186.0,7,0
2566431872,2,26595,4.296999999999571,265942411,0,100,0.0,10.0,200.0,186.0,7,0
2566431872,2,26596,4.296999999999571,265952411,0,100,0.0,10.0,200.0,186.0,7,0
2566431872,2,26597,4.296999999999571,265962411,0,100,0.0,10.0,200.0,186.0,7,0
2566431872,2,26598,4.296999999999571,265972411,0,100,0.0,10.0,200.0,186.0,7,0
2566431872,2,26599,4.296999999999571,265982411,0,100,0.0,10.0,200.0,186.0,7,0
2566431872,2,26600,4.296999999999571,265992411,0,100,0.0,10.0,200.0,186.0,7,0
2566431872,2,26601,4.296999999999571,266002411,0,100,0.0,10.0,200.0,186.0,7,0
2566431872,2,26602,4.296999999999571,266012411,0,100,0.0,10.0,200.0,186.0,7,0
2566431872,2,26603,4.296999999999571,266022411,0,100,0.0,10.0,200.0,186.0,7,0
2566431872,2,26604,4.296999999999571,266032411,0,100,0.0,10.0,200.0,186.0,7,0
2566431872,2,26605,4.296999999999571,266042411,0,100,0.0,10.0,200.0,186.0,7,0
2566431872,2,26606,4.296999999999571,266052411,0,100,0.0,10.0,200.0,186.0,7,0
2566431872,2,26607,4.296999999999571,266062411,0,100,0.0,10.0,200.0,186.0,7,0
2566431872,2,26608,4.296999999999571,266072411,0,100,0.0,10.0,200.0,186.0,7,0
2566431872,2,26609,4.296999999999571,266082411,0,100,0.0,10.0,200.0,186.0,7,0
2566431872,2,26610,4.296999999999571,266092411,0,100,0.0,10.0,200.0,186.0,7,0
2566431872,2,26611,4.296999999999571,266102411,0,100,0.0,10.0,200.0,186.0,7,0
2566431872,2,26612,4.296999999999571,266112411,0,100,0.0,10.0,200.0,186.0,7,0
2566431872,2,26613,4.296999999999571,266122411,0,100,0.0,10.0,200.0,186.0,7,0
2566431872,2,26614,4.296999999999571,266132411,0,100,0.0,10.0,200.0,186.0,7,0
2566431872,2,26615,4.296999999999571,266142411,0,100,0.0,10.0,200.0,186.0,7,0
2566431872,2,26616,4.296999999999571,266152411,0,100,0.0,10.0,200.0,186.0,7,0
2566431872,2,26617,4.296999999999571,266162411,0,100,0.0,10.0,200.0,186.0,7,0
2566431872,2,26618,4.296999999999571,266172411,0,100,0.0,10.0,200.0,186.0,7,0
2566431872,2,26619,4.296999999999571,266182411,0,100,0.0,10.0,200.0,186.0,7,0
2566431872,2,26620,4.296999999999571,266192411,0,100,0.0,10.0,200.0,186.0,7,0
2566431872,2,26621,4.296999999999571,266202411,0,100,0.0,10.0,200.0,186.0,7,0
2566431872,2,26622,4.296999999999571,266212411,0,100,0.0,10.0,200.0,186.0,7,0
2566431872,2,26623,4.296999999999571,266222411,0,100,0.0,10.0,200.0,186.0,7,0
2566431872,2,26624,4.296999999999571,266232411,0,100,0.0,10.0,200.0,186.0,7,0
2566431872,2,26625,4.296999999999571,266242411,0,100,0.0,10.0,200.0,186.0,7,0
2566431872,2,26626,4.296999999999571,266252411,0,100,0.0,10.0,200.0,186.0,7,0
2566431872,2,26627,4.296999999999571,266262411,0,100,0.0,10.0,200.0,186.0,7,0
2566431872,2,26628,4.296999999999571,266272411,0,100,0.0,10.0,200.0,186.0,7,0
2566431872,2,26629,4.296999999999571,266282411,0,100,0.0,10.0,200.0,186.0,7,0
2566431872,2,26630,4.296999999999571,266292411,0,100,0.0,10.0,200.0,186.0,7,0
2566431872,2,26631,4.296999999999571,266302411,0,100,0.0,10.0,200.0,186.0,7,0
2566431872,2,26632,4.296999999999571,266312411,0,100,0.0,10.0,200.0,186.0,7,0
2566431872,2,26633,4.296999999999571,266322411,0,100,0.0,10.0,200.0,186.0,7,0
2566431872,2,26634,4.296999999999571,266332411,0,100,0.0,10.0,200.0,186.0,7,0
2566431872,2,26635,4.296999999999571,266342411,0,100,0.0,10.0,200.0,186.0,7,0
2566431872,2,26636,4.296999999999571,266352411,0,100,0.0,10.0,200.0,186.0,7,0
2566431872,2,26637,4.296999999999571,266362411,0,100,0.0,10.0,200.0,186.0,7,0
2566431872,2,26638,4.296999999999571,266372411,0,100,0.0,10.0,200.0,186.0,7,0
2566431872,2,26639,4.296999999999571,266382411,0,100,0.0,10.0,200.0,186.0,7,0
2566431872,2,26640,4.858999999999469,266392411,0,100,0.0,10.0,200.0,186.0,7,0
2566431872,2,26641,4.858999999999469,266402411,0,100,0.0,10.0,200.0,186.0,7,0
2566431872,2,26642,4.858999999999469,266412411,0,100,0.0,10.0,200.0,186.0,7,0
2566431872,2,26643,4.858999999999469,266422411,0,100,0.0,10.0,200.0,186.0,7,0
2566431872,2,26644,4.858999999999469,266432411,0,100,0.0,10.0,200.0,186.0,7,0
2566431872,2,26645,4.858999999999469,266442411,0,100,0.0,10.0,200.0,186.0,7,0
2566431872,2,26646,4.858999999999469,266452411,0,100,0.0,10.0,200.0,186.0,7,0
2566431872,2,26647,4.858999999999469,266462411,0,100,0.0,10.0,200.0,186.0,7,0
2566431872,2,26648,4.858999999999469,266472411,0,100,0.0,10.0,200.0,186.0,7,0
2566431872,2,26649,4.858999999999469,266482411,0,100,0.0,10.0,200.0,186.0,7,0
2566431872,2,26650,4.858999999999469,266492411,0,100,0.0,10.0,200.0,186.0,7,0
2566431872,2,26651,4.858999999999469,266502411,0,100,0.0,10.0,200.0,186.0,7,0
2566431872,2,26652,4.858999999999469,266512411,0,100,0.0,10.0,200.0,186.0,7,0
2566431872,2,26653,4.858999999999469,266522411,0,100,0.0,10.0,200.0,186.0,7,0
2566431872,2,26654,4.858999999999469,266532411,0,100,0.0,10.0,200.0,186.0,7,0
2566431872,2,26655,4.858999999999469,266542411,0,100,0.0,10.0,200.0,186.0,7,0
2566431872,2,26656,4.858999999999469,266552411,0,100,0.0,10.0,200.0,186.0,7,0
2566431872,2,26657,4.858999999999469,266562412,0,100,0.0,10.0,200.0,186.0,7,0
2566431872,2,26658,4.858999999999469,266572411,0,100,0.0,10.0,200.0,186.0,7,0
2566431872,2,26659,4.858999999999469,266582411,0,100,0.0,10.0,200.0,186.0,7,0
2566431872,2,26660,4.858999999999469,266592411,0,100,0.0,10.0,200.0,186.0,7,0
2566431872,2,26661,4.858999999999469,266602411,0,100,0.0,10.0,200.0,186.0,7,0
2566431872,2,26662,4.858999999999469,266612411,0,100,0.0,10.0,200.0,186.0,7,0
2566431872,2,26663,4.858999999999469,266622411,0,100,0.0,10.0,200.0,186.0,7,0
2566431872,2,26664,4.858999999999469,266632411,0,100,0.0,10.0,200.0,186.0,7,0
2566431872,2,26665,4.858999999999469,266642411,0,100,0.0,10.0,200.0,186.0,7,0
2566431872,2,26666,4.858999999999469,266652411,0,100,0.0,10.0,200.0,186.0,7,0
2566431872,2,26667,4.858999999999469,266662411,0,100,0.0,10.0,200.0,186.0,7,0
2566431872,2,26668,4.858999999999469,266672411,0,100,0.0,10.0,200.0,186.0,7,0
2566431872,2,26669,4.858999999999469,266682411,0,100,0.0,10.0,200.0,186.0,7,0
2566431872,2,26670,4.858999999999469,266692411,0,100,0.0,10.0,200.0,186.0,7,0
2566431872,2,26671,4.858999999999469,266702411,0,100,0.0,10.0,200.0,186.0,7,0
2566431872,2,26672,4.858999999999469,266712411,0,100,0.0,10.0,200.0,186.0,7,0
2566431872,2,26673,4.858999999999469,266722411,0,100,0.0,10.0,200.0,186.0,7,0
2566431872,2,26674,4.858999999999469,266732411,0,100,0.0,10.0,200.0,186.0,7,0
2566431872,2,26675,4.858999999999469,266742411,0,100,0.0,10.0,200.0,186.0,7,0
2566431872,2,26676,4.858999999999469,266752411,0,100,0.0,10.0,200.0,186.0,7,0
2566431872,2,26677,4.858999999999469,266762411,0,100,0.0,10.0,200.0,186.0,7,0
2566431872,2,26678,4.858999999999469,266772411,0,100,0.0,10.0,200.0,186.0,7,0
2566431872,2,26679,4.858999999999469,266782411,0,100,0.0,10.0,200.0,186.0,7,0
2566431872,2,26680,4.858999999999469,266792411,0,100,0.0,10.0,200.0,186.0,7,0
2566431872,2,26681,4.858999999999469,266802411,0,100,0.0,10.0,200.0,186.0,7,0
2566431872,2,26682,4.858999999999469,266812411,0,100,0.0,10.0,200.0,186.0,7,0
2566431872,2,26683,4.858999999999469,266822411,0,100,0.0,10.0,200.0,186.0,7,0
2566431872,2,26684,4.858999999999469,266832411,0,100,0.0,10.0,200.0,186.0,7,0
2566431872,2,26685,4.858999999999469,266842411,0,100,0.0,10.0,200.0,186.0,7,0
2566431872,2,26686,4.858999999999469,266852411,0,100,0.0,10.0,200.0,186.0,7,0
2566431872,2,26687,4.858999999999469,266862411,0,100,0.0,10.0,200.0,186.0,7,0
2566431872,2,26688,5.405999999999949,266872411,0,100,0.0,10.0,200.0,186.0,7,0
2566431872,2,26689,5.405999999999949,266882411,0,100,0.0,10.0,200.0,186.0,7,0
2566431872,2,26690,5.405999999999949,266892411,0,100,0.0,10.0,200.0,186.0,7,0
2566431872,2,26691,5.405999999999949,266902411,0,100,0.0,10.0,200.0,186.0,7,0
2566431872,2,26692,5.405999999999949,266912411,0,100,0.0,10.0,200.0,186.0,7,0
2566431872,2,26693,5.405999999999949,266922411,0,100,0.0,10.0,200.0,186.0,7,0
2566431872,2,26694,5.405999999999949,266932411,0,100,0.0,10.0,200.0,186.0,7,0
2566431872,2,26695,5.405999999999949,266942411,0,100,0.0,10.0,200.0,186.0,7,0
2566431872,2,26696,5.405999999999949,266952411,0,100,0.0,10.0,200.0,186.0,7,0
2566431872,2,26697,5.405999999999949,266962411,0,100,0.0,10.0,200.0,186.0,7,0
2566431872,2,26698,5.405999999999949,266972411,0,100,0.0,10.0,200.0,186.0,7,0
2566431872,2,26699,5.405999999999949,266982411,0,100,0.0,10.0,200.0,186.0,7,0
2566431872,2,26700,5.405999999999949,266992411,0,100,0.0,10.0,200.0,186.0,7,0
2566431872,2,26701,5.405999999999949,267002411,0,100,0.0,10.0,200.0,186.0,7,0
2566431872,2,26702,5.405999999999949,267012411,0,100,0.0,10.0,200.0,186.0,7,0
2566431872,2,26703,5.405999999999949,267022411,0,100,0.0,10.0,200.0,186.0,7,0
2566431872,2,26704,5.405999999999949,267032411,0,100,0.0,10.0,200.0,186.0,7,0
2566431872,2,26705,5.405999999999949,267042411,0,100,0.0,10.0,200.0,186.0,7,0
2566431872,2,26706,5.405999999999949,267052411,0,100,0.0,10.0,200.0,186.0,7,0
2566431872,2,26707,5.405999999999949,267062411,0,100,0.0,10.0,200.0,186.0,7,0
2566431872,2,26708,5.405999999999949,267072411,0,100,0.0,10.0,200.0,186.0,7,0
2566431872,2,26709,5.405999999999949,267082411,0,100,0.0,10.0,200.0,186.0,7,0
2566431872,2,26710,5.405999999999949,267092411,0,100,0.0,10.0,200.0,186.0,7,0
2566431872,2,26711,5.405999999999949,267102411,0,100,0.0,10.0,200.0,186.0,7,0
2566431872,2,26712,5.405999999999949,267112411,0,100,0.0,10.0,200.0,186.0,7,0
2566431872,2,26713,5.405999999999949,267122411,0,100,0.0,10.0,200.0,186.0,7,0
2566431872,2,26714,5.405999999999949,267132411,0,100,0.0,10.0,200.0,186.0,7,0
2566431872,2,26715,5.405999999999949,267142411,0,100,0.0,10.0,200.0,186.0,7,0
2566431872,2,26716,5.405999999999949,267152411,0,100,0.0,10.0,200.0,186.0,7,0
2566431872,2,26717,5.405999999999949,267162411,0,100,0.0,10.0,200.0,186.0,7,0
2566431872,2,26718,5.405999999999949,267172411,0,100,0.0,10.0,200.0,186.0,7,0
2566431872,2,26719,5.405999999999949,267182411,0,100,0.0,10.0,200.0,186.0,7,0
2566431872,2,26720,5.405999999999949,267192411,0,100,0.0,10.0,200.0,186.0,7,0
2566431872,2,26721,5.405999999999949,267202411,0,100,0.0,10.0,200.0,186.0,7,0
2566431872,2,26722,5.405999999999949,267212411,0,100,0.0,10.0,200.0,186.0,7,0
2566431872,2,26723,5.405999999999949,267222411,0,100,0.0,10.0,200.0,186.0,7,0
2566431872,2,26724,5.405999999999949,267232411,0,100,0.0,10.0,200.0,186.0,7,0
2566431872,2,26725,5.405999999999949,267242411,0,100,0.0,10.0,200.0,186.0,7,0
2566431872,2,26726,5.405999999999949,267252411,0,100,0.0,10.0,200.0,186.0,7,0
2566431872,2,26727,5.405999999999949,267262411,0,100,0.0,10.0,200.0,186.0,7,0
2566431872,2,26728,5.405999999999949,267272411,0,100,0.0,10.0,200.0,186.0,7,0
2566431872,2,26729,5.405999999999949,267282411,0,100,0.0,10.0,200.0,186.0,7,0
2566431872,2,26730,5.405999999999949,267292411,0,100,0.0,10.0,200.0,186.0,7,0
2566431872,2,26731,5.405999999999949,267302411,0,100,0.0,10.0,200.0,186.0,7,0
2566431872,2,26732,5.405999999999949,267312411,0,100,0.0,10.0,200.0,186.0,7,0
2566431872,2,26733,5.405999999999949,267322411,0,100,0.0,10.0,200.0,186.0,7,0
2566431872,2,26734,5.405999999999949,267332411,0,100,0.0,10.0,200.0,186.0,7,0
2566431872,2,26735,5.405999999999949,267342411,0,100,0.0,10.0,200.0,186.0,7,0
2566431872,2,26736,5.405999999999949,267352411,0,100,0.0,10.0,200.0,186.0,7,0
2566431872,2,26737,5.405999999999949,267362411,0,100,0.0,10.0,200.0,186.0,7,0
2566431872,2,26738,5.405999999999949,267372411,0,100,0.0,10.0,200.0,186.0,7,0
2566431872,2,26739,5.405999999999949,267382411,0,100,0.0,10.0,200.0,186.0,7,0
2566431872,2,26740,5.405999999999949,267392411,0,100,0.0,10.0,200.0,186.0,7,0
2566431872,2,26741,5.405999999999949,267402411,0,100,0.0,10.0,200.0,186.0,7,0
2566431872,2,26742,5.405999999999949,267412411,0,100,0.0,10.0,200.0,186.0,7,0
2566431872,2,26743,5.405999999999949,267422411,0,100,0.0,10.0,200.0,186.0,7,0
2566431872,2,26744,5.405999999999949,267432411,0,100,0.0,10.0,200.0,186.0,7,0
2566431872,2,26745,5.405999999999949,267442411,0,100,0.0,10.0,200.0,186.0,7,0
2566431872,2,26746,5.405999999999949,267452411,0,100,0.0,10.0,200.0,186.0,7,0
2566431872,2,26747,5.405999999999949,267462411,0,100,0.0,10.0,200.0,186.0,7,0
2566431872,2,26748,5.405999999999949,267472411,0,100,0.0,10.0,200.0,186.0,7,0
2566431872,2,26749,5.405999999999949,267482411,0,100,0.0,10.0,200.0,186.0,7,0
2566431872,2,26750,5.405999999999949,267492411,0,100,0.0,10.0,200.0,186.0,7,0
2566431872,2,26751,5.405999999999949,267502411,0,100,0.0,10.0,200.0,186.0,7,0
2566431872,2,26752,5.561999999999898,267512411,0,100,0.0,10.0,200.0,186.0,7,0
2566431872,2,26753,5.561999999999898,267522411,0,100,0.0,10.0,200.0,186.0,7,0
2566431872,2,26754,5.561999999999898,267532411,0,100,0.0,10.0,200.0,186.0,7,0
2566431872,2,26755,5.561999999999898,267542411,0,100,0.0,10.0,200.0,186.0,7,0
2566431872,2,26756,5.561999999999898,267552411,0,100,0.0,10.0,200.0,186.0,7,0
2566431872,2,26757,5.561999999999898,267562411,0,100,0.0,10.0,200.0,186.0,7,0
2566431872,2,26758,5.561999999999898,267572411,0,100,0.0,10.0,200.0,186.0,7,0
2566431872,2,26759,5.561999999999898,267582411,0,100,0.0,10.0,200.0,186.0,7,0
2566431872,2,26760,6.015999999999622,267592411,0,100,0.0,10.0,200.0,186.0,7,0
2566431872,2,26761,6.015999999999622,267602411,0,100,0.0,10.0,200.0,186.0,7,0
2566431872,2,26762,6.015999999999622,267612411,0,100,0.0,10.0,200.0,186.0,7,0
2566431872,2,26763,6.015999999999622,267622411,0,100,0.0,10.0,200.0,186.0,7,0
2566431872,2,26764,6.015999999999622,267632411,0,100,0.0,10.0,200.0,186.0,7,0
2566431872,2,26765,6.015999999999622,267642411,0,100,0.0,10.0,200.0,186.0,7,0
2566431872,2,26766,6.015999999999622,267652411,0,100,0.0,10.0,200.0,186.0,7,0
2566431872,2,26767,6.015999999999622,267662411,0,100,0.0,10.0,200.0,186.0,7,0
2566431872,2,26768,6.015999999999622,267672411,0,100,0.0,10.0,200.0,186.0,7,0
2566431872,2,26769,6.015999999999622,267682411,0,100,0.0,10.0,200.0,186.0,7,0
2566431872,2,26770,6.015999999999622,267692411,0,100,0.0,10.0,200.0,186.0,7,0
2566431872,2,26771,6.015999999999622,267702411,0,100,0.0,10.0,200.0,186.0,7,0
2566431872,2,26772,6.015999999999622,267712411,0,100,0.0,10.0,200.0,186.0,7,0
2566431872,2,26773,6.015999999999622,267722411,0,100,0.0,10.0,200.0,186.0,7,0
2566431872,2,26774,6.015999999999622,267732411,0,100,0.0,10.0,200.0,186.0,7,0
2566431872,2,26775,6.015999999999622,267742411,0,100,0.0,10.0,200.0,186.0,7,0
2566431872,2,26776,6.015999999999622,267752411,0,100,0.0,10.0,200.0,186.0,7,0
2566431872,2,26777,6.015999999999622,267762411,0,100,0.0,10.0,200.0,186.0,7,0
2566431872,2,26778,6.015999999999622,267772411,0,100,0.0,10.0,200.0,186.0,7,0
2566431872,2,26779,6.015999999999622,267782411,0,100,0.0,10.0,200.0,186.0,7,0
2566431872,2,26780,6.015999999999622,267792412,0,100,0.0,10.0,200.0,186.0,7,0
2566431872,2,26781,6.015999999999622,267802411,0,100,0.0,10.0,200.0,186.0,7,0
2566431872,2,26782,6.015999999999622,267812411,0,100,0.0,10.0,200.0,186.0,7,0
2566431872,2,26783,6.015999999999622,267822411,0,100,0.0,10.0,200.0,186.0,7,0
2566431872,2,26784,6.015999999999622,267832411,0,100,0.0,10.0,200.0,186.0,7,0
2566431872,2,26785,6.015999999999622,267842411,0,100,0.0,10.0,200.0,186.0,7,0
2566431872,2,26786,6.015999999999622,267852411,0,100,0.0,10.0,200.0,186.0,7,0
2566431872,2,26787,6.015999999999622,267862411,0,100,0.0,10.0,200.0,186.0,7,0
2566431872,2,26788,6.015999999999622,267872411,0,100,0.0,10.0,200.0,186.0,7,0
2566431872,2,26789,6.015999999999622,267882411,0,100,0.0,10.0,200.0,186.0,7,0
2566431872,2,26790,6.015999999999622,267892411,0,100,0.0,10.0,200.0,186.0,7,0
2566431872,2,26791,6.015999999999622,267902411,0,100,0.0,10.0,200.0,186.0,7,0
2566431872,2,26792,6.015999999999622,267912411,0,100,0.0,10.0,200.0,186.0,7,0
2566431872,2,26793,6.015999999999622,267922411,0,100,0.0,10.0,200.0,186.0,7,0
2566431872,2,26794,6.015999999999622,267932411,0,100,0.0,10.0,200.0,186.0,7,0
2566431872,2,26795,6.015999999999622,267942411,0,100,0.0,10.0,200.0,186.0,7,0
2566431872,2,26796,6.015999999999622,267952411,0,100,0.0,10.0,200.0,186.0,7,0
2566431872,2,26797,6.015999999999622,267962411,0,100,0.0,10.0,200.0,186.0,7,0
2566431872,2,26798,6.015999999999622,267972411,0,100,0.0,10.0,200.0,186.0,7,0
2566431872,2,26799,6.015999999999622,267982411,0,100,0.0,10.0,200.0,186.0,7,0
2566431872,2,26800,6.015999999999622,267992411,0,100,0.0,10.0,200.0,186.0,7,0
2566431872,2,26801,6.015999999999622,268002411,0,100,0.0,10.0,200.0,186.0,7,0
2566431872,2,26802,6.015999999999622,268012411,0,100,0.0,10.0,200.0,186.0,7,0
2566431872,2,26803,6.015999999999622,268022411,0,100,0.0,10.0,200.0,186.0,7,0
2566431872,2,26804,6.015999999999622,268032411,0,100,0.0,10.0,200.0,186.0,7,0
2566431872,2,26805,6.015999999999622,268042411,0,100,0.0,10.0,200.0,186.0,7,0
2566431872,2,26806,6.015999999999622,268052411,0,100,0.0,10.0,200.0,186.0,7,0
2566431872,2,26807,6.015999999999622,268062411,0,100,0.0,10.0,200.0,186.0,7,0
2566431872,2,26808,6.561999999999898,268072411,0,100,0.0,10.0,200.0,186.0,7,0
2566431872,2,26809,6.561999999999898,268082411,0,100,0.0,10.0,200.0,186.0,7,0
2566431872,2,26810,6.561999999999898,268092411,0,100,0.0,10.0,200.0,186.0,7,0
2566431872,2,26811,6.561999999999898,268102411,0,100,0.0,10.0,200.0,186.0,7,0
2566431872,2,26812,6.561999999999898,268112411,0,100,0.0,10.0,200.0,186.0,7,0
2566431872,2,26813,6.561999999999898,268122411,0,100,0.0,10.0,200.0,186.0,7,0
2566431872,2,26814,6.561999999999898,268132411,0,100,0.0,10.0,200.0,186.0,7,0
2566431872,2,26815,6.561999999999898,268142411,0,100,0.0,10.0,200.0,186.0,7,0
2566431872,2,26816,6.561999999999898,268152411,0,100,0.0,10.0,200.0,186.0,7,0
2566431872,2,26817,6.561999999999898,268162411,0,100,0.0,10.0,200.0,186.0,7,0
2566431872,2,26818,6.561999999999898,268172411,0,100,0.0,10.0,200.0,186.0,7,0
2566431872,2,26819,6.561999999999898,268182411,0,100,0.0,10.0,200.0,186.0,7,0
2566431872,2,26820,6.561999999999898,268192411,0,100,0.0,10.0,200.0,186.0,7,0
2566431872,2,26821,6.561999999999898,268202411,0,100,0.0,10.0,200.0,186.0,7,0
2566431872,2,26822,6.561999999999898,268212411,0,100,0.0,10.0,200.0,186.0,7,0
2566431872,2,26823,6.561999999999898,268222411,0,100,0.0,10.0,200.0,186.0,7,0
2566431872,2,26824,6.561999999999898,268232411,0,100,0.0,10.0,200.0,186.0,7,0
2566431872,2,26825,6.561999999999898,268242411,0,100,0.0,10.0,200.0,186.0,7,0
2566431872,2,26826,6.561999999999898,268252411,0,100,0.0,10.0,200.0,186.0,7,0
2566431872,2,26827,6.561999999999898,268262411,0,100,0.0,10.0,200.0,186.0,7,0
2566431872,2,26828,6.561999999999898,268272411,0,100,0.0,10.0,200.0,186.0,7,0
2566431872,2,26829,6.561999999999898,268282411,0,100,0.0,10.0,200.0,186.0,7,0
2566431872,2,26830,6.561999999999898,268292411,0,100,0.0,10.0,200.0,186.0,7,0
2566431872,2,26831,6.561999999999898,268302411,0,100,0.0,10.0,200.0,186.0,7,0
2566431872,2,26832,6.561999999999898,268312411,0,100,0.0,10.0,200.0,186.0,7,0
2566431872,2,26833,6.561999999999898,268322411,0,100,0.0,10.0,200.0,186.0,7,0
2566431872,2,26834,6.561999999999898,268332411,0,100,0.0,10.0,200.0,186.0,7,0
2566431872,2,26835,6.561999999999898,268342411,0,100,0.0,10.0,200.0,186.0,7,0
2566431872,2,26836,6.561999999999898,268352411,0,100,0.0,10.0,200.0,186.0,7,0
2566431872,2,26837,6.561999999999898,268362411,0,100,0.0,10.0,200.0,186.0,7,0
2566431872,2,26838,6.561999999999898,268372411,0,100,0.0,10.0,200.0,186.0,7,0
2566431872,2,26839,6.561999999999898,268382411,0,100,0.0,10.0,200.0,186.0,7,0
2566431872,2,26840,6.561999999999898,268392411,0,100,0.0,10.0,200.0,186.0,7,0
2566431872,2,26841,6.561999999999898,268402411,0,100,0.0,10.0,200.0,186.0,7,0
2566431872,2,26842,6.561999999999898,268412411,0,100,0.0,10.0,200.0,186.0,7,0
2566431872,2,26843,6.561999999999898,268422411,0,100,0.0,10.0,200.0,186.0,7,0
2566431872,2,26844,6.561999999999898,268432411,0,100,0.0,10.0,200.0,186.0,7,0
2566431872,2,26845,6.561999999999898,268442411,0,100,0.0,10.0,200.0,186.0,7,0
2566431872,2,26846,6.561999999999898,268452411,0,100,0.0,10.0,200.0,186.0,7,0
2566431872,2,26847,6.561999999999898,268462411,0,100,0.0,10.0,200.0,186.0,7,0
2566431872,2,26848,6.561999999999898,268472411,0,100,0.0,10.0,200.0,186.0,7,0
2566431872,2,26849,6.561999999999898,268482411,0,100,0.0,10.0,200.0,186.0,7,0
2566431872,2,26850,6.561999999999898,268492411,0,100,0.0,10.0,200.0,186.0,7,0
2566431872,2,26851,6.561999999999898,268502411,0,100,0.0,10.0,200.0,186.0,7,0
2566431872,2,26852,6.561999999999898,268512411,0,100,0.0,10.0,200.0,186.0,7,0
2566431872,2,26853,6.561999999999898,268522411,0,100,0.0,10.0,200.0,186.0,7,0
2566431872,2,26854,6.561999999999898,268532411,0,100,0.0,10.0,200.0,186.0,7,0
2566431872,2,26855,6.561999999999898,268542411,0,100,0.0,10.0,200.0,186.0,7,0
2566431872,2,26856,6.561999999999898,268552411,0,100,0.0,10.0,200.0,186.0,7,0
2566431872,2,26857,6.561999999999898,268562411,0,100,0.0,10.0,200.0,186.0,7,0
2566431872,2,26858,6.561999999999898,268572411,0,100,0.0,10.0,200.0,186.0,7,0
2566431872,2,26859,6.561999999999898,268582411,0,100,0.0,10.0,200.0,186.0,7,0
2566431872,2,26860,6.561999999999898,268592411,0,100,0.0,10.0,200.0,186.0,7,0
2566431872,2,26861,6.561999999999898,268602411,0,100,0.0,10.0,200.0,186.0,7,0
2566431872,2,26862,6.561999999999898,268612411,0,100,0.0,10.0,200.0,186.0,7,0
2566431872,2,26863,6.561999999999898,268622411,0,100,0.0,10.0,200.0,186.0,7,0
2566431872,2,26864,7.140999999999622,268632411,0,100,0.0,10.0,200.0,186.0,7,0
2566431872,2,26865,7.140999999999622,268642411,0,100,0.0,10.0,200.0,186.0,7,0
2566431872,2,26866,7.140999999999622,268652411,0,100,0.0,10.0,200.0,186.0,7,0
2566431872,2,26867,7.140999999999622,268662411,0,100,0.0,10.0,200.0,186.0,7,0
2566431872,2,26868,7.140999999999622,268672411,0,100,0.0,10.0,200.0,186.0,7,0
2566431872,2,26869,7.140999999999622,268682411,0,100,0.0,10.0,200.0,186.0,7,0
2566431872,2,26870,7.140999999999622,268692411,0,100,0.0,10.0,200.0,186.0,7,0
2566431872,2,26871,7.140999999999622,268702411,0,100,0.0,10.0,200.0,186.0,7,0
2566431872,2,26872,7.140999999999622,268712411,0,100,0.0,10.0,200.0,186.0,7,0
2566431872,2,26873,7.140999999999622,268722411,0,100,0.0,10.0,200.0,186.0,7,0
2566431872,2,26874,7.140999999999622,268732411,0,100,0.0,10.0,200.0,186.0,7,0
2566431872,2,26875,7.140999999999622,268742411,0,100,0.0,10.0,200.0,186.0,7,0
2566431872,2,26876,7.140999999999622,268752411,0,100,0.0,10.0,200.0,186.0,7,0
2566431872,2,26877,7.140999999999622,268762411,0,100,0.0,10.0,200.0,186.0,7,0
2566431872,2,26878,7.140999999999622,268772411,0,100,0.0,10.0,200.0,186.0,7,0
2566431872,2,26879,7.140999999999622,268782411,0,100,0.0,10.0,200.0,186.0,7,0
2566431872,2,26880,7.140999999999622,268792411,0,100,0.0,10.0,200.0,186.0,7,0
2566431872,2,26881,7.140999999999622,268802411,0,100,0.0,10.0,200.0,186.0,7,0
2566431872,2,26882,7.140999999999622,268812411,0,100,0.0,10.0,200.0,186.0,7,0
2566431872,2,26883,7.140999999999622,268822411,0,100,0.0,10.0,200.0,186.0,7,0
2566431872,2,26884,7.140999999999622,268832411,0,100,0.0,10.0,200.0,186.0,7,0
2566431872,2,26885,7.140999999999622,268842411,0,100,0.0,10.0,200.0,186.0,7,0
2566431872,2,26886,7.140999999999622,268852411,0,100,0.0,10.0,200.0,186.0,7,0
2566431872,2,26887,7.140999999999622,268862411,0,100,0.0,10.0,200.0,186.0,7,0
2566431872,2,26888,7.140999999999622,268872411,0,100,0.0,10.0,200.0,186.0,7,0
2566431872,2,26889,7.140999999999622,268882411,0,100,0.0,10.0,200.0,186.0,7,0
2566431872,2,26890,7.140999999999622,268892411,0,100,0.0,10.0,200.0,186.0,7,0
2566431872,2,26891,7.140999999999622,268902411,0,100,0.0,10.0,200.0,186.0,7,0
2566431872,2,26892,7.140999999999622,268912411,0,100,0.0,10.0,200.0,186.0,7,0
2566431872,2,26893,7.140999999999622,268922411,0,100,0.0,10.0,200.0,186.0,7,0
2566431872,2,26894,7.140999999999622,268932411,0,100,0.0,10.0,200.0,186.0,7,0
2566431872,2,26895,7.140999999999622,268942411,0,100,0.0,10.0,200.0,186.0,7,0
2566431872,2,26896,7.140999999999622,268952411,0,100,0.0,10.0,200.0,186.0,7,0
2566431872,2,26897,7.140999999999622,268962411,0,100,0.0,10.0,200.0,186.0,7,0
2566431872,2,26898,7.140999999999622,268972411,0,100,0.0,10.0,200.0,186.0,7,0
2566431872,2,26899,7.140999999999622,268982411,0,100,0.0,10.0,200.0,186.0,7,0
2566431872,2,26900,7.140999999999622,268992411,0,100,0.0,10.0,200.0,186.0,7,0
2566431872,2,26901,7.140999999999622,269002411,0,100,0.0,10.0,200.0,186.0,7,0
2566431872,2,26902,7.140999999999622,269012411,0,100,0.0,10.0,200.0,186.0,7,0
2566431872,2,26903,7.140999999999622,269022411,0,100,0.0,10.0,200.0,186.0,7,0
2566431872,2,26904,7.140999999999622,269032411,0,100,0.0,10.0,200.0,186.0,7,0
2566431872,2,26905,7.140999999999622,269042411,0,100,0.0,10.0,200.0,186.0,7,0
2566431872,2,26906,7.140999999999622,269052411,0,100,0.0,10.0,200.0,186.0,7,0
2566431872,2,26907,7.140999999999622,269062411,0,100,0.0,10.0,200.0,186.0,7,0
2566431872,2,26908,7.140999999999622,269072411,0,100,0.0,10.0,200.0,186.0,7,0
2566431872,2,26909,7.140999999999622,269082411,0,100,0.0,10.0,200.0,186.0,7,0
2566431872,2,26910,7.140999999999622,269092411,0,100,0.0,10.0,200.0,186.0,7,0
2566431872,2,26911,7.140999999999622,269102411,0,100,0.0,10.0,200.0,186.0,7,0
2566431872,2,26912,7.140999999999622,269112411,0,100,0.0,10.0,200.0,186.0,7,0
2566431872,2,26913,7.140999999999622,269122411,0,100,0.0,10.0,200.0,186.0,7,0
2566431872,2,26914,7.140999999999622,269132411,0,100,0.0,10.0,200.0,186.0,7,0
2566431872,2,26915,7.140999999999622,269142411,0,100,0.0,10.0,200.0,186.0,7,0
2566431872,2,26916,7.140999999999622,269152411,0,100,0.0,10.0,200.0,186.0,7,0
2566431872,2,26917,7.140999999999622,269162411,0,100,0.0,10.0,200.0,186.0,7,0
2566431872,2,26918,7.140999999999622,269172411,0,100,0.0,10.0,200.0,186.0,7,0
2566431872,2,26919,7.140999999999622,269182411,0,100,0.0,10.0,200.0,186.0,7,0
2566431872,2,26920,7.686999999999898,269192411,0,100,0.0,10.0,200.0,186.0,7,0
2566431872,2,26921,7.686999999999898,269202411,0,100,0.0,10.0,200.0,186.0,7,0
2566431872,2,26922,7.686999999999898,269212411,0,100,0.0,10.0,200.0,186.0,7,0
2566431872,2,26923,7.686999999999898,269222411,0,100,0.0,10.0,200.0,186.0,7,0
2566431872,2,26924,7.686999999999898,269232411,0,100,0.0,10.0,200.0,186.0,7,0
2566431872,2,26925,7.686999999999898,269242411,0,100,0.0,10.0,200.0,186.0,7,0
2566431872,2,26926,7.686999999999898,269252411,0,100,0.0,10.0,200.0,186.0,7,0
2566431872,2,26927,7.686999999999898,269262411,0,100,0.0,10.0,200.0,186.0,7,0
2566431872,2,26928,7.686999999999898,269272411,0,100,0.0,10.0,200.0,186.0,7,0
2566431872,2,26929,7.686999999999898,269282411,0,100,0.0,10.0,200.0,186.0,7,0
2566431872,2,26930,7.686999999999898,269292412,0,100,0.0,10.0,200.0,186.0,7,0
2566431872,2,26931,7.686999999999898,269302411,0,100,0.0,10.0,200.0,186.0,7,0
2566431872,2,26932,7.686999999999898,269312411,0,100,0.0,10.0,200.0,186.0,7,0
2566431872,2,26933,7.686999999999898,269322411,0,100,0.0,10.0,200.0,186.0,7,0
2566431872,2,26934,7.686999999999898,269332411,0,100,0.0,10.0,200.0,186.0,7,0
2566431872,2,26935,7.686999999999898,269342411,0,100,0.0,10.0,200.0,186.0,7,0
2566431872,2,26936,7.686999999999898,269352411,0,100,0.0,10.0,200.0,186.0,7,0
2566431872,2,26937,7.686999999999898,269362411,0,100,0.0,10.0,200.0,186.0,7,0
2566431872,2,26938,7.686999999999898,269372412,0,100,0.0,10.0,200.0,186.0,7,0
2566431872,2,26939,7.686999999999898,269382411,0,100,0.0,10.0,200.0,186.0,7,0
2566431872,2,26940,7.686999999999898,269392411,0,100,0.0,10.0,200.0,186.0,7,0
2566431872,2,26941,7.686999999999898,269402411,0,100,0.0,10.0,200.0,186.0,7,0
2566431872,2,26942,7.686999999999898,269412411,0,100,0.0,10.0,200.0,186.0,7,0
2566431872,2,26943,7.686999999999898,269422411,0,100,0.0,10.0,200.0,186.0,7,0
2566431872,2,26944,7.686999999999898,269432411,0,100,0.0,10.0,200.0,186.0,7,0
2566431872,2,26945,7.686999999999898,269442411,0,100,0.0,10.0,200.0,186.0,7,0
2566431872,2,26946,7.686999999999898,269452411,0,100,0.0,10.0,200.0,186.0,7,0
2566431872,2,26947,7.686999999999898,269462411,0,100,0.0,10.0,200.0,186.0,7,0
2566431872,2,26948,7.686999999999898,269472411,0,100,0.0,10.0,200.0,186.0,7,0
2566431872,2,26949,7.686999999999898,269482411,0,100,0.0,10.0,200.0,186.0,7,0
2566431872,2,26950,7.686999999999898,269492411,0,100,0.0,10.0,200.0,186.0,7,0
2566431872,2,26951,7.686999999999898,269502411,0,100,0.0,10.0,200.0,186.0,7,0
2566431872,2,26952,7.686999999999898,269512411,0,100,0.0,10.0,200.0,186.0,7,0
2566431872,2,26953,7.686999999999898,269522411,0,100,0.0,10.0,200.0,186.0,7,0
2566431872,2,26954,7.686999999999898,269532411,0,100,0.0,10.0,200.0,186.0,7,0
2566431872,2,26955,7.686999999999898,269542411,0,100,0.0,10.0,200.0,186.0,7,0
2566431872,2,26956,7.686999999999898,269552411,0,100,0.0,10.0,200.0,186.0,7,0
2566431872,2,26957,7.686999999999898,269562411,0,100,0.0,10.0,200.0,186.0,7,0
2566431872,2,26958,7.686999999999898,269572411,0,100,0.0,10.0,200.0,186.0,7,0
2566431872,2,26959,7.686999999999898,269582411,0,100,0.0,10.0,200.0,186.0,7,0
2566431872,2,26960,7.686999999999898,269592411,0,100,0.0,10.0,200.0,186.0,7,0
2566431872,2,26961,7.686999999999898,269602411,0,100,0.0,10.0,200.0,186.0,7,0
2566431872,2,26962,7.686999999999898,269612411,0,100,0.0,10.0,200.0,186.0,7,0
2566431872,2,26963,7.686999999999898,269622411,0,100,0.0,10.0,200.0,186.0,7,0
2566431872,2,26964,7.686999999999898,269632411,0,100,0.0,10.0,200.0,186.0,7,0
2566431872,2,26965,7.686999999999898,269642411,0,100,0.0,10.0,200.0,186.0,7,0
2566431872,2,26966,7.686999999999898,269652411,0,100,0.0,10.0,200.0,186.0,7,0
2566431872,2,26967,7.686999999999898,269662411,0,100,0.0,10.0,200.0,186.0,7,0
2566431872,2,26968,7.686999999999898,269672411,0,100,0.0,10.0,200.0,186.0,7,0
2566431872,2,26969,7.686999999999898,269682411,0,100,0.0,10.0,200.0,186.0,7,0
2566431872,2,26970,7.686999999999898,269692411,0,100,0.0,10.0,200.0,186.0,7,0
2566431872,2,26971,7.686999999999898,269702411,0,100,0.0,10.0,200.0,186.0,7,0
2566431872,2,26972,7.686999999999898,269712411,0,100,0.0,10.0,200.0,186.0,7,0
2566431872,2,26973,7.686999999999898,269722411,0,100,0.0,10.0,200.0,186.0,7,0
2566431872,2,26974,7.686999999999898,269732411,0,100,0.0,10.0,200.0,186.0,7,0
2566431872,2,26975,7.686999999999898,269742411,0,100,0.0,10.0,200.0,186.0,7,0
2566431872,2,26976,8.265999999999622,269752411,0,100,0.0,10.0,200.0,186.0,7,0
2566431872,2,26977,8.265999999999622,269762411,0,100,0.0,10.0,200.0,186.0,7,0
2566431872,2,26978,8.265999999999622,269772411,0,100,0.0,10.0,200.0,186.0,7,0
2566431872,2,26979,8.265999999999622,269782411,0,100,0.0,10.0,200.0,186.0,7,0
2566431872,2,26980,8.265999999999622,269792411,0,100,0.0,10.0,200.0,186.0,7,0
2566431872,2,26981,8.265999999999622,269802411,0,100,0.0,10.0,200.0,186.0,7,0
2566431872,2,26982,8.265999999999622,269812411,0,100,0.0,10.0,200.0,186.0,7,0
2566431872,2,26983,8.265999999999622,269822411,0,100,0.0,10.0,200.0,186.0,7,0
2566431872,2,26984,8.265999999999622,269832411,0,100,0.0,10.0,200.0,186.0,7,0
2566431872,2,26985,8.265999999999622,269842411,0,100,0.0,10.0,200.0,186.0,7,0
2566431872,2,26986,8.265999999999622,269852411,0,100,0.0,10.0,200.0,186.0,7,0
2566431872,2,26987,8.265999999999622,269862417,0,100,0.0,10.0,200.0,186.0,7,0
2566431872,2,26988,8.265999999999622,269872411,0,100,0.0,10.0,200.0,186.0,7,0
2566431872,2,26989,8.265999999999622,269882411,0,100,0.0,10.0,200.0,186.0,7,0
2566431872,2,26990,8.265999999999622,269892411,0,100,0.0,10.0,200.0,186.0,7,0
2566431872,2,26991,8.265999999999622,269902411,0,100,0.0,10.0,200.0,186.0,7,0
2566431872,2,26992,8.265999999999622,269912411,0,100,0.0,10.0,200.0,186.0,7,0
2566431872,2,26993,8.265999999999622,269922411,0,100,0.0,10.0,200.0,186.0,7,0
2566431872,2,26994,8.265999999999622,269932411,0,100,0.0,10.0,200.0,186.0,7,0
2566431872,2,26995,8.265999999999622,269942411,0,100,0.0,10.0,200.0,186.0,7,0
2566431872,2,26996,8.265999999999622,269952411,0,100,0.0,10.0,200.0,186.0,7,0
2566431872,2,26997,8.265999999999622,269962411,0,100,0.0,10.0,200.0,186.0,7,0
2566431872,2,26998,8.265999999999622,269972411,0,100,0.0,10.0,200.0,186.0,7,0
2566431872,2,26999,8.265999999999622,269982411,0,100,0.0,10.0,200.0,186.0,7,0
2566431872,2,27000,8.265999999999622,269992411,0,100,0.0,10.0,200.0,186.0,7,0
2566431872,2,27001,8.265999999999622,270002411,0,100,0.0,10.0,200.0,186.0,7,0
2566431872,2,27002,8.265999999999622,270012411,0,100,0.0,10.0,200.0,186.0,7,0
2566431872,2,27003,8.265999999999622,270022411,0,100,0.0,10.0,200.0,186.0,7,0
2566431872,2,27004,8.265999999999622,270032411,0,100,0.0,10.0,200.0,186.0,7,0
2566431872,2,27005,8.265999999999622,270042411,0,100,0.0,10.0,200.0,186.0,7,0
2566431872,2,27006,8.265999999999622,270052411,0,100,0.0,10.0,200.0,186.0,7,0
2566431872,2,27007,8.265999999999622,270062411,0,100,0.0,10.0,200.0,186.0,7,0
2566431872,2,27008,8.265999999999622,270072411,0,100,0.0,10.0,200.0,186.0,7,0
2566431872,2,27009,8.265999999999622,270082411,0,100,0.0,10.0,200.0,186.0,7,0
2566431872,2,27010,8.265999999999622,270092411,0,100,0.0,10.0,200.0,186.0,7,0
2566431872,2,27011,8.265999999999622,270102411,0,100,0.0,10.0,200.0,186.0,7,0
2566431872,2,27012,8.265999999999622,270112411,0,100,0.0,10.0,200.0,186.0,7,0
2566431872,2,27013,8.265999999999622,270122411,0,100,0.0,10.0,200.0,186.0,7,0
2566431872,2,27014,8.265999999999622,270132411,0,100,0.0,10.0,200.0,186.0,7,0
2566431872,2,27015,8.265999999999622,270142411,0,100,0.0,10.0,200.0,186.0,7,0
2566431872,2,27016,8.265999999999622,270152411,0,100,0.0,10.0,200.0,186.0,7,0
2566431872,2,27017,8.265999999999622,270162411,0,100,0.0,10.0,200.0,186.0,7,0
2566431872,2,27018,8.265999999999622,270172411,0,100,0.0,10.0,200.0,186.0,7,0
2566431872,2,27019,8.265999999999622,270182411,0,100,0.0,10.0,200.0,186.0,7,0
2566431872,2,27020,8.265999999999622,270192411,0,100,0.0,10.0,200.0,186.0,7,0
2566431872,2,27021,8.265999999999622,270202411,0,100,0.0,10.0,200.0,186.0,7,0
2566431872,2,27022,8.265999999999622,270212411,0,100,0.0,10.0,200.0,186.0,7,0
2566431872,2,27023,8.265999999999622,270222411,0,100,0.0,10.0,200.0,186.0,7,0
2566431872,2,27024,8.265999999999622,270232411,0,100,0.0,10.0,200.0,186.0,7,0
2566431872,2,27025,8.265999999999622,270242411,0,100,0.0,10.0,200.0,186.0,7,0
2566431872,2,27026,8.265999999999622,270252411,0,100,0.0,10.0,200.0,186.0,7,0
2566431872,2,27027,8.265999999999622,270262411,0,100,0.0,10.0,200.0,186.0,7,0
2566431872,2,27028,8.265999999999622,270272411,0,100,0.0,10.0,200.0,186.0,7,0
2566431872,2,27029,8.265999999999622,270282411,0,100,0.0,10.0,200.0,186.0,7,0
2566431872,2,27030,8.265999999999622,270292411,0,100,0.0,10.0,200.0,186.0,7,0
2566431872,2,27031,8.265999999999622,270302411,0,100,0.0,10.0,200.0,186.0,7,0
2566431872,2,27032,8.79699999999957,270312411,0,100,0.0,10.0,200.0,186.0,7,0
2566431872,2,27033,8.79699999999957,270322411,0,100,0.0,10.0,200.0,186.0,7,0
2566431872,2,27034,8.79699999999957,270332411,0,100,0.0,10.0,200.0,186.0,7,0
2566431872,2,27035,8.79699999999957,270342411,0,100,0.0,10.0,200.0,186.0,7,0
2566431872,2,27036,8.79699999999957,270352411,0,100,0.0,10.0,200.0,186.0,7,0
2566431872,2,27037,8.79699999999957,270362411,0,100,0.0,10.0,200.0,186.0,7,0
2566431872,2,27038,8.79699999999957,270372411,0,100,0.0,10.0,200.0,186.0,7,0
2566431872,2,27039,8.79699999999957,270382411,0,100,0.0,10.0,200.0,186.0,7,0
2566431872,2,27040,8.79699999999957,270392411,0,100,0.0,10.0,200.0,186.0,7,0
2566431872,2,27041,8.79699999999957,270402411,0,100,0.0,10.0,200.0,186.0,7,0
2566431872,2,27042,8.79699999999957,270412411,0,100,0.0,10.0,200.0,186.0,7,0
2566431872,2,27043,8.79699999999957,270422411,0,100,0.0,10.0,200.0,186.0,7,0
2566431872,2,27044,8.79699999999957,270432411,0,100,0.0,10.0,200.0,186.0,7,0
2566431872,2,27045,8.79699999999957,270442411,0,100,0.0,10.0,200.0,186.0,7,0
2566431872,2,27046,8.79699999999957,270452411,0,100,0.0,10.0,200.0,186.0,7,0
2566431872,2,27047,8.79699999999957,270462411,0,100,0.0,10.0,200.0,186.0,7,0
2566431872,2,27048,8.79699999999957,270472411,0,100,0.0,10.0,200.0,186.0,7,0
2566431872,2,27049,8.79699999999957,270482411,0,100,0.0,10.0,200.0,186.0,7,0
2566431872,2,27050,8.79699999999957,270492411,0,100,0.0,10.0,200.0,186.0,7,0
2566431872,2,27051,8.79699999999957,270502411,0,100,0.0,10.0,200.0,186.0,7,0
2566431872,2,27052,8.79699999999957,270512411,0,100,0.0,10.0,200.0,186.0,7,0
2566431872,2,27053,8.79699999999957,270522411,0,100,0.0,10.0,200.0,186.0,7,0
2566431872,2,27054,8.79699999999957,270532411,0,100,0.0,10.0,200.0,186.0,7,0
2566431872,2,27055,8.79699999999957,270542411,0,100,0.0,10.0,200.0,186.0,7,0
2566431872,2,27056,8.79699999999957,270552411,0,100,0.0,10.0,200.0,186.0,7,0
2566431872,2,27057,8.79699999999957,270562411,0,100,0.0,10.0,200.0,186.0,7,0
2566431872,2,27058,8.79699999999957,270572411,0,100,0.0,10.0,200.0,186.0,7,0
2566431872,2,27059,8.79699999999957,270582411,0,100,0.0,10.0,200.0,186.0,7,0
2566431872,2,27060,8.79699999999957,270592411,0,100,0.0,10.0,200.0,186.0,7,0
2566431872,2,27061,8.79699999999957,270602411,0,100,0.0,10.0,200.0,186.0,7,0
2566431872,2,27062,8.79699999999957,270612411,0,100,0.0,10.0,200.0,186.0,7,0
2566431872,2,27063,8.79699999999957,270622411,0,100,0.0,10.0,200.0,186.0,7,0
2566431872,2,27064,8.79699999999957,270632411,0,100,0.0,10.0,200.0,186.0,7,0
2566431872,2,27065,8.79699999999957,270642411,0,100,0.0,10.0,200.0,186.0,7,0
2566431872,2,27066,8.79699999999957,270652411,0,100,0.0,10.0,200.0,186.0,7,0
2566431872,2,27067,8.79699999999957,270662411,0,100,0.0,10.0,200.0,186.0,7,0
2566431872,2,27068,8.79699999999957,270672411,0,100,0.0,10.0,200.0,186.0,7,0
2566431872,2,27069,8.79699999999957,270682411,0,100,0.0,10.0,200.0,186.0,7,0
2566431872,2,27070,8.79699999999957,270692411,0,100,0.0,10.0,200.0,186.0,7,0
2566431872,2,27071,8.79699999999957,270702411,0,100,0.0,10.0,200.0,186.0,7,0
2566431872,2,27072,8.79699999999957,270712411,0,100,0.0,10.0,200.0,186.0,7,0
2566431872,2,27073,8.79699999999957,270722411,0,100,0.0,10.0,200.0,186.0,7,0
2566431872,2,27074,8.79699999999957,270732411,0,100,0.0,10.0,200.0,186.0,7,0
2566431872,2,27075,8.79699999999957,270742411,0,100,0.0,10.0,200.0,186.0,7,0
2566431872,2,27076,8.79699999999957,270752411,0,100,0.0,10.0,200.0,186.0,7,0
2566431872,2,27077,8.79699999999957,270762411,0,100,0.0,10.0,200.0,186.0,7,0
2566431872,2,27078,8.79699999999957,270772411,0,100,0.0,10.0,200.0,186.0,7,0
2566431872,2,27079,8.79699999999957,270782411,0,100,0.0,10.0,200.0,186.0,7,0
2566431872,2,27080,8.79699999999957,270792411,0,100,0.0,10.0,200.0,186.0,7,0
2566431872,2,27081,8.79699999999957,270802411,0,100,0.0,10.0,200.0,186.0,7,0
2566431872,2,27082,8.79699999999957,270812412,0,100,0.0,10.0,200.0,186.0,7,0
2566431872,2,27083,8.79699999999957,270822411,0,100,0.0,10.0,200.0,186.0,7,0
2566431872,2,27084,8.79699999999957,270832411,0,100,0.0,10.0,200.0,186.0,7,0
2566431872,2,27085,8.79699999999957,270842411,0,100,0.0,10.0,200.0,186.0,7,0
2566431872,2,27086,8.79699999999957,270852411,0,100,0.0,10.0,200.0,186.0,7,0
2566431872,2,27087,8.79699999999957,270862411,0,100,0.0,10.0,200.0,186.0,7,0
2566431872,2,27088,9.358999999999469,270872411,0,100,0.0,10.0,200.0,186.0,7,0
2566431872,2,27089,9.358999999999469,270882411,0,100,0.0,10.0,200.0,186.0,7,0
2566431872,2,27090,9.358999999999469,270892411,0,100,0.0,10.0,200.0,186.0,7,0
2566431872,2,27091,9.358999999999469,270902411,0,100,0.0,10.0,200.0,186.0,7,0
2566431872,2,27092,9.358999999999469,270912411,0,100,0.0,10.0,200.0,186.0,7,0
2566431872,2,27093,9.358999999999469,270922411,0,100,0.0,10.0,200.0,186.0,7,0
2566431872,2,27094,9.358999999999469,270932411,0,100,0.0,10.0,200.0,186.0,7,0
2566431872,2,27095,9.358999999999469,270942411,0,100,0.0,10.0,200.0,186.0,7,0
2566431872,2,27096,9.358999999999469,270952411,0,100,0.0,10.0,200.0,186.0,7,0
2566431872,2,27097,9.358999999999469,270962411,0,100,0.0,10.0,200.0,186.0,7,0
2566431872,2,27098,9.358999999999469,270972411,0,100,0.0,10.0,200.0,186.0,7,0
2566431872,2,27099,9.358999999999469,270982411,0,100,0.0,10.0,200.0,186.0,7,0
2566431872,2,27100,9.358999999999469,270992411,0,100,0.0,10.0,200.0,186.0,7,0
2566431872,2,27101,9.358999999999469,271002411,0,100,0.0,10.0,200.0,186.0,7,0
2566431872,2,27102,9.358999999999469,271012411,0,100,0.0,10.0,200.0,186.0,7,0
2566431872,2,27103,9.358999999999469,271022411,0,100,0.0,10.0,200.0,186.0,7,0
2566431872,2,27104,9.358999999999469,271032411,0,100,0.0,10.0,200.0,186.0,7,0
2566431872,2,27105,9.358999999999469,271042411,0,100,0.0,10.0,200.0,186.0,7,0
2566431872,2,27106,9.358999999999469,271052411,0,100,0.0,10.0,200.0,186.0,7,0
2566431872,2,27107,9.358999999999469,271062411,0,100,0.0,10.0,200.0,186.0,7,0
2566431872,2,27108,9.358999999999469,271072411,0,100,0.0,10.0,200.0,186.0,7,0
2566431872,2,27109,9.358999999999469,271082411,0,100,0.0,10.0,200.0,186.0,7,0
2566431872,2,27110,9.358999999999469,271092411,0,100,0.0,10.0,200.0,186.0,7,0
2566431872,2,27111,9.358999999999469,271102411,0,100,0.0,10.0,200.0,186.0,7,0
2566431872,2,27112,9.358999999999469,271112411,0,100,0.0,10.0,200.0,186.0,7,0
2566431872,2,27113,9.358999999999469,271122411,0,100,0.0,10.0,200.0,186.0,7,0
2566431872,2,27114,9.358999999999469,271132411,0,100,0.0,10.0,200.0,186.0,7,0
2566431872,2,27115,9.358999999999469,271142411,0,100,0.0,10.0,200.0,186.0,7,0
2566431872,2,27116,9.358999999999469,271152411,0,100,0.0,10.0,200.0,186.0,7,0
2566431872,2,27117,9.358999999999469,271162411,0,100,0.0,10.0,200.0,186.0,7,0
2566431872,2,27118,9.358999999999469,271172411,0,100,0.0,10.0,200.0,186.0,7,0
2566431872,2,27119,9.358999999999469,271182411,0,100,0.0,10.0,200.0,186.0,7,0
2566431872,2,27120,9.358999999999469,271192411,0,100,0.0,10.0,200.0,186.0,7,0
2566431872,2,27121,9.358999999999469,271202411,0,100,0.0,10.0,200.0,186.0,7,0
2566431872,2,27122,9.358999999999469,271212411,0,100,0.0,10.0,200.0,186.0,7,0
2566431872,2,27123,9.358999999999469,271222411,0,100,0.0,10.0,200.0,186.0,7,0
2566431872,2,27124,9.358999999999469,271232411,0,100,0.0,10.0,200.0,186.0,7,0
2566431872,2,27125,9.358999999999469,271242411,0,100,0.0,10.0,200.0,186.0,7,0
2566431872,2,27126,9.358999999999469,271252411,0,100,0.0,10.0,200.0,186.0,7,0
2566431872,2,27127,9.358999999999469,271262411,0,100,0.0,10.0,200.0,186.0,7,0
2566431872,2,27128,9.358999999999469,271272411,0,100,0.0,10.0,200.0,186.0,7,0
2566431872,2,27129,9.358999999999469,271282411,0,100,0.0,10.0,200.0,186.0,7,0
2566431872,2,27130,9.358999999999469,271292411,0,100,0.0,10.0,200.0,186.0,7,0
2566431872,2,27131,9.358999999999469,271302411,0,100,0.0,10.0,200.0,186.0,7,0
2566431872,2,27132,9.358999999999469,271312411,0,100,0.0,10.0,200.0,186.0,7,0
2566431872,2,27133,9.358999999999469,271322411,0,100,0.0,10.0,200.0,186.0,7,0
2566431872,2,27134,9.358999999999469,271332411,0,100,0.0,10.0,200.0,186.0,7,0
2566431872,2,27135,9.358999999999469,271342411,0,100,0.0,10.0,200.0,186.0,7,0
2566431872,2,27136,9.358999999999469,271352411,0,100,0.0,10.0,200.0,186.0,7,0
2566431872,2,27137,9.358999999999469,271362411,0,100,0.0,10.0,200.0,186.0,7,0
2566431872,2,27138,9.358999999999469,271372411,0,100,0.0,10.0,200.0,186.0,7,0
2566431872,2,27139,9.358999999999469,271382411,0,100,0.0,10.0,200.0,186.0,7,0
2566431872,2,27140,9.358999999999469,271392411,0,100,0.0,10.0,200.0,186.0,7,0
2566431872,2,27141,9.358999999999469,271402411,0,100,0.0,10.0,200.0,186.0,7,0
2566431872,2,27142,9.358999999999469,271412411,0,100,0.0,10.0,200.0,186.0,7,0
2566431872,2,27143,9.358999999999469,271422411,0,100,0.0,10.0,200.0,186.0,7,0
2566431872,2,27144,9.905999999999949,271432411,0,100,0.0,10.0,200.0,186.0,7,0
2566431872,2,27145,9.905999999999949,271442411,0,100,0.0,10.0,200.0,186.0,7,0
2566431872,2,27146,9.905999999999949,271452411,0,100,0.0,10.0,200.0,186.0,7,0
2566431872,2,27147,9.905999999999949,271462411,0,100,0.0,10.0,200.0,186.0,7,0
2566431872,2,27148,9.905999999999949,271472411,0,100,0.0,10.0,200.0,186.0,7,0
2566431872,2,27149,9.905999999999949,271482411,0,100,0.0,10.0,200.0,186.0,7,0
2566431872,2,27150,9.905999999999949,271492411,0,100,0.0,10.0,200.0,186.0,7,0
2566431872,2,27151,9.905999999999949,271502411,0,100,0.0,10.0,200.0,186.0,7,0
2566431872,2,27152,9.905999999999949,271512411,0,100,0.0,10.0,200.0,186.0,7,0
2566431872,2,27153,9.905999999999949,271522411,0,100,0.0,10.0,200.0,186.0,7,0
2566431872,2,27154,9.905999999999949,271532411,0,100,0.0,10.0,200.0,186.0,7,0
2566431872,2,27155,9.905999999999949,271542411,0,100,0.0,10.0,200.0,186.0,7,0
2566431872,2,27156,9.905999999999949,271552411,0,100,0.0,10.0,200.0,186.0,7,0
2566431872,2,27157,9.905999999999949,271562411,0,100,0.0,10.0,200.0,186.0,7,0
2566431872,2,27158,9.905999999999949,271572411,0,100,0.0,10.0,200.0,186.0,7,0
2566431872,2,27159,9.905999999999949,271582411,0,100,0.0,10.0,200.0,186.0,7,0
2566431872,2,27160,9.905999999999949,271592411,0,100,0.0,10.0,200.0,186.0,7,0
2566431872,2,27161,9.905999999999949,271602411,0,100,0.0,10.0,200.0,186.0,7,0
2566431872,2,27162,9.905999999999949,271612412,0,100,0.0,10.0,200.0,186.0,7,0
2566431872,2,27163,9.905999999999949,271622411,0,100,0.0,10.0,200.0,186.0,7,0
2566431872,2,27164,9.905999999999949,271632411,0,100,0.0,10.0,200.0,186.0,7,0
2566431872,2,27165,9.905999999999949,271642411,0,100,0.0,10.0,200.0,186.0,7,0
2566431872,2,27166,9.905999999999949,271652411,0,100,0.0,10.0,200.0,186.0,7,0
2566431872,2,27167,9.905999999999949,271662411,0,100,0.0,10.0,200.0,186.0,7,0
2566431872,2,27168,9.905999999999949,271672411,0,100,0.0,10.0,200.0,186.0,7,0
2566431872,2,27169,9.905999999999949,271682411,0,100,0.0,10.0,200.0,186.0,7,0
2566431872,2,27170,9.905999999999949,271692411,0,100,0.0,10.0,200.0,186.0,7,0
2566431872,2,27171,9.905999999999949,271702411,0,100,0.0,10.0,200.0,186.0,7,0
2566431872,2,27172,9.905999999999949,271712411,0,100,0.0,10.0,200.0,186.0,7,0
2566431872,2,27173,9.905999999999949,271722411,0,100,0.0,10.0,200.0,186.0,7,0
2566431872,2,27174,9.905999999999949,271732411,0,100,0.0,10.0,200.0,186.0,7,0
2566431872,2,27175,9.905999999999949,271742411,0,100,0.0,10.0,200.0,186.0,7,0
2566431872,2,27176,9.905999999999949,271752411,0,100,0.0,10.0,200.0,186.0,7,0
2566431872,2,27177,9.905999999999949,271762411,0,100,0.0,10.0,200.0,186.0,7,0
2566431872,2,27178,9.905999999999949,271772411,0,100,0.0,10.0,200.0,186.0,7,0
2566431872,2,27179,9.905999999999949,271782411,0,100,0.0,10.0,200.0,186.0,7,0
2566431872,2,27180,9.905999999999949,271792411,0,100,0.0,10.0,200.0,186.0,7,0
2566431872,2,27181,9.905999999999949,271802411,0,100,0.0,10.0,200.0,186.0,7,0
2566431872,2,27182,9.905999999999949,271812411,0,100,0.0,10.0,200.0,186.0,7,0
2566431872,2,27183,9.905999999999949,271822411,0,100,0.0,10.0,200.0,186.0,7,0
2566431872,2,27184,9.905999999999949,271832411,0,100,0.0,10.0,200.0,186.0,7,0
2566431872,2,27185,9.905999999999949,271842411,0,100,0.0,10.0,200.0,186.0,7,0
2566431872,2,27186,9.905999999999949,271852411,0,100,0.0,10.0,200.0,186.0,7,0
2566431872,2,27187,9.905999999999949,271862411,0,100,0.0,10.0,200.0,186.0,7,0
2566431872,2,27188,9.905999999999949,271872411,0,100,0.0,10.0,200.0,186.0,7,0
2566431872,2,27189,9.905999999999949,271882411,0,100,0.0,10.0,200.0,186.0,7,0
2566431872,2,27190,9.905999999999949,271892411,0,100,0.0,10.0,200.0,186.0,7,0
2566431872,2,27191,9.905999999999949,271902411,0,100,0.0,10.0,200.0,186.0,7,0
2566431872,2,27192,9.905999999999949,271912411,0,100,0.0,10.0,200.0,186.0,7,0
2566431872,2,27193,9.905999999999949,271922411,0,100,0.0,10.0,200.0,186.0,7,0
2566431872,2,27194,9.905999999999949,271932411,0,100,0.0,10.0,200.0,186.0,7,0
2566431872,2,27195,9.905999999999949,271942411,0,100,0.0,10.0,200.0,186.0,7,0
2566431872,2,27196,9.905999999999949,271952411,0,100,0.0,10.0,200.0,186.0,7,0
2566431872,2,27197,9.905999999999949,271962411,0,100,0.0,10.0,200.0,186.0,7,0
2566431872,2,27198,9.905999999999949,271972411,0,100,0.0,10.0,200.0,186.0,7,0
2566431872,2,27199,9.905999999999949,271982411,0,100,0.0,10.0,200.0,186.0,7,0
2566431872,2,27200,10.483999999999469,271992411,0,100,0.0,10.0,200.0,186.0,7,0
2566431872,2,27201,10.483999999999469,272002411,0,100,0.0,10.0,200.0,186.0,7,0
2566431872,2,27202,10.483999999999469,272012411,0,100,0.0,10.0,200.0,186.0,7,0
2566431872,2,27203,10.483999999999469,272022411,0,100,0.0,10.0,200.0,186.0,7,0
2566431872,2,27204,10.483999999999469,272032411,0,100,0.0,10.0,200.0,186.0,7,0
2566431872,2,27205,10.483999999999469,272042411,0,100,0.0,10.0,200.0,186.0,7,0
2566431872,2,27206,10.483999999999469,272052411,0,100,0.0,10.0,200.0,186.0,7,0
2566431872,2,27207,10.483999999999469,272062411,0,100,0.0,10.0,200.0,186.0,7,0
2566431872,2,27208,10.483999999999469,272072411,0,100,0.0,10.0,200.0,186.0,7,0
2566431872,2,27209,10.483999999999469,272082411,0,100,0.0,10.0,200.0,186.0,7,0
2566431872,2,27210,10.483999999999469,272092411,0,100,0.0,10.0,200.0,186.0,7,0
2566431872,2,27211,10.483999999999469,272102411,0,100,0.0,10.0,200.0,186.0,7,0
2566431872,2,27212,10.483999999999469,272112411,0,100,0.0,10.0,200.0,186.0,7,0
2566431872,2,27213,10.483999999999469,272122411,0,100,0.0,10.0,200.0,186.0,7,0
2566431872,2,27214,10.483999999999469,272132411,0,100,0.0,10.0,200.0,186.0,7,0
2566431872,2,27215,10.483999999999469,272142411,0,100,0.0,10.0,200.0,186.0,7,0
2566431872,2,27216,10.483999999999469,272152411,0,100,0.0,10.0,200.0,186.0,7,0
2566431872,2,27217,10.483999999999469,272162411,0,100,0.0,10.0,200.0,186.0,7,0
2566431872,2,27218,10.483999999999469,272172411,0,100,0.0,10.0,200.0,186.0,7,0
2566431872,2,27219,10.483999999999469,272182411,0,100,0.0,10.0,200.0,186.0,7,0
2566431872,2,27220,10.483999999999469,272192411,0,100,0.0,10.0,200.0,186.0,7,0
2566431872,2,27221,10.483999999999469,272202411,0,100,0.0,10.0,200.0,186.0,7,0
2566431872,2,27222,10.483999999999469,272212411,0,100,0.0,10.0,200.0,186.0,7,0
2566431872,2,27223,10.483999999999469,272222411,0,100,0.0,10.0,200.0,186.0,7,0
2566431872,2,27224,10.483999999999469,272232411,0,100,0.0,10.0,200.0,186.0,7,0
2566431872,2,27225,10.483999999999469,272242411,0,100,0.0,10.0,200.0,186.0,7,0
2566431872,2,27226,10.483999999999469,272252411,0,100,0.0,10.0,200.0,186.0,7,0
2566431872,2,27227,10.483999999999469,272262411,0,100,0.0,10.0,200.0,186.0,7,0
2566431872,2,27228,10.483999999999469,272272411,0,100,0.0,10.0,200.0,186.0,7,0
2566431872,2,27229,10.483999999999469,272282411,0,100,0.0,10.0,200.0,186.0,7,0
2566431872,2,27230,10.483999999999469,272292411,0,100,0.0,10.0,200.0,186.0,7,0
2566431872,2,27231,10.483999999999469,272302411,0,100,0.0,10.0,200.0,186.0,7,0
2566431872,2,27232,10.483999999999469,272312411,0,100,0.0,10.0,200.0,186.0,7,0
2566431872,2,27233,10.483999999999469,272322411,0,100,0.0,10.0,200.0,186.0,7,0
2566431872,2,27234,10.483999999999469,272332411,0,100,0.0,10.0,200.0,186.0,7,0
2566431872,2,27235,10.483999999999469,272342411,0,100,0.0,10.0,200.0,186.0,7,0
2566431872,2,27236,10.483999999999469,272352411,0,100,0.0,10.0,200.0,186.0,7,0
2566431872,2,27237,10.483999999999469,272362411,0,100,0.0,10.0,200.0,186.0,7,0
2566431872,2,27238,10.483999999999469,272372411,0,100,0.0,10.0,200.0,186.0,7,0
2566431872,2,27239,10.483999999999469,272382411,0,100,0.0,10.0,200.0,186.0,7,0
2566431872,2,27240,10.483999999999469,272392411,0,100,0.0,10.0,200.0,186.0,7,0
2566431872,2,27241,10.483999999999469,272402411,0,100,0.0,10.0,200.0,186.0,7,0
2566431872,2,27242,10.483999999999469,272412411,0,100,0.0,10.0,200.0,186.0,7,0
2566431872,2,27243,10.483999999999469,272422411,0,100,0.0,10.0,200.0,186.0,7,0
2566431872,2,27244,10.483999999999469,272432411,0,100,0.0,10.0,200.0,186.0,7,0
2566431872,2,27245,10.483999999999469,272442411,0,100,0.0,10.0,200.0,186.0,7,0
2566431872,2,27246,10.483999999999469,272452411,0,100,0.0,10.0,200.0,186.0,7,0
2566431872,2,27247,10.483999999999469,272462411,0,100,0.0,10.0,200.0,186.0,7,0
2566431872,2,27248,10.483999999999469,272472411,0,100,0.0,10.0,200.0,186.0,7,0
2566431872,2,27249,10.483999999999469,272482411,0,100,0.0,10.0,200.0,186.0,7,0
2566431872,2,27250,10.483999999999469,272492411,0,100,0.0,10.0,200.0,186.0,7,0
2566431872,2,27251,10.483999999999469,272502411,0,100,0.0,10.0,200.0,186.0,7,0
2566431872,2,27252,10.483999999999469,272512411,0,100,0.0,10.0,200.0,186.0,7,0
2566431872,2,27253,10.483999999999469,272522411,0,100,0.0,10.0,200.0,186.0,7,0
2566431872,2,27254,10.483999999999469,272532411,0,100,0.0,10.0,200.0,186.0,7,0
2566431872,2,27255,10.483999999999469,272542411,0,100,0.0,10.0,200.0,186.0,7,0
2566431872,2,27256,10.75,272552411,0,100,0.0,10.0,200.0,186.0,7,0
2566431872,2,27257,10.75,272562411,0,100,0.0,10.0,200.0,186.0,7,0
2566431872,2,27258,10.75,272572411,0,100,0.0,10.0,200.0,186.0,7,0
2566431872,2,27259,10.75,272582411,0,100,0.0,10.0,200.0,186.0,7,0
2566431872,2,27260,10.75,272592411,0,100,0.0,10.0,200.0,186.0,7,0
2566431872,2,27261,10.75,272602411,0,100,0.0,10.0,200.0,186.0,7,0
2566431872,2,27262,10.75,272612411,0,100,0.0,10.0,200.0,186.0,7,0
2566431872,2,27263,10.75,272622411,0,100,0.0,10.0,200.0,186.0,7,0
2566431872,2,27264,10.75,272632411,0,100,0.0,10.0,200.0,186.0,7,0
2566431872,2,27265,10.75,272642411,0,100,0.0,10.0,200.0,186.0,7,0
2566431872,2,27266,10.75,272652411,0,100,0.0,10.0,200.0,186.0,7,0
2566431872,2,27267,10.75,272662411,0,100,0.0,10.0,200.0,186.0,7,0
2566431872,2,27268,10.75,272672411,0,100,0.0,10.0,200.0,186.0,7,0
2566431872,2,27269,10.75,272682411,0,100,0.0,10.0,200.0,186.0,7,0
2566431872,2,27270,10.75,272692411,0,100,0.0,10.0,200.0,186.0,7,0
2566431872,2,27271,10.75,272702411,0,100,0.0,10.0,200.0,186.0,7,0
2566431872,2,27272,10.75,272712412,0,100,0.0,10.0,200.0,186.0,7,0
2566431872,2,27273,10.75,272722411,0,100,0.0,10.0,200.0,186.0,7,0
2566431872,2,27274,10.75,272732411,0,100,0.0,10.0,200.0,186.0,7,0
2566431872,2,27275,10.75,272742411,0,100,0.0,10.0,200.0,186.0,7,0
2566431872,2,27276,10.75,272752411,0,100,0.0,10.0,200.0,186.0,7,0
2566431872,2,27277,10.75,272762411,0,100,0.0,10.0,200.0,186.0,7,0
2566431872,2,27278,10.75,272772411,0,100,0.0,10.0,200.0,186.0,7,0
2566431872,2,27279,10.75,272782411,0,100,0.0,10.0,200.0,186.0,7,0
2566431872,2,27280,11.265999999999622,272792411,0,100,0.0,10.0,200.0,186.0,7,0
2566431872,2,27281,11.265999999999622,272802411,0,100,0.0,10.0,200.0,186.0,7,0
2566431872,2,27282,11.265999999999622,272812411,0,100,0.0,10.0,200.0,186.0,7,0
2566431872,2,27283,11.265999999999622,272822411,0,100,0.0,10.0,200.0,186.0,7,0
2566431872,2,27284,11.265999999999622,272832411,0,100,0.0,10.0,200.0,186.0,7,0
2566431872,2,27285,11.265999999999622,272842411,0,100,0.0,10.0,200.0,186.0,7,0
2566431872,2,27286,11.265999999999622,272852411,0,100,0.0,10.0,200.0,186.0,7,0
2566431872,2,27287,11.265999999999622,272862411,0,100,0.0,10.0,200.0,186.0,7,0
2566431872,2,27288,11.265999999999622,272872411,0,100,0.0,10.0,200.0,186.0,7,0
2566431872,2,27289,11.265999999999622,272882411,0,100,0.0,10.0,200.0,186.0,7,0
2566431872,2,27290,11.265999999999622,272892411,0,100,0.0,10.0,200.0,186.0,7,0
2566431872,2,27291,11.265999999999622,272902411,0,100,0.0,10.0,200.0,186.0,7,0
2566431872,2,27292,11.265999999999622,272912411,0,100,0.0,10.0,200.0,186.0,7,0
2566431872,2,27293,11.265999999999622,272922411,0,100,0.0,10.0,200.0,186.0,7,0
2566431872,2,27294,11.265999999999622,272932411,0,100,0.0,10.0,200.0,186.0,7,0
2566431872,2,27295,11.265999999999622,272942411,0,100,0.0,10.0,200.0,186.0,7,0
2566431872,2,27296,11.265999999999622,272952411,0,100,0.0,10.0,200.0,186.0,7,0
2566431872,2,27297,11.265999999999622,272962411,0,100,0.0,10.0,200.0,186.0,7,0
2566431872,2,27298,11.265999999999622,272972411,0,100,0.0,10.0,200.0,186.0,7,0
2566431872,2,27299,11.265999999999622,272982411,0,100,0.0,10.0,200.0,186.0,7,0
2566431872,2,27300,11.265999999999622,272992411,0,100,0.0,10.0,200.0,186.0,7,0
2566431872,2,27301,11.265999999999622,273002411,0,100,0.0,10.0,200.0,186.0,7,0
2566431872,2,27302,11.265999999999622,273012411,0,100,0.0,10.0,200.0,186.0,7,0
2566431872,2,27303,11.265999999999622,273022411,0,100,0.0,10.0,200.0,186.0,7,0
2566431872,2,27304,11.265999999999622,273032411,0,100,0.0,10.0,200.0,186.0,7,0
2566431872,2,27305,11.265999999999622,273042411,0,100,0.0,10.0,200.0,186.0,7,0
2566431872,2,27306,11.265999999999622,273052411,0,100,0.0,10.0,200.0,186.0,7,0
2566431872,2,27307,11.265999999999622,273062411,0,100,0.0,10.0,200.0,186.0,7,0
2566431872,2,27308,11.265999999999622,273072411,0,100,0.0,10.0,200.0,186.0,7,0
2566431872,2,27309,11.265999999999622,273082411,0,100,0.0,10.0,200.0,186.0,7,0
2566431872,2,27310,11.265999999999622,273092411,0,100,0.0,10.0,200.0,186.0,7,0
2566431872,2,27311,11.265999999999622,273102411,0,100,0.0,10.0,200.0,186.0,7,0
2566431872,2,27312,11.265999999999622,273112411,0,100,0.0,10.0,200.0,186.0,7,0
2566431872,2,27313,11.265999999999622,273122411,0,100,0.0,10.0,200.0,186.0,7,0
2566431872,2,27314,11.265999999999622,273132411,0,100,0.0,10.0,200.0,186.0,7,0
2566431872,2,27315,11.265999999999622,273142411,0,100,0.0,10.0,200.0,186.0,7,0
2566431872,2,27316,11.265999999999622,273152411,0,100,0.0,10.0,200.0,186.0,7,0
2566431872,2,27317,11.265999999999622,273162411,0,100,0.0,10.0,200.0,186.0,7,0
2566431872,2,27318,11.265999999999622,273172411,0,100,0.0,10.0,200.0,186.0,7,0
2566431872,2,27319,11.265999999999622,273182411,0,100,0.0,10.0,200.0,186.0,7,0
2566431872,2,27320,11.265999999999622,273192411,0,100,0.0,10.0,200.0,186.0,7,0
2566431872,2,27321,11.265999999999622,273202411,0,100,0.0,10.0,200.0,186.0,7,0
2566431872,2,27322,11.265999999999622,273212411,0,100,0.0,10.0,200.0,186.0,7,0
2566431872,2,27323,11.265999999999622,273222411,0,100,0.0,10.0,200.0,186.0,7,0
2566431872,2,27324,11.265999999999622,273232411,0,100,0.0,10.0,200.0,186.0,7,0
2566431872,2,27325,11.265999999999622,273242411,0,100,0.0,10.0,200.0,186.0,7,0
2566431872,2,27326,11.265999999999622,273252411,0,100,0.0,10.0,200.0,186.0,7,0
2566431872,2,27327,11.265999999999622,273262411,0,100,0.0,10.0,200.0,186.0,7,0
2566431872,2,27328,11.265999999999622,273272411,0,100,0.0,10.0,200.0,186.0,7,0
2566431872,2,27329,11.265999999999622,273282411,0,100,0.0,10.0,200.0,186.0,7,0
2566431872,2,27330,11.265999999999622,273292411,0,100,0.0,10.0,200.0,186.0,7,0
2566431872,2,27331,11.265999999999622,273302411,0,100,0.0,10.0,200.0,186.0,7,0
2566431872,2,27332,11.265999999999622,273312411,0,100,0.0,10.0,200.0,186.0,7,0
2566431872,2,27333,11.265999999999622,273322411,0,100,0.0,10.0,200.0,186.0,7,0
2566431872,2,27334,11.265999999999622,273332411,0,100,0.0,10.0,200.0,186.0,7,0
2566431872,2,27335,11.265999999999622,273342411,0,100,0.0,10.0,200.0,186.0,7,0
2566431872,2,27336,11.844000000000051,273352411,0,100,0.0,10.0,200.0,186.0,7,0
2566431872,2,27337,11.844000000000051,273362411,0,100,0.0,10.0,200.0,186.0,7,0
2566431872,2,27338,11.844000000000051,273372411,0,100,0.0,10.0,200.0,186.0,7,0
2566431872,2,27339,11.844000000000051,273382411,0,100,0.0,10.0,200.0,186.0,7,0
2566431872,2,27340,11.844000000000051,273392411,0,100,0.0,10.0,200.0,186.0,7,0
2566431872,2,27341,11.844000000000051,273402411,0,100,0.0,10.0,200.0,186.0,7,0
2566431872,2,27342,11.844000000000051,273412411,0,100,0.0,10.0,200.0,186.0,7,0
2566431872,2,27343,11.844000000000051,273422411,0,100,0.0,10.0,200.0,186.0,7,0
2566431872,2,27344,11.844000000000051,273432411,0,100,0.0,10.0,200.0,186.0,7,0
2566431872,2,27345,11.844000000000051,273442411,0,100,0.0,10.0,200.0,186.0,7,0
2566431872,2,27346,11.844000000000051,273452411,0,100,0.0,10.0,200.0,186.0,7,0
2566431872,2,27347,11.844000000000051,273462411,0,100,0.0,10.0,200.0,186.0,7,0
2566431872,2,27348,11.844000000000051,273472411,0,100,0.0,10.0,200.0,186.0,7,0
2566431872,2,27349,11.844000000000051,273482411,0,100,0.0,10.0,200.0,186.0,7,0
2566431872,2,27350,11.844000000000051,273492411,0,100,0.0,10.0,200.0,186.0,7,0
2566431872,2,27351,11.844000000000051,273502411,0,100,0.0,10.0,200.0,186.0,7,0
2566431872,2,27352,11.844000000000051,273512411,0,100,0.0,10.0,200.0,186.0,7,0
2566431872,2,27353,11.844000000000051,273522411,0,100,0.0,10.0,200.0,186.0,7,0
2566431872,2,27354,11.844000000000051,273532411,0,100,0.0,10.0,200.0,186.0,7,0
2566431872,2,27355,11.844000000000051,273542411,0,100,0.0,10.0,200.0,186.0,7,0
2566431872,2,27356,11.844000000000051,273552411,0,100,0.0,10.0,200.0,186.0,7,0
2566431872,2,27357,11.844000000000051,273562411,0,100,0.0,10.0,200.0,186.0,7,0
2566431872,2,27358,11.844000000000051,273572411,0,100,0.0,10.0,200.0,186.0,7,0
2566431872,2,27359,11.844000000000051,273582411,0,100,0.0,10.0,200.0,186.0,7,0
2566431872,2,27360,11.844000000000051,273592411,0,100,0.0,10.0,200.0,186.0,7,0
2566431872,2,27361,11.844000000000051,273602411,0,100,0.0,10.0,200.0,186.0,7,0
2566431872,2,27362,11.844000000000051,273612411,0,100,0.0,10.0,200.0,186.0,7,0
2566431872,2,27363,11.844000000000051,273622411,0,100,0.0,10.0,200.0,186.0,7,0
2566431872,2,27364,11.844000000000051,273632411,0,100,0.0,10.0,200.0,186.0,7,0
2566431872,2,27365,11.844000000000051,273642411,0,100,0.0,10.0,200.0,186.0,7,0
2566431872,2,27366,11.844000000000051,273652411,0,100,0.0,10.0,200.0,186.0,7,0
2566431872,2,27367,11.844000000000051,273662411,0,100,0.0,10.0,200.0,186.0,7,0
2566431872,2,27368,11.844000000000051,273672411,0,100,0.0,10.0,200.0,186.0,7,0
2566431872,2,27369,11.844000000000051,273682411,0,100,0.0,10.0,200.0,186.0,7,0
2566431872,2,27370,11.844000000000051,273692411,0,100,0.0,10.0,200.0,186.0,7,0
2566431872,2,27371,11.844000000000051,273702411,0,100,0.0,10.0,200.0,186.0,7,0
2566431872,2,27372,11.844000000000051,273712411,0,100,0.0,10.0,200.0,186.0,7,0
2566431872,2,27373,11.844000000000051,273722411,0,100,0.0,10.0,200.0,186.0,7,0
2566431872,2,27374,11.844000000000051,273732411,0,100,0.0,10.0,200.0,186.0,7,0
2566431872,2,27375,11.844000000000051,273742411,0,100,0.0,10.0,200.0,186.0,7,0
2566431872,2,27376,11.844000000000051,273752411,0,100,0.0,10.0,200.0,186.0,7,0
2566431872,2,27377,11.844000000000051,273762411,0,100,0.0,10.0,200.0,186.0,7,0
2566431872,2,27378,11.844000000000051,273772411,0,100,0.0,10.0,200.0,186.0,7,0
2566431872,2,27379,11.844000000000051,273782411,0,100,0.0,10.0,200.0,186.0,7,0
2566431872,2,27380,11.844000000000051,273792411,0,100,0.0,10.0,200.0,186.0,7,0
2566431872,2,27381,11.844000000000051,273802411,0,100,0.0,10.0,200.0,186.0,7,0
2566431872,2,27382,11.844000000000051,273812411,0,100,0.0,10.0,200.0,186.0,7,0
2566431872,2,27383,11.844000000000051,273822411,0,100,0.0,10.0,200.0,186.0,7,0
2566431872,2,27384,11.844000000000051,273832411,0,100,0.0,10.0,200.0,186.0,7,0
2566431872,2,27385,11.844000000000051,273842411,0,100,0.0,10.0,200.0,186.0,7,0
2566431872,2,27386,11.844000000000051,273852411,0,100,0.0,10.0,200.0,186.0,7,0
2566431872,2,27387,11.844000000000051,273862411,0,100,0.0,10.0,200.0,186.0,7,0
2566431872,2,27388,11.844000000000051,273872411,0,100,0.0,10.0,200.0,186.0,7,0
2566431872,2,27389,11.844000000000051,273882411,0,100,0.0,10.0,200.0,186.0,7,0
2566431872,2,27390,11.844000000000051,273892411,0,100,0.0,10.0,200.0,186.0,7,0
2566431872,2,27391,11.844000000000051,273902411,0,100,0.0,10.0,200.0,186.0,7,0
2566431872,2,27392,12.390999999999622,273912411,0,100,0.0,10.0,200.0,186.0,7,0
2566431872,2,27393,12.390999999999622,273922411,0,100,0.0,10.0,200.0,186.0,7,0
2566431872,2,27394,12.390999999999622,273932411,0,100,0.0,10.0,200.0,186.0,7,0
2566431872,2,27395,12.390999999999622,273942411,0,100,0.0,10.0,200.0,186.0,7,0
2566431872,2,27396,12.390999999999622,273952411,0,100,0.0,10.0,200.0,186.0,7,0
2566431872,2,27397,12.390999999999622,273962411,0,100,0.0,10.0,200.0,186.0,7,0
2566431872,2,27398,12.390999999999622,273972411,0,100,0.0,10.0,200.0,186.0,7,0
2566431872,2,27399,12.390999999999622,273982411,0,100,0.0,10.0,200.0,186.0,7,0
2566431872,2,27400,12.390999999999622,273992411,0,100,0.0,10.0,200.0,186.0,7,0
2566431872,2,27401,12.390999999999622,274002411,0,100,0.0,10.0,200.0,186.0,7,0
2566431872,2,27402,12.390999999999622,274012411,0,100,0.0,10.0,200.0,186.0,7,0
2566431872,2,27403,12.390999999999622,274022411,0,100,0.0,10.0,200.0,186.0,7,0
2566431872,2,27404,12.390999999999622,274032411,0,100,0.0,10.0,200.0,186.0,7,0
2566431872,2,27405,12.390999999999622,274042412,0,100,0.0,10.0,200.0,186.0,7,0
2566431872,2,27406,12.390999999999622,274052411,0,100,0.0,10.0,200.0,186.0,7,0
2566431872,2,27407,12.390999999999622,274062411,0,100,0.0,10.0,200.0,186.0,7,0
2566431872,2,27408,12.390999999999622,274072411,0,100,0.0,10.0,200.0,186.0,7,0
2566431872,2,27409,12.390999999999622,274082411,0,100,0.0,10.0,200.0,186.0,7,0
2566431872,2,27410,12.390999999999622,274092411,0,100,0.0,10.0,200.0,186.0,7,0
2566431872,2,27411,12.390999999999622,274102411,0,100,0.0,10.0,200.0,186.0,7,0
2566431872,2,27412,12.390999999999622,274112411,0,100,0.0,10.0,200.0,186.0,7,0
2566431872,2,27413,12.390999999999622,274122411,0,100,0.0,10.0,200.0,186.0,7,0
2566431872,2,27414,12.390999999999622,274132411,0,100,0.0,10.0,200.0,186.0,7,0
2566431872,2,27415,12.390999999999622,274142411,0,100,0.0,10.0,200.0,186.0,7,0
2566431872,2,27416,12.390999999999622,274152411,0,100,0.0,10.0,200.0,186.0,7,0
2566431872,2,27417,12.390999999999622,274162411,0,100,0.0,10.0,200.0,186.0,7,0
2566431872,2,27418,12.390999999999622,274172411,0,100,0.0,10.0,200.0,186.0,7,0
2566431872,2,27419,12.390999999999622,274182411,0,100,0.0,10.0,200.0,186.0,7,0
2566431872,2,27420,12.390999999999622,274192411,0,100,0.0,10.0,200.0,186.0,7,0
2566431872,2,27421,12.390999999999622,274202411,0,100,0.0,10.0,200.0,186.0,7,0
2566431872,2,27422,12.390999999999622,274212411,0,100,0.0,10.0,200.0,186.0,7,0
2566431872,2,27423,12.390999999999622,274222411,0,100,0.0,10.0,200.0,186.0,7,0
2566431872,2,27424,12.390999999999622,274232411,0,100,0.0,10.0,200.0,186.0,7,0
2566431872,2,27425,12.390999999999622,274242411,0,100,0.0,10.0,200.0,186.0,7,0
2566431872,2,27426,12.390999999999622,274252411,0,100,0.0,10.0,200.0,186.0,7,0
2566431872,2,27427,12.390999999999622,274262411,0,100,0.0,10.0,200.0,186.0,7,0
2566431872,2,27428,12.390999999999622,274272411,0,100,0.0,10.0,200.0,186.0,7,0
2566431872,2,27429,12.390999999999622,274282411,0,100,0.0,10.0,200.0,186.0,7,0
2566431872,2,27430,12.390999999999622,274292411,0,100,0.0,10.0,200.0,186.0,7,0
2566431872,2,27431,12.390999999999622,274302411,0,100,0.0,10.0,200.0,186.0,7,0
2566431872,2,27432,12.390999999999622,274312411,0,100,0.0,10.0,200.0,186.0,7,0
2566431872,2,27433,12.390999999999622,274322411,0,100,0.0,10.0,200.0,186.0,7,0
2566431872,2,27434,12.390999999999622,274332411,0,100,0.0,10.0,200.0,186.0,7,0
2566431872,2,27435,12.390999999999622,274342411,0,100,0.0,10.0,200.0,186.0,7,0
2566431872,2,27436,12.390999999999622,274352411,0,100,0.0,10.0,200.0,186.0,7,0
2566431872,2,27437,12.390999999999622,274362411,0,100,0.0,10.0,200.0,186.0,7,0
2566431872,2,27438,12.390999999999622,274372411,0,100,0.0,10.0,200.0,186.0,7,0
2566431872,2,27439,12.390999999999622,274382411,0,100,0.0,10.0,200.0,186.0,7,0
2566431872,2,27440,12.390999999999622,274392411,0,100,0.0,10.0,200.0,186.0,7,0
2566431872,2,27441,12.390999999999622,274402411,0,100,0.0,10.0,200.0,186.0,7,0
2566431872,2,27442,12.390999999999622,274412411,0,100,0.0,10.0,200.0,186.0,7,0
2566431872,2,27443,12.390999999999622,274422411,0,100,0.0,10.0,200.0,186.0,7,0
2566431872,2,27444,12.390999999999622,274432411,0,100,0.0,10.0,200.0,186.0,7,0
2566431872,2,27445,12.390999999999622,274442411,0,100,0.0,10.0,200.0,186.0,7,0
2566431872,2,27446,12.390999999999622,274452411,0,100,0.0,10.0,200.0,186.0,7,0
2566431872,2,27447,12.390999999999622,274462411,0,100,0.0,10.0,200.0,186.0,7,0
2566431872,2,27448,12.95299999999952,274472411,0,100,0.0,10.0,200.0,186.0,7,0
2566431872,2,27449,12.95299999999952,274482411,0,100,0.0,10.0,200.0,186.0,7,0
2566431872,2,27450,12.95299999999952,274492411,0,100,0.0,10.0,200.0,186.0,7,0
2566431872,2,27451,12.95299999999952,274502411,0,100,0.0,10.0,200.0,186.0,7,0
2566431872,2,27452,12.95299999999952,274512411,0,100,0.0,10.0,200.0,186.0,7,0
2566431872,2,27453,12.95299999999952,274522411,0,100,0.0,10.0,200.0,186.0,7,0
2566431872,2,27454,12.95299999999952,274532411,0,100,0.0,10.0,200.0,186.0,7,0
2566431872,2,27455,12.95299999999952,274542411,0,100,0.0,10.0,200.0,186.0,7,0
2566431872,2,27456,12.95299999999952,274552411,0,100,0.0,10.0,200.0,186.0,7,0
2566431872,2,27457,12.95299999999952,274562411,0,100,0.0,10.0,200.0,186.0,7,0
2566431872,2,27458,12.95299999999952,274572411,0,100,0.0,10.0,200.0,186.0,7,0
2566431872,2,27459,12.95299999999952,274582411,0,100,0.0,10.0,200.0,186.0,7,0
2566431872,2,27460,12.95299999999952,274592411,0,100,0.0,10.0,200.0,186.0,7,0
2566431872,2,27461,12.95299999999952,274602411,0,100,0.0,10.0,200.0,186.0,7,0
2566431872,2,27462,12.95299999999952,274612411,0,100,0.0,10.0,200.0,186.0,7,0
2566431872,2,27463,12.95299999999952,274622411,0,100,0.0,10.0,200.0,186.0,7,0
2566431872,2,27464,12.95299999999952,274632411,0,100,0.0,10.0,200.0,186.0,7,0
2566431872,2,27465,12.95299999999952,274642411,0,100,0.0,10.0,200.0,186.0,7,0
2566431872,2,27466,12.95299999999952,274652411,0,100,0.0,10.0,200.0,186.0,7,0
2566431872,2,27467,12.95299999999952,274662411,0,100,0.0,10.0,200.0,186.0,7,0
2566431872,2,27468,12.95299999999952,274672411,0,100,0.0,10.0,200.0,186.0,7,0
2566431872,2,27469,12.95299999999952,274682411,0,100,0.0,10.0,200.0,186.0,7,0
2566431872,2,27470,12.95299999999952,274692411,0,100,0.0,10.0,200.0,186.0,7,0
2566431872,2,27471,12.95299999999952,274702411,0,100,0.0,10.0,200.0,186.0,7,0
2566431872,2,27472,12.95299999999952,274712411,0,100,0.0,10.0,200.0,186.0,7,0
2566431872,2,27473,12.95299999999952,274722411,0,100,0.0,10.0,200.0,186.0,7,0
2566431872,2,27474,12.95299999999952,274732411,0,100,0.0,10.0,200.0,186.0,7,0
2566431872,2,27475,12.95299999999952,274742411,0,100,0.0,10.0,200.0,186.0,7,0
2566431872,2,27476,12.95299999999952,274752411,0,100,0.0,10.0,200.0,186.0,7,0
2566431872,2,27477,12.95299999999952,274762411,0,100,0.0,10.0,200.0,186.0,7,0
2566431872,2,27478,12.95299999999952,274772411,0,100,0.0,10.0,200.0,186.0,7,0
2566431872,2,27479,12.95299999999952,274782411,0,100,0.0,10.0,200.0,186.0,7,0
2566431872,2,27480,12.95299999999952,274792411,0,100,0.0,10.0,200.0,186.0,7,0
2566431872,2,27481,12.95299999999952,274802411,0,100,0.0,10.0,200.0,186.0,7,0
2566431872,2,27482,12.95299999999952,274812411,0,100,0.0,10.0,200.0,186.0,7,0
2566431872,2,27483,12.95299999999952,274822411,0,100,0.0,10.0,200.0,186.0,7,0
2566431872,2,27484,12.95299999999952,274832411,0,100,0.0,10.0,200.0,186.0,7,0
2566431872,2,27485,12.95299999999952,274842411,0,100,0.0,10.0,200.0,186.0,7,0
2566431872,2,27486,12.95299999999952,274852411,0,100,0.0,10.0,200.0,186.0,7,0
2566431872,2,27487,12.95299999999952,274862411,0,100,0.0,10.0,200.0,186.0,7,0
2566431872,2,27488,12.95299999999952,274872411,0,100,0.0,10.0,200.0,186.0,7,0
2566431872,2,27489,12.95299999999952,274882411,0,100,0.0,10.0,200.0,186.0,7,0
2566431872,2,27490,12.95299999999952,274892411,0,100,0.0,10.0,200.0,186.0,7,0
2566431872,2,27491,12.95299999999952,274902411,0,100,0.0,10.0,200.0,186.0,7,0
2566431872,2,27492,12.95299999999952,274912411,0,100,0.0,10.0,200.0,186.0,7,0
2566431872,2,27493,12.95299999999952,274922411,0,100,0.0,10.0,200.0,186.0,7,0
2566431872,2,27494,12.95299999999952,274932411,0,100,0.0,10.0,200.0,186.0,7,0
2566431872,2,27495,12.95299999999952,274942411,0,100,0.0,10.0,200.0,186.0,7,0
2566431872,2,27496,12.95299999999952,274952411,0,100,0.0,10.0,200.0,186.0,7,0
2566431872,2,27497,12.95299999999952,274962411,0,100,0.0,10.0,200.0,186.0,7,0
2566431872,2,27498,12.95299999999952,274972411,0,100,0.0,10.0,200.0,186.0,7,0
2566431872,2,27499,12.95299999999952,274982411,0,100,0.0,10.0,200.0,186.0,7,0
2566431872,2,27500,12.95299999999952,274992411,0,100,0.0,10.0,200.0,186.0,7,0
2566431872,2,27501,12.95299999999952,275002411,0,100,0.0,10.0,200.0,186.0,7,0
2566431872,2,27502,12.95299999999952,275012411,0,100,0.0,10.0,200.0,186.0,7,0
2566431872,2,27503,12.95299999999952,275022411,0,100,0.0,10.0,200.0,186.0,7,0
2566431872,2,27504,13.5,275032411,0,100,0.0,10.0,200.0,186.0,7,0
2566431872,2,27505,13.5,275042411,0,100,0.0,10.0,200.0,186.0,7,0
2566431872,2,27506,13.5,275052411,0,100,0.0,10.0,200.0,186.0,7,0
2566431872,2,27507,13.5,275062411,0,100,0.0,10.0,200.0,186.0,7,0
2566431872,2,27508,13.5,275072411,0,100,0.0,10.0,200.0,186.0,7,0
2566431872,2,27509,13.5,275082411,0,100,0.0,10.0,200.0,186.0,7,0
2566431872,2,27510,13.5,275092411,0,100,0.0,10.0,200.0,186.0,7,0
2566431872,2,27511,13.5,275102411,0,100,0.0,10.0,200.0,186.0,7,0
2566431872,2,27512,13.5,275112411,0,100,0.0,10.0,200.0,186.0,7,0
2566431872,2,27513,13.5,275122411,0,100,0.0,10.0,200.0,186.0,7,0
2566431872,2,27514,13.5,275132411,0,100,0.0,10.0,200.0,186.0,7,0
2566431872,2,27515,13.5,275142411,0,100,0.0,10.0,200.0,186.0,7,0
2566431872,2,27516,13.5,275152411,0,100,0.0,10.0,200.0,186.0,7,0
2566431872,2,27517,13.5,275162411,0,100,0.0,10.0,200.0,186.0,7,0
2566431872,2,27518,13.5,275172411,0,100,0.0,10.0,200.0,186.0,7,0
2566431872,2,27519,13.5,275182411,0,100,0.0,10.0,200.0,186.0,7,0
2566431872,2,27520,13.5,275192411,0,100,0.0,10.0,200.0,186.0,7,0
2566431872,2,27521,13.5,275202411,0,100,0.0,10.0,200.0,186.0,7,0
2566431872,2,27522,13.5,275212411,0,100,0.0,10.0,200.0,186.0,7,0
2566431872,2,27523,13.5,275222411,0,100,0.0,10.0,200.0,186.0,7,0
2566431872,2,27524,13.5,275232411,0,100,0.0,10.0,200.0,186.0,7,0
2566431872,2,27525,13.5,275242411,0,100,0.0,10.0,200.0,186.0,7,0
2566431872,2,27526,13.5,275252411,0,100,0.0,10.0,200.0,186.0,7,0
2566431872,2,27527,13.5,275262411,0,100,0.0,10.0,200.0,186.0,7,0
2566431872,2,27528,13.5,275272411,0,100,0.0,10.0,200.0,186.0,7,0
2566431872,2,27529,13.5,275282411,0,100,0.0,10.0,200.0,186.0,7,0
2566431872,2,27530,13.5,275292412,0,100,0.0,10.0,200.0,186.0,7,0
2566431872,2,27531,13.5,275302411,0,100,0.0,10.0,200.0,186.0,7,0
2566431872,2,27532,13.5,275312411,0,100,0.0,10.0,200.0,186.0,7,0
2566431872,2,27533,13.5,275322411,0,100,0.0,10.0,200.0,186.0,7,0
2566431872,2,27534,13.5,275332411,0,100,0.0,10.0,200.0,186.0,7,0
2566431872,2,27535,13.5,275342411,0,100,0.0,10.0,200.0,186.0,7,0
2566431872,2,27536,13.5,275352411,0,100,0.0,10.0,200.0,186.0,7,0
2566431872,2,27537,13.5,275362411,0,100,0.0,10.0,200.0,186.0,7,0
2566431872,2,27538,13.5,275372411,0,100,0.0,10.0,200.0,186.0,7,0
2566431872,2,27539,13.5,275382411,0,100,0.0,10.0,200.0,186.0,7,0
2566431872,2,27540,13.5,275392411,0,100,0.0,10.0,200.0,186.0,7,0
2566431872,2,27541,13.5,275402411,0,100,0.0,10.0,200.0,186.0,7,0
2566431872,2,27542,13.5,275412411,0,100,0.0,10.0,200.0,186.0,7,0
2566431872,2,27543,13.5,275422411,0,100,0.0,10.0,200.0,186.0,7,0
2566431872,2,27544,13.5,275432411,0,100,0.0,10.0,200.0,186.0,7,0
2566431872,2,27545,13.5,275442411,0,100,0.0,10.0,200.0,186.0,7,0
2566431872,2,27546,13.5,275452411,0,100,0.0,10.0,200.0,186.0,7,0
2566431872,2,27547,13.5,275462411,0,100,0.0,10.0,200.0,186.0,7,0
2566431872,2,27548,13.5,275472411,0,100,0.0,10.0,200.0,186.0,7,0
2566431872,2,27549,13.5,275482411,0,100,0.0,10.0,200.0,186.0,7,0
2566431872,2,27550,13.5,275492411,0,100,0.0,10.0,200.0,186.0,7,0
2566431872,2,27551,13.5,275502411,0,100,0.0,10.0,200.0,186.0,7,0
2566431872,2,27552,13.5,275512411,0,100,0.0,10.0,200.0,186.0,7,0
2566431872,2,27553,13.5,275522411,0,100,0.0,10.0,200.0,186.0,7,0
2566431872,2,27554,13.5,275532411,0,100,0.0,10.0,200.0,186.0,7,0
2566431872,2,27555,13.5,275542411,0,100,0.0,10.0,200.0,186.0,7,0
2566431872,2,27556,13.5,275552411,0,100,0.0,10.0,200.0,186.0,7,0
2566431872,2,27557,13.5,275562411,0,100,0.0,10.0,200.0,186.0,7,0
2566431872,2,27558,13.5,275572411,0,100,0.0,10.0,200.0,186.0,7,0
2566431872,2,27559,13.5,275582411,0,100,0.0,10.0,200.0,186.0,7,0
2566431872,2,27560,14.07799999999952,275592411,0,100,0.0,10.0,200.0,186.0,7,0
2566431872,2,27561,14.07799999999952,275602411,0,100,0.0,10.0,200.0,186.0,7,0
2566431872,2,27562,14.07799999999952,275612411,0,100,0.0,10.0,200.0,186.0,7,0
2566431872,2,27563,14.07799999999952,275622411,0,100,0.0,10.0,200.0,186.0,7,0
2566431872,2,27564,14.07799999999952,275632411,0,100,0.0,10.0,200.0,186.0,7,0
2566431872,2,27565,14.07799999999952,275642411,0,100,0.0,10.0,200.0,186.0,7,0
2566431872,2,27566,14.07799999999952,275652411,0,100,0.0,10.0,200.0,186.0,7,0
2566431872,2,27567,14.07799999999952,275662411,0,100,0.0,10.0,200.0,186.0,7,0
2566431872,2,27568,14.07799999999952,275672411,0,100,0.0,10.0,200.0,186.0,7,0
2566431872,2,27569,14.07799999999952,275682411,0,100,0.0,10.0,200.0,186.0,7,0
2566431872,2,27570,14.07799999999952,275692411,0,100,0.0,10.0,200.0,186.0,7,0
2566431872,2,27571,14.07799999999952,275702411,0,100,0.0,10.0,200.0,186.0,7,0
2566431872,2,27572,14.07799999999952,275712411,0,100,0.0,10.0,200.0,186.0,7,0
2566431872,2,27573,14.07799999999952,275722411,0,100,0.0,10.0,200.0,186.0,7,0
2566431872,2,27574,14.07799999999952,275732411,0,100,0.0,10.0,200.0,186.0,7,0
2566431872,2,27575,14.07799999999952,275742411,0,100,0.0,10.0,200.0,186.0,7,0
2566431872,2,27576,14.07799999999952,275752411,0,100,0.0,10.0,200.0,186.0,7,0
2566431872,2,27577,14.07799999999952,275762411,0,100,0.0,10.0,200.0,186.0,7,0
2566431872,2,27578,14.07799999999952,275772411,0,100,0.0,10.0,200.0,186.0,7,0
2566431872,2,27579,14.07799999999952,275782411,0,100,0.0,10.0,200.0,186.0,7,0
2566431872,2,27580,14.07799999999952,275792411,0,100,0.0,10.0,200.0,186.0,7,0
2566431872,2,27581,14.07799999999952,275802411,0,100,0.0,10.0,200.0,186.0,7,0
2566431872,2,27582,14.07799999999952,275812411,0,100,0.0,10.0,200.0,186.0,7,0
2566431872,2,27583,14.07799999999952,275822411,0,100,0.0,10.0,200.0,186.0,7,0
2566431872,2,27584,14.07799999999952,275832411,0,100,0.0,10.0,200.0,186.0,7,0
2566431872,2,27585,14.07799999999952,275842411,0,100,0.0,10.0,200.0,186.0,7,0
2566431872,2,27586,14.07799999999952,275852411,0,100,0.0,10.0,200.0,186.0,7,0
2566431872,2,27587,14.07799999999952,275862412,0,100,0.0,10.0,200.0,186.0,7,0
2566431872,2,27588,14.07799999999952,275872411,0,100,0.0,10.0,200.0,186.0,7,0
2566431872,2,27589,14.07799999999952,275882411,0,100,0.0,10.0,200.0,186.0,7,0
2566431872,2,27590,14.07799999999952,275892411,0,100,0.0,10.0,200.0,186.0,7,0
2566431872,2,27591,14.07799999999952,275902411,0,100,0.0,10.0,200.0,186.0,7,0
2566431872,2,27592,14.07799999999952,275912411,0,100,0.0,10.0,200.0,186.0,7,0
2566431872,2,27593,14.07799999999952,275922411,0,100,0.0,10.0,200.0,186.0,7,0
2566431872,2,27594,14.07799999999952,275932411,0,100,0.0,10.0,200.0,186.0,7,0
2566431872,2,27595,14.07799999999952,275942411,0,100,0.0,10.0,200.0,186.0,7,0
2566431872,2,27596,14.07799999999952,275952411,0,100,0.0,10.0,200.0,186.0,7,0
2566431872,2,27597,14.07799999999952,275962411,0,100,0.0,10.0,200.0,186.0,7,0
2566431872,2,27598,14.07799999999952,275972411,0,100,0.0,10.0,200.0,186.0,7,0
2566431872,2,27599,14.07799999999952,275982411,0,100,0.0,10.0,200.0,186.0,7,0
2566431872,2,27600,14.07799999999952,275992411,0,100,0.0,10.0,200.0,186.0,7,0
2566431872,2,27601,14.07799999999952,276002411,0,100,0.0,10.0,200.0,186.0,7,0
2566431872,2,27602,14.07799999999952,276012411,0,100,0.0,10.0,200.0,186.0,7,0
2566431872,2,27603,14.07799999999952,276022411,0,100,0.0,10.0,200.0,186.0,7,0
2566431872,2,27604,14.07799999999952,276032411,0,100,0.0,10.0,200.0,186.0,7,0
2566431872,2,27605,14.07799999999952,276042411,0,100,0.0,10.0,200.0,186.0,7,0
2566431872,2,27606,14.07799999999952,276052411,0,100,0.0,10.0,200.0,186.0,7,0
2566431872,2,27607,14.07799999999952,276062411,0,100,0.0,10.0,200.0,186.0,7,0
2566431872,2,27608,14.07799999999952,276072411,0,100,0.0,10.0,200.0,186.0,7,0
2566431872,2,27609,14.07799999999952,276082411,0,100,0.0,10.0,200.0,186.0,7,0
2566431872,2,27610,14.07799999999952,276092411,0,100,0.0,10.0,200.0,186.0,7,0
2566431872,2,27611,14.07799999999952,276102411,0,100,0.0,10.0,200.0,186.0,7,0
2566431872,2,27612,14.07799999999952,276112411,0,100,0.0,10.0,200.0,186.0,7,0
2566431872,2,27613,14.07799999999952,276122411,0,100,0.0,10.0,200.0,186.0,7,0
2566431872,2,27614,14.07799999999952,276132411,0,100,0.0,10.0,200.0,186.0,7,0
2566431872,2,27615,14.07799999999952,276142411,0,100,0.0,10.0,200.0,186.0,7,0
2566431872,2,27616,14.640999999999622,276152411,0,100,0.0,10.0,200.0,186.0,7,0
2566431872,2,27617,14.640999999999622,276162411,0,100,0.0,10.0,200.0,186.0,7,0
2566431872,2,27618,14.640999999999622,276172411,0,100,0.0,10.0,200.0,186.0,7,0
2566431872,2,27619,14.640999999999622,276182411,0,100,0.0,10.0,200.0,186.0,7,0
2566431872,2,27620,14.640999999999622,276192411,0,100,0.0,10.0,200.0,186.0,7,0
2566431872,2,27621,14.640999999999622,276202411,0,100,0.0,10.0,200.0,186.0,7,0
2566431872,2,27622,14.640999999999622,276212411,0,100,0.0,10.0,200.0,186.0,7,0
2566431872,2,27623,14.640999999999622,276222411,0,100,0.0,10.0,200.0,186.0,7,0
2566431872,2,27624,14.640999999999622,276232411,0,100,0.0,10.0,200.0,186.0,7,0
2566431872,2,27625,14.640999999999622,276242411,0,100,0.0,10.0,200.0,186.0,7,0
2566431872,2,27626,14.640999999999622,276252411,0,100,0.0,10.0,200.0,186.0,7,0
2566431872,2,27627,14.640999999999622,276262411,0,100,0.0,10.0,200.0,186.0,7,0
2566431872,2,27628,14.640999999999622,276272411,0,100,0.0,10.0,200.0,186.0,7,0
2566431872,2,27629,14.640999999999622,276282411,0,100,0.0,10.0,200.0,186.0,7,0
2566431872,2,27630,14.640999999999622,276292411,0,100,0.0,10.0,200.0,186.0,7,0
2566431872,2,27631,14.640999999999622,276302411,0,100,0.0,10.0,200.0,186.0,7,0
2566431872,2,27632,14.640999999999622,276312411,0,100,0.0,10.0,200.0,186.0,7,0
2566431872,2,27633,14.640999999999622,276322411,0,100,0.0,10.0,200.0,186.0,7,0
2566431872,2,27634,14.640999999999622,276332411,0,100,0.0,10.0,200.0,186.0,7,0
2566431872,2,27635,14.640999999999622,276342411,0,100,0.0,10.0,200.0,186.0,7,0
2566431872,2,27636,14.640999999999622,276352411,0,100,0.0,10.0,200.0,186.0,7,0
2566431872,2,27637,14.640999999999622,276362411,0,100,0.0,10.0,200.0,186.0,7,0
2566431872,2,27638,14.640999999999622,276372411,0,100,0.0,10.0,200.0,186.0,7,0
2566431872,2,27639,14.640999999999622,276382411,0,100,0.0,10.0,200.0,186.0,7,0
2566431872,2,27640,14.640999999999622,276392412,0,100,0.0,10.0,200.0,186.0,7,0
2566431872,2,27641,14.640999999999622,276402411,0,100,0.0,10.0,200.0,186.0,7,0
2566431872,2,27642,14.640999999999622,276412411,0,100,0.0,10.0,200.0,186.0,7,0
2566431872,2,27643,14.640999999999622,276422411,0,100,0.0,10.0,200.0,186.0,7,0
2566431872,2,27644,14.640999999999622,276432411,0,100,0.0,10.0,200.0,186.0,7,0
2566431872,2,27645,14.640999999999622,276442411,0,100,0.0,10.0,200.0,186.0,7,0
2566431872,2,27646,14.640999999999622,276452411,0,100,0.0,10.0,200.0,186.0,7,0
2566431872,2,27647,14.640999999999622,276462411,0,100,0.0,10.0,200.0,186.0,7,0
2566431872,2,27648,14.640999999999622,276472411,0,100,0.0,10.0,200.0,186.0,7,0
2566431872,2,27649,14.640999999999622,276482411,0,100,0.0,10.0,200.0,186.0,7,0
2566431872,2,27650,14.640999999999622,276492411,0,100,0.0,10.0,200.0,186.0,7,0
2566431872,2,27651,14.640999999999622,276502411,0,100,0.0,10.0,200.0,186.0,7,0
2566431872,2,27652,14.640999999999622,276512411,0,100,0.0,10.0,200.0,186.0,7,0
2566431872,2,27653,14.640999999999622,276522411,0,100,0.0,10.0,200.0,186.0,7,0
2566431872,2,27654,14.640999999999622,276532411,0,100,0.0,10.0,200.0,186.0,7,0
2566431872,2,27655,14.640999999999622,276542411,0,100,0.0,10.0,200.0,186.0,7,0
2566431872,2,27656,14.640999999999622,276552411,0,100,0.0,10.0,200.0,186.0,7,0
2566431872,2,27657,14.640999999999622,276562411,0,100,0.0,10.0,200.0,186.0,7,0
2566431872,2,27658,14.640999999999622,276572411,0,100,0.0,10.0,200.0,186.0,7,0
2566431872,2,27659,14.640999999999622,276582411,0,100,0.0,10.0,200.0,186.0,7,0
2566431872,2,27660,14.640999999999622,276592411,0,100,0.0,10.0,200.0,186.0,7,0
2566431872,2,27661,14.640999999999622,276602411,0,100,0.0,10.0,200.0,186.0,7,0
2566431872,2,27662,14.640999999999622,276612411,0,100,0.0,10.0,200.0,186.0,7,0
2566431872,2,27663,14.640999999999622,276622411,0,100,0.0,10.0,200.0,186.0,7,0
2566431872,2,27664,14.640999999999622,276632411,0,100,0.0,10.0,200.0,186.0,7,0
2566431872,2,27665,14.640999999999622,276642411,0,100,0.0,10.0,200.0,186.0,7,0
2566431872,2,27666,14.640999999999622,276652411,0,100,0.0,10.0,200.0,186.0,7,0
2566431872,2,27667,14.640999999999622,276662411,0,100,0.0,10.0,200.0,186.0,7,0
2566431872,2,27668,14.640999999999622,276672411,0,100,0.0,10.0,200.0,186.0,7,0
2566431872,2,27669,14.640999999999622,276682411,0,100,0.0,10.0,200.0,186.0,7,0
2566431872,2,27670,14.640999999999622,276692411,0,100,0.0,10.0,200.0,186.0,7,0
2566431872,2,27671,14.640999999999622,276702411,0,100,0.0,10.0,200.0,186.0,7,0
2566431872,2,27672,15.20299999999952,276712411,0,100,0.0,10.0,200.0,186.0,7,0
2566431872,2,27673,15.20299999999952,276722411,0,100,0.0,10.0,200.0,186.0,7,0
2566431872,2,27674,15.20299999999952,276732411,0,100,0.0,10.0,200.0,186.0,7,0
2566431872,2,27675,15.20299999999952,276742411,0,100,0.0,10.0,200.0,186.0,7,0
2566431872,2,27676,15.20299999999952,276752411,0,100,0.0,10.0,200.0,186.0,7,0
2566431872,2,27677,15.20299999999952,276762411,0,100,0.0,10.0,200.0,186.0,7,0
2566431872,2,27678,15.20299999999952,276772411,0,100,0.0,10.0,200.0,186.0,7,0
2566431872,2,27679,15.20299999999952,276782411,0,100,0.0,10.0,200.0,186.0,7,0
2566431872,2,27680,15.20299999999952,276792411,0,100,0.0,10.0,200.0,186.0,7,0
2566431872,2,27681,15.20299999999952,276802411,0,100,0.0,10.0,200.0,186.0,7,0
2566431872,2,27682,15.20299999999952,276812411,0,100,0.0,10.0,200.0,186.0,7,0
2566431872,2,27683,15.20299999999952,276822411,0,100,0.0,10.0,200.0,186.0,7,0
2566431872,2,27684,15.20299999999952,276832411,0,100,0.0,10.0,200.0,186.0,7,0
2566431872,2,27685,15.20299999999952,276842411,0,100,0.0,10.0,200.0,186.0,7,0
2566431872,2,27686,15.20299999999952,276852411,0,100,0.0,10.0,200.0,186.0,7,0
2566431872,2,27687,15.20299999999952,276862411,0,100,0.0,10.0,200.0,186.0,7,0
2566431872,2,27688,15.20299999999952,276872411,0,100,0.0,10.0,200.0,186.0,7,0
2566431872,2,27689,15.20299999999952,276882411,0,100,0.0,10.0,200.0,186.0,7,0
2566431872,2,27690,15.20299999999952,276892411,0,100,0.0,10.0,200.0,186.0,7,0
2566431872,2,27691,15.20299999999952,276902411,0,100,0.0,10.0,200.0,186.0,7,0
2566431872,2,27692,15.20299999999952,276912411,0,100,0.0,10.0,200.0,186.0,7,0
2566431872,2,27693,15.20299999999952,276922411,0,100,0.0,10.0,200.0,186.0,7,0
2566431872,2,27694,15.20299999999952,276932411,0,100,0.0,10.0,200.0,186.0,7,0
2566431872,2,27695,15.20299999999952,276942411,0,100,0.0,10.0,200.0,186.0,7,0
2566431872,2,27696,15.20299999999952,276952411,0,100,0.0,10.0,200.0,186.0,7,0
2566431872,2,27697,15.20299999999952,276962411,0,100,0.0,10.0,200.0,186.0,7,0
2566431872,2,27698,15.20299999999952,276972411,0,100,0.0,10.0,200.0,186.0,7,0
2566431872,2,27699,15.20299999999952,276982411,0,100,0.0,10.0,200.0,186.0,7,0
2566431872,2,27700,15.20299999999952,276992411,0,100,0.0,10.0,200.0,186.0,7,0
2566431872,2,27701,15.20299999999952,277002411,0,100,0.0,10.0,200.0,186.0,7,0
2566431872,2,27702,15.20299999999952,277012411,0,100,0.0,10.0,200.0,186.0,7,0
2566431872,2,27703,15.20299999999952,277022411,0,100,0.0,10.0,200.0,186.0,7,0
2566431872,2,27704,15.20299999999952,277032411,0,100,0.0,10.0,200.0,186.0,7,0
2566431872,2,27705,15.20299999999952,277042411,0,100,0.0,10.0,200.0,186.0,7,0
2566431872,2,27706,15.20299999999952,277052411,0,100,0.0,10.0,200.0,186.0,7,0
2566431872,2,27707,15.20299999999952,277062411,0,100,0.0,10.0,200.0,186.0,7,0
2566431872,2,27708,15.20299999999952,277072411,0,100,0.0,10.0,200.0,186.0,7,0
2566431872,2,27709,15.20299999999952,277082411,0,100,0.0,10.0,200.0,186.0,7,0
2566431872,2,27710,15.20299999999952,277092411,0,100,0.0,10.0,200.0,186.0,7,0
2566431872,2,27711,15.20299999999952,277102411,0,100,0.0,10.0,200.0,186.0,7,0
2566431872,2,27712,15.20299999999952,277112411,0,100,0.0,10.0,200.0,186.0,7,0
2566431872,2,27713,15.20299999999952,277122411,0,100,0.0,10.0,200.0,186.0,7,0
2566431872,2,27714,15.20299999999952,277132411,0,100,0.0,10.0,200.0,186.0,7,0
2566431872,2,27715,15.20299999999952,277142411,0,100,0.0,10.0,200.0,186.0,7,0
2566431872,2,27716,15.20299999999952,277152412,0,100,0.0,10.0,200.0,186.0,7,0
2566431872,2,27717,15.20299999999952,277162411,0,100,0.0,10.0,200.0,186.0,7,0
2566431872,2,27718,15.20299999999952,277172411,0,100,0.0,10.0,200.0,186.0,7,0
2566431872,2,27719,15.20299999999952,277182411,0,100,0.0,10.0,200.0,186.0,7,0
2566431872,2,27720,15.20299999999952,277192411,0,100,0.0,10.0,200.0,186.0,7,0
2566431872,2,27721,15.20299999999952,277202411,0,100,0.0,10.0,200.0,186.0,7,0
2566431872,2,27722,15.20299999999952,277212411,0,100,0.0,10.0,200.0,186.0,7,0
2566431872,2,27723,15.20299999999952,277222411,0,100,0.0,10.0,200.0,186.0,7,0
2566431872,2,27724,15.20299999999952,277232411,0,100,0.0,10.0,200.0,186.0,7,0
2566431872,2,27725,15.20299999999952,277242411,0,100,0.0,10.0,200.0,186.0,7,0
2566431872,2,27726,15.20299999999952,277252411,0,100,0.0,10.0,200.0,186.0,7,0
2566431872,2,27727,15.20299999999952,277262411,0,100,0.0,10.0,200.0,186.0,7,0
2566431872,2,27728,15.765999999999622,277272411,0,100,0.0,10.0,200.0,186.0,7,0
2566431872,2,27729,15.765999999999622,277282411,0,100,0.0,10.0,200.0,186.0,7,0
2566431872,2,27730,15.765999999999622,277292411,0,100,0.0,10.0,200.0,186.0,7,0
2566431872,2,27731,15.765999999999622,277302411,0,100,0.0,10.0,200.0,186.0,7,0
2566431872,2,27732,15.765999999999622,277312411,0,100,0.0,10.0,200.0,186.0,7,0
2566431872,2,27733,15.765999999999622,277322411,0,100,0.0,10.0,200.0,186.0,7,0
2566431872,2,27734,15.765999999999622,277332411,0,100,0.0,10.0,200.0,186.0,7,0
2566431872,2,27735,15.765999999999622,277342411,0,100,0.0,10.0,200.0,186.0,7,0
2566431872,2,27736,15.765999999999622,277352411,0,100,0.0,10.0,200.0,186.0,7,0
2566431872,2,27737,15.765999999999622,277362411,0,100,0.0,10.0,200.0,186.0,7,0
2566431872,2,27738,15.765999999999622,277372411,0,100,0.0,10.0,200.0,186.0,7,0
2566431872,2,27739,15.765999999999622,277382411,0,100,0.0,10.0,200.0,186.0,7,0
2566431872,2,27740,15.765999999999622,277392411,0,100,0.0,10.0,200.0,186.0,7,0
2566431872,2,27741,15.765999999999622,277402411,0,100,0.0,10.0,200.0,186.0,7,0
2566431872,2,27742,15.765999999999622,277412411,0,100,0.0,10.0,200.0,186.0,7,0
2566431872,2,27743,15.765999999999622,277422411,0,100,0.0,10.0,200.0,186.0,7,0
2566431872,2,27744,15.765999999999622,277432411,0,100,0.0,10.0,200.0,186.0,7,0
2566431872,2,27745,15.765999999999622,277442411,0,100,0.0,10.0,200.0,186.0,7,0
2566431872,2,27746,15.765999999999622,277452411,0,100,0.0,10.0,200.0,186.0,7,0
2566431872,2,27747,15.765999999999622,277462411,0,100,0.0,10.0,200.0,186.0,7,0
2566431872,2,27748,15.765999999999622,277472411,0,100,0.0,10.0,200.0,186.0,7,0
2566431872,2,27749,15.765999999999622,277482411,0,100,0.0,10.0,200.0,186.0,7,0
2566431872,2,27750,15.765999999999622,277492411,0,100,0.0,10.0,200.0,186.0,7,0
2566431872,2,27751,15.765999999999622,277502411,0,100,0.0,10.0,200.0,186.0,7,0
2566431872,2,27752,15.765999999999622,277512411,0,100,0.0,10.0,200.0,186.0,7,0
2566431872,2,27753,15.765999999999622,277522411,0,100,0.0,10.0,200.0,186.0,7,0
2566431872,2,27754,15.765999999999622,277532412,0,100,0.0,10.0,200.0,186.0,7,0
2566431872,2,27755,15.765999999999622,277542411,0,100,0.0,10.0,200.0,186.0,7,0
2566431872,2,27756,15.765999999999622,277552411,0,100,0.0,10.0,200.0,186.0,7,0
2566431872,2,27757,15.765999999999622,277562411,0,100,0.0,10.0,200.0,186.0,7,0
2566431872,2,27758,15.765999999999622,277572411,0,100,0.0,10.0,200.0,186.0,7,0
2566431872,2,27759,15.765999999999622,277582411,0,100,0.0,10.0,200.0,186.0,7,0
2566431872,2,27760,15.765999999999622,277592411,0,100,0.0,10.0,200.0,186.0,7,0
2566431872,2,27761,15.765999999999622,277602411,0,100,0.0,10.0,200.0,186.0,7,0
2566431872,2,27762,15.765999999999622,277612411,0,100,0.0,10.0,200.0,186.0,7,0
2566431872,2,27763,15.765999999999622,277622411,0,100,0.0,10.0,200.0,186.0,7,0
2566431872,2,27764,15.765999999999622,277632411,0,100,0.0,10.0,200.0,186.0,7,0
2566431872,2,27765,15.765999999999622,277642411,0,100,0.0,10.0,200.0,186.0,7,0
2566431872,2,27766,15.765999999999622,277652411,0,100,0.0,10.0,200.0,186.0,7,0
2566431872,2,27767,15.765999999999622,277662411,0,100,0.0,10.0,200.0,186.0,7,0
2566431872,2,27768,15.765999999999622,277672411,0,100,0.0,10.0,200.0,186.0,7,0
2566431872,2,27769,15.765999999999622,277682411,0,100,0.0,10.0,200.0,186.0,7,0
2566431872,2,27770,15.765999999999622,277692411,0,100,0.0,10.0,200.0,186.0,7,0
2566431872,2,27771,15.765999999999622,277702411,0,100,0.0,10.0,200.0,186.0,7,0
2566431872,2,27772,15.765999999999622,277712411,0,100,0.0,10.0,200.0,186.0,7,0
2566431872,2,27773,15.765999999999622,277722411,0,100,0.0,10.0,200.0,186.0,7,0
2566431872,2,27774,15.765999999999622,277732411,0,100,0.0,10.0,200.0,186.0,7,0
2566431872,2,27775,15.765999999999622,277742411,0,100,0.0,10.0,200.0,186.0,7,0
2566431872,2,27776,15.765999999999622,277752411,0,100,0.0,10.0,200.0,186.0,7,0
2566431872,2,27777,15.765999999999622,277762411,0,100,0.0,10.0,200.0,186.0,7,0
2566431872,2,27778,15.765999999999622,277772411,0,100,0.0,10.0,200.0,186.0,7,0
2566431872,2,27779,15.765999999999622,277782411,0,100,0.0,10.0,200.0,186.0,7,0
2566431872,2,27780,15.765999999999622,277792411,0,100,0.0,10.0,200.0,186.0,7,0
2566431872,2,27781,15.765999999999622,277802411,0,100,0.0,10.0,200.0,186.0,7,0
2566431872,2,27782,15.765999999999622,277812411,0,100,0.0,10.0,200.0,186.0,7,0
2566431872,2,27783,15.765999999999622,277822411,0,100,0.0,10.0,200.0,186.0,7,0
2566431872,2,27784,16.29699999999957,277832411,0,100,0.0,10.0,200.0,186.0,7,0
2566431872,2,27785,16.29699999999957,277842411,0,100,0.0,10.0,200.0,186.0,7,0
2566431872,2,27786,16.29699999999957,277852411,0,100,0.0,10.0,200.0,186.0,7,0
2566431872,2,27787,16.29699999999957,277862411,0,100,0.0,10.0,200.0,186.0,7,0
2566431872,2,27788,16.29699999999957,277872411,0,100,0.0,10.0,200.0,186.0,7,0
2566431872,2,27789,16.29699999999957,277882411,0,100,0.0,10.0,200.0,186.0,7,0
2566431872,2,27790,16.29699999999957,277892411,0,100,0.0,10.0,200.0,186.0,7,0
2566431872,2,27791,16.29699999999957,277902411,0,100,0.0,10.0,200.0,186.0,7,0
2566431872,2,27792,16.29699999999957,277912411,0,100,0.0,10.0,200.0,186.0,7,0
2566431872,2,27793,16.29699999999957,277922411,0,100,0.0,10.0,200.0,186.0,7,0
2566431872,2,27794,16.29699999999957,277932411,0,100,0.0,10.0,200.0,186.0,7,0
2566431872,2,27795,16.29699999999957,277942411,0,100,0.0,10.0,200.0,186.0,7,0
2566431872,2,27796,16.29699999999957,277952411,0,100,0.0,10.0,200.0,186.0,7,0
2566431872,2,27797,16.29699999999957,277962411,0,100,0.0,10.0,200.0,186.0,7,0
2566431872,2,27798,16.29699999999957,277972411,0,100,0.0,10.0,200.0,186.0,7,0
2566431872,2,27799,16.29699999999957,277982411,0,100,0.0,10.0,200.0,186.0,7,0
2566431872,2,27800,16.29699999999957,277992411,0,100,0.0,10.0,200.0,186.0,7,0
2566431872,2,27801,16.29699999999957,278002411,0,100,0.0,10.0,200.0,186.0,7,0
2566431872,2,27802,16.29699999999957,278012411,0,100,0.0,10.0,200.0,186.0,7,0
2566431872,2,27803,16.29699999999957,278022411,0,100,0.0,10.0,200.0,186.0,7,0
2566431872,2,27804,16.29699999999957,278032411,0,100,0.0,10.0,200.0,186.0,7,0
2566431872,2,27805,16.29699999999957,278042411,0,100,0.0,10.0,200.0,186.0,7,0
2566431872,2,27806,16.29699999999957,278052411,0,100,0.0,10.0,200.0,186.0,7,0
2566431872,2,27807,16.29699999999957,278062411,0,100,0.0,10.0,200.0,186.0,7,0
2566431872,2,27808,16.29699999999957,278072411,0,100,0.0,10.0,200.0,186.0,7,0
2566431872,2,27809,16.29699999999957,278082411,0,100,0.0,10.0,200.0,186.0,7,0
2566431872,2,27810,16.29699999999957,278092411,0,100,0.0,10.0,200.0,186.0,7,0
2566431872,2,27811,16.29699999999957,278102411,0,100,0.0,10.0,200.0,186.0,7,0
2566431872,2,27812,16.29699999999957,278112411,0,100,0.0,10.0,200.0,186.0,7,0
2566431872,2,27813,16.29699999999957,278122411,0,100,0.0,10.0,200.0,186.0,7,0
2566431872,2,27814,16.29699999999957,278132411,0,100,0.0,10.0,200.0,186.0,7,0
2566431872,2,27815,16.29699999999957,278142411,0,100,0.0,10.0,200.0,186.0,7,0
2566431872,2,27816,16.29699999999957,278152411,0,100,0.0,10.0,200.0,186.0,7,0
2566431872,2,27817,16.29699999999957,278162411,0,100,0.0,10.0,200.0,186.0,7,0
2566431872,2,27818,16.29699999999957,278172411,0,100,0.0,10.0,200.0,186.0,7,0
2566431872,2,27819,16.29699999999957,278182411,0,100,0.0,10.0,200.0,186.0,7,0
2566431872,2,27820,16.29699999999957,278192411,0,100,0.0,10.0,200.0,186.0,7,0
2566431872,2,27821,16.29699999999957,278202411,0,100,0.0,10.0,200.0,186.0,7,0
2566431872,2,27822,16.29699999999957,278212411,0,100,0.0,10.0,200.0,186.0,7,0
2566431872,2,27823,16.29699999999957,278222411,0,100,0.0,10.0,200.0,186.0,7,0
2566431872,2,27824,16.29699999999957,278232411,0,100,0.0,10.0,200.0,186.0,7,0
2566431872,2,27825,16.29699999999957,278242411,0,100,0.0,10.0,200.0,186.0,7,0
2566431872,2,27826,16.29699999999957,278252411,0,100,0.0,10.0,200.0,186.0,7,0
2566431872,2,27827,16.29699999999957,278262411,0,100,0.0,10.0,200.0,186.0,7,0
2566431872,2,27828,16.29699999999957,278272411,0,100,0.0,10.0,200.0,186.0,7,0
2566431872,2,27829,16.29699999999957,278282411,0,100,0.0,10.0,200.0,186.0,7,0
2566431872,2,27830,16.29699999999957,278292411,0,100,0.0,10.0,200.0,186.0,7,0
2566431872,2,27831,16.29699999999957,278302411,0,100,0.0,10.0,200.0,186.0,7,0
2566431872,2,27832,16.29699999999957,278312411,0,100,0.0,10.0,200.0,186.0,7,0
2566431872,2,27833,16.29699999999957,278322411,0,100,0.0,10.0,200.0,186.0,7,0
2566431872,2,27834,16.29699999999957,278332411,0,100,0.0,10.0,200.0,186.0,7,0
2566431872,2,27835,16.29699999999957,278342411,0,100,0.0,10.0,200.0,186.0,7,0
2566431872,2,27836,16.29699999999957,278352411,0,100,0.0,10.0,200.0,186.0,7,0
2566431872,2,27837,16.29699999999957,278362411,0,100,0.0,10.0,200.0,186.0,7,0
2566431872,2,27838,16.29699999999957,278372411,0,100,0.0,10.0,200.0,186.0,7,0
2566431872,2,27839,16.29699999999957,278382411,0,100,0.0,10.0,200.0,186.0,7,0
2566431872,2,27840,16.875,278392411,0,100,0.0,10.0,200.0,186.0,7,0
2566431872,2,27841,16.875,278402411,0,100,0.0,10.0,200.0,186.0,7,0
2566431872,2,27842,16.875,278412411,0,100,0.0,10.0,200.0,186.0,7,0
2566431872,2,27843,16.875,278422411,0,100,0.0,10.0,200.0,186.0,7,0
2566431872,2,27844,16.875,278432411,0,100,0.0,10.0,200.0,186.0,7,0
2566431872,2,27845,16.875,278442411,0,100,0.0,10.0,200.0,186.0,7,0
2566431872,2,27846,16.875,278452411,0,100,0.0,10.0,200.0,186.0,7,0
2566431872,2,27847,16.875,278462411,0,100,0.0,10.0,200.0,186.0,7,0
2566431872,2,27848,16.875,278472411,0,100,0.0,10.0,200.0,186.0,7,0
2566431872,2,27849,16.875,278482411,0,100,0.0,10.0,200.0,186.0,7,0
2566431872,2,27850,16.875,278492411,0,100,0.0,10.0,200.0,186.0,7,0
2566431872,2,27851,16.875,278502411,0,100,0.0,10.0,200.0,186.0,7,0
2566431872,2,27852,16.875,278512411,0,100,0.0,10.0,200.0,186.0,7,0
2566431872,2,27853,16.875,278522411,0,100,0.0,10.0,200.0,186.0,7,0
2566431872,2,27854,16.875,278532411,0,100,0.0,10.0,200.0,186.0,7,0
2566431872,2,27855,16.875,278542411,0,100,0.0,10.0,200.0,186.0,7,0
2566431872,2,27856,16.875,278552411,0,100,0.0,10.0,200.0,186.0,7,0
2566431872,2,27857,16.875,278562411,0,100,0.0,10.0,200.0,186.0,7,0
2566431872,2,27858,16.875,278572411,0,100,0.0,10.0,200.0,186.0,7,0
2566431872,2,27859,16.875,278582411,0,100,0.0,10.0,200.0,186.0,7,0
2566431872,2,27860,16.875,278592411,0,100,0.0,10.0,200.0,186.0,7,0
2566431872,2,27861,16.875,278602411,0,100,0.0,10.0,200.0,186.0,7,0
2566431872,2,27862,16.875,278612411,0,100,0.0,10.0,200.0,186.0,7,0
2566431872,2,27863,16.875,278622411,0,100,0.0,10.0,200.0,186.0,7,0
2566431872,2,27864,16.875,278632411,0,100,0.0,10.0,200.0,186.0,7,0
2566431872,2,27865,16.875,278642411,0,100,0.0,10.0,200.0,186.0,7,0
2566431872,2,27866,16.875,278652411,0,100,0.0,10.0,200.0,186.0,7,0
2566431872,2,27867,16.875,278662411,0,100,0.0,10.0,200.0,186.0,7,0
2566431872,2,27868,16.875,278672411,0,100,0.0,10.0,200.0,186.0,7,0
2566431872,2,27869,16.875,278682411,0,100,0.0,10.0,200.0,186.0,7,0
2566431872,2,27870,16.875,278692411,0,100,0.0,10.0,200.0,186.0,7,0
2566431872,2,27871,16.875,278702411,0,100,0.0,10.0,200.0,186.0,7,0
2566431872,2,27872,16.875,278712411,0,100,0.0,10.0,200.0,186.0,7,0
2566431872,2,27873,16.875,278722411,0,100,0.0,10.0,200.0,186.0,7,0
2566431872,2,27874,16.875,278732411,0,100,0.0,10.0,200.0,186.0,7,0
2566431872,2,27875,16.875,278742411,0,100,0.0,10.0,200.0,186.0,7,0
2566431872,2,27876,16.875,278752411,0,100,0.0,10.0,200.0,186.0,7,0
2566431872,2,27877,16.875,278762411,0,100,0.0,10.0,200.0,186.0,7,0
2566431872,2,27878,16.875,278772411,0,100,0.0,10.0,200.0,186.0,7,0
2566431872,2,27879,16.875,278782411,0,100,0.0,10.0,200.0,186.0,7,0
2566431872,2,27880,16.875,278792411,0,100,0.0,10.0,200.0,186.0,7,0
2566431872,2,27881,16.875,278802411,0,100,0.0,10.0,200.0,186.0,7,0
2566431872,2,27882,16.875,278812411,0,100,0.0,10.0,200.0,186.0,7,0
2566431872,2,27883,16.875,278822411,0,100,0.0,10.0,200.0,186.0,7,0
2566431872,2,27884,16.875,278832411,0,100,0.0,10.0,200.0,186.0,7,0
2566431872,2,27885,16.875,278842411,0,100,0.0,10.0,200.0,186.0,7,0
2566431872,2,27886,16.875,278852411,0,100,0.0,10.0,200.0,186.0,7,0
2566431872,2,27887,16.875,278862411,0,100,0.0,10.0,200.0,186.0,7,0
2566431872,2,27888,16.875,278872411,0,100,0.0,10.0,200.0,186.0,7,0
2566431872,2,27889,16.875,278882411,0,100,0.0,10.0,200.0,186.0,7,0
2566431872,2,27890,16.875,278892411,0,100,0.0,10.0,200.0,186.0,7,0
2566431872,2,27891,16.875,278902411,0,100,0.0,10.0,200.0,186.0,7,0
2566431872,2,27892,16.875,278912411,0,100,0.0,10.0,200.0,186.0,7,0
2566431872,2,27893,16.875,278922411,0,100,0.0,10.0,200.0,186.0,7,0
2566431872,2,27894,16.875,278932411,0,100,0.0,10.0,200.0,186.0,7,0
2566431872,2,27895,16.875,278942411,0,100,0.0,10.0,200.0,186.0,7,0
2566431872,2,27896,17.42199999999957,278952411,0,100,0.0,10.0,200.0,186.0,7,0
2566431872,2,27897,17.42199999999957,278962411,0,100,0.0,10.0,200.0,186.0,7,0
2566431872,2,27898,17.42199999999957,278972411,0,100,0.0,10.0,200.0,186.0,7,0
2566431872,2,27899,17.42199999999957,278982411,0,100,0.0,10.0,200.0,186.0,7,0
2566431872,2,27900,17.42199999999957,278992411,0,100,0.0,10.0,200.0,186.0,7,0
2566431872,2,27901,17.42199999999957,279002411,0,100,0.0,10.0,200.0,186.0,7,0
2566431872,2,27902,17.42199999999957,279012411,0,100,0.0,10.0,200.0,186.0,7,0
2566431872,2,27903,17.42199999999957,279022411,0,100,0.0,10.0,200.0,186.0,7,0
2566431872,2,27904,17.42199999999957,279032411,0,100,0.0,10.0,200.0,186.0,7,0
2566431872,2,27905,17.42199999999957,279042411,0,100,0.0,10.0,200.0,186.0,7,0
2566431872,2,27906,17.42199999999957,279052411,0,100,0.0,10.0,200.0,186.0,7,0
2566431872,2,27907,17.42199999999957,279062411,0,100,0.0,10.0,200.0,186.0,7,0
2566431872,2,27908,17.42199999999957,279072411,0,100,0.0,10.0,200.0,186.0,7,0
2566431872,2,27909,17.42199999999957,279082411,0,100,0.0,10.0,200.0,186.0,7,0
2566431872,2,27910,17.42199999999957,279092411,0,100,0.0,10.0,200.0,186.0,7,0
2566431872,2,27911,17.42199999999957,279102411,0,100,0.0,10.0,200.0,186.0,7,0
2566431872,2,27912,17.42199999999957,279112411,0,100,0.0,10.0,200.0,186.0,7,0
2566431872,2,27913,17.42199999999957,279122411,0,100,0.0,10.0,200.0,186.0,7,0
2566431872,2,27914,17.42199999999957,279132411,0,100,0.0,10.0,200.0,186.0,7,0
2566431872,2,27915,17.42199999999957,279142411,0,100,0.0,10.0,200.0,186.0,7,0
2566431872,2,27916,17.42199999999957,279152411,0,100,0.0,10.0,200.0,186.0,7,0
2566431872,2,27917,17.42199999999957,279162411,0,100,0.0,10.0,200.0,186.0,7,0
2566431872,2,27918,17.42199999999957,279172411,0,100,0.0,10.0,200.0,186.0,7,0
2566431872,2,27919,17.42199999999957,279182411,0,100,0.0,10.0,200.0,186.0,7,0
2566431872,2,27920,17.42199999999957,279192411,0,100,0.0,10.0,200.0,186.0,7,0
2566431872,2,27921,17.42199999999957,279202411,0,100,0.0,10.0,200.0,186.0,7,0
2566431872,2,27922,17.42199999999957,279212411,0,100,0.0,10.0,200.0,186.0,7,0
2566431872,2,27923,17.42199999999957,279222411,0,100,0.0,10.0,200.0,186.0,7,0
2566431872,2,27924,17.42199999999957,279232411,0,100,0.0,10.0,200.0,186.0,7,0
2566431872,2,27925,17.42199999999957,279242411,0,100,0.0,10.0,200.0,186.0,7,0
2566431872,2,27926,17.42199999999957,279252411,0,100,0.0,10.0,200.0,186.0,7,0
2566431872,2,27927,17.42199999999957,279262411,0,100,0.0,10.0,200.0,186.0,7,0
2566431872,2,27928,17.42199999999957,279272411,0,100,0.0,10.0,200.0,186.0,7,0
2566431872,2,27929,17.42199999999957,279282411,0,100,0.0,10.0,200.0,186.0,7,0
2566431872,2,27930,17.42199999999957,279292411,0,100,0.0,10.0,200.0,186.0,7,0
2566431872,2,27931,17.42199999999957,279302411,0,100,0.0,10.0,200.0,186.0,7,0
2566431872,2,27932,17.42199999999957,279312411,0,100,0.0,10.0,200.0,186.0,7,0
2566431872,2,27933,17.42199999999957,279322411,0,100,0.0,10.0,200.0,186.0,7,0
2566431872,2,27934,17.42199999999957,279332411,0,100,0.0,10.0,200.0,186.0,7,0
2566431872,2,27935,17.42199999999957,279342411,0,100,0.0,10.0,200.0,186.0,7,0
2566431872,2,27936,17.42199999999957,279352411,0,100,0.0,10.0,200.0,186.0,7,0
2566431872,2,27937,17.42199999999957,279362411,0,100,0.0,10.0,200.0,186.0,7,0
2566431872,2,27938,17.42199999999957,279372411,0,100,0.0,10.0,200.0,186.0,7,0
2566431872,2,27939,17.42199999999957,279382411,0,100,0.0,10.0,200.0,186.0,7,0
2566431872,2,27940,17.42199999999957,279392411,0,100,0.0,10.0,200.0,186.0,7,0
2566431872,2,27941,17.42199999999957,279402411,0,100,0.0,10.0,200.0,186.0,7,0
2566431872,2,27942,17.42199999999957,279412411,0,100,0.0,10.0,200.0,186.0,7,0
2566431872,2,27943,17.42199999999957,279422411,0,100,0.0,10.0,200.0,186.0,7,0
2566431872,2,27944,17.42199999999957,279432411,0,100,0.0,10.0,200.0,186.0,7,0
2566431872,2,27945,17.42199999999957,279442411,0,100,0.0,10.0,200.0,186.0,7,0
2566431872,2,27946,17.42199999999957,279452411,0,100,0.0,10.0,200.0,186.0,7,0
2566431872,2,27947,17.42199999999957,279462411,0,100,0.0,10.0,200.0,186.0,7,0
2566431872,2,27948,17.42199999999957,279472411,0,100,0.0,10.0,200.0,186.0,7,0
2566431872,2,27949,17.42199999999957,279482411,0,100,0.0,10.0,200.0,186.0,7,0
2566431872,2,27950,17.42199999999957,279492411,0,100,0.0,10.0,200.0,186.0,7,0
2566431872,2,27951,17.42199999999957,279502411,0,100,0.0,10.0,200.0,186.0,7,0
2566431872,2,27952,17.98399999999947,279512411,0,100,0.0,10.0,200.0,186.0,7,0
2566431872,2,27953,17.98399999999947,279522411,0,100,0.0,10.0,200.0,186.0,7,0
2566431872,2,27954,17.98399999999947,279532411,0,100,0.0,10.0,200.0,186.0,7,0
2566431872,2,27955,17.98399999999947,279542411,0,100,0.0,10.0,200.0,186.0,7,0
2566431872,2,27956,17.98399999999947,279552411,0,100,0.0,10.0,200.0,186.0,7,0
2566431872,2,27957,17.98399999999947,279562411,0,100,0.0,10.0,200.0,186.0,7,0
2566431872,2,27958,17.98399999999947,279572411,0,100,0.0,10.0,200.0,186.0,7,0
2566431872,2,27959,17.98399999999947,279582411,0,100,0.0,10.0,200.0,186.0,7,0
2566431872,2,27960,17.98399999999947,279592411,0,100,0.0,10.0,200.0,186.0,7,0
2566431872,2,27961,17.98399999999947,279602411,0,100,0.0,10.0,200.0,186.0,7,0
2566431872,2,27962,17.98399999999947,279612411,0,100,0.0,10.0,200.0,186.0,7,0
2566431872,2,27963,17.98399999999947,279622411,0,100,0.0,10.0,200.0,186.0,7,0
2566431872,2,27964,17.98399999999947,279632411,0,100,0.0,10.0,200.0,186.0,7,0
2566431872,2,27965,17.98399999999947,279642411,0,100,0.0,10.0,200.0,186.0,7,0
2566431872,2,27966,17.98399999999947,279652411,0,100,0.0,10.0,200.0,186.0,7,0
2566431872,2,27967,17.98399999999947,279662411,0,100,0.0,10.0,200.0,186.0,7,0
2566431872,2,27968,17.98399999999947,279672411,0,100,0.0,10.0,200.0,186.0,7,0
2566431872,2,27969,17.98399999999947,279682411,0,100,0.0,10.0,200.0,186.0,7,0
2566431872,2,27970,17.98399999999947,279692411,0,100,0.0,10.0,200.0,186.0,7,0
2566431872,2,27971,17.98399999999947,279702411,0,100,0.0,10.0,200.0,186.0,7,0
2566431872,2,27972,17.98399999999947,279712411,0,100,0.0,10.0,200.0,186.0,7,0
2566431872,2,27973,17.98399999999947,279722411,0,100,0.0,10.0,200.0,186.0,7,0
2566431872,2,27974,17.98399999999947,279732411,0,100,0.0,10.0,200.0,186.0,7,0
2566431872,2,27975,17.98399999999947,279742411,0,100,0.0,10.0,200.0,186.0,7,0
2566431872,2,27976,17.98399999999947,279752411,0,100,0.0,10.0,200.0,186.0,7,0
2566431872,2,27977,17.98399999999947,279762411,0,100,0.0,10.0,200.0,186.0,7,0
2566431872,2,27978,17.98399999999947,279772412,0,100,0.0,10.0,200.0,186.0,7,0
2566431872,2,27979,17.98399999999947,279782411,0,100,0.0,10.0,200.0,186.0,7,0
2566431872,2,27980,17.98399999999947,279792411,0,100,0.0,10.0,200.0,186.0,7,0
2566431872,2,27981,17.98399999999947,279802411,0,100,0.0,10.0,200.0,186.0,7,0
2566431872,2,27982,17.98399999999947,279812411,0,100,0.0,10.0,200.0,186.0,7,0
2566431872,2,27983,17.98399999999947,279822411,0,100,0.0,10.0,200.0,186.0,7,0
2566431872,2,27984,17.98399999999947,279832411,0,100,0.0,10.0,200.0,186.0,7,0
2566431872,2,27985,17.98399999999947,279842411,0,100,0.0,10.0,200.0,186.0,7,0
2566431872,2,27986,17.98399999999947,279852411,0,100,0.0,10.0,200.0,186.0,7,0
2566431872,2,27987,17.98399999999947,279862411,0,100,0.0,10.0,200.0,186.0,7,0
2566431872,2,27988,17.98399999999947,279872411,0,100,0.0,10.0,200.0,186.0,7,0
2566431872,2,27989,17.98399999999947,279882411,0,100,0.0,10.0,200.0,186.0,7,0
2566431872,2,27990,17.98399999999947,279892411,0,100,0.0,10.0,200.0,186.0,7,0
2566431872,2,27991,17.98399999999947,279902411,0,100,0.0,10.0,200.0,186.0,7,0
2566431872,2,27992,17.98399999999947,279912411,0,100,0.0,10.0,200.0,186.0,7,0
2566431872,2,27993,17.98399999999947,279922411,0,100,0.0,10.0,200.0,186.0,7,0
2566431872,2,27994,17.98399999999947,279932411,0,100,0.0,10.0,200.0,186.0,7,0
2566431872,2,27995,17.98399999999947,279942411,0,100,0.0,10.0,200.0,186.0,7,0
2566431872,2,27996,17.98399999999947,279952411,0,100,0.0,10.0,200.0,186.0,7,0
2566431872,2,27997,17.98399999999947,279962411,0,100,0.0,10.0,200.0,186.0,7,0
2566431872,2,27998,17.98399999999947,279972411,0,100,0.0,10.0,200.0,186.0,7,0
2566431872,2,27999,17.98399999999947,279982411,0,100,0.0,10.0,200.0,186.0,7,0
2566431872,2,28000,17.98399999999947,279992411,0,100,0.0,10.0,200.0,186.0,7,0
2566431872,2,28001,17.98399999999947,280002411,0,100,0.0,10.0,200.0,186.0,7,0
2566431872,2,28002,17.98399999999947,280012411,0,100,0.0,10.0,200.0,186.0,7,0
2566431872,2,28003,17.98399999999947,280022411,0,100,0.0,10.0,200.0,186.0,7,0
2566431872,2,28004,17.98399999999947,280032411,0,100,0.0,10.0,200.0,186.0,7,0
2566431872,2,28005,17.98399999999947,280042411,0,100,0.0,10.0,200.0,186.0,7,0
2566431872,2,28006,17.98399999999947,280052411,0,100,0.0,10.0,200.0,186.0,7,0
2566431872,2,28007,17.98399999999947,280062411,0,100,0.0,10.0,200.0,186.0,7,0
2566431872,2,28008,18.54699999999957,280072411,0,100,0.0,10.0,200.0,186.0,7,0
2566431872,2,28009,18.54699999999957,280082411,0,100,0.0,10.0,200.0,186.0,7,0
2566431872,2,28010,18.54699999999957,280092411,0,100,0.0,10.0,200.0,186.0,7,0
2566431872,2,28011,18.54699999999957,280102411,0,100,0.0,10.0,200.0,186.0,7,0
2566431872,2,28012,18.54699999999957,280112411,0,100,0.0,10.0,200.0,186.0,7,0
2566431872,2,28013,18.54699999999957,280122411,0,100,0.0,10.0,200.0,186.0,7,0
2566431872,2,28014,18.54699999999957,280132411,0,100,0.0,10.0,200.0,186.0,7,0
2566431872,2,28015,18.54699999999957,280142411,0,100,0.0,10.0,200.0,186.0,7,0
2566431872,2,28016,18.54699999999957,280152411,0,100,0.0,10.0,200.0,186.0,7,0
2566431872,2,28017,18.54699999999957,280162411,0,100,0.0,10.0,200.0,186.0,7,0
2566431872,2,28018,18.54699999999957,280172411,0,100,0.0,10.0,200.0,186.0,7,0
2566431872,2,28019,18.54699999999957,280182411,0,100,0.0,10.0,200.0,186.0,7,0
2566431872,2,28020,18.54699999999957,280192411,0,100,0.0,10.0,200.0,186.0,7,0
2566431872,2,28021,18.54699999999957,280202411,0,100,0.0,10.0,200.0,186.0,7,0
2566431872,2,28022,18.54699999999957,280212411,0,100,0.0,10.0,200.0,186.0,7,0
2566431872,2,28023,18.54699999999957,280222411,0,100,0.0,10.0,200.0,186.0,7,0
2566431872,2,28024,18.54699999999957,280232411,0,100,0.0,10.0,200.0,186.0,7,0
2566431872,2,28025,18.54699999999957,280242411,0,100,0.0,10.0,200.0,186.0,7,0
2566431872,2,28026,18.54699999999957,280252411,0,100,0.0,10.0,200.0,186.0,7,0
2566431872,2,28027,18.54699999999957,280262411,0,100,0.0,10.0,200.0,186.0,7,0
2566431872,2,28028,18.54699999999957,280272411,0,100,0.0,10.0,200.0,186.0,7,0
2566431872,2,28029,18.54699999999957,280282411,0,100,0.0,10.0,200.0,186.0,7,0
2566431872,2,28030,18.54699999999957,280292411,0,100,0.0,10.0,200.0,186.0,7,0
2566431872,2,28031,18.54699999999957,280302411,0,100,0.0,10.0,200.0,186.0,7,0
2566431872,2,28032,18.54699999999957,280312411,0,100,0.0,10.0,200.0,186.0,7,0
2566431872,2,28033,18.54699999999957,280322411,0,100,0.0,10.0,200.0,186.0,7,0
2566431872,2,28034,18.54699999999957,280332411,0,100,0.0,10.0,200.0,186.0,7,0
2566431872,2,28035,18.54699999999957,280342411,0,100,0.0,10.0,200.0,186.0,7,0
2566431872,2,28036,18.54699999999957,280352411,0,100,0.0,10.0,200.0,186.0,7,0
2566431872,2,28037,18.54699999999957,280362411,0,100,0.0,10.0,200.0,186.0,7,0
2566431872,2,28038,18.54699999999957,280372411,0,100,0.0,10.0,200.0,186.0,7,0
2566431872,2,28039,18.54699999999957,280382411,0,100,0.0,10.0,200.0,186.0,7,0
2566431872,2,28040,18.54699999999957,280392411,0,100,0.0,10.0,200.0,186.0,7,0
2566431872,2,28041,18.54699999999957,280402411,0,100,0.0,10.0,200.0,186.0,7,0
2566431872,2,28042,18.54699999999957,280412411,0,100,0.0,10.0,200.0,186.0,7,0
2566431872,2,28043,18.54699999999957,280422411,0,100,0.0,10.0,200.0,186.0,7,0
2566431872,2,28044,18.54699999999957,280432411,0,100,0.0,10.0,200.0,186.0,7,0
2566431872,2,28045,18.54699999999957,280442411,0,100,0.0,10.0,200.0,186.0,7,0
2566431872,2,28046,18.54699999999957,280452411,0,100,0.0,10.0,200.0,186.0,7,0
2566431872,2,28047,18.54699999999957,280462411,0,100,0.0,10.0,200.0,186.0,7,0
2566431872,2,28048,18.54699999999957,280472411,0,100,0.0,10.0,200.0,186.0,7,0
2566431872,2,28049,18.54699999999957,280482411,0,100,0.0,10.0,200.0,186.0,7,0
2566431872,2,28050,18.54699999999957,280492411,0,100,0.0,10.0,200.0,186.0,7,0
2566431872,2,28051,18.54699999999957,280502411,0,100,0.0,10.0,200.0,186.0,7,0
2566431872,2,28052,18.54699999999957,280512411,0,100,0.0,10.0,200.0,186.0,7,0
2566431872,2,28053,18.54699999999957,280522411,0,100,0.0,10.0,200.0,186.0,7,0
2566431872,2,28054,18.54699999999957,280532412,0,100,0.0,10.0,200.0,186.0,7,0
2566431872,2,28055,18.54699999999957,280542411,0,100,0.0,10.0,200.0,186.0,7,0
2566431872,2,28056,18.54699999999957,280552411,0,100,0.0,10.0,200.0,186.0,7,0
2566431872,2,28057,18.54699999999957,280562411,0,100,0.0,10.0,200.0,186.0,7,0
2566431872,2,28058,18.54699999999957,280572411,0,100,0.0,10.0,200.0,186.0,7,0
2566431872,2,28059,18.54699999999957,280582411,0,100,0.0,10.0,200.0,186.0,7,0
2566431872,2,28060,18.54699999999957,280592411,0,100,0.0,10.0,200.0,186.0,7,0
2566431872,2,28061,18.54699999999957,280602411,0,100,0.0,10.0,200.0,186.0,7,0
2566431872,2,28062,18.54699999999957,280612411,0,100,0.0,10.0,200.0,186.0,7,0
2566431872,2,28063,18.54699999999957,280622411,0,100,0.0,10.0,200.0,186.0,7,0
2566431872,2,28064,19.10899999999947,280632411,0,100,0.0,10.0,200.0,186.0,7,0
2566431872,2,28065,19.10899999999947,280642411,0,100,0.0,10.0,200.0,186.0,7,0
2566431872,2,28066,19.10899999999947,280652411,0,100,0.0,10.0,200.0,186.0,7,0
2566431872,2,28067,19.10899999999947,280662411,0,100,0.0,10.0,200.0,186.0,7,0
2566431872,2,28068,19.10899999999947,280672411,0,100,0.0,10.0,200.0,186.0,7,0
2566431872,2,28069,19.10899999999947,280682411,0,100,0.0,10.0,200.0,186.0,7,0
2566431872,2,28070,19.10899999999947,280692411,0,100,0.0,10.0,200.0,186.0,7,0
2566431872,2,28071,19.10899999999947,280702411,0,100,0.0,10.0,200.0,186.0,7,0
2566431872,2,28072,19.10899999999947,280712411,0,100,0.0,10.0,200.0,186.0,7,0
2566431872,2,28073,19.10899999999947,280722411,0,100,0.0,10.0,200.0,186.0,7,0
2566431872,2,28074,19.10899999999947,280732411,0,100,0.0,10.0,200.0,186.0,7,0
2566431872,2,28075,19.10899999999947,280742411,0,100,0.0,10.0,200.0,186.0,7,0
2566431872,2,28076,19.10899999999947,280752411,0,100,0.0,10.0,200.0,186.0,7,0
2566431872,2,28077,19.10899999999947,280762411,0,100,0.0,10.0,200.0,186.0,7,0
2566431872,2,28078,19.10899999999947,280772411,0,100,0.0,10.0,200.0,186.0,7,0
2566431872,2,28079,19.10899999999947,280782411,0,100,0.0,10.0,200.0,186.0,7,0
2566431872,2,28080,19.10899999999947,280792411,0,100,0.0,10.0,200.0,186.0,7,0
2566431872,2,28081,19.10899999999947,280802411,0,100,0.0,10.0,200.0,186.0,7,0
2566431872,2,28082,19.10899999999947,280812411,0,100,0.0,10.0,200.0,186.0,7,0
2566431872,2,28083,19.10899999999947,280822411,0,100,0.0,10.0,200.0,186.0,7,0
2566431872,2,28084,19.10899999999947,280832411,0,100,0.0,10.0,200.0,186.0,7,0
2566431872,2,28085,19.10899999999947,280842411,0,100,0.0,10.0,200.0,186.0,7,0
2566431872,2,28086,19.10899999999947,280852411,0,100,0.0,10.0,200.0,186.0,7,0
2566431872,2,28087,19.10899999999947,280862411,0,100,0.0,10.0,200.0,186.0,7,0
2566431872,2,28088,19.10899999999947,280872411,0,100,0.0,10.0,200.0,186.0,7,0
2566431872,2,28089,19.10899999999947,280882411,0,100,0.0,10.0,200.0,186.0,7,0
2566431872,2,28090,19.10899999999947,280892411,0,100,0.0,10.0,200.0,186.0,7,0
2566431872,2,28091,19.10899999999947,280902411,0,100,0.0,10.0,200.0,186.0,7,0
2566431872,2,28092,19.10899999999947,280912411,0,100,0.0,10.0,200.0,186.0,7,0
2566431872,2,28093,19.10899999999947,280922411,0,100,0.0,10.0,200.0,186.0,7,0
2566431872,2,28094,19.10899999999947,280932411,0,100,0.0,10.0,200.0,186.0,7,0
2566431872,2,28095,19.10899999999947,280942411,0,100,0.0,10.0,200.0,186.0,7,0
2566431872,2,28096,19.10899999999947,280952412,0,100,0.0,10.0,200.0,186.0,7,0
2566431872,2,28097,19.10899999999947,280962411,0,100,0.0,10.0,200.0,186.0,7,0
2566431872,2,28098,19.10899999999947,280972411,0,100,0.0,10.0,200.0,186.0,7,0
2566431872,2,28099,19.10899999999947,280982411,0,100,0.0,10.0,200.0,186.0,7,0
2566431872,2,28100,19.10899999999947,280992411,0,100,0.0,10.0,200.0,186.0,7,0
2566431872,2,28101,19.10899999999947,281002411,0,100,0.0,10.0,200.0,186.0,7,0
2566431872,2,28102,19.10899999999947,281012411,0,100,0.0,10.0,200.0,186.0,7,0
2566431872,2,28103,19.10899999999947,281022411,0,100,0.0,10.0,200.0,186.0,7,0
2566431872,2,28104,19.10899999999947,281032411,0,100,0.0,10.0,200.0,186.0,7,0
2566431872,2,28105,19.10899999999947,281042411,0,100,0.0,10.0,200.0,186.0,7,0
2566431872,2,28106,19.10899999999947,281052411,0,100,0.0,10.0,200.0,186.0,7,0
2566431872,2,28107,19.10899999999947,281062411,0,100,0.0,10.0,200.0,186.0,7,0
2566431872,2,28108,19.10899999999947,281072411,0,100,0.0,10.0,200.0,186.0,7,0
2566431872,2,28109,19.10899999999947,281082411,0,100,0.0,10.0,200.0,186.0,7,0
2566431872,2,28110,19.10899999999947,281092411,0,100,0.0,10.0,200.0,186.0,7,0
2566431872,2,28111,19.10899999999947,281102411,0,100,0.0,10.0,200.0,186.0,7,0
2566431872,2,28112,19.10899999999947,281112411,0,100,0.0,10.0,200.0,186.0,7,0
2566431872,2,28113,19.10899999999947,281122411,0,100,0.0,10.0,200.0,186.0,7,0
2566431872,2,28114,19.10899999999947,281132411,0,100,0.0,10.0,200.0,186.0,7,0
2566431872,2,28115,19.10899999999947,281142411,0,100,0.0,10.0,200.0,186.0,7,0
2566431872,2,28116,19.10899999999947,281152411,0,100,0.0,10.0,200.0,186.0,7,0
2566431872,2,28117,19.10899999999947,281162411,0,100,0.0,10.0,200.0,186.0,7,0
2566431872,2,28118,19.10899999999947,281172411,0,100,0.0,10.0,200.0,186.0,7,0
2566431872,2,28119,19.10899999999947,281182411,0,100,0.0,10.0,200.0,186.0,7,0
2566431872,2,28120,19.67199999999957,281192411,0,100,0.0,10.0,200.0,186.0,7,0
2566431872,2,28121,19.67199999999957,281202411,0,100,0.0,10.0,200.0,186.0,7,0
2566431872,2,28122,19.67199999999957,281212411,0,100,0.0,10.0,200.0,186.0,7,0
2566431872,2,28123,19.67199999999957,281222411,0,100,0.0,10.0,200.0,186.0,7,0
2566431872,2,28124,19.67199999999957,281232411,0,100,0.0,10.0,200.0,186.0,7,0
2566431872,2,28125,19.67199999999957,281242411,0,100,0.0,10.0,200.0,186.0,7,0
2566431872,2,28126,19.67199999999957,281252411,0,100,0.0,10.0,200.0,186.0,7,0
2566431872,2,28127,19.67199999999957,281262411,0,100,0.0,10.0,200.0,186.0,7,0
2566431872,2,28128,19.67199999999957,281272411,0,100,0.0,10.0,200.0,186.0,7,0
2566431872,2,28129,19.67199999999957,281282411,0,100,0.0,10.0,200.0,186.0,7,0
2566431872,2,28130,19.67199999999957,281292412,0,100,0.0,10.0,200.0,186.0,7,0
2566431872,2,28131,19.67199999999957,281302411,0,100,0.0,10.0,200.0,186.0,7,0
2566431872,2,28132,19.67199999999957,281312411,0,100,0.0,10.0,200.0,186.0,7,0
2566431872,2,28133,19.67199999999957,281322411,0,100,0.0,10.0,200.0,186.0,7,0
2566431872,2,28134,19.67199999999957,281332411,0,100,0.0,10.0,200.0,186.0,7,0
2566431872,2,28135,19.67199999999957,281342411,0,100,0.0,10.0,200.0,186.0,7,0
2566431872,2,28136,19.67199999999957,281352411,0,100,0.0,10.0,200.0,186.0,7,0
2566431872,2,28137,19.67199999999957,281362411,0,100,0.0,10.0,200.0,186.0,7,0
2566431872,2,28138,19.67199999999957,281372411,0,100,0.0,10.0,200.0,186.0,7,0
2566431872,2,28139,19.67199999999957,281382411,0,100,0.0,10.0,200.0,186.0,7,0
2566431872,2,28140,19.67199999999957,281392411,0,100,0.0,10.0,200.0,186.0,7,0
2566431872,2,28141,19.67199999999957,281402411,0,100,0.0,10.0,200.0,186.0,7,0
2566431872,2,28142,19.67199999999957,281412411,0,100,0.0,10.0,200.0,186.0,7,0
2566431872,2,28143,19.67199999999957,281422411,0,100,0.0,10.0,200.0,186.0,7,0
2566431872,2,28144,19.67199999999957,281432411,0,100,0.0,10.0,200.0,186.0,7,0
2566431872,2,28145,19.67199999999957,281442411,0,100,0.0,10.0,200.0,186.0,7,0
2566431872,2,28146,19.67199999999957,281452411,0,100,0.0,10.0,200.0,186.0,7,0
2566431872,2,28147,19.67199999999957,281462411,0,100,0.0,10.0,200.0,186.0,7,0
2566431872,2,28148,19.67199999999957,281472411,0,100,0.0,10.0,200.0,186.0,7,0
2566431872,2,28149,19.67199999999957,281482411,0,100,0.0,10.0,200.0,186.0,7,0
2566431872,2,28150,19.67199999999957,281492411,0,100,0.0,10.0,200.0,186.0,7,0
2566431872,2,28151,19.67199999999957,281502411,0,100,0.0,10.0,200.0,186.0,7,0
2566431872,2,28152,19.67199999999957,281512411,0,100,0.0,10.0,200.0,186.0,7,0
2566431872,2,28153,19.67199999999957,281522411,0,100,0.0,10.0,200.0,186.0,7,0
2566431872,2,28154,19.67199999999957,281532411,0,100,0.0,10.0,200.0,186.0,7,0
2566431872,2,28155,19.67199999999957,281542411,0,100,0.0,10.0,200.0,186.0,7,0
2566431872,2,28156,19.67199999999957,281552411,0,100,0.0,10.0,200.0,186.0,7,0
2566431872,2,28157,19.67199999999957,281562411,0,100,0.0,10.0,200.0,186.0,7,0
2566431872,2,28158,19.67199999999957,281572411,0,100,0.0,10.0,200.0,186.0,7,0
2566431872,2,28159,19.67199999999957,281582411,0,100,0.0,10.0,200.0,186.0,7,0
2566431872,2,28160,19.67199999999957,281592411,0,100,0.0,10.0,200.0,186.0,7,0
2566431872,2,28161,19.67199999999957,281602411,0,100,0.0,10.0,200.0,186.0,7,0
2566431872,2,28162,19.67199999999957,281612411,0,100,0.0,10.0,200.0,186.0,7,0
2566431872,2,28163,19.67199999999957,281622411,0,100,0.0,10.0,200.0,186.0,7,0
2566431872,2,28164,19.67199999999957,281632411,0,100,0.0,10.0,200.0,186.0,7,0
2566431872,2,28165,19.67199999999957,281642411,0,100,0.0,10.0,200.0,186.0,7,0
2566431872,2,28166,19.67199999999957,281652411,0,100,0.0,10.0,200.0,186.0,7,0
2566431872,2,28167,19.67199999999957,281662411,0,100,0.0,10.0,200.0,186.0,7,0
2566431872,2,28168,19.67199999999957,281672411,0,100,0.0,10.0,200.0,186.0,7,0
2566431872,2,28169,19.67199999999957,281682411,0,100,0.0,10.0,200.0,186.0,7,0
2566431872,2,28170,19.67199999999957,281692411,0,100,0.0,10.0,200.0,186.0,7,0
2566431872,2,28171,19.67199999999957,281702411,0,100,0.0,10.0,200.0,186.0,7,0
2566431872,2,28172,19.67199999999957,281712411,0,100,0.0,10.0,200.0,186.0,7,0
2566431872,2,28173,19.67199999999957,281722411,0,100,0.0,10.0,200.0,186.0,7,0
2566431872,2,28174,19.67199999999957,281732411,0,100,0.0,10.0,200.0,186.0,7,0
2566431872,2,28175,19.67199999999957,281742411,0,100,0.0,10.0,200.0,186.0,7,0
2566431872,2,28176,20.25,281752411,0,100,0.0,10.0,200.0,186.0,7,0
2566431872,2,28177,20.25,281762411,0,100,0.0,10.0,200.0,186.0,7,0
2566431872,2,28178,20.25,281772411,0,100,0.0,10.0,200.0,186.0,7,0
2566431872,2,28179,20.25,281782411,0,100,0.0,10.0,200.0,186.0,7,0
2566431872,2,28180,20.25,281792411,0,100,0.0,10.0,200.0,186.0,7,0
2566431872,2,28181,20.25,281802411,0,100,0.0,10.0,200.0,186.0,7,0
2566431872,2,28182,20.25,281812411,0,100,0.0,10.0,200.0,186.0,7,0
2566431872,2,28183,20.25,281822411,0,100,0.0,10.0,200.0,186.0,7,0
2566431872,2,28184,20.25,281832411,0,100,0.0,10.0,200.0,186.0,7,0
2566431872,2,28185,20.25,281842411,0,100,0.0,10.0,200.0,186.0,7,0
2566431872,2,28186,20.25,281852411,0,100,0.0,10.0,200.0,186.0,7,0
2566431872,2,28187,20.25,281862411,0,100,0.0,10.0,200.0,186.0,7,0
2566431872,2,28188,20.25,281872411,0,100,0.0,10.0,200.0,186.0,7,0
2566431872,2,28189,20.25,281882411,0,100,0.0,10.0,200.0,186.0,7,0
2566431872,2,28190,20.25,281892411,0,100,0.0,10.0,200.0,186.0,7,0
2566431872,2,28191,20.25,281902411,0,100,0.0,10.0,200.0,186.0,7,0
2566431872,2,28192,20.25,281912411,0,100,0.0,10.0,200.0,186.0,7,0
2566431872,2,28193,20.25,281922411,0,100,0.0,10.0,200.0,186.0,7,0
2566431872,2,28194,20.25,281932411,0,100,0.0,10.0,200.0,186.0,7,0
2566431872,2,28195,20.25,281942411,0,100,0.0,10.0,200.0,186.0,7,0
2566431872,2,28196,20.25,281952411,0,100,0.0,10.0,200.0,186.0,7,0
2566431872,2,28197,20.25,281962411,0,100,0.0,10.0,200.0,186.0,7,0
2566431872,2,28198,20.25,281972411,0,100,0.0,10.0,200.0,186.0,7,0
2566431872,2,28199,20.25,281982411,0,100,0.0,10.0,200.0,186.0,7,0
2566431872,2,28200,20.25,281992411,0,100,0.0,10.0,200.0,186.0,7,0
2566431872,2,28201,20.25,282002411,0,100,0.0,10.0,200.0,186.0,7,0
2566431872,2,28202,20.25,282012411,0,100,0.0,10.0,200.0,186.0,7,0
2566431872,2,28203,20.25,282022411,0,100,0.0,10.0,200.0,186.0,7,0
2566431872,2,28204,20.25,282032411,0,100,0.0,10.0,200.0,186.0,7,0
2566431872,2,28205,20.25,282042411,0,100,0.0,10.0,200.0,186.0,7,0
2566431872,2,28206,20.25,282052411,0,100,0.0,10.0,200.0,186.0,7,0
2566431872,2,28207,20.25,282062411,0,100,0.0,10.0,200.0,186.0,7,0
2566431872,2,28208,20.25,282072411,0,100,0.0,10.0,200.0,186.0,7,0
2566431872,2,28209,20.25,282082411,0,100,0.0,10.0,200.0,186.0,7,0
2566431872,2,28210,20.25,282092411,0,100,0.0,10.0,200.0,186.0,7,0
2566431872,2,28211,20.25,282102411,0,100,0.0,10.0,200.0,186.0,7,0
2566431872,2,28212,20.25,282112411,0,100,0.0,10.0,200.0,186.0,7,0
2566431872,2,28213,20.25,282122411,0,100,0.0,10.0,200.0,186.0,7,0
2566431872,2,28214,20.25,282132411,0,100,0.0,10.0,200.0,186.0,7,0
2566431872,2,28215,20.25,282142411,0,100,0.0,10.0,200.0,186.0,7,0
2566431872,2,28216,20.25,282152411,0,100,0.0,10.0,200.0,186.0,7,0
2566431872,2,28217,20.25,282162411,0,100,0.0,10.0,200.0,186.0,7,0
2566431872,2,28218,20.25,282172411,0,100,0.0,10.0,200.0,186.0,7,0
2566431872,2,28219,20.25,282182411,0,100,0.0,10.0,200.0,186.0,7,0
2566431872,2,28220,20.25,282192411,0,100,0.0,10.0,200.0,186.0,7,0
2566431872,2,28221,20.25,282202411,0,100,0.0,10.0,200.0,186.0,7,0
2566431872,2,28222,20.25,282212411,0,100,0.0,10.0,200.0,186.0,7,0
2566431872,2,28223,20.25,282222411,0,100,0.0,10.0,200.0,186.0,7,0
2566431872,2,28224,20.25,282232411,0,100,0.0,10.0,200.0,186.0,7,0
2566431872,2,28225,20.25,282242411,0,100,0.0,10.0,200.0,186.0,7,0
2566431872,2,28226,20.25,282252411,0,100,0.0,10.0,200.0,186.0,7,0
2566431872,2,28227,20.25,282262411,0,100,0.0,10.0,200.0,186.0,7,0
2566431872,2,28228,20.25,282272411,0,100,0.0,10.0,200.0,186.0,7,0
2566431872,2,28229,20.25,282282411,0,100,0.0,10.0,200.0,186.0,7,0
2566431872,2,28230,20.25,282292411,0,100,0.0,10.0,200.0,186.0,7,0
2566431872,2,28231,20.25,282302411,0,100,0.0,10.0,200.0,186.0,7,0
2566431872,2,28232,20.79699999999957,282312411,0,100,0.0,10.0,200.0,186.0,7,0
2566431872,2,28233,20.79699999999957,282322411,0,100,0.0,10.0,200.0,186.0,7,0
2566431872,2,28234,20.79699999999957,282332411,0,100,0.0,10.0,200.0,186.0,7,0
2566431872,2,28235,20.79699999999957,282342411,0,100,0.0,10.0,200.0,186.0,7,0
2566431872,2,28236,20.79699999999957,282352411,0,100,0.0,10.0,200.0,186.0,7,0
2566431872,2,28237,20.79699999999957,282362411,0,100,0.0,10.0,200.0,186.0,7,0
2566431872,2,28238,20.79699999999957,282372411,0,100,0.0,10.0,200.0,186.0,7,0
2566431872,2,28239,20.79699999999957,282382411,0,100,0.0,10.0,200.0,186.0,7,0
2566431872,2,28240,20.79699999999957,282392411,0,100,0.0,10.0,200.0,186.0,7,0
2566431872,2,28241,20.79699999999957,282402411,0,100,0.0,10.0,200.0,186.0,7,0
2566431872,2,28242,20.79699999999957,282412411,0,100,0.0,10.0,200.0,186.0,7,0
2566431872,2,28243,20.79699999999957,282422411,0,100,0.0,10.0,200.0,186.0,7,0
2566431872,2,28244,20.79699999999957,282432411,0,100,0.0,10.0,200.0,186.0,7,0
2566431872,2,28245,20.79699999999957,282442411,0,100,0.0,10.0,200.0,186.0,7,0
2566431872,2,28246,20.79699999999957,282452411,0,100,0.0,10.0,200.0,186.0,7,0
2566431872,2,28247,20.79699999999957,282462411,0,100,0.0,10.0,200.0,186.0,7,0
2566431872,2,28248,20.79699999999957,282472411,0,100,0.0,10.0,200.0,186.0,7,0
2566431872,2,28249,20.79699999999957,282482411,0,100,0.0,10.0,200.0,186.0,7,0
2566431872,2,28250,20.79699999999957,282492411,0,100,0.0,10.0,200.0,186.0,7,0
2566431872,2,28251,20.79699999999957,282502411,0,100,0.0,10.0,200.0,186.0,7,0
2566431872,2,28252,20.79699999999957,282512411,0,100,0.0,10.0,200.0,186.0,7,0
2566431872,2,28253,20.79699999999957,282522411,0,100,0.0,10.0,200.0,186.0,7,0
2566431872,2,28254,20.79699999999957,282532411,0,100,0.0,10.0,200.0,186.0,7,0
2566431872,2,28255,20.79699999999957,282542411,0,100,0.0,10.0,200.0,186.0,7,0
2566431872,2,28256,20.79699999999957,282552411,0,100,0.0,10.0,200.0,186.0,7,0
2566431872,2,28257,20.79699999999957,282562411,0,100,0.0,10.0,200.0,186.0,7,0
2566431872,2,28258,20.79699999999957,282572411,0,100,0.0,10.0,200.0,186.0,7,0
2566431872,2,28259,20.79699999999957,282582411,0,100,0.0,10.0,200.0,186.0,7,0
2566431872,2,28260,20.79699999999957,282592411,0,100,0.0,10.0,200.0,186.0,7,0
2566431872,2,28261,20.79699999999957,282602411,0,100,0.0,10.0,200.0,186.0,7,0
2566431872,2,28262,20.79699999999957,282612411,0,100,0.0,10.0,200.0,186.0,7,0
2566431872,2,28263,20.79699999999957,282622411,0,100,0.0,10.0,200.0,186.0,7,0
2566431872,2,28264,20.79699999999957,282632411,0,100,0.0,10.0,200.0,186.0,7,0
2566431872,2,28265,20.79699999999957,282642411,0,100,0.0,10.0,200.0,186.0,7,0
2566431872,2,28266,20.79699999999957,282652411,0,100,0.0,10.0,200.0,186.0,7,0
2566431872,2,28267,20.79699999999957,282662411,0,100,0.0,10.0,200.0,186.0,7,0
2566431872,2,28268,20.79699999999957,282672411,0,100,0.0,10.0,200.0,186.0,7,0
2566431872,2,28269,20.79699999999957,282682411,0,100,0.0,10.0,200.0,186.0,7,0
2566431872,2,28270,20.79699999999957,282692411,0,100,0.0,10.0,200.0,186.0,7,0
2566431872,2,28271,20.79699999999957,282702411,0,100,0.0,10.0,200.0,186.0,7,0
2566431872,2,28272,20.79699999999957,282712411,0,100,0.0,10.0,200.0,186.0,7,0
2566431872,2,28273,20.79699999999957,282722411,0,100,0.0,10.0,200.0,186.0,7,0
2566431872,2,28274,20.79699999999957,282732411,0,100,0.0,10.0,200.0,186.0,7,0
2566431872,2,28275,20.79699999999957,282742411,0,100,0.0,10.0,200.0,186.0,7,0
2566431872,2,28276,20.79699999999957,282752411,0,100,0.0,10.0,200.0,186.0,7,0
2566431872,2,28277,20.79699999999957,282762411,0,100,0.0,10.0,200.0,186.0,7,0
2566431872,2,28278,20.79699999999957,282772412,0,100,0.0,10.0,200.0,186.0,7,0
2566431872,2,28279,20.79699999999957,282782411,0,100,0.0,10.0,200.0,186.0,7,0
2566431872,2,28280,20.79699999999957,282792411,0,100,0.0,10.0,200.0,186.0,7,0
2566431872,2,28281,20.79699999999957,282802411,0,100,0.0,10.0,200.0,186.0,7,0
2566431872,2,28282,20.79699999999957,282812411,0,100,0.0,10.0,200.0,186.0,7,0
2566431872,2,28283,20.79699999999957,282822411,0,100,0.0,10.0,200.0,186.0,7,0
2566431872,2,28284,20.79699999999957,282832411,0,100,0.0,10.0,200.0,186.0,7,0
2566431872,2,28285,20.79699999999957,282842411,0,100,0.0,10.0,200.0,186.0,7,0
2566431872,2,28286,20.79699999999957,282852411,0,100,0.0,10.0,200.0,186.0,7,0
2566431872,2,28287,20.79699999999957,282862411,0,100,0.0,10.0,200.0,186.0,7,0
2566431872,2,28288,21.15599999999995,282872411,0,100,0.0,10.0,200.0,186.0,7,0
2566431872,2,28289,21.15599999999995,282882411,0,100,0.0,10.0,200.0,186.0,7,0
2566431872,2,28290,21.15599999999995,282892411,0,100,0.0,10.0,200.0,186.0,7,0
2566431872,2,28291,21.15599999999995,282902411,0,100,0.0,10.0,200.0,186.0,7,0
2566431872,2,28292,21.15599999999995,282912411,0,100,0.0,10.0,200.0,186.0,7,0
2566431872,2,28293,21.15599999999995,282922411,0,100,0.0,10.0,200.0,186.0,7,0
2566431872,2,28294,21.15599999999995,282932411,0,100,0.0,10.0,200.0,186.0,7,0
2566431872,2,28295,21.15599999999995,282942411,0,100,0.0,10.0,200.0,186.0,7,0
2566431872,2,28296,21.15599999999995,282952411,0,100,0.0,10.0,200.0,186.0,7,0
2566431872,2,28297,21.15599999999995,282962411,0,100,0.0,10.0,200.0,186.0,7,0
2566431872,2,28298,21.15599999999995,282972411,0,100,0.0,10.0,200.0,186.0,7,0
2566431872,2,28299,21.15599999999995,282982411,0,100,0.0,10.0,200.0,186.0,7,0
2566431872,2,28300,21.15599999999995,282992411,0,100,0.0,10.0,200.0,186.0,7,0
2566431872,2,28301,21.15599999999995,283002411,0,100,0.0,10.0,200.0,186.0,7,0
2566431872,2,28302,21.15599999999995,283012411,0,100,0.0,10.0,200.0,186.0,7,0
2566431872,2,28303,21.15599999999995,283022411,0,100,0.0,10.0,200.0,186.0,7,0
2566431872,2,28304,21.15599999999995,283032411,0,100,0.0,10.0,200.0,186.0,7,0
2566431872,2,28305,21.15599999999995,283042411,0,100,0.0,10.0,200.0,186.0,7,0
2566431872,2,28306,21.15599999999995,283052411,0,100,0.0,10.0,200.0,186.0,7,0
2566431872,2,28307,21.15599999999995,283062411,0,100,0.0,10.0,200.0,186.0,7,0
2566431872,2,28308,21.15599999999995,283072411,0,100,0.0,10.0,200.0,186.0,7,0
2566431872,2,28309,21.15599999999995,283082411,0,100,0.0,10.0,200.0,186.0,7,0
2566431872,2,28310,21.15599999999995,283092411,0,100,0.0,10.0,200.0,186.0,7,0
2566431872,2,28311,21.15599999999995,283102411,0,100,0.0,10.0,200.0,186.0,7,0
2566431872,2,28312,21.15599999999995,283112411,0,100,0.0,10.0,200.0,186.0,7,0
2566431872,2,28313,21.15599999999995,283122411,0,100,0.0,10.0,200.0,186.0,7,0
2566431872,2,28314,21.15599999999995,283132411,0,100,0.0,10.0,200.0,186.0,7,0
2566431872,2,28315,21.15599999999995,283142411,0,100,0.0,10.0,200.0,186.0,7,0
2566431872,2,28316,21.15599999999995,283152411,0,100,0.0,10.0,200.0,186.0,7,0
2566431872,2,28317,21.15599999999995,283162411,0,100,0.0,10.0,200.0,186.0,7,0
2566431872,2,28318,21.15599999999995,283172411,0,100,0.0,10.0,200.0,186.0,7,0
2566431872,2,28319,21.15599999999995,283182411,0,100,0.0,10.0,200.0,186.0,7,0
2566431872,2,28320,21.561999999999898,283192411,0,100,0.0,10.0,200.0,186.0,7,0
2566431872,2,28321,21.561999999999898,283202411,0,100,0.0,10.0,200.0,186.0,7,0
2566431872,2,28322,21.561999999999898,283212411,0,100,0.0,10.0,200.0,186.0,7,0
2566431872,2,28323,21.561999999999898,283222411,0,100,0.0,10.0,200.0,186.0,7,0
2566431872,2,28324,21.561999999999898,283232411,0,100,0.0,10.0,200.0,186.0,7,0
2566431872,2,28325,21.561999999999898,283242411,0,100,0.0,10.0,200.0,186.0,7,0
2566431872,2,28326,21.561999999999898,283252411,0,100,0.0,10.0,200.0,186.0,7,0
2566431872,2,28327,21.561999999999898,283262411,0,100,0.0,10.0,200.0,186.0,7,0
2566431872,2,28328,21.561999999999898,283272411,0,100,0.0,10.0,200.0,186.0,7,0
2566431872,2,28329,21.561999999999898,283282411,0,100,0.0,10.0,200.0,186.0,7,0
2566431872,2,28330,21.561999999999898,283292411,0,100,0.0,10.0,200.0,186.0,7,0
2566431872,2,28331,21.561999999999898,283302411,0,100,0.0,10.0,200.0,186.0,7,0
2566431872,2,28332,21.561999999999898,283312411,0,100,0.0,10.0,200.0,186.0,7,0
2566431872,2,28333,21.561999999999898,283322411,0,100,0.0,10.0,200.0,186.0,7,0
2566431872,2,28334,21.561999999999898,283332411,0,100,0.0,10.0,200.0,186.0,7,0
2566431872,2,28335,21.561999999999898,283342411,0,100,0.0,10.0,200.0,186.0,7,0
2566431872,2,28336,21.561999999999898,283352411,0,100,0.0,10.0,200.0,186.0,7,0
2566431872,2,28337,21.561999999999898,283362411,0,100,0.0,10.0,200.0,186.0,7,0
2566431872,2,28338,21.561999999999898,283372411,0,100,0.0,10.0,200.0,186.0,7,0
2566431872,2,28339,21.561999999999898,283382411,0,100,0.0,10.0,200.0,186.0,7,0
2566431872,2,28340,21.561999999999898,283392411,0,100,0.0,10.0,200.0,186.0,7,0
2566431872,2,28341,21.561999999999898,283402411,0,100,0.0,10.0,200.0,186.0,7,0
2566431872,2,28342,21.561999999999898,283412411,0,100,0.0,10.0,200.0,186.0,7,0
2566431872,2,28343,21.561999999999898,283422411,0,100,0.0,10.0,200.0,186.0,7,0
2566431872,2,28344,21.561999999999898,283432411,0,100,0.0,10.0,200.0,186.0,7,0
2566431872,2,28345,21.561999999999898,283442411,0,100,0.0,10.0,200.0,186.0,7,0
2566431872,2,28346,21.561999999999898,283452411,0,100,0.0,10.0,200.0,186.0,7,0
2566431872,2,28347,21.561999999999898,283462411,0,100,0.0,10.0,200.0,186.0,7,0
2566431872,2,28348,21.561999999999898,283472411,0,100,0.0,10.0,200.0,186.0,7,0
2566431872,2,28349,21.561999999999898,283482411,0,100,0.0,10.0,200.0,186.0,7,0
2566431872,2,28350,21.561999999999898,283492411,0,100,0.0,10.0,200.0,186.0,7,0
2566431872,2,28351,21.561999999999898,283502411,0,100,0.0,10.0,200.0,186.0,7,0
2566431872,2,28352,21.561999999999898,283512411,0,100,0.0,10.0,200.0,186.0,7,0
2566431872,2,28353,21.561999999999898,283522411,0,100,0.0,10.0,200.0,186.0,7,0
2566431872,2,28354,21.561999999999898,283532411,0,100,0.0,10.0,200.0,186.0,7,0
2566431872,2,28355,21.561999999999898,283542411,0,100,0.0,10.0,200.0,186.0,7,0
2566431872,2,28356,21.561999999999898,283552411,0,100,0.0,10.0,200.0,186.0,7,0
2566431872,2,28357,21.561999999999898,283562411,0,100,0.0,10.0,200.0,186.0,7,0
2566431872,2,28358,21.561999999999898,283572411,0,100,0.0,10.0,200.0,186.0,7,0
2566431872,2,28359,21.561999999999898,283582411,0,100,0.0,10.0,200.0,186.0,7,0
2566431872,2,28360,22.09400000000005,283592411,0,100,0.0,10.0,200.0,186.0,7,0
2566431872,2,28361,22.09400000000005,283602411,0,100,0.0,10.0,200.0,186.0,7,0
2566431872,2,28362,22.09400000000005,283612411,0,100,0.0,10.0,200.0,186.0,7,0
2566431872,2,28363,22.09400000000005,283622411,0,100,0.0,10.0,200.0,186.0,7,0
2566431872,2,28364,22.09400000000005,283632411,0,100,0.0,10.0,200.0,186.0,7,0
2566431872,2,28365,22.09400000000005,283642411,0,100,0.0,10.0,200.0,186.0,7,0
2566431872,2,28366,22.09400000000005,283652411,0,100,0.0,10.0,200.0,186.0,7,0
2566431872,2,28367,22.09400000000005,283662411,0,100,0.0,10.0,200.0,186.0,7,0
2566431872,2,28368,22.09400000000005,283672411,0,100,0.0,10.0,200.0,186.0,7,0
2566431872,2,28369,22.09400000000005,283682411,0,100,0.0,10.0,200.0,186.0,7,0
2566431872,2,28370,22.09400000000005,283692411,0,100,0.0,10.0,200.0,186.0,7,0
2566431872,2,28371,22.09400000000005,283702411,0,100,0.0,10.0,200.0,186.0,7,0
2566431872,2,28372,22.09400000000005,283712411,0,100,0.0,10.0,200.0,186.0,7,0
2566431872,2,28373,22.09400000000005,283722411,0,100,0.0,10.0,200.0,186.0,7,0
2566431872,2,28374,22.09400000000005,283732411,0,100,0.0,10.0,200.0,186.0,7,0
2566431872,2,28375,22.09400000000005,283742411,0,100,0.0,10.0,200.0,186.0,7,0
2566431872,2,28376,22.09400000000005,283752411,0,100,0.0,10.0,200.0,186.0,7,0
2566431872,2,28377,22.09400000000005,283762411,0,100,0.0,10.0,200.0,186.0,7,0
2566431872,2,28378,22.09400000000005,283772411,0,100,0.0,10.0,200.0,186.0,7,0
2566431872,2,28379,22.09400000000005,283782411,0,100,0.0,10.0,200.0,186.0,7,0
2566431872,2,28380,22.09400000000005,283792411,0,100,0.0,10.0,200.0,186.0,7,0
2566431872,2,28381,22.09400000000005,283802411,0,100,0.0,10.0,200.0,186.0,7,0
2566431872,2,28382,22.09400000000005,283812411,0,100,0.0,10.0,200.0,186.0,7,0
2566431872,2,28383,22.09400000000005,283822411,0,100,0.0,10.0,200.0,186.0,7,0
2566431872,2,28384,22.09400000000005,283832411,0,100,0.0,10.0,200.0,186.0,7,0
2566431872,2,28385,22.09400000000005,283842411,0,100,0.0,10.0,200.0,186.0,7,0
2566431872,2,28386,22.09400000000005,283852411,0,100,0.0,10.0,200.0,186.0,7,0
2566431872,2,28387,22.09400000000005,283862411,0,100,0.0,10.0,200.0,186.0,7,0
2566431872,2,28388,22.09400000000005,283872411,0,100,0.0,10.0,200.0,186.0,7,0
2566431872,2,28389,22.09400000000005,283882411,0,100,0.0,10.0,200.0,186.0,7,0
2566431872,2,28390,22.09400000000005,283892411,0,100,0.0,10.0,200.0,186.0,7,0
2566431872,2,28391,22.09400000000005,283902411,0,100,0.0,10.0,200.0,186.0,7,0
2566431872,2,28392,22.09400000000005,283912411,0,100,0.0,10.0,200.0,186.0,7,0
2566431872,2,28393,22.09400000000005,283922411,0,100,0.0,10.0,200.0,186.0,7,0
2566431872,2,28394,22.09400000000005,283932411,0,100,0.0,10.0,200.0,186.0,7,0
2566431872,2,28395,22.09400000000005,283942411,0,100,0.0,10.0,200.0,186.0,7,0
2566431872,2,28396,22.09400000000005,283952411,0,100,0.0,10.0,200.0,186.0,7,0
2566431872,2,28397,22.09400000000005,283962411,0,100,0.0,10.0,200.0,186.0,7,0
2566431872,2,28398,22.09400000000005,283972411,0,100,0.0,10.0,200.0,186.0,7,0
2566431872,2,28399,22.09400000000005,283982411,0,100,0.0,10.0,200.0,186.0,7,0
2566431872,2,28400,22.09400000000005,283992411,0,100,0.0,10.0,200.0,186.0,7,0
2566431872,2,28401,22.09400000000005,284002411,0,100,0.0,10.0,200.0,186.0,7,0
2566431872,2,28402,22.09400000000005,284012411,0,100,0.0,10.0,200.0,186.0,7,0
2566431872,2,28403,22.09400000000005,284022411,0,100,0.0,10.0,200.0,186.0,7,0
2566431872,2,28404,22.09400000000005,284032411,0,100,0.0,10.0,200.0,186.0,7,0
2566431872,2,28405,22.09400000000005,284042411,0,100,0.0,10.0,200.0,186.0,7,0
2566431872,2,28406,22.09400000000005,284052411,0,100,0.0,10.0,200.0,186.0,7,0
2566431872,2,28407,22.09400000000005,284062411,0,100,0.0,10.0,200.0,186.0,7,0
2566431872,2,28408,22.09400000000005,284072411,0,100,0.0,10.0,200.0,186.0,7,0
2566431872,2,28409,22.09400000000005,284082411,0,100,0.0,10.0,200.0,186.0,7,0
2566431872,2,28410,22.09400000000005,284092411,0,100,0.0,10.0,200.0,186.0,7,0
2566431872,2,28411,22.09400000000005,284102411,0,100,0.0,10.0,200.0,186.0,7,0
2566431872,2,28412,22.09400000000005,284112411,0,100,0.0,10.0,200.0,186.0,7,0
2566431872,2,28413,22.09400000000005,284122411,0,100,0.0,10.0,200.0,186.0,7,0
2566431872,2,28414,22.09400000000005,284132411,0,100,0.0,10.0,200.0,186.0,7,0
2566431872,2,28415,22.09400000000005,284142411,0,100,0.0,10.0,200.0,186.0,7,0
2566431872,2,28416,22.65599999999995,284152411,0,100,0.0,10.0,200.0,186.0,7,0
2566431872,2,28417,22.65599999999995,284162411,0,100,0.0,10.0,200.0,186.0,7,0
2566431872,2,28418,22.65599999999995,284172411,0,100,0.0,10.0,200.0,186.0,7,0
2566431872,2,28419,22.65599999999995,284182411,0,100,0.0,10.0,200.0,186.0,7,0
2566431872,2,28420,22.65599999999995,284192411,0,100,0.0,10.0,200.0,186.0,7,0
2566431872,2,28421,22.65599999999995,284202411,0,100,0.0,10.0,200.0,186.0,7,0
2566431872,2,28422,22.65599999999995,284212411,0,100,0.0,10.0,200.0,186.0,7,0
2566431872,2,28423,22.65599999999995,284222411,0,100,0.0,10.0,200.0,186.0,7,0
2566431872,2,28424,22.65599999999995,284232411,0,100,0.0,10.0,200.0,186.0,7,0
2566431872,2,28425,22.65599999999995,284242411,0,100,0.0,10.0,200.0,186.0,7,0
2566431872,2,28426,22.65599999999995,284252411,0,100,0.0,10.0,200.0,186.0,7,0
2566431872,2,28427,22.65599999999995,284262411,0,100,0.0,10.0,200.0,186.0,7,0
2566431872,2,28428,22.65599999999995,284272411,0,100,0.0,10.0,200.0,186.0,7,0
2566431872,2,28429,22.65599999999995,284282411,0,100,0.0,10.0,200.0,186.0,7,0
2566431872,2,28430,22.65599999999995,284292411,0,100,0.0,10.0,200.0,186.0,7,0
2566431872,2,28431,22.65599999999995,284302411,0,100,0.0,10.0,200.0,186.0,7,0
2566431872,2,28432,22.65599999999995,284312411,0,100,0.0,10.0,200.0,186.0,7,0
2566431872,2,28433,22.65599999999995,284322411,0,100,0.0,10.0,200.0,186.0,7,0
2566431872,2,28434,22.65599999999995,284332411,0,100,0.0,10.0,200.0,186.0,7,0
2566431872,2,28435,22.65599999999995,284342411,0,100,0.0,10.0,200.0,186.0,7,0
2566431872,2,28436,22.65599999999995,284352411,0,100,0.0,10.0,200.0,186.0,7,0
2566431872,2,28437,22.65599999999995,284362411,0,100,0.0,10.0,200.0,186.0,7,0
2566431872,2,28438,22.65599999999995,284372411,0,100,0.0,10.0,200.0,186.0,7,0
2566431872,2,28439,22.65599999999995,284382411,0,100,0.0,10.0,200.0,186.0,7,0
2566431872,2,28440,22.65599999999995,284392411,0,100,0.0,10.0,200.0,186.0,7,0
2566431872,2,28441,22.65599999999995,284402411,0,100,0.0,10.0,200.0,186.0,7,0
2566431872,2,28442,22.65599999999995,284412411,0,100,0.0,10.0,200.0,186.0,7,0
2566431872,2,28443,22.65599999999995,284422411,0,100,0.0,10.0,200.0,186.0,7,0
2566431872,2,28444,22.65599999999995,284432411,0,100,0.0,10.0,200.0,186.0,7,0
2566431872,2,28445,22.65599999999995,284442412,0,100,0.0,10.0,200.0,186.0,7,0
2566431872,2,28446,22.65599999999995,284452411,0,100,0.0,10.0,200.0,186.0,7,0
2566431872,2,28447,22.65599999999995,284462411,0,100,0.0,10.0,200.0,186.0,7,0
2566431872,2,28448,22.65599999999995,284472411,0,100,0.0,10.0,200.0,186.0,7,0
2566431872,2,28449,22.65599999999995,284482411,0,100,0.0,10.0,200.0,186.0,7,0
2566431872,2,28450,22.65599999999995,284492411,0,100,0.0,10.0,200.0,186.0,7,0
2566431872,2,28451,22.65599999999995,284502411,0,100,0.0,10.0,200.0,186.0,7,0
2566431872,2,28452,22.65599999999995,284512411,0,100,0.0,10.0,200.0,186.0,7,0
2566431872,2,28453,22.65599999999995,284522411,0,100,0.0,10.0,200.0,186.0,7,0
2566431872,2,28454,22.65599999999995,284532411,0,100,0.0,10.0,200.0,186.0,7,0
2566431872,2,28455,22.65599999999995,284542411,0,100,0.0,10.0,200.0,186.0,7,0
2566431872,2,28456,22.65599999999995,284552411,0,100,0.0,10.0,200.0,186.0,7,0
2566431872,2,28457,22.65599999999995,284562411,0,100,0.0,10.0,200.0,186.0,7,0
2566431872,2,28458,22.65599999999995,284572411,0,100,0.0,10.0,200.0,186.0,7,0
2566431872,2,28459,22.65599999999995,284582411,0,100,0.0,10.0,200.0,186.0,7,0
2566431872,2,28460,22.65599999999995,284592411,0,100,0.0,10.0,200.0,186.0,7,0
2566431872,2,28461,22.65599999999995,284602411,0,100,0.0,10.0,200.0,186.0,7,0
2566431872,2,28462,22.65599999999995,284612411,0,100,0.0,10.0,200.0,186.0,7,0
2566431872,2,28463,22.65599999999995,284622411,0,100,0.0,10.0,200.0,186.0,7,0
2566431872,2,28464,22.65599999999995,284632411,0,100,0.0,10.0,200.0,186.0,7,0
2566431872,2,28465,22.65599999999995,284642411,0,100,0.0,10.0,200.0,186.0,7,0
2566431872,2,28466,22.65599999999995,284652411,0,100,0.0,10.0,200.0,186.0,7,0
2566431872,2,28467,22.65599999999995,284662411,0,100,0.0,10.0,200.0,186.0,7,0
2566431872,2,28468,22.65599999999995,284672411,0,100,0.0,10.0,200.0,186.0,7,0
2566431872,2,28469,22.65599999999995,284682411,0,100,0.0,10.0,200.0,186.0,7,0
2566431872,2,28470,22.65599999999995,284692411,0,100,0.0,10.0,200.0,186.0,7,0
2566431872,2,28471,22.65599999999995,284702411,0,100,0.0,10.0,200.0,186.0,7,0
2566431872,2,28472,23.23399999999947,284712411,0,100,0.0,10.0,200.0,186.0,7,0
2566431872,2,28473,23.23399999999947,284722411,0,100,0.0,10.0,200.0,186.0,7,0
2566431872,2,28474,23.23399999999947,284732411,0,100,0.0,10.0,200.0,186.0,7,0
2566431872,2,28475,23.23399999999947,284742411,0,100,0.0,10.0,200.0,186.0,7,0
2566431872,2,28476,23.23399999999947,284752411,0,100,0.0,10.0,200.0,186.0,7,0
2566431872,2,28477,23.23399999999947,284762411,0,100,0.0,10.0,200.0,186.0,7,0
2566431872,2,28478,23.23399999999947,284772411,0,100,0.0,10.0,200.0,186.0,7,0
2566431872,2,28479,23.23399999999947,284782411,0,100,0.0,10.0,200.0,186.0,7,0
2566431872,2,28480,23.23399999999947,284792411,0,100,0.0,10.0,200.0,186.0,7,0
2566431872,2,28481,23.23399999999947,284802411,0,100,0.0,10.0,200.0,186.0,7,0
2566431872,2,28482,23.23399999999947,284812411,0,100,0.0,10.0,200.0,186.0,7,0
2566431872,2,28483,23.23399999999947,284822411,0,100,0.0,10.0,200.0,186.0,7,0
2566431872,2,28484,23.23399999999947,284832411,0,100,0.0,10.0,200.0,186.0,7,0
2566431872,2,28485,23.23399999999947,284842411,0,100,0.0,10.0,200.0,186.0,7,0
2566431872,2,28486,23.23399999999947,284852411,0,100,0.0,10.0,200.0,186.0,7,0
2566431872,2,28487,23.23399999999947,284862411,0,100,0.0,10.0,200.0,186.0,7,0
2566431872,2,28488,23.23399999999947,284872411,0,100,0.0,10.0,200.0,186.0,7,0
2566431872,2,28489,23.23399999999947,284882411,0,100,0.0,10.0,200.0,186.0,7,0
2566431872,2,28490,23.23399999999947,284892411,0,100,0.0,10.0,200.0,186.0,7,0
2566431872,2,28491,23.23399999999947,284902411,0,100,0.0,10.0,200.0,186.0,7,0
2566431872,2,28492,23.23399999999947,284912411,0,100,0.0,10.0,200.0,186.0,7,0
2566431872,2,28493,23.23399999999947,284922411,0,100,0.0,10.0,200.0,186.0,7,0
2566431872,2,28494,23.23399999999947,284932411,0,100,0.0,10.0,200.0,186.0,7,0
2566431872,2,28495,23.23399999999947,284942411,0,100,0.0,10.0,200.0,186.0,7,0
2566431872,2,28496,23.23399999999947,284952411,0,100,0.0,10.0,200.0,186.0,7,0
2566431872,2,28497,23.23399999999947,284962411,0,100,0.0,10.0,200.0,186.0,7,0
2566431872,2,28498,23.23399999999947,284972411,0,100,0.0,10.0,200.0,186.0,7,0
2566431872,2,28499,23.23399999999947,284982411,0,100,0.0,10.0,200.0,186.0,7,0
2566431872,2,28500,23.23399999999947,284992411,0,100,0.0,10.0,200.0,186.0,7,0
2566431872,2,28501,23.23399999999947,285002411,0,100,0.0,10.0,200.0,186.0,7,0
2566431872,2,28502,23.23399999999947,285012411,0,100,0.0,10.0,200.0,186.0,7,0
2566431872,2,28503,23.23399999999947,285022411,0,100,0.0,10.0,200.0,186.0,7,0
2566431872,2,28504,23.23399999999947,285032411,0,100,0.0,10.0,200.0,186.0,7,0
2566431872,2,28505,23.23399999999947,285042411,0,100,0.0,10.0,200.0,186.0,7,0
2566431872,2,28506,23.23399999999947,285052411,0,100,0.0,10.0,200.0,186.0,7,0
2566431872,2,28507,23.23399999999947,285062411,0,100,0.0,10.0,200.0,186.0,7,0
2566431872,2,28508,23.23399999999947,285072411,0,100,0.0,10.0,200.0,186.0,7,0
2566431872,2,28509,23.23399999999947,285082411,0,100,0.0,10.0,200.0,186.0,7,0
2566431872,2,28510,23.23399999999947,285092411,0,100,0.0,10.0,200.0,186.0,7,0
2566431872,2,28511,23.23399999999947,285102411,0,100,0.0,10.0,200.0,186.0,7,0
2566431872,2,28512,23.23399999999947,285112411,0,100,0.0,10.0,200.0,186.0,7,0
2566431872,2,28513,23.23399999999947,285122411,0,100,0.0,10.0,200.0,186.0,7,0
2566431872,2,28514,23.23399999999947,285132411,0,100,0.0,10.0,200.0,186.0,7,0
2566431872,2,28515,23.23399999999947,285142411,0,100,0.0,10.0,200.0,186.0,7,0
2566431872,2,28516,23.23399999999947,285152411,0,100,0.0,10.0,200.0,186.0,7,0
2566431872,2,28517,23.23399999999947,285162411,0,100,0.0,10.0,200.0,186.0,7,0
2566431872,2,28518,23.23399999999947,285172411,0,100,0.0,10.0,200.0,186.0,7,0
2566431872,2,28519,23.23399999999947,285182411,0,100,0.0,10.0,200.0,186.0,7,0
2566431872,2,28520,23.23399999999947,285192411,0,100,0.0,10.0,200.0,186.0,7,0
2566431872,2,28521,23.23399999999947,285202411,0,100,0.0,10.0,200.0,186.0,7,0
2566431872,2,28522,23.23399999999947,285212411,0,100,0.0,10.0,200.0,186.0,7,0
2566431872,2,28523,23.23399999999947,285222411,0,100,0.0,10.0,200.0,186.0,7,0
2566431872,2,28524,23.23399999999947,285232411,0,100,0.0,10.0,200.0,186.0,7,0
2566431872,2,28525,23.23399999999947,285242411,0,100,0.0,10.0,200.0,186.0,7,0
2566431872,2,28526,23.23399999999947,285252411,0,100,0.0,10.0,200.0,186.0,7,0
2566431872,2,28527,23.23399999999947,285262411,0,100,0.0,10.0,200.0,186.0,7,0
2566431872,2,28528,23.76599999999962,285272411,0,100,0.0,10.0,200.0,186.0,7,0
2566431872,2,28529,23.76599999999962,285282411,0,100,0.0,10.0,200.0,186.0,7,0
2566431872,2,28530,23.76599999999962,285292411,0,100,0.0,10.0,200.0,186.0,7,0
2566431872,2,28531,23.76599999999962,285302411,0,100,0.0,10.0,200.0,186.0,7,0
2566431872,2,28532,23.76599999999962,285312411,0,100,0.0,10.0,200.0,186.0,7,0
2566431872,2,28533,23.76599999999962,285322411,0,100,0.0,10.0,200.0,186.0,7,0
2566431872,2,28534,23.76599999999962,285332411,0,100,0.0,10.0,200.0,186.0,7,0
2566431872,2,28535,23.76599999999962,285342411,0,100,0.0,10.0,200.0,186.0,7,0
2566431872,2,28536,23.76599999999962,285352411,0,100,0.0,10.0,200.0,186.0,7,0
2566431872,2,28537,23.76599999999962,285362411,0,100,0.0,10.0,200.0,186.0,7,0
2566431872,2,28538,23.76599999999962,285372411,0,100,0.0,10.0,200.0,186.0,7,0
2566431872,2,28539,23.76599999999962,285382411,0,100,0.0,10.0,200.0,186.0,7,0
2566431872,2,28540,23.76599999999962,285392411,0,100,0.0,10.0,200.0,186.0,7,0
2566431872,2,28541,23.76599999999962,285402411,0,100,0.0,10.0,200.0,186.0,7,0
2566431872,2,28542,23.76599999999962,285412411,0,100,0.0,10.0,200.0,186.0,7,0
2566431872,2,28543,23.76599999999962,285422411,0,100,0.0,10.0,200.0,186.0,7,0
2566431872,2,28544,23.76599999999962,285432411,0,100,0.0,10.0,200.0,186.0,7,0
2566431872,2,28545,23.76599999999962,285442411,0,100,0.0,10.0,200.0,186.0,7,0
2566431872,2,28546,23.76599999999962,285452411,0,100,0.0,10.0,200.0,186.0,7,0
2566431872,2,28547,23.76599999999962,285462411,0,100,0.0,10.0,200.0,186.0,7,0
2566431872,2,28548,23.76599999999962,285472411,0,100,0.0,10.0,200.0,186.0,7,0
2566431872,2,28549,23.76599999999962,285482411,0,100,0.0,10.0,200.0,186.0,7,0
2566431872,2,28550,23.76599999999962,285492411,0,100,0.0,10.0,200.0,186.0,7,0
2566431872,2,28551,23.76599999999962,285502411,0,100,0.0,10.0,200.0,186.0,7,0
2566431872,2,28552,23.76599999999962,285512411,0,100,0.0,10.0,200.0,186.0,7,0
2566431872,2,28553,23.76599999999962,285522411,0,100,0.0,10.0,200.0,186.0,7,0
2566431872,2,28554,23.76599999999962,285532411,0,100,0.0,10.0,200.0,186.0,7,0
2566431872,2,28555,23.76599999999962,285542411,0,100,0.0,10.0,200.0,186.0,7,0
2566431872,2,28556,23.76599999999962,285552411,0,100,0.0,10.0,200.0,186.0,7,0
2566431872,2,28557,23.76599999999962,285562411,0,100,0.0,10.0,200.0,186.0,7,0
2566431872,2,28558,23.76599999999962,285572411,0,100,0.0,10.0,200.0,186.0,7,0
2566431872,2,28559,23.76599999999962,285582411,0,100,0.0,10.0,200.0,186.0,7,0
2566431872,2,28560,23.76599999999962,285592411,0,100,0.0,10.0,200.0,186.0,7,0
2566431872,2,28561,23.76599999999962,285602411,0,100,0.0,10.0,200.0,186.0,7,0
2566431872,2,28562,23.76599999999962,285612411,0,100,0.0,10.0,200.0,186.0,7,0
2566431872,2,28563,23.76599999999962,285622411,0,100,0.0,10.0,200.0,186.0,7,0
2566431872,2,28564,23.76599999999962,285632411,0,100,0.0,10.0,200.0,186.0,7,0
2566431872,2,28565,23.76599999999962,285642411,0,100,0.0,10.0,200.0,186.0,7,0
2566431872,2,28566,23.76599999999962,285652411,0,100,0.0,10.0,200.0,186.0,7,0
2566431872,2,28567,23.76599999999962,285662411,0,100,0.0,10.0,200.0,186.0,7,0
2566431872,2,28568,23.76599999999962,285672411,0,100,0.0,10.0,200.0,186.0,7,0
2566431872,2,28569,23.76599999999962,285682411,0,100,0.0,10.0,200.0,186.0,7,0
2566431872,2,28570,23.76599999999962,285692411,0,100,0.0,10.0,200.0,186.0,7,0
2566431872,2,28571,23.76599999999962,285702411,0,100,0.0,10.0,200.0,186.0,7,0
2566431872,2,28572,23.76599999999962,285712411,0,100,0.0,10.0,200.0,186.0,7,0
2566431872,2,28573,23.76599999999962,285722411,0,100,0.0,10.0,200.0,186.0,7,0
2566431872,2,28574,23.76599999999962,285732411,0,100,0.0,10.0,200.0,186.0,7,0
2566431872,2,28575,23.76599999999962,285742411,0,100,0.0,10.0,200.0,186.0,7,0
2566431872,2,28576,23.76599999999962,285752411,0,100,0.0,10.0,200.0,186.0,7,0
2566431872,2,28577,23.76599999999962,285762411,0,100,0.0,10.0,200.0,186.0,7,0
2566431872,2,28578,23.76599999999962,285772411,0,100,0.0,10.0,200.0,186.0,7,0
2566431872,2,28579,23.76599999999962,285782411,0,100,0.0,10.0,200.0,186.0,7,0
2566431872,2,28580,23.76599999999962,285792411,0,100,0.0,10.0,200.0,186.0,7,0
2566431872,2,28581,23.76599999999962,285802411,0,100,0.0,10.0,200.0,186.0,7,0
2566431872,2,28582,23.76599999999962,285812411,0,100,0.0,10.0,200.0,186.0,7,0
2566431872,2,28583,23.76599999999962,285822411,0,100,0.0,10.0,200.0,186.0,7,0
2566431872,2,28584,24.23399999999947,285832411,0,100,0.0,10.0,200.0,186.0,7,0
2566431872,2,28585,24.23399999999947,285842411,0,100,0.0,10.0,200.0,186.0,7,0
2566431872,2,28586,24.23399999999947,285852411,0,100,0.0,10.0,200.0,186.0,7,0
2566431872,2,28587,24.23399999999947,285862411,0,100,0.0,10.0,200.0,186.0,7,0
2566431872,2,28588,24.23399999999947,285872411,0,100,0.0,10.0,200.0,186.0,7,0
2566431872,2,28589,24.23399999999947,285882411,0,100,0.0,10.0,200.0,186.0,7,0
2566431872,2,28590,24.23399999999947,285892411,0,100,0.0,10.0,200.0,186.0,7,0
2566431872,2,28591,24.23399999999947,285902411,0,100,0.0,10.0,200.0,186.0,7,0
2566431872,2,28592,24.23399999999947,285912411,0,100,0.0,10.0,200.0,186.0,7,0
2566431872,2,28593,24.23399999999947,285922411,0,100,0.0,10.0,200.0,186.0,7,0
2566431872,2,28594,24.23399999999947,285932411,0,100,0.0,10.0,200.0,186.0,7,0
2566431872,2,28595,24.23399999999947,285942411,0,100,0.0,10.0,200.0,186.0,7,0
2566431872,2,28596,24.23399999999947,285952411,0,100,0.0,10.0,200.0,186.0,7,0
2566431872,2,28597,24.23399999999947,285962411,0,100,0.0,10.0,200.0,186.0,7,0
2566431872,2,28598,24.23399999999947,285972411,0,100,0.0,10.0,200.0,186.0,7,0
2566431872,2,28599,24.23399999999947,285982411,0,100,0.0,10.0,200.0,186.0,7,0
2566431872,2,28600,24.23399999999947,285992411,0,100,0.0,10.0,200.0,186.0,7,0
2566431872,2,28601,24.23399999999947,286002411,0,100,0.0,10.0,200.0,186.0,7,0
2566431872,2,28602,24.23399999999947,286012411,0,100,0.0,10.0,200.0,186.0,7,0
2566431872,2,28603,24.23399999999947,286022411,0,100,0.0,10.0,200.0,186.0,7,0
2566431872,2,28604,24.23399999999947,286032411,0,100,0.0,10.0,200.0,186.0,7,0
2566431872,2,28605,24.23399999999947,286042411,0,100,0.0,10.0,200.0,186.0,7,0
2566431872,2,28606,24.23399999999947,286052411,0,100,0.0,10.0,200.0,186.0,7,0
2566431872,2,28607,24.23399999999947,286062411,0,100,0.0,10.0,200.0,186.0,7,0
2566431872,2,28608,24.23399999999947,286072411,0,100,0.0,10.0,200.0,186.0,7,0
2566431872,2,28609,24.23399999999947,286082411,0,100,0.0,10.0,200.0,186.0,7,0
2566431872,2,28610,24.23399999999947,286092411,0,100,0.0,10.0,200.0,186.0,7,0
2566431872,2,28611,24.23399999999947,286102411,0,100,0.0,10.0,200.0,186.0,7,0
2566431872,2,28612,24.23399999999947,286112411,0,100,0.0,10.0,200.0,186.0,7,0
2566431872,2,28613,24.23399999999947,286122411,0,100,0.0,10.0,200.0,186.0,7,0
2566431872,2,28614,24.23399999999947,286132411,0,100,0.0,10.0,200.0,186.0,7,0
2566431872,2,28615,24.23399999999947,286142411,0,100,0.0,10.0,200.0,186.0,7,0
2566431872,2,28616,24.23399999999947,286152411,0,100,0.0,10.0,200.0,186.0,7,0
2566431872,2,28617,24.23399999999947,286162411,0,100,0.0,10.0,200.0,186.0,7,0
2566431872,2,28618,24.23399999999947,286172411,0,100,0.0,10.0,200.0,186.0,7,0
2566431872,2,28619,24.23399999999947,286182411,0,100,0.0,10.0,200.0,186.0,7,0
2566431872,2,28620,24.23399999999947,286192411,0,100,0.0,10.0,200.0,186.0,7,0
2566431872,2,28621,24.23399999999947,286202411,0,100,0.0,10.0,200.0,186.0,7,0
2566431872,2,28622,24.23399999999947,286212411,0,100,0.0,10.0,200.0,186.0,7,0
2566431872,2,28623,24.23399999999947,286222411,0,100,0.0,10.0,200.0,186.0,7,0
2566431872,2,28624,24.23399999999947,286232411,0,100,0.0,10.0,200.0,186.0,7,0
2566431872,2,28625,24.23399999999947,286242411,0,100,0.0,10.0,200.0,186.0,7,0
2566431872,2,28626,24.23399999999947,286252411,0,100,0.0,10.0,200.0,186.0,7,0
2566431872,2,28627,24.23399999999947,286262411,0,100,0.0,10.0,200.0,186.0,7,0
2566431872,2,28628,24.23399999999947,286272411,0,100,0.0,10.0,200.0,186.0,7,0
2566431872,2,28629,24.23399999999947,286282411,0,100,0.0,10.0,200.0,186.0,7,0
2566431872,2,28630,24.23399999999947,286292411,0,100,0.0,10.0,200.0,186.0,7,0
2566431872,2,28631,24.23399999999947,286302411,0,100,0.0,10.0,200.0,186.0,7,0
2566431872,2,28632,24.75,286312411,0,100,0.0,10.0,200.0,186.0,7,0
2566431872,2,28633,24.75,286322411,0,100,0.0,10.0,200.0,186.0,7,0
2566431872,2,28634,24.75,286332411,0,100,0.0,10.0,200.0,186.0,7,0
2566431872,2,28635,24.75,286342411,0,100,0.0,10.0,200.0,186.0,7,0
2566431872,2,28636,24.75,286352411,0,100,0.0,10.0,200.0,186.0,7,0
2566431872,2,28637,24.75,286362411,0,100,0.0,10.0,200.0,186.0,7,0
2566431872,2,28638,24.75,286372411,0,100,0.0,10.0,200.0,186.0,7,0
2566431872,2,28639,24.75,286382411,0,100,0.0,10.0,200.0,186.0,7,0
2566431872,2,28640,24.75,286392411,0,100,0.0,10.0,200.0,186.0,7,0
2566431872,2,28641,24.75,286402411,0,100,0.0,10.0,200.0,186.0,7,0
2566431872,2,28642,24.75,286412411,0,100,0.0,10.0,200.0,186.0,7,0
2566431872,2,28643,24.75,286422411,0,100,0.0,10.0,200.0,186.0,7,0
2566431872,2,28644,24.75,286432411,0,100,0.0,10.0,200.0,186.0,7,0
2566431872,2,28645,24.75,286442411,0,100,0.0,10.0,200.0,186.0,7,0
2566431872,2,28646,24.75,286452411,0,100,0.0,10.0,200.0,186.0,7,0
2566431872,2,28647,24.75,286462411,0,100,0.0,10.0,200.0,186.0,7,0
2566431872,2,28648,24.75,286472411,0,100,0.0,10.0,200.0,186.0,7,0
2566431872,2,28649,24.75,286482411,0,100,0.0,10.0,200.0,186.0,7,0
2566431872,2,28650,24.75,286492411,0,100,0.0,10.0,200.0,186.0,7,0
2566431872,2,28651,24.75,286502411,0,100,0.0,10.0,200.0,186.0,7,0
2566431872,2,28652,24.75,286512411,0,100,0.0,10.0,200.0,186.0,7,0
2566431872,2,28653,24.75,286522411,0,100,0.0,10.0,200.0,186.0,7,0
2566431872,2,28654,24.75,286532411,0,100,0.0,10.0,200.0,186.0,7,0
2566431872,2,28655,24.75,286542411,0,100,0.0,10.0,200.0,186.0,7,0
2566431872,2,28656,24.75,286552411,0,100,0.0,10.0,200.0,186.0,7,0
2566431872,2,28657,24.75,286562411,0,100,0.0,10.0,200.0,186.0,7,0
2566431872,2,28658,24.75,286572411,0,100,0.0,10.0,200.0,186.0,7,0
2566431872,2,28659,24.75,286582411,0,100,0.0,10.0,200.0,186.0,7,0
2566431872,2,28660,24.75,286592411,0,100,0.0,10.0,200.0,186.0,7,0
2566431872,2,28661,24.75,286602411,0,100,0.0,10.0,200.0,186.0,7,0
2566431872,2,28662,24.75,286612411,0,100,0.0,10.0,200.0,186.0,7,0
2566431872,2,28663,24.75,286622411,0,100,0.0,10.0,200.0,186.0,7,0
2566431872,2,28664,24.75,286632411,0,100,0.0,10.0,200.0,186.0,7,0
2566431872,2,28665,24.75,286642411,0,100,0.0,10.0,200.0,186.0,7,0
2566431872,2,28666,24.75,286652411,0,100,0.0,10.0,200.0,186.0,7,0
2566431872,2,28667,24.75,286662411,0,100,0.0,10.0,200.0,186.0,7,0
2566431872,2,28668,24.75,286672411,0,100,0.0,10.0,200.0,186.0,7,0
2566431872,2,28669,24.75,286682411,0,100,0.0,10.0,200.0,186.0,7,0
2566431872,2,28670,24.75,286692411,0,100,0.0,10.0,200.0,186.0,7,0
2566431872,2,28671,24.75,286702411,0,100,0.0,10.0,200.0,186.0,7,0
2566431872,2,28672,24.75,286712411,0,100,0.0,10.0,200.0,186.0,7,0
2566431872,2,28673,24.75,286722411,0,100,0.0,10.0,200.0,186.0,7,0
2566431872,2,28674,24.75,286732411,0,100,0.0,10.0,200.0,186.0,7,0
2566431872,2,28675,24.75,286742411,0,100,0.0,10.0,200.0,186.0,7,0
2566431872,2,28676,24.75,286752411,0,100,0.0,10.0,200.0,186.0,7,0
2566431872,2,28677,24.75,286762411,0,100,0.0,10.0,200.0,186.0,7,0
2566431872,2,28678,24.75,286772411,0,100,0.0,10.0,200.0,186.0,7,0
2566431872,2,28679,24.75,286782411,0,100,0.0,10.0,200.0,186.0,7,0
2566431872,2,28680,25.32799999999952,286792411,0,100,0.0,10.0,200.0,186.0,7,0
2566431872,2,28681,25.32799999999952,286802411,0,100,0.0,10.0,200.0,186.0,7,0
2566431872,2,28682,25.32799999999952,286812411,0,100,0.0,10.0,200.0,186.0,7,0
2566431872,2,28683,25.32799999999952,286822411,0,100,0.0,10.0,200.0,186.0,7,0
2566431872,2,28684,25.32799999999952,286832411,0,100,0.0,10.0,200.0,186.0,7,0
2566431872,2,28685,25.32799999999952,286842411,0,100,0.0,10.0,200.0,186.0,7,0
2566431872,2,28686,25.32799999999952,286852411,0,100,0.0,10.0,200.0,186.0,7,0
2566431872,2,28687,25.32799999999952,286862411,0,100,0.0,10.0,200.0,186.0,7,0
2566431872,2,28688,25.32799999999952,286872411,0,100,0.0,10.0,200.0,186.0,7,0
2566431872,2,28689,25.32799999999952,286882411,0,100,0.0,10.0,200.0,186.0,7,0
2566431872,2,28690,25.32799999999952,286892411,0,100,0.0,10.0,200.0,186.0,7,0
2566431872,2,28691,25.32799999999952,286902411,0,100,0.0,10.0,200.0,186.0,7,0
2566431872,2,28692,25.32799999999952,286912411,0,100,0.0,10.0,200.0,186.0,7,0
2566431872,2,28693,25.32799999999952,286922411,0,100,0.0,10.0,200.0,186.0,7,0
2566431872,2,28694,25.32799999999952,286932411,0,100,0.0,10.0,200.0,186.0,7,0
2566431872,2,28695,25.32799999999952,286942411,0,100,0.0,10.0,200.0,186.0,7,0
2566431872,2,28696,25.32799999999952,286952411,0,100,0.0,10.0,200.0,186.0,7,0
2566431872,2,28697,25.32799999999952,286962411,0,100,0.0,10.0,200.0,186.0,7,0
2566431872,2,28698,25.32799999999952,286972411,0,100,0.0,10.0,200.0,186.0,7,0
2566431872,2,28699,25.32799999999952,286982411,0,100,0.0,10.0,200.0,186.0,7,0
2566431872,2,28700,25.32799999999952,286992411,0,100,0.0,10.0,200.0,186.0,7,0
2566431872,2,28701,25.32799999999952,287002411,0,100,0.0,10.0,200.0,186.0,7,0
2566431872,2,28702,25.32799999999952,287012411,0,100,0.0,10.0,200.0,186.0,7,0
2566431872,2,28703,25.32799999999952,287022411,0,100,0.0,10.0,200.0,186.0,7,0
2566431872,2,28704,25.32799999999952,287032411,0,100,0.0,10.0,200.0,186.0,7,0
2566431872,2,28705,25.32799999999952,287042411,0,100,0.0,10.0,200.0,186.0,7,0
2566431872,2,28706,25.32799999999952,287052411,0,100,0.0,10.0,200.0,186.0,7,0
2566431872,2,28707,25.32799999999952,287062411,0,100,0.0,10.0,200.0,186.0,7,0
2566431872,2,28708,25.32799999999952,287072411,0,100,0.0,10.0,200.0,186.0,7,0
2566431872,2,28709,25.32799999999952,287082411,0,100,0.0,10.0,200.0,186.0,7,0
2566431872,2,28710,25.32799999999952,287092411,0,100,0.0,10.0,200.0,186.0,7,0
2566431872,2,28711,25.32799999999952,287102411,0,100,0.0,10.0,200.0,186.0,7,0
2566431872,2,28712,25.32799999999952,287112411,0,100,0.0,10.0,200.0,186.0,7,0
2566431872,2,28713,25.32799999999952,287122411,0,100,0.0,10.0,200.0,186.0,7,0
2566431872,2,28714,25.32799999999952,287132411,0,100,0.0,10.0,200.0,186.0,7,0
2566431872,2,28715,25.32799999999952,287142411,0,100,0.0,10.0,200.0,186.0,7,0
2566431872,2,28716,25.32799999999952,287152411,0,100,0.0,10.0,200.0,186.0,7,0
2566431872,2,28717,25.32799999999952,287162411,0,100,0.0,10.0,200.0,186.0,7,0
2566431872,2,28718,25.32799999999952,287172411,0,100,0.0,10.0,200.0,186.0,7,0
2566431872,2,28719,25.32799999999952,287182411,0,100,0.0,10.0,200.0,186.0,7,0
2566431872,2,28720,25.32799999999952,287192411,0,100,0.0,10.0,200.0,186.0,7,0
2566431872,2,28721,25.32799999999952,287202411,0,100,0.0,10.0,200.0,186.0,7,0
2566431872,2,28722,25.32799999999952,287212411,0,100,0.0,10.0,200.0,186.0,7,0
2566431872,2,28723,25.32799999999952,287222411,0,100,0.0,10.0,200.0,186.0,7,0
2566431872,2,28724,25.32799999999952,287232411,0,100,0.0,10.0,200.0,186.0,7,0
2566431872,2,28725,25.32799999999952,287242411,0,100,0.0,10.0,200.0,186.0,7,0
2566431872,2,28726,25.32799999999952,287252411,0,100,0.0,10.0,200.0,186.0,7,0
2566431872,2,28727,25.32799999999952,287262411,0,100,0.0,10.0,200.0,186.0,7,0
2566431872,2,28728,25.32799999999952,287272411,0,100,0.0,10.0,200.0,186.0,7,0
2566431872,2,28729,25.32799999999952,287282411,0,100,0.0,10.0,200.0,186.0,7,0
2566431872,2,28730,25.32799999999952,287292411,0,100,0.0,10.0,200.0,186.0,7,0
2566431872,2,28731,25.32799999999952,287302411,0,100,0.0,10.0,200.0,186.0,7,0
2566431872,2,28732,25.32799999999952,287312411,0,100,0.0,10.0,200.0,186.0,7,0
2566431872,2,28733,25.32799999999952,287322411,0,100,0.0,10.0,200.0,186.0,7,0
2566431872,2,28734,25.32799999999952,287332411,0,100,0.0,10.0,200.0,186.0,7,0
2566431872,2,28735,25.32799999999952,287342411,0,100,0.0,10.0,200.0,186.0,7,0
2566431872,2,28736,25.85899999999947,287352411,0,100,0.0,10.0,200.0,186.0,7,0
2566431872,2,28737,25.85899999999947,287362411,0,100,0.0,10.0,200.0,186.0,7,0
2566431872,2,28738,25.85899999999947,287372411,0,100,0.0,10.0,200.0,186.0,7,0
2566431872,2,28739,25.85899999999947,287382411,0,100,0.0,10.0,200.0,186.0,7,0
2566431872,2,28740,25.85899999999947,287392411,0,100,0.0,10.0,200.0,186.0,7,0
2566431872,2,28741,25.85899999999947,287402411,0,100,0.0,10.0,200.0,186.0,7,0
2566431872,2,28742,25.85899999999947,287412411,0,100,0.0,10.0,200.0,186.0,7,0
2566431872,2,28743,25.85899999999947,287422411,0,100,0.0,10.0,200.0,186.0,7,0
2566431872,2,28744,25.85899999999947,287432411,0,100,0.0,10.0,200.0,186.0,7,0
2566431872,2,28745,25.85899999999947,287442411,0,100,0.0,10.0,200.0,186.0,7,0
2566431872,2,28746,25.85899999999947,287452411,0,100,0.0,10.0,200.0,186.0,7,0
2566431872,2,28747,25.85899999999947,287462411,0,100,0.0,10.0,200.0,186.0,7,0
2566431872,2,28748,25.85899999999947,287472411,0,100,0.0,10.0,200.0,186.0,7,0
2566431872,2,28749,25.85899999999947,287482411,0,100,0.0,10.0,200.0,186.0,7,0
2566431872,2,28750,25.85899999999947,287492411,0,100,0.0,10.0,200.0,186.0,7,0
2566431872,2,28751,25.85899999999947,287502411,0,100,0.0,10.0,200.0,186.0,7,0
2566431872,2,28752,25.85899999999947,287512411,0,100,0.0,10.0,200.0,186.0,7,0
2566431872,2,28753,25.85899999999947,287522411,0,100,0.0,10.0,200.0,186.0,7,0
2566431872,2,28754,25.85899999999947,287532411,0,100,0.0,10.0,200.0,186.0,7,0
2566431872,2,28755,25.85899999999947,287542411,0,100,0.0,10.0,200.0,186.0,7,0
2566431872,2,28756,25.85899999999947,287552411,0,100,0.0,10.0,200.0,186.0,7,0
2566431872,2,28757,25.85899999999947,287562411,0,100,0.0,10.0,200.0,186.0,7,0
2566431872,2,28758,25.85899999999947,287572411,0,100,0.0,10.0,200.0,186.0,7,0
2566431872,2,28759,25.85899999999947,287582411,0,100,0.0,10.0,200.0,186.0,7,0
2566431872,2,28760,25.85899999999947,287592411,0,100,0.0,10.0,200.0,186.0,7,0
2566431872,2,28761,25.85899999999947,287602411,0,100,0.0,10.0,200.0,186.0,7,0
2566431872,2,28762,25.85899999999947,287612411,0,100,0.0,10.0,200.0,186.0,7,0
2566431872,2,28763,25.85899999999947,287622411,0,100,0.0,10.0,200.0,186.0,7,0
2566431872,2,28764,25.85899999999947,287632411,0,100,0.0,10.0,200.0,186.0,7,0
2566431872,2,28765,25.85899999999947,287642411,0,100,0.0,10.0,200.0,186.0,7,0
2566431872,2,28766,25.85899999999947,287652411,0,100,0.0,10.0,200.0,186.0,7,0
2566431872,2,28767,25.85899999999947,287662411,0,100,0.0,10.0,200.0,186.0,7,0
2566431872,2,28768,25.85899999999947,287672411,0,100,0.0,10.0,200.0,186.0,7,0
2566431872,2,28769,25.85899999999947,287682411,0,100,0.0,10.0,200.0,186.0,7,0
2566431872,2,28770,25.85899999999947,287692411,0,100,0.0,10.0,200.0,186.0,7,0
2566431872,2,28771,25.85899999999947,287702411,0,100,0.0,10.0,200.0,186.0,7,0
2566431872,2,28772,25.85899999999947,287712411,0,100,0.0,10.0,200.0,186.0,7,0
2566431872,2,28773,25.85899999999947,287722411,0,100,0.0,10.0,200.0,186.0,7,0
2566431872,2,28774,25.85899999999947,287732411,0,100,0.0,10.0,200.0,186.0,7,0
2566431872,2,28775,25.85899999999947,287742411,0,100,0.0,10.0,200.0,186.0,7,0
2566431872,2,28776,25.85899999999947,287752411,0,100,0.0,10.0,200.0,186.0,7,0
2566431872,2,28777,25.85899999999947,287762411,0,100,0.0,10.0,200.0,186.0,7,0
2566431872,2,28778,25.85899999999947,287772411,0,100,0.0,10.0,200.0,186.0,7,0
2566431872,2,28779,25.85899999999947,287782411,0,100,0.0,10.0,200.0,186.0,7,0
2566431872,2,28780,25.85899999999947,287792411,0,100,0.0,10.0,200.0,186.0,7,0
2566431872,2,28781,25.85899999999947,287802411,0,100,0.0,10.0,200.0,186.0,7,0
2566431872,2,28782,25.85899999999947,287812411,0,100,0.0,10.0,200.0,186.0,7,0
2566431872,2,28783,25.85899999999947,287822411,0,100,0.0,10.0,200.0,186.0,7,0
2566431872,2,28784,25.85899999999947,287832411,0,100,0.0,10.0,200.0,186.0,7,0
2566431872,2,28785,25.85899999999947,287842411,0,100,0.0,10.0,200.0,186.0,7,0
2566431872,2,28786,25.85899999999947,287852411,0,100,0.0,10.0,200.0,186.0,7,0
2566431872,2,28787,25.85899999999947,287862411,0,100,0.0,10.0,200.0,186.0,7,0
2566431872,2,28788,25.85899999999947,287872411,0,100,0.0,10.0,200.0,186.0,7,0
2566431872,2,28789,25.85899999999947,287882411,0,100,0.0,10.0,200.0,186.0,7,0
2566431872,2,28790,25.85899999999947,287892411,0,100,0.0,10.0,200.0,186.0,7,0
2566431872,2,28791,25.85899999999947,287902411,0,100,0.0,10.0,200.0,186.0,7,0
2566431872,2,28792,26.42199999999957,287912411,0,100,0.0,10.0,200.0,186.0,7,0
2566431872,2,28793,26.42199999999957,287922411,0,100,0.0,10.0,200.0,186.0,7,0
2566431872,2,28794,26.42199999999957,287932411,0,100,0.0,10.0,200.0,186.0,7,0
2566431872,2,28795,26.42199999999957,287942411,0,100,0.0,10.0,200.0,186.0,7,0
2566431872,2,28796,26.42199999999957,287952411,0,100,0.0,10.0,200.0,186.0,7,0
2566431872,2,28797,26.42199999999957,287962411,0,100,0.0,10.0,200.0,186.0,7,0
2566431872,2,28798,26.42199999999957,287972411,0,100,0.0,10.0,200.0,186.0,7,0
2566431872,2,28799,26.42199999999957,287982411,0,100,0.0,10.0,200.0,186.0,7,0
2566431872,2,28800,26.42199999999957,287992411,0,100,0.0,10.0,200.0,186.0,7,0
2566431872,2,28801,26.42199999999957,288002411,0,100,0.0,10.0,200.0,186.0,7,0
2566431872,2,28802,26.42199999999957,288012411,0,100,0.0,10.0,200.0,186.0,7,0
2566431872,2,28803,26.42199999999957,288022411,0,100,0.0,10.0,200.0,186.0,7,0
2566431872,2,28804,26.42199999999957,288032411,0,100,0.0,10.0,200.0,186.0,7,0
2566431872,2,28805,26.42199999999957,288042411,0,100,0.0,10.0,200.0,186.0,7,0
2566431872,2,28806,26.42199999999957,288052411,0,100,0.0,10.0,200.0,186.0,7,0
2566431872,2,28807,26.42199999999957,288062411,0,100,0.0,10.0,200.0,186.0,7,0
2566431872,2,28808,26.42199999999957,288072411,0,100,0.0,10.0,200.0,186.0,7,0
2566431872,2,28809,26.42199999999957,288082411,0,100,0.0,10.0,200.0,186.0,7,0
2566431872,2,28810,26.42199999999957,288092411,0,100,0.0,10.0,200.0,186.0,7,0
2566431872,2,28811,26.42199999999957,288102411,0,100,0.0,10.0,200.0,186.0,7,0
2566431872,2,28812,26.42199999999957,288112411,0,100,0.0,10.0,200.0,186.0,7,0
2566431872,2,28813,26.42199999999957,288122411,0,100,0.0,10.0,200.0,186.0,7,0
2566431872,2,28814,26.42199999999957,288132411,0,100,0.0,10.0,200.0,186.0,7,0
2566431872,2,28815,26.42199999999957,288142411,0,100,0.0,10.0,200.0,186.0,7,0
2566431872,2,28816,26.42199999999957,288152411,0,100,0.0,10.0,200.0,186.0,7,0
2566431872,2,28817,26.42199999999957,288162411,0,100,0.0,10.0,200.0,186.0,7,0
2566431872,2,28818,26.42199999999957,288172411,0,100,0.0,10.0,200.0,186.0,7,0
2566431872,2,28819,26.42199999999957,288182411,0,100,0.0,10.0,200.0,186.0,7,0
2566431872,2,28820,26.42199999999957,288192411,0,100,0.0,10.0,200.0,186.0,7,0
2566431872,2,28821,26.42199999999957,288202411,0,100,0.0,10.0,200.0,186.0,7,0
2566431872,2,28822,26.42199999999957,288212411,0,100,0.0,10.0,200.0,186.0,7,0
2566431872,2,28823,26.42199999999957,288222411,0,100,0.0,10.0,200.0,186.0,7,0
2566431872,2,28824,26.42199999999957,288232411,0,100,0.0,10.0,200.0,186.0,7,0
2566431872,2,28825,26.42199999999957,288242411,0,100,0.0,10.0,200.0,186.0,7,0
2566431872,2,28826,26.42199999999957,288252411,0,100,0.0,10.0,200.0,186.0,7,0
2566431872,2,28827,26.42199999999957,288262411,0,100,0.0,10.0,200.0,186.0,7,0
2566431872,2,28828,26.42199999999957,288272411,0,100,0.0,10.0,200.0,186.0,7,0
2566431872,2,28829,26.42199999999957,288282411,0,100,0.0,10.0,200.0,186.0,7,0
2566431872,2,28830,26.42199999999957,288292411,0,100,0.0,10.0,200.0,186.0,7,0
2566431872,2,28831,26.42199999999957,288302411,0,100,0.0,10.0,200.0,186.0,7,0
2566431872,2,28832,26.42199999999957,288312411,0,100,0.0,10.0,200.0,186.0,7,0
2566431872,2,28833,26.42199999999957,288322411,0,100,0.0,10.0,200.0,186.0,7,0
2566431872,2,28834,26.42199999999957,288332411,0,100,0.0,10.0,200.0,186.0,7,0
2566431872,2,28835,26.42199999999957,288342411,0,100,0.0,10.0,200.0,186.0,7,0
2566431872,2,28836,26.42199999999957,288352411,0,100,0.0,10.0,200.0,186.0,7,0
2566431872,2,28837,26.42199999999957,288362411,0,100,0.0,10.0,200.0,186.0,7,0
2566431872,2,28838,26.42199999999957,288372411,0,100,0.0,10.0,200.0,186.0,7,0
2566431872,2,28839,26.42199999999957,288382411,0,100,0.0,10.0,200.0,186.0,7,0
2566431872,2,28840,26.42199999999957,288392411,0,100,0.0,10.0,200.0,186.0,7,0
2566431872,2,28841,26.42199999999957,288402411,0,100,0.0,10.0,200.0,186.0,7,0
2566431872,2,28842,26.42199999999957,288412411,0,100,0.0,10.0,200.0,186.0,7,0
2566431872,2,28843,26.42199999999957,288422411,0,100,0.0,10.0,200.0,186.0,7,0
2566431872,2,28844,26.42199999999957,288432411,0,100,0.0,10.0,200.0,186.0,7,0
2566431872,2,28845,26.42199999999957,288442411,0,100,0.0,10.0,200.0,186.0,7,0
2566431872,2,28846,26.42199999999957,288452411,0,100,0.0,10.0,200.0,186.0,7,0
2566431872,2,28847,26.42199999999957,288462411,0,100,0.0,10.0,200.0,186.0,7,0
2566431872,2,28848,27.0,288472411,0,100,0.0,10.0,200.0,186.0,7,0
2566431872,2,28849,27.0,288482411,0,100,0.0,10.0,200.0,186.0,7,0
2566431872,2,28850,27.0,288492411,0,100,0.0,10.0,200.0,186.0,7,0
2566431872,2,28851,27.0,288502411,0,100,0.0,10.0,200.0,186.0,7,0
2566431872,2,28852,27.0,288512411,0,100,0.0,10.0,200.0,186.0,7,0
2566431872,2,28853,27.0,288522411,0,100,0.0,10.0,200.0,186.0,7,0
2566431872,2,28854,27.0,288532411,0,100,0.0,10.0,200.0,186.0,7,0
2566431872,2,28855,27.0,288542411,0,100,0.0,10.0,200.0,186.0,7,0
2566431872,2,28856,27.0,288552411,0,100,0.0,10.0,200.0,186.0,7,0
2566431872,2,28857,27.0,288562411,0,100,0.0,10.0,200.0,186.0,7,0
2566431872,2,28858,27.0,288572411,0,100,0.0,10.0,200.0,186.0,7,0
2566431872,2,28859,27.0,288582411,0,100,0.0,10.0,200.0,186.0,7,0
2566431872,2,28860,27.0,288592411,0,100,0.0,10.0,200.0,186.0,7,0
2566431872,2,28861,27.0,288602411,0,100,0.0,10.0,200.0,186.0,7,0
2566431872,2,28862,27.0,288612411,0,100,0.0,10.0,200.0,186.0,7,0
2566431872,2,28863,27.0,288622411,0,100,0.0,10.0,200.0,186.0,7,0
2566431872,2,28864,27.0,288632411,0,100,0.0,10.0,200.0,186.0,7,0
2566431872,2,28865,27.0,288642411,0,100,0.0,10.0,200.0,186.0,7,0
2566431872,2,28866,27.0,288652411,0,100,0.0,10.0,200.0,186.0,7,0
2566431872,2,28867,27.0,288662411,0,100,0.0,10.0,200.0,186.0,7,0
2566431872,2,28868,27.0,288672411,0,100,0.0,10.0,200.0,186.0,7,0
2566431872,2,28869,27.0,288682411,0,100,0.0,10.0,200.0,186.0,7,0
2566431872,2,28870,27.0,288692411,0,100,0.0,10.0,200.0,186.0,7,0
2566431872,2,28871,27.0,288702411,0,100,0.0,10.0,200.0,186.0,7,0
2566431872,2,28872,27.0,288712411,0,100,0.0,10.0,200.0,186.0,7,0
2566431872,2,28873,27.0,288722411,0,100,0.0,10.0,200.0,186.0,7,0
2566431872,2,28874,27.0,288732411,0,100,0.0,10.0,200.0,186.0,7,0
2566431872,2,28875,27.0,288742411,0,100,0.0,10.0,200.0,186.0,7,0
2566431872,2,28876,27.0,288752411,0,100,0.0,10.0,200.0,186.0,7,0
2566431872,2,28877,27.0,288762411,0,100,0.0,10.0,200.0,186.0,7,0
2566431872,2,28878,27.0,288772411,0,100,0.0,10.0,200.0,186.0,7,0
2566431872,2,28879,27.0,288782411,0,100,0.0,10.0,200.0,186.0,7,0
2566431872,2,28880,27.0,288792411,0,100,0.0,10.0,200.0,186.0,7,0
2566431872,2,28881,27.0,288802411,0,100,0.0,10.0,200.0,186.0,7,0
2566431872,2,28882,27.0,288812411,0,100,0.0,10.0,200.0,186.0,7,0
2566431872,2,28883,27.0,288822411,0,100,0.0,10.0,200.0,186.0,7,0
2566431872,2,28884,27.0,288832411,0,100,0.0,10.0,200.0,186.0,7,0
2566431872,2,28885,27.0,288842411,0,100,0.0,10.0,200.0,186.0,7,0
2566431872,2,28886,27.0,288852411,0,100,0.0,10.0,200.0,186.0,7,0
2566431872,2,28887,27.0,288862411,0,100,0.0,10.0,200.0,186.0,7,0
2566431872,2,28888,27.0,288872411,0,100,0.0,10.0,200.0,186.0,7,0
2566431872,2,28889,27.0,288882411,0,100,0.0,10.0,200.0,186.0,7,0
2566431872,2,28890,27.0,288892411,0,100,0.0,10.0,200.0,186.0,7,0
2566431872,2,28891,27.0,288902411,0,100,0.0,10.0,200.0,186.0,7,0
2566431872,2,28892,27.0,288912411,0,100,0.0,10.0,200.0,186.0,7,0
2566431872,2,28893,27.0,288922411,0,100,0.0,10.0,200.0,186.0,7,0
2566431872,2,28894,27.0,288932411,0,100,0.0,10.0,200.0,186.0,7,0
2566431872,2,28895,27.0,288942411,0,100,0.0,10.0,200.0,186.0,7,0
2566431872,2,28896,27.0,288952411,0,100,0.0,10.0,200.0,186.0,7,0
2566431872,2,28897,27.0,288962411,0,100,0.0,10.0,200.0,186.0,7,0
2566431872,2,28898,27.0,288972411,0,100,0.0,10.0,200.0,186.0,7,0
2566431872,2,28899,27.0,288982411,0,100,0.0,10.0,200.0,186.0,7,0
2566431872,2,28900,27.0,288992411,0,100,0.0,10.0,200.0,186.0,7,0
2566431872,2,28901,27.0,289002411,0,100,0.0,10.0,200.0,186.0,7,0
2566431872,2,28902,27.0,289012411,0,100,0.0,10.0,200.0,186.0,7,0
2566431872,2,28903,27.0,289022411,0,100,0.0,10.0,200.0,186.0,7,0
2566431872,2,28904,27.561999999999898,289032411,0,100,0.0,10.0,200.0,186.0,7,0
2566431872,2,28905,27.561999999999898,289042411,0,100,0.0,10.0,200.0,186.0,7,0
2566431872,2,28906,27.561999999999898,289052411,0,100,0.0,10.0,200.0,186.0,7,0
2566431872,2,28907,27.561999999999898,289062411,0,100,0.0,10.0,200.0,186.0,7,0
2566431872,2,28908,27.561999999999898,289072411,0,100,0.0,10.0,200.0,186.0,7,0
2566431872,2,28909,27.561999999999898,289082411,0,100,0.0,10.0,200.0,186.0,7,0
2566431872,2,28910,27.561999999999898,289092411,0,100,0.0,10.0,200.0,186.0,7,0
2566431872,2,28911,27.561999999999898,289102411,0,100,0.0,10.0,200.0,186.0,7,0
2566431872,2,28912,27.561999999999898,289112411,0,100,0.0,10.0,200.0,186.0,7,0
2566431872,2,28913,27.561999999999898,289122411,0,100,0.0,10.0,200.0,186.0,7,0
2566431872,2,28914,27.561999999999898,289132411,0,100,0.0,10.0,200.0,186.0,7,0
2566431872,2,28915,27.561999999999898,289142411,0,100,0.0,10.0,200.0,186.0,7,0
2566431872,2,28916,27.561999999999898,289152411,0,100,0.0,10.0,200.0,186.0,7,0
2566431872,2,28917,27.561999999999898,289162411,0,100,0.0,10.0,200.0,186.0,7,0
2566431872,2,28918,27.561999999999898,289172411,0,100,0.0,10.0,200.0,186.0,7,0
2566431872,2,28919,27.561999999999898,289182411,0,100,0.0,10.0,200.0,186.0,7,0
2566431872,2,28920,27.561999999999898,289192411,0,100,0.0,10.0,200.0,186.0,7,0
2566431872,2,28921,27.561999999999898,289202411,0,100,0.0,10.0,200.0,186.0,7,0
2566431872,2,28922,27.561999999999898,289212411,0,100,0.0,10.0,200.0,186.0,7,0
2566431872,2,28923,27.561999999999898,289222411,0,100,0.0,10.0,200.0,186.0,7,0
2566431872,2,28924,27.561999999999898,289232411,0,100,0.0,10.0,200.0,186.0,7,0
2566431872,2,28925,27.561999999999898,289242411,0,100,0.0,10.0,200.0,186.0,7,0
2566431872,2,28926,27.561999999999898,289252411,0,100,0.0,10.0,200.0,186.0,7,0
2566431872,2,28927,27.561999999999898,289262411,0,100,0.0,10.0,200.0,186.0,7,0
2566431872,2,28928,27.561999999999898,289272411,0,100,0.0,10.0,200.0,186.0,7,0
2566431872,2,28929,27.561999999999898,289282411,0,100,0.0,10.0,200.0,186.0,7,0
2566431872,2,28930,27.561999999999898,289292411,0,100,0.0,10.0,200.0,186.0,7,0
2566431872,2,28931,27.561999999999898,289302411,0,100,0.0,10.0,200.0,186.0,7,0
2566431872,2,28932,27.561999999999898,289312411,0,100,0.0,10.0,200.0,186.0,7,0
2566431872,2,28933,27.561999999999898,289322411,0,100,0.0,10.0,200.0,186.0,7,0
2566431872,2,28934,27.561999999999898,289332411,0,100,0.0,10.0,200.0,186.0,7,0
2566431872,2,28935,27.561999999999898,289342411,0,100,0.0,10.0,200.0,186.0,7,0
2566431872,2,28936,27.561999999999898,289352411,0,100,0.0,10.0,200.0,186.0,7,0
2566431872,2,28937,27.561999999999898,289362411,0,100,0.0,10.0,200.0,186.0,7,0
2566431872,2,28938,27.561999999999898,289372411,0,100,0.0,10.0,200.0,186.0,7,0
2566431872,2,28939,27.561999999999898,289382411,0,100,0.0,10.0,200.0,186.0,7,0
2566431872,2,28940,27.561999999999898,289392411,0,100,0.0,10.0,200.0,186.0,7,0
2566431872,2,28941,27.561999999999898,289402411,0,100,0.0,10.0,200.0,186.0,7,0
2566431872,2,28942,27.561999999999898,289412411,0,100,0.0,10.0,200.0,186.0,7,0
2566431872,2,28943,27.561999999999898,289422411,0,100,0.0,10.0,200.0,186.0,7,0
2566431872,2,28944,27.561999999999898,289432411,0,100,0.0,10.0,200.0,186.0,7,0
2566431872,2,28945,27.561999999999898,289442411,0,100,0.0,10.0,200.0,186.0,7,0
2566431872,2,28946,27.561999999999898,289452411,0,100,0.0,10.0,200.0,186.0,7,0
2566431872,2,28947,27.561999999999898,289462411,0,100,0.0,10.0,200.0,186.0,7,0
2566431872,2,28948,27.561999999999898,289472411,0,100,0.0,10.0,200.0,186.0,7,0
2566431872,2,28949,27.561999999999898,289482411,0,100,0.0,10.0,200.0,186.0,7,0
2566431872,2,28950,27.561999999999898,289492411,0,100,0.0,10.0,200.0,186.0,7,0
2566431872,2,28951,27.561999999999898,289502411,0,100,0.0,10.0,200.0,186.0,7,0
2566431872,2,28952,27.561999999999898,289512411,0,100,0.0,10.0,200.0,186.0,7,0
2566431872,2,28953,27.561999999999898,289522411,0,100,0.0,10.0,200.0,186.0,7,0
2566431872,2,28954,27.561999999999898,289532411,0,100,0.0,10.0,200.0,186.0,7,0
2566431872,2,28955,27.561999999999898,289542411,0,100,0.0,10.0,200.0,186.0,7,0
2566431872,2,28956,27.561999999999898,289552411,0,100,0.0,10.0,200.0,186.0,7,0
2566431872,2,28957,27.561999999999898,289562411,0,100,0.0,10.0,200.0,186.0,7,0
2566431872,2,28958,27.561999999999898,289572411,0,100,0.0,10.0,200.0,186.0,7,0
2566431872,2,28959,27.561999999999898,289582411,0,100,0.0,10.0,200.0,186.0,7,0
2566431872,2,28960,27.561999999999898,289592411,0,100,0.0,10.0,200.0,186.0,7,0
2566431872,2,28961,27.561999999999898,289602411,0,100,0.0,10.0,200.0,186.0,7,0
2566431872,2,28962,27.561999999999898,289612411,0,100,0.0,10.0,200.0,186.0,7,0
2566431872,2,28963,27.561999999999898,289622411,0,100,0.0,10.0,200.0,186.0,7,0
2566431872,2,28964,27.561999999999898,289632411,0,100,0.0,10.0,200.0,186.0,7,0
2566431872,2,28965,27.561999999999898,289642411,0,100,0.0,10.0,200.0,186.0,7,0
2566431872,2,28966,27.561999999999898,289652411,0,100,0.0,10.0,200.0,186.0,7,0
2566431872,2,28967,27.561999999999898,289662411,0,100,0.0,10.0,200.0,186.0,7,0
2566431872,2,28968,28.125,289672411,0,100,0.0,10.0,200.0,186.0,7,0
2566431872,2,28969,28.125,289682411,0,100,0.0,10.0,200.0,186.0,7,0
2566431872,2,28970,28.125,289692411,0,100,0.0,10.0,200.0,186.0,7,0
2566431872,2,28971,28.125,289702411,0,100,0.0,10.0,200.0,186.0,7,0
2566431872,2,28972,28.125,289712411,0,100,0.0,10.0,200.0,186.0,7,0
2566431872,2,28973,28.125,289722411,0,100,0.0,10.0,200.0,186.0,7,0
2566431872,2,28974,28.125,289732411,0,100,0.0,10.0,200.0,186.0,7,0
2566431872,2,28975,28.125,289742411,0,100,0.0,10.0,200.0,186.0,7,0
2566431872,2,28976,28.125,289752411,0,100,0.0,10.0,200.0,186.0,7,0
2566431872,2,28977,28.125,289762411,0,100,0.0,10.0,200.0,186.0,7,0
2566431872,2,28978,28.125,289772411,0,100,0.0,10.0,200.0,186.0,7,0
2566431872,2,28979,28.125,289782411,0,100,0.0,10.0,200.0,186.0,7,0
2566431872,2,28980,28.125,289792411,0,100,0.0,10.0,200.0,186.0,7,0
2566431872,2,28981,28.125,289802411,0,100,0.0,10.0,200.0,186.0,7,0
2566431872,2,28982,28.125,289812411,0,100,0.0,10.0,200.0,186.0,7,0
2566431872,2,28983,28.125,289822411,0,100,0.0,10.0,200.0,186.0,7,0
2566431872,2,28984,28.125,289832411,0,100,0.0,10.0,200.0,186.0,7,0
2566431872,2,28985,28.125,289842411,0,100,0.0,10.0,200.0,186.0,7,0
2566431872,2,28986,28.125,289852411,0,100,0.0,10.0,200.0,186.0,7,0
2566431872,2,28987,28.125,289862411,0,100,0.0,10.0,200.0,186.0,7,0
2566431872,2,28988,28.125,289872412,0,100,0.0,10.0,200.0,186.0,7,0
2566431872,2,28989,28.125,289882411,0,100,0.0,10.0,200.0,186.0,7,0
2566431872,2,28990,28.125,289892411,0,100,0.0,10.0,200.0,186.0,7,0
2566431872,2,28991,28.125,289902411,0,100,0.0,10.0,200.0,186.0,7,0
2566431872,2,28992,28.125,289912411,0,100,0.0,10.0,200.0,186.0,7,0
2566431872,2,28993,28.125,289922411,0,100,0.0,10.0,200.0,186.0,7,0
2566431872,2,28994,28.125,289932411,0,100,0.0,10.0,200.0,186.0,7,0
2566431872,2,28995,28.125,289942411,0,100,0.0,10.0,200.0,186.0,7,0
2566431872,2,28996,28.125,289952411,0,100,0.0,10.0,200.0,186.0,7,0
2566431872,2,28997,28.125,289962411,0,100,0.0,10.0,200.0,186.0,7,0
2566431872,2,28998,28.125,289972411,0,100,0.0,10.0,200.0,186.0,7,0
2566431872,2,28999,28.125,289982411,0,100,0.0,10.0,200.0,186.0,7,0
2566431872,2,29000,28.125,289992411,0,100,0.0,10.0,200.0,186.0,7,0
2566431872,2,29001,28.125,290002411,0,100,0.0,10.0,200.0,186.0,7,0
2566431872,2,29002,28.125,290012411,0,100,0.0,10.0,200.0,186.0,7,0
2566431872,2,29003,28.125,290022411,0,100,0.0,10.0,200.0,186.0,7,0
2566431872,2,29004,28.125,290032411,0,100,0.0,10.0,200.0,186.0,7,0
2566431872,2,29005,28.125,290042411,0,100,0.0,10.0,200.0,186.0,7,0
2566431872,2,29006,28.125,290052411,0,100,0.0,10.0,200.0,186.0,7,0
2566431872,2,29007,28.125,290062411,0,100,0.0,10.0,200.0,186.0,7,0
2566431872,2,29008,28.125,290072411,0,100,0.0,10.0,200.0,186.0,7,0
2566431872,2,29009,28.125,290082411,0,100,0.0,10.0,200.0,186.0,7,0
2566431872,2,29010,28.125,290092411,0,100,0.0,10.0,200.0,186.0,7,0
2566431872,2,29011,28.125,290102411,0,100,0.0,10.0,200.0,186.0,7,0
2566431872,2,29012,28.125,290112411,0,100,0.0,10.0,200.0,186.0,7,0
2566431872,2,29013,28.125,290122411,0,100,0.0,10.0,200.0,186.0,7,0
2566431872,2,29014,28.125,290132411,0,100,0.0,10.0,200.0,186.0,7,0
2566431872,2,29015,28.125,290142411,0,100,0.0,10.0,200.0,186.0,7,0
2566431872,2,29016,28.686999999999898,290152411,0,100,0.0,10.0,200.0,186.0,7,0
2566431872,2,29017,28.686999999999898,290162411,0,100,0.0,10.0,200.0,186.0,7,0
2566431872,2,29018,28.686999999999898,290172411,0,100,0.0,10.0,200.0,186.0,7,0
2566431872,2,29019,28.686999999999898,290182411,0,100,0.0,10.0,200.0,186.0,7,0
2566431872,2,29020,28.686999999999898,290192411,0,100,0.0,10.0,200.0,186.0,7,0
2566431872,2,29021,28.686999999999898,290202411,0,100,0.0,10.0,200.0,186.0,7,0
2566431872,2,29022,28.686999999999898,290212411,0,100,0.0,10.0,200.0,186.0,7,0
2566431872,2,29023,28.686999999999898,290222411,0,100,0.0,10.0,200.0,186.0,7,0
2566431872,2,29024,28.686999999999898,290232411,0,100,0.0,10.0,200.0,186.0,7,0
2566431872,2,29025,28.686999999999898,290242411,0,100,0.0,10.0,200.0,186.0,7,0
2566431872,2,29026,28.686999999999898,290252411,0,100,0.0,10.0,200.0,186.0,7,0
2566431872,2,29027,28.686999999999898,290262411,0,100,0.0,10.0,200.0,186.0,7,0
2566431872,2,29028,28.686999999999898,290272411,0,100,0.0,10.0,200.0,186.0,7,0
2566431872,2,29029,28.686999999999898,290282411,0,100,0.0,10.0,200.0,186.0,7,0
2566431872,2,29030,28.686999999999898,290292411,0,100,0.0,10.0,200.0,186.0,7,0
2566431872,2,29031,28.686999999999898,290302411,0,100,0.0,10.0,200.0,186.0,7,0
2566431872,2,29032,28.686999999999898,290312411,0,100,0.0,10.0,200.0,186.0,7,0
2566431872,2,29033,28.686999999999898,290322411,0,100,0.0,10.0,200.0,186.0,7,0
2566431872,2,29034,28.686999999999898,290332411,0,100,0.0,10.0,200.0,186.0,7,0
2566431872,2,29035,28.686999999999898,290342411,0,100,0.0,10.0,200.0,186.0,7,0
2566431872,2,29036,28.686999999999898,290352411,0,100,0.0,10.0,200.0,186.0,7,0
2566431872,2,29037,28.686999999999898,290362411,0,100,0.0,10.0,200.0,186.0,7,0
2566431872,2,29038,28.686999999999898,290372411,0,100,0.0,10.0,200.0,186.0,7,0
2566431872,2,29039,28.686999999999898,290382411,0,100,0.0,10.0,200.0,186.0,7,0
2566431872,2,29040,28.686999999999898,290392411,0,100,0.0,10.0,200.0,186.0,7,0
2566431872,2,29041,28.686999999999898,290402411,0,100,0.0,10.0,200.0,186.0,7,0
2566431872,2,29042,28.686999999999898,290412411,0,100,0.0,10.0,200.0,186.0,7,0
2566431872,2,29043,28.686999999999898,290422411,0,100,0.0,10.0,200.0,186.0,7,0
2566431872,2,29044,28.686999999999898,290432411,0,100,0.0,10.0,200.0,186.0,7,0
2566431872,2,29045,28.686999999999898,290442411,0,100,0.0,10.0,200.0,186.0,7,0
2566431872,2,29046,28.686999999999898,290452411,0,100,0.0,10.0,200.0,186.0,7,0
2566431872,2,29047,28.686999999999898,290462411,0,100,0.0,10.0,200.0,186.0,7,0
2566431872,2,29048,28.686999999999898,290472411,0,100,0.0,10.0,200.0,186.0,7,0
2566431872,2,29049,28.686999999999898,290482411,0,100,0.0,10.0,200.0,186.0,7,0
2566431872,2,29050,28.686999999999898,290492411,0,100,0.0,10.0,200.0,186.0,7,0
2566431872,2,29051,28.686999999999898,290502411,0,100,0.0,10.0,200.0,186.0,7,0
2566431872,2,29052,28.686999999999898,290512411,0,100,0.0,10.0,200.0,186.0,7,0
2566431872,2,29053,28.686999999999898,290522411,0,100,0.0,10.0,200.0,186.0,7,0
2566431872,2,29054,28.686999999999898,290532411,0,100,0.0,10.0,200.0,186.0,7,0
2566431872,2,29055,28.686999999999898,290542411,0,100,0.0,10.0,200.0,186.0,7,0
2566431872,2,29056,28.686999999999898,290552411,0,100,0.0,10.0,200.0,186.0,7,0
2566431872,2,29057,28.686999999999898,290562411,0,100,0.0,10.0,200.0,186.0,7,0
2566431872,2,29058,28.686999999999898,290572411,0,100,0.0,10.0,200.0,186.0,7,0
2566431872,2,29059,28.686999999999898,290582411,0,100,0.0,10.0,200.0,186.0,7,0
2566431872,2,29060,28.686999999999898,290592411,0,100,0.0,10.0,200.0,186.0,7,0
2566431872,2,29061,28.686999999999898,290602411,0,100,0.0,10.0,200.0,186.0,7,0
2566431872,2,29062,28.686999999999898,290612411,0,100,0.0,10.0,200.0,186.0,7,0
2566431872,2,29063,28.686999999999898,290622411,0,100,0.0,10.0,200.0,186.0,7,0
2566431872,2,29064,28.686999999999898,290632411,0,100,0.0,10.0,200.0,186.0,7,0
2566431872,2,29065,28.686999999999898,290642411,0,100,0.0,10.0,200.0,186.0,7,0
2566431872,2,29066,28.686999999999898,290652411,0,100,0.0,10.0,200.0,186.0,7,0
2566431872,2,29067,28.686999999999898,290662411,0,100,0.0,10.0,200.0,186.0,7,0
2566431872,2,29068,28.686999999999898,290672411,0,100,0.0,10.0,200.0,186.0,7,0
2566431872,2,29069,28.686999999999898,290682411,0,100,0.0,10.0,200.0,186.0,7,0
2566431872,2,29070,28.686999999999898,290692411,0,100,0.0,10.0,200.0,186.0,7,0
2566431872,2,29071,28.686999999999898,290702411,0,100,0.0,10.0,200.0,186.0,7,0
2566431872,2,29072,29.26599999999962,290712411,0,100,0.0,10.0,200.0,186.0,7,0
2566431872,2,29073,29.26599999999962,290722411,0,100,0.0,10.0,200.0,186.0,7,0
2566431872,2,29074,29.26599999999962,290732411,0,100,0.0,10.0,200.0,186.0,7,0
2566431872,2,29075,29.26599999999962,290742411,0,100,0.0,10.0,200.0,186.0,7,0
2566431872,2,29076,29.26599999999962,290752411,0,100,0.0,10.0,200.0,186.0,7,0
2566431872,2,29077,29.26599999999962,290762411,0,100,0.0,10.0,200.0,186.0,7,0
2566431872,2,29078,29.26599999999962,290772411,0,100,0.0,10.0,200.0,186.0,7,0
2566431872,2,29079,29.26599999999962,290782411,0,100,0.0,10.0,200.0,186.0,7,0
2566431872,2,29080,29.26599999999962,290792411,0,100,0.0,10.0,200.0,186.0,7,0
2566431872,2,29081,29.26599999999962,290802411,0,100,0.0,10.0,200.0,186.0,7,0
2566431872,2,29082,29.26599999999962,290812411,0,100,0.0,10.0,200.0,186.0,7,0
2566431872,2,29083,29.26599999999962,290822411,0,100,0.0,10.0,200.0,186.0,7,0
2566431872,2,29084,29.26599999999962,290832411,0,100,0.0,10.0,200.0,186.0,7,0
2566431872,2,29085,29.26599999999962,290842411,0,100,0.0,10.0,200.0,186.0,7,0
2566431872,2,29086,29.26599999999962,290852411,0,100,0.0,10.0,200.0,186.0,7,0
2566431872,2,29087,29.26599999999962,290862411,0,100,0.0,10.0,200.0,186.0,7,0
2566431872,2,29088,29.26599999999962,290872411,0,100,0.0,10.0,200.0,186.0,7,0
2566431872,2,29089,29.26599999999962,290882411,0,100,0.0,10.0,200.0,186.0,7,0
2566431872,2,29090,29.26599999999962,290892411,0,100,0.0,10.0,200.0,186.0,7,0
2566431872,2,29091,29.26599999999962,290902411,0,100,0.0,10.0,200.0,186.0,7,0
2566431872,2,29092,29.26599999999962,290912411,0,100,0.0,10.0,200.0,186.0,7,0
2566431872,2,29093,29.26599999999962,290922411,0,100,0.0,10.0,200.0,186.0,7,0
2566431872,2,29094,29.26599999999962,290932411,0,100,0.0,10.0,200.0,186.0,7,0
2566431872,2,29095,29.26599999999962,290942411,0,100,0.0,10.0,200.0,186.0,7,0
2566431872,2,29096,29.26599999999962,290952411,0,100,0.0,10.0,200.0,186.0,7,0
2566431872,2,29097,29.26599999999962,290962411,0,100,0.0,10.0,200.0,186.0,7,0
2566431872,2,29098,29.26599999999962,290972411,0,100,0.0,10.0,200.0,186.0,7,0
2566431872,2,29099,29.26599999999962,290982411,0,100,0.0,10.0,200.0,186.0,7,0
2566431872,2,29100,29.26599999999962,290992411,0,100,0.0,10.0,200.0,186.0,7,0
2566431872,2,29101,29.26599999999962,291002411,0,100,0.0,10.0,200.0,186.0,7,0
2566431872,2,29102,29.26599999999962,291012411,0,100,0.0,10.0,200.0,186.0,7,0
2566431872,2,29103,29.26599999999962,291022411,0,100,0.0,10.0,200.0,186.0,7,0
2566431872,2,29104,29.26599999999962,291032411,0,100,0.0,10.0,200.0,186.0,7,0
2566431872,2,29105,29.26599999999962,291042411,0,100,0.0,10.0,200.0,186.0,7,0
2566431872,2,29106,29.26599999999962,291052411,0,100,0.0,10.0,200.0,186.0,7,0
2566431872,2,29107,29.26599999999962,291062411,0,100,0.0,10.0,200.0,186.0,7,0
2566431872,2,29108,29.26599999999962,291072411,0,100,0.0,10.0,200.0,186.0,7,0
2566431872,2,29109,29.26599999999962,291082411,0,100,0.0,10.0,200.0,186.0,7,0
2566431872,2,29110,29.26599999999962,291092411,0,100,0.0,10.0,200.0,186.0,7,0
2566431872,2,29111,29.26599999999962,291102411,0,100,0.0,10.0,200.0,186.0,7,0
2566431872,2,29112,29.26599999999962,291112411,0,100,0.0,10.0,200.0,186.0,7,0
2566431872,2,29113,29.26599999999962,291122411,0,100,0.0,10.0,200.0,186.0,7,0
2566431872,2,29114,29.26599999999962,291132411,0,100,0.0,10.0,200.0,186.0,7,0
2566431872,2,29115,29.26599999999962,291142411,0,100,0.0,10.0,200.0,186.0,7,0
2566431872,2,29116,29.26599999999962,291152411,0,100,0.0,10.0,200.0,186.0,7,0
2566431872,2,29117,29.26599999999962,291162411,0,100,0.0,10.0,200.0,186.0,7,0
2566431872,2,29118,29.26599999999962,291172411,0,100,0.0,10.0,200.0,186.0,7,0
2566431872,2,29119,29.26599999999962,291182411,0,100,0.0,10.0,200.0,186.0,7,0
2566431872,2,29120,29.26599999999962,291192411,0,100,0.0,10.0,200.0,186.0,7,0
2566431872,2,29121,29.26599999999962,291202411,0,100,0.0,10.0,200.0,186.0,7,0
2566431872,2,29122,29.26599999999962,291212411,0,100,0.0,10.0,200.0,186.0,7,0
2566431872,2,29123,29.26599999999962,291222411,0,100,0.0,10.0,200.0,186.0,7,0
2566431872,2,29124,29.26599999999962,291232411,0,100,0.0,10.0,200.0,186.0,7,0
2566431872,2,29125,29.26599999999962,291242411,0,100,0.0,10.0,200.0,186.0,7,0
2566431872,2,29126,29.26599999999962,291252411,0,100,0.0,10.0,200.0,186.0,7,0
2566431872,2,29127,29.26599999999962,291262411,0,100,0.0,10.0,200.0,186.0,7,0
2566431872,2,29128,29.26599999999962,291272411,0,100,0.0,10.0,200.0,186.0,7,0
2566431872,2,29129,29.26599999999962,291282411,0,100,0.0,10.0,200.0,186.0,7,0
2566431872,2,29130,29.26599999999962,291292411,0,100,0.0,10.0,200.0,186.0,7,0
2566431872,2,29131,29.26599999999962,291302411,0,100,0.0,10.0,200.0,186.0,7,0
2566431872,2,29132,29.26599999999962,291312411,0,100,0.0,10.0,200.0,186.0,7,0
2566431872,2,29133,29.26599999999962,291322411,0,100,0.0,10.0,200.0,186.0,7,0
2566431872,2,29134,29.26599999999962,291332411,0,100,0.0,10.0,200.0,186.0,7,0
2566431872,2,29135,29.26599999999962,291342411,0,100,0.0,10.0,200.0,186.0,7,0
2566431872,2,29136,29.79699999999957,291352411,0,100,0.0,10.0,200.0,186.0,7,0
2566431872,2,29137,29.79699999999957,291362411,0,100,0.0,10.0,200.0,186.0,7,0
2566431872,2,29138,29.79699999999957,291372411,0,100,0.0,10.0,200.0,186.0,7,0
2566431872,2,29139,29.79699999999957,291382411,0,100,0.0,10.0,200.0,186.0,7,0
2566431872,2,29140,29.79699999999957,291392411,0,100,0.0,10.0,200.0,186.0,7,0
2566431872,2,29141,29.79699999999957,291402411,0,100,0.0,10.0,200.0,186.0,7,0
2566431872,2,29142,29.79699999999957,291412411,0,100,0.0,10.0,200.0,186.0,7,0
2566431872,2,29143,29.79699999999957,291422411,0,100,0.0,10.0,200.0,186.0,7,0
2566431872,2,29144,29.79699999999957,291432411,0,100,0.0,10.0,200.0,186.0,7,0
2566431872,2,29145,29.79699999999957,291442411,0,100,0.0,10.0,200.0,186.0,7,0
2566431872,2,29146,29.79699999999957,291452411,0,100,0.0,10.0,200.0,186.0,7,0
2566431872,2,29147,29.79699999999957,291462411,0,100,0.0,10.0,200.0,186.0,7,0
2566431872,2,29148,29.79699999999957,291472411,0,100,0.0,10.0,200.0,186.0,7,0
2566431872,2,29149,29.79699999999957,291482411,0,100,0.0,10.0,200.0,186.0,7,0
2566431872,2,29150,29.79699999999957,291492411,0,100,0.0,10.0,200.0,186.0,7,0
2566431872,2,29151,29.79699999999957,291502411,0,100,0.0,10.0,200.0,186.0,7,0
2566431872,2,29152,29.79699999999957,291512411,0,100,0.0,10.0,200.0,186.0,7,0
2566431872,2,29153,29.79699999999957,291522411,0,100,0.0,10.0,200.0,186.0,7,0
2566431872,2,29154,29.79699999999957,291532411,0,100,0.0,10.0,200.0,186.0,7,0
2566431872,2,29155,29.79699999999957,291542411,0,100,0.0,10.0,200.0,186.0,7,0
2566431872,2,29156,29.79699999999957,291552411,0,100,0.0,10.0,200.0,186.0,7,0
2566431872,2,29157,29.79699999999957,291562411,0,100,0.0,10.0,200.0,186.0,7,0
2566431872,2,29158,29.79699999999957,291572411,0,100,0.0,10.0,200.0,186.0,7,0
2566431872,2,29159,29.79699999999957,291582411,0,100,0.0,10.0,200.0,186.0,7,0
2566431872,2,29160,29.79699999999957,291592411,0,100,0.0,10.0,200.0,186.0,7,0
2566431872,2,29161,29.79699999999957,291602411,0,100,0.0,10.0,200.0,186.0,7,0
2566431872,2,29162,29.79699999999957,291612411,0,100,0.0,10.0,200.0,186.0,7,0
2566431872,2,29163,29.79699999999957,291622411,0,100,0.0,10.0,200.0,186.0,7,0
2566431872,2,29164,29.79699999999957,291632411,0,100,0.0,10.0,200.0,186.0,7,0
2566431872,2,29165,29.79699999999957,291642411,0,100,0.0,10.0,200.0,186.0,7,0
2566431872,2,29166,29.79699999999957,291652411,0,100,0.0,10.0,200.0,186.0,7,0
2566431872,2,29167,29.79699999999957,291662411,0,100,0.0,10.0,200.0,186.0,7,0
2566431872,2,29168,29.79699999999957,291672411,0,100,0.0,10.0,200.0,186.0,7,0
2566431872,2,29169,29.79699999999957,291682411,0,100,0.0,10.0,200.0,186.0,7,0
2566431872,2,29170,29.79699999999957,291692411,0,100,0.0,10.0,200.0,186.0,7,0
2566431872,2,29171,29.79699999999957,291702411,0,100,0.0,10.0,200.0,186.0,7,0
2566431872,2,29172,29.79699999999957,291712411,0,100,0.0,10.0,200.0,186.0,7,0
2566431872,2,29173,29.79699999999957,291722411,0,100,0.0,10.0,200.0,186.0,7,0
2566431872,2,29174,29.79699999999957,291732411,0,100,0.0,10.0,200.0,186.0,7,0
2566431872,2,29175,29.79699999999957,291742411,0,100,0.0,10.0,200.0,186.0,7,0
2566431872,2,29176,29.79699999999957,291752411,0,100,0.0,10.0,200.0,186.0,7,0
2566431872,2,29177,29.79699999999957,291762411,0,100,0.0,10.0,200.0,186.0,7,0
2566431872,2,29178,29.79699999999957,291772411,0,100,0.0,10.0,200.0,186.0,7,0
2566431872,2,29179,29.79699999999957,291782411,0,100,0.0,10.0,200.0,186.0,7,0
2566431872,2,29180,29.79699999999957,291792411,0,100,0.0,10.0,200.0,186.0,7,0
2566431872,2,29181,29.79699999999957,291802411,0,100,0.0,10.0,200.0,186.0,7,0
2566431872,2,29182,29.79699999999957,291812411,0,100,0.0,10.0,200.0,186.0,7,0
2566431872,2,29183,29.79699999999957,291822411,0,100,0.0,10.0,200.0,186.0,7,0
2566431872,2,29184,30.35899999999947,291832411,0,100,0.0,10.0,200.0,186.0,7,0
2566431872,2,29185,30.35899999999947,291842411,0,100,0.0,10.0,200.0,186.0,7,0
2566431872,2,29186,30.35899999999947,291852411,0,100,0.0,10.0,200.0,186.0,7,0
2566431872,2,29187,30.35899999999947,291862411,0,100,0.0,10.0,200.0,186.0,7,0
2566431872,2,29188,30.35899999999947,291872411,0,100,0.0,10.0,200.0,186.0,7,0
2566431872,2,29189,30.35899999999947,291882411,0,100,0.0,10.0,200.0,186.0,7,0
2566431872,2,29190,30.35899999999947,291892411,0,100,0.0,10.0,200.0,186.0,7,0
2566431872,2,29191,30.35899999999947,291902411,0,100,0.0,10.0,200.0,186.0,7,0
2566431872,2,29192,30.35899999999947,291912411,0,100,0.0,10.0,200.0,186.0,7,0
2566431872,2,29193,30.35899999999947,291922411,0,100,0.0,10.0,200.0,186.0,7,0
2566431872,2,29194,30.35899999999947,291932411,0,100,0.0,10.0,200.0,186.0,7,0
2566431872,2,29195,30.35899999999947,291942411,0,100,0.0,10.0,200.0,186.0,7,0
2566431872,2,29196,30.35899999999947,291952411,0,100,0.0,10.0,200.0,186.0,7,0
2566431872,2,29197,30.35899999999947,291962411,0,100,0.0,10.0,200.0,186.0,7,0
2566431872,2,29198,30.35899999999947,291972411,0,100,0.0,10.0,200.0,186.0,7,0
2566431872,2,29199,30.35899999999947,291982411,0,100,0.0,10.0,200.0,186.0,7,0
2566431872,2,29200,30.35899999999947,291992411,0,100,0.0,10.0,200.0,186.0,7,0
2566431872,2,29201,30.35899999999947,292002411,0,100,0.0,10.0,200.0,186.0,7,0
2566431872,2,29202,30.35899999999947,292012411,0,100,0.0,10.0,200.0,186.0,7,0
2566431872,2,29203,30.35899999999947,292022411,0,100,0.0,10.0,200.0,186.0,7,0
2566431872,2,29204,30.35899999999947,292032411,0,100,0.0,10.0,200.0,186.0,7,0
2566431872,2,29205,30.35899999999947,292042411,0,100,0.0,10.0,200.0,186.0,7,0
2566431872,2,29206,30.35899999999947,292052411,0,100,0.0,10.0,200.0,186.0,7,0
2566431872,2,29207,30.35899999999947,292062411,0,100,0.0,10.0,200.0,186.0,7,0
2566431872,2,29208,30.35899999999947,292072411,0,100,0.0,10.0,200.0,186.0,7,0
2566431872,2,29209,30.35899999999947,292082411,0,100,0.0,10.0,200.0,186.0,7,0
2566431872,2,29210,30.35899999999947,292092411,0,100,0.0,10.0,200.0,186.0,7,0
2566431872,2,29211,30.35899999999947,292102411,0,100,0.0,10.0,200.0,186.0,7,0
2566431872,2,29212,30.35899999999947,292112411,0,100,0.0,10.0,200.0,186.0,7,0
2566431872,2,29213,30.35899999999947,292122411,0,100,0.0,10.0,200.0,186.0,7,0
2566431872,2,29214,30.35899999999947,292132411,0,100,0.0,10.0,200.0,186.0,7,0
2566431872,2,29215,30.35899999999947,292142411,0,100,0.0,10.0,200.0,186.0,7,0
2566431872,2,29216,30.35899999999947,292152411,0,100,0.0,10.0,200.0,186.0,7,0
2566431872,2,29217,30.35899999999947,292162411,0,100,0.0,10.0,200.0,186.0,7,0
2566431872,2,29218,30.35899999999947,292172411,0,100,0.0,10.0,200.0,186.0,7,0
2566431872,2,29219,30.35899999999947,292182411,0,100,0.0,10.0,200.0,186.0,7,0
2566431872,2,29220,30.35899999999947,292192411,0,100,0.0,10.0,200.0,186.0,7,0
2566431872,2,29221,30.35899999999947,292202411,0,100,0.0,10.0,200.0,186.0,7,0
2566431872,2,29222,30.35899999999947,292212411,0,100,0.0,10.0,200.0,186.0,7,0
2566431872,2,29223,30.35899999999947,292222411,0,100,0.0,10.0,200.0,186.0,7,0
2566431872,2,29224,30.35899999999947,292232411,0,100,0.0,10.0,200.0,186.0,7,0
2566431872,2,29225,30.35899999999947,292242411,0,100,0.0,10.0,200.0,186.0,7,0
2566431872,2,29226,30.35899999999947,292252411,0,100,0.0,10.0,200.0,186.0,7,0
2566431872,2,29227,30.35899999999947,292262411,0,100,0.0,10.0,200.0,186.0,7,0
2566431872,2,29228,30.35899999999947,292272411,0,100,0.0,10.0,200.0,186.0,7,0
2566431872,2,29229,30.35899999999947,292282411,0,100,0.0,10.0,200.0,186.0,7,0
2566431872,2,29230,30.35899999999947,292292411,0,100,0.0,10.0,200.0,186.0,7,0
2566431872,2,29231,30.35899999999947,292302411,0,100,0.0,10.0,200.0,186.0,7,0
2566431872,2,29232,30.35899999999947,292312411,0,100,0.0,10.0,200.0,186.0,7,0
2566431872,2,29233,30.35899999999947,292322411,0,100,0.0,10.0,200.0,186.0,7,0
2566431872,2,29234,30.35899999999947,292332411,0,100,0.0,10.0,200.0,186.0,7,0
2566431872,2,29235,30.35899999999947,292342411,0,100,0.0,10.0,200.0,186.0,7,0
2566431872,2,29236,30.35899999999947,292352411,0,100,0.0,10.0,200.0,186.0,7,0
2566431872,2,29237,30.35899999999947,292362411,0,100,0.0,10.0,200.0,186.0,7,0
2566431872,2,29238,30.35899999999947,292372411,0,100,0.0,10.0,200.0,186.0,7,0
2566431872,2,29239,30.35899999999947,292382411,0,100,0.0,10.0,200.0,186.0,7,0
2566431872,2,29240,30.90599999999995,292392411,0,100,0.0,10.0,200.0,186.0,7,0
2566431872,2,29241,30.90599999999995,292402411,0,100,0.0,10.0,200.0,186.0,7,0
2566431872,2,29242,30.90599999999995,292412411,0,100,0.0,10.0,200.0,186.0,7,0
2566431872,2,29243,30.90599999999995,292422411,0,100,0.0,10.0,200.0,186.0,7,0
2566431872,2,29244,30.90599999999995,292432411,0,100,0.0,10.0,200.0,186.0,7,0
2566431872,2,29245,30.90599999999995,292442411,0,100,0.0,10.0,200.0,186.0,7,0
2566431872,2,29246,30.90599999999995,292452411,0,100,0.0,10.0,200.0,186.0,7,0
2566431872,2,29247,30.90599999999995,292462411,0,100,0.0,10.0,200.0,186.0,7,0
2566431872,2,29248,30.90599999999995,292472411,0,100,0.0,10.0,200.0,186.0,7,0
2566431872,2,29249,30.90599999999995,292482411,0,100,0.0,10.0,200.0,186.0,7,0
2566431872,2,29250,30.90599999999995,292492411,0,100,0.0,10.0,200.0,186.0,7,0
2566431872,2,29251,30.90599999999995,292502411,0,100,0.0,10.0,200.0,186.0,7,0
2566431872,2,29252,30.90599999999995,292512411,0,100,0.0,10.0,200.0,186.0,7,0
2566431872,2,29253,30.90599999999995,292522411,0,100,0.0,10.0,200.0,186.0,7,0
2566431872,2,29254,30.90599999999995,292532411,0,100,0.0,10.0,200.0,186.0,7,0
2566431872,2,29255,30.90599999999995,292542411,0,100,0.0,10.0,200.0,186.0,7,0
2566431872,2,29256,30.90599999999995,292552411,0,100,0.0,10.0,200.0,186.0,7,0
2566431872,2,29257,30.90599999999995,292562411,0,100,0.0,10.0,200.0,186.0,7,0
2566431872,2,29258,30.90599999999995,292572411,0,100,0.0,10.0,200.0,186.0,7,0
2566431872,2,29259,30.90599999999995,292582411,0,100,0.0,10.0,200.0,186.0,7,0
2566431872,2,29260,30.90599999999995,292592411,0,100,0.0,10.0,200.0,186.0,7,0
2566431872,2,29261,30.90599999999995,292602411,0,100,0.0,10.0,200.0,186.0,7,0
2566431872,2,29262,30.90599999999995,292612411,0,100,0.0,10.0,200.0,186.0,7,0
2566431872,2,29263,30.90599999999995,292622411,0,100,0.0,10.0,200.0,186.0,7,0
2566431872,2,29264,30.90599999999995,292632411,0,100,0.0,10.0,200.0,186.0,7,0
2566431872,2,29265,30.90599999999995,292642411,0,100,0.0,10.0,200.0,186.0,7,0
2566431872,2,29266,30.90599999999995,292652411,0,100,0.0,10.0,200.0,186.0,7,0
2566431872,2,29267,30.90599999999995,292662411,0,100,0.0,10.0,200.0,186.0,7,0
2566431872,2,29268,30.90599999999995,292672411,0,100,0.0,10.0,200.0,186.0,7,0
2566431872,2,29269,30.90599999999995,292682411,0,100,0.0,10.0,200.0,186.0,7,0
2566431872,2,29270,30.90599999999995,292692411,0,100,0.0,10.0,200.0,186.0,7,0
2566431872,2,29271,30.90599999999995,292702411,0,100,0.0,10.0,200.0,186.0,7,0
2566431872,2,29272,30.90599999999995,292712411,0,100,0.0,10.0,200.0,186.0,7,0
2566431872,2,29273,30.90599999999995,292722411,0,100,0.0,10.0,200.0,186.0,7,0
2566431872,2,29274,30.90599999999995,292732411,0,100,0.0,10.0,200.0,186.0,7,0
2566431872,2,29275,30.90599999999995,292742411,0,100,0.0,10.0,200.0,186.0,7,0
2566431872,2,29276,30.90599999999995,292752411,0,100,0.0,10.0,200.0,186.0,7,0
2566431872,2,29277,30.90599999999995,292762411,0,100,0.0,10.0,200.0,186.0,7,0
2566431872,2,29278,30.90599999999995,292772411,0,100,0.0,10.0,200.0,186.0,7,0
2566431872,2,29279,30.90599999999995,292782411,0,100,0.0,10.0,200.0,186.0,7,0
2566431872,2,29280,30.90599999999995,292792411,0,100,0.0,10.0,200.0,186.0,7,0
2566431872,2,29281,30.90599999999995,292802411,0,100,0.0,10.0,200.0,186.0,7,0
2566431872,2,29282,30.90599999999995,292812411,0,100,0.0,10.0,200.0,186.0,7,0
2566431872,2,29283,30.90599999999995,292822411,0,100,0.0,10.0,200.0,186.0,7,0
2566431872,2,29284,30.90599999999995,292832411,0,100,0.0,10.0,200.0,186.0,7,0
2566431872,2,29285,30.90599999999995,292842411,0,100,0.0,10.0,200.0,186.0,7,0
2566431872,2,29286,30.90599999999995,292852411,0,100,0.0,10.0,200.0,186.0,7,0
2566431872,2,29287,30.90599999999995,292862411,0,100,0.0,10.0,200.0,186.0,7,0
2566431872,2,29288,30.90599999999995,292872411,0,100,0.0,10.0,200.0,186.0,7,0
2566431872,2,29289,30.90599999999995,292882411,0,100,0.0,10.0,200.0,186.0,7,0
2566431872,2,29290,30.90599999999995,292892411,0,100,0.0,10.0,200.0,186.0,7,0
2566431872,2,29291,30.90599999999995,292902411,0,100,0.0,10.0,200.0,186.0,7,0
2566431872,2,29292,30.90599999999995,292912411,0,100,0.0,10.0,200.0,186.0,7,0
2566431872,2,29293,30.90599999999995,292922411,0,100,0.0,10.0,200.0,186.0,7,0
2566431872,2,29294,30.90599999999995,292932411,0,100,0.0,10.0,200.0,186.0,7,0
2566431872,2,29295,30.90599999999995,292942411,0,100,0.0,10.0,200.0,186.0,7,0
2566431872,2,29296,31.48399999999947,292952411,0,100,0.0,10.0,200.0,186.0,7,0
2566431872,2,29297,31.48399999999947,292962411,0,100,0.0,10.0,200.0,186.0,7,0
2566431872,2,29298,31.48399999999947,292972411,0,100,0.0,10.0,200.0,186.0,7,0
2566431872,2,29299,31.48399999999947,292982411,0,100,0.0,10.0,200.0,186.0,7,0
2566431872,2,29300,31.48399999999947,292992411,0,100,0.0,10.0,200.0,186.0,7,0
2566431872,2,29301,31.48399999999947,293002411,0,100,0.0,10.0,200.0,186.0,7,0
2566431872,2,29302,31.48399999999947,293012411,0,100,0.0,10.0,200.0,186.0,7,0
2566431872,2,29303,31.48399999999947,293022411,0,100,0.0,10.0,200.0,186.0,7,0
2566431872,2,29304,31.48399999999947,293032411,0,100,0.0,10.0,200.0,186.0,7,0
2566431872,2,29305,31.48399999999947,293042411,0,100,0.0,10.0,200.0,186.0,7,0
2566431872,2,29306,31.48399999999947,293052411,0,100,0.0,10.0,200.0,186.0,7,0
2566431872,2,29307,31.48399999999947,293062411,0,100,0.0,10.0,200.0,186.0,7,0
2566431872,2,29308,31.48399999999947,293072411,0,100,0.0,10.0,200.0,186.0,7,0
2566431872,2,29309,31.48399999999947,293082411,0,100,0.0,10.0,200.0,186.0,7,0
2566431872,2,29310,31.48399999999947,293092411,0,100,0.0,10.0,200.0,186.0,7,0
2566431872,2,29311,31.48399999999947,293102411,0,100,0.0,10.0,200.0,186.0,7,0
2566431872,2,29312,31.48399999999947,293112411,0,100,0.0,10.0,200.0,186.0,7,0
2566431872,2,29313,31.48399999999947,293122411,0,100,0.0,10.0,200.0,186.0,7,0
2566431872,2,29314,31.48399999999947,293132411,0,100,0.0,10.0,200.0,186.0,7,0
2566431872,2,29315,31.48399999999947,293142411,0,100,0.0,10.0,200.0,186.0,7,0
2566431872,2,29316,31.48399999999947,293152411,0,100,0.0,10.0,200.0,186.0,7,0
2566431872,2,29317,31.48399999999947,293162411,0,100,0.0,10.0,200.0,186.0,7,0
2566431872,2,29318,31.48399999999947,293172411,0,100,0.0,10.0,200.0,186.0,7,0
2566431872,2,29319,31.48399999999947,293182411,0,100,0.0,10.0,200.0,186.0,7,0
2566431872,2,29320,31.48399999999947,293192411,0,100,0.0,10.0,200.0,186.0,7,0
2566431872,2,29321,31.48399999999947,293202411,0,100,0.0,10.0,200.0,186.0,7,0
2566431872,2,29322,31.48399999999947,293212411,0,100,0.0,10.0,200.0,186.0,7,0
2566431872,2,29323,31.48399999999947,293222411,0,100,0.0,10.0,200.0,186.0,7,0
2566431872,2,29324,31.48399999999947,293232411,0,100,0.0,10.0,200.0,186.0,7,0
2566431872,2,29325,31.48399999999947,293242411,0,100,0.0,10.0,200.0,186.0,7,0
2566431872,2,29326,31.48399999999947,293252411,0,100,0.0,10.0,200.0,186.0,7,0
2566431872,2,29327,31.48399999999947,293262411,0,100,0.0,10.0,200.0,186.0,7,0
2566431872,2,29328,31.48399999999947,293272411,0,100,0.0,10.0,200.0,186.0,7,0
2566431872,2,29329,31.48399999999947,293282411,0,100,0.0,10.0,200.0,186.0,7,0
2566431872,2,29330,31.48399999999947,293292412,0,100,0.0,10.0,200.0,186.0,7,0
2566431872,2,29331,31.48399999999947,293302411,0,100,0.0,10.0,200.0,186.0,7,0
2566431872,2,29332,31.48399999999947,293312411,0,100,0.0,10.0,200.0,186.0,7,0
2566431872,2,29333,31.48399999999947,293322411,0,100,0.0,10.0,200.0,186.0,7,0
2566431872,2,29334,31.48399999999947,293332411,0,100,0.0,10.0,200.0,186.0,7,0
2566431872,2,29335,31.48399999999947,293342411,0,100,0.0,10.0,200.0,186.0,7,0
2566431872,2,29336,31.48399999999947,293352411,0,100,0.0,10.0,200.0,186.0,7,0
2566431872,2,29337,31.48399999999947,293362411,0,100,0.0,10.0,200.0,186.0,7,0
2566431872,2,29338,31.48399999999947,293372411,0,100,0.0,10.0,200.0,186.0,7,0
2566431872,2,29339,31.48399999999947,293382411,0,100,0.0,10.0,200.0,186.0,7,0
2566431872,2,29340,31.48399999999947,293392411,0,100,0.0,10.0,200.0,186.0,7,0
2566431872,2,29341,31.48399999999947,293402411,0,100,0.0,10.0,200.0,186.0,7,0
2566431872,2,29342,31.48399999999947,293412411,0,100,0.0,10.0,200.0,186.0,7,0
2566431872,2,29343,31.48399999999947,293422411,0,100,0.0,10.0,200.0,186.0,7,0
2566431872,2,29344,31.48399999999947,293432411,0,100,0.0,10.0,200.0,186.0,7,0
2566431872,2,29345,31.48399999999947,293442411,0,100,0.0,10.0,200.0,186.0,7,0
2566431872,2,29346,31.48399999999947,293452411,0,100,0.0,10.0,200.0,186.0,7,0
2566431872,2,29347,31.48399999999947,293462411,0,100,0.0,10.0,200.0,186.0,7,0
2566431872,2,29348,31.48399999999947,293472411,0,100,0.0,10.0,200.0,186.0,7,0
2566431872,2,29349,31.48399999999947,293482411,0,100,0.0,10.0,200.0,186.0,7,0
2566431872,2,29350,31.48399999999947,293492411,0,100,0.0,10.0,200.0,186.0,7,0
2566431872,2,29351,31.48399999999947,293502411,0,100,0.0,10.0,200.0,186.0,7,0
2566431872,2,29352,31.48399999999947,293512411,0,100,0.0,10.0,200.0,186.0,7,0
2566431872,2,29353,31.48399999999947,293522411,0,100,0.0,10.0,200.0,186.0,7,0
2566431872,2,29354,31.48399999999947,293532411,0,100,0.0,10.0,200.0,186.0,7,0
2566431872,2,29355,31.48399999999947,293542411,0,100,0.0,10.0,200.0,186.0,7,0
2566431872,2,29356,31.48399999999947,293552411,0,100,0.0,10.0,200.0,186.0,7,0
2566431872,2,29357,31.48399999999947,293562411,0,100,0.0,10.0,200.0,186.0,7,0
2566431872,2,29358,31.48399999999947,293572411,0,100,0.0,10.0,200.0,186.0,7,0
2566431872,2,29359,31.48399999999947,293582411,0,100,0.0,10.0,200.0,186.0,7,0
2566431872,2,29360,31.98399999999947,293592411,0,100,0.0,10.0,200.0,186.0,7,0
2566431872,2,29361,31.98399999999947,293602411,0,100,0.0,10.0,200.0,186.0,7,0
2566431872,2,29362,31.98399999999947,293612411,0,100,0.0,10.0,200.0,186.0,7,0
2566431872,2,29363,31.98399999999947,293622411,0,100,0.0,10.0,200.0,186.0,7,0
2566431872,2,29364,31.98399999999947,293632411,0,100,0.0,10.0,200.0,186.0,7,0
2566431872,2,29365,31.98399999999947,293642411,0,100,0.0,10.0,200.0,186.0,7,0
2566431872,2,29366,31.98399999999947,293652411,0,100,0.0,10.0,200.0,186.0,7,0
2566431872,2,29367,31.98399999999947,293662411,0,100,0.0,10.0,200.0,186.0,7,0
2566431872,2,29368,31.98399999999947,293672412,0,100,0.0,10.0,200.0,186.0,7,0
2566431872,2,29369,31.98399999999947,293682411,0,100,0.0,10.0,200.0,186.0,7,0
2566431872,2,29370,31.98399999999947,293692411,0,100,0.0,10.0,200.0,186.0,7,0
2566431872,2,29371,31.98399999999947,293702411,0,100,0.0,10.0,200.0,186.0,7,0
2566431872,2,29372,31.98399999999947,293712411,0,100,0.0,10.0,200.0,186.0,7,0
2566431872,2,29373,31.98399999999947,293722411,0,100,0.0,10.0,200.0,186.0,7,0
2566431872,2,29374,31.98399999999947,293732411,0,100,0.0,10.0,200.0,186.0,7,0
2566431872,2,29375,31.98399999999947,293742411,0,100,0.0,10.0,200.0,186.0,7,0
2566431872,2,29376,31.98399999999947,293752411,0,100,0.0,10.0,200.0,186.0,7,0
2566431872,2,29377,31.98399999999947,293762411,0,100,0.0,10.0,200.0,186.0,7,0
2566431872,2,29378,31.98399999999947,293772411,0,100,0.0,10.0,200.0,186.0,7,0
2566431872,2,29379,31.98399999999947,293782411,0,100,0.0,10.0,200.0,186.0,7,0
2566431872,2,29380,31.98399999999947,293792411,0,100,0.0,10.0,200.0,186.0,7,0
2566431872,2,29381,31.98399999999947,293802411,0,100,0.0,10.0,200.0,186.0,7,0
2566431872,2,29382,31.98399999999947,293812411,0,100,0.0,10.0,200.0,186.0,7,0
2566431872,2,29383,31.98399999999947,293822411,0,100,0.0,10.0,200.0,186.0,7,0
2566431872,2,29384,31.98399999999947,293832411,0,100,0.0,10.0,200.0,186.0,7,0
2566431872,2,29385,31.98399999999947,293842411,0,100,0.0,10.0,200.0,186.0,7,0
2566431872,2,29386,31.98399999999947,293852411,0,100,0.0,10.0,200.0,186.0,7,0
2566431872,2,29387,31.98399999999947,293862411,0,100,0.0,10.0,200.0,186.0,7,0
2566431872,2,29388,31.98399999999947,293872411,0,100,0.0,10.0,200.0,186.0,7,0
2566431872,2,29389,31.98399999999947,293882411,0,100,0.0,10.0,200.0,186.0,7,0
2566431872,2,29390,31.98399999999947,293892411,0,100,0.0,10.0,200.0,186.0,7,0
2566431872,2,29391,31.98399999999947,293902411,0,100,0.0,10.0,200.0,186.0,7,0
2566431872,2,29392,31.98399999999947,293912411,0,100,0.0,10.0,200.0,186.0,7,0
2566431872,2,29393,31.98399999999947,293922411,0,100,0.0,10.0,200.0,186.0,7,0
2566431872,2,29394,31.98399999999947,293932411,0,100,0.0,10.0,200.0,186.0,7,0
2566431872,2,29395,31.98399999999947,293942411,0,100,0.0,10.0,200.0,186.0,7,0
2566431872,2,29396,31.98399999999947,293952411,0,100,0.0,10.0,200.0,186.0,7,0
2566431872,2,29397,31.98399999999947,293962411,0,100,0.0,10.0,200.0,186.0,7,0
2566431872,2,29398,31.98399999999947,293972411,0,100,0.0,10.0,200.0,186.0,7,0
2566431872,2,29399,31.98399999999947,293982411,0,100,0.0,10.0,200.0,186.0,7,0
