:020000040800F2
:10000000900101209D010008D1370008E127000878
:10001000A5370008D9120008915D00080000000013
:10002000000000000000000000000000A1470008E0
:10003000D318000800000000C9450008C94C00089A
:10004000B7010008B7010008B7010008B7010008B0
:10005000B7010008B7010008B7010008B7010008A0
:10006000B7010008B7010008B7010008B701000890
:10007000B7010008B7010008B7010008B701000880
:1000800031130008B7010008B7010008B7010008E4
:10009000B7010008B7010008B7010008B701000860
:1000A000B7010008B7010008B7010008B701000850
:1000B000B7010008B7010008B7010008B701000840
:1000C000B7010008B7010008B7010008B701000830
:1000D000B7010008B7010008F9590008B701000886
:1000E000B7010008B7010008B7010008B701000810
:1000F000B7010008B7010008B7010008B701000800
:10010000B7010008B701000851500008B701000806
:10011000B7010008B701000825510008B701000821
:10012000B7010008B7010008B7010008B7010008CF
:10013000B7010008B7010008B7010008B7010008BF
:10014000B7010008B7010008B7010008B7010008AF
:10015000B7010008B7010008B7010008295A0008D4
:10016000B7010008B7010008B7010008B70100088F
:10017000B7010008B7010008B7010008B70100087F
:10018000B7010008B7010008DFF80CD000F0B6FC9A
:100190000048004719810008900101200648804767
:1001A00006480047FEE7FEE7FEE7FEE7FEE7FEE75C
:1001B000FEE7FEE7FEE7FEE7CD4C000889010008F8
:1001C0009FED1A1AF5EE000A40EE010ABDEEE00AB4
:1001D000F5EEC00A10EE100AF1EE10FA38BF401E1C
:1001E00000EE100A1349F7EE001AB8EEC00A30EE1E
:1001F000C00ADFED0F0A20EE200AFCEEC00A10EE66
:10020000900AC0F3080000EE900A01EB8000F8EEBF
:10021000600A90ED011A70EE600A90ED000A71EE2E
:10022000E01A21EE800A00EE810A704783F9223E2F
:1002300000000044488B0008B5EEC00AF1EE10FA49
:1002400007D2DFED1E0AB4EEE00AF1EE10FAA8BF05
:100250007047DFED1B0AB5EEC00A60EE200ABDEE66
:10026000E01A11EE100AF1EE10FA38BF401E00EE4F
:10027000100A1549F7EE001AB8EEC00A30EEC00AAF
:10028000DFED100A60EE200ABCEEE00A10EE100A64
:10029000C0F3080000EE100A01EB8000B8EE400A3F
:1002A00090ED011A70EEC00A90ED000A71EEE01AAE
:1002B00021EE800A00EE810A70470000CD024CB4A6
:1002C00083F9223E00000044488B000810B5431A11
:1002D000934209D28318881803E010F8011D03F82F
:1002E000011D521EF9D210BD40EA01039B0703D045
:1002F00009E008C9121F08C0042AFAD203E011F865
:10030000013B00F8013B521EF9D210BDD2B201E010
:1003100000F8012B491EFBD270470022F6E710B50A
:1003200013460A4604461946FFF7F0FF204610BD63
:10033000CAB2401E10F8011F8A4202D00029F9D12A
:1003400000207047421C10F8011B0029FBD1801AC5
:10035000704710B5002200E0521C835C8C5CA34205
:1003600001D1002BF8D1D8B2E1B2401A10BD30B59E
:1003700005460020034600E05B1C934205D2EC5C7E
:10038000C85C201A01D1002CF6D130BD2DE9F04710
:1003900091460F4680460446002614F8015B2DB1B5
:1003A00000F020FA0068405DC007F6D12B2D02D086
:1003B0002D2D18D0641E4A463946204600F016FA04
:1003C00027B13968A14201D1C7F8008071054FF00B
:1003D00002040BD54042002803DD05F0FFFC046059
:1003E000A007BDE8F08746F48066E4E70028F8DA65
:1003F00005F0F4FC04606FF00040F2E72DE9FE4FD9
:10040000804681EA0300C00F0C46009021F00041B5
:1004100023F00045B8EB0200A94105D24046214631
:1004200090461C460B46024623F00040104347D03E
:10043000270DC7F30A00C3F30A510290401A019036
:1004400040286BDAC3F3130040F4801B00989246F7
:1004500020B10023D2EB030A63EB0B0B0198594642
:10046000C0F14002504600F08CF906460D46504659
:100470005946019A00F0A4F910EB080061410024EC
:1004800087EA115284EAE7731A4340D0009A62B3B4
:10049000019A012A4FEA075215DC001B61EB0201A9
:1004A0004FF0004202EA0752CDE90042001C41F53C
:1004B000801132462B4600F02EFA03B0BDE8F08FD3
:1004C00040462146F9E7001B61EB0201001C41F5A3
:1004D000801300185B412018A2F5001747EB0301B9
:1004E00040EAD570B6196D4111E06D084FEA360645
:1004F00045EAC0754FEA0752001B61EB0201001C80
:1005000041F5801149084FEA300000195141324647
:100510002B4603B0BDE8F04F00F0EEB90098012281
:1005200040000023D0EB020263EBE0730098214609
:100530004FEAE074B8EB000061EB0401E9E783F0F7
:1005400000435BE781F0004158E72DE9F04D81EA77
:10055000030404F0004B21F0004514464FF0000A5C
:1005600023F0004150EA050220D054EA01021DD0D8
:10057000C5F30A570246C5F31303C1F31300C1F3D1
:100580000A5640F4801543F48013A7EB0608101BAD
:10059000D64608F2FD3873EB050002D308F10108D6
:1005A00001E092185B41B8F1000F03DA0020014628
:1005B000BDE8F08D00204FF48011064684460EE021
:1005C000171B73EB050705D3121B63EB05030643EB
:1005D0004CEA010C49084FEA300092185B4150EA9E
:1005E0000107EDD152EA030012D082EA040083EA47
:1005F0000501084305D0101BAB4106D201220023A0
:1006000006E000224FF0004302E06FF001025310B9
:100610001AEB06004CEB085110EB0A0041EB0B0102
:10062000BDE8F04D00F068B970B5C1F30A5201F0B1
:1006300000450024C1F3130140F2FF3341F480115F
:100640009A4201DA002070BD40F233439A42A2F28E
:10065000334203DC524200F0A3F800E090402C4308
:10066000F1D0404270BD00F0004230F000400AD0AE
:10067000C10D01F56071C0F3160042EA0151C208D4
:1006800040071143704700200146704730B5041EF3
:1006900071F1000404DB4FF00044404264EB0101BF
:1006A000141E73F1000405DB1C464FF00043524258
:1006B00063EB0403994208BF904230BD01F0004350
:1006C00030B421F0004150EA010206D00A0DA2F533
:1006D0006072C1F31301002A02DC30BC00207047B5
:1006E000440F44EAC104C100E01830BC00EBC25022
:1006F00000F0CBB830B50B46014600202022012483
:1007000009E021FA02F59D4205D303FA02F5491BDF
:1007100004FA02F52844151EA2F10102F1DC30BDF5
:100720002DE9F05F0546002092469B468846064626
:10073000814640241BE0284641464746224600F0B9
:100740002FF853465A46C01A914110D31146184605
:10075000224600F016F82D1A67EB01084F46224694
:100760000120002100F00DF817EB00094E41201E7A
:10077000A4F10104DFDC484631462A464346BDE881
:10078000F09F202A04DB203A00FA02F10020704793
:100790009140C2F1200320FA03F3194390407047BF
:1007A000202A04DB203A21FA02F00021704721FAC6
:1007B00002F3D040C2F1200291400843194670472D
:1007C000202A06DBCB17203A41FA02F043EAE07315
:1007D00006E041FA02F3D040C2F120029140084302
:1007E0001946704700487047D09300082DE9F05F24
:1007F00082460078002715468B460AF10104B94667
:10080000302801D09DB113E014F8010B012778289E
:1008100003D0582801D045B10AE00DB1102D07D101
:100820000027102514F8010B02E0082500E00A2536
:100830000026B0460EE005FB080005FB06F1012787
:1008400001EB10461FFA80F8B6F5803F00D3B94699
:1008500014F8010B294600F063F90028EBDABBF12C
:10086000000F05D00FB1641E00E05446CBF80040E5
:10087000B9F1000F06D005F0B1FA02210160C81EDF
:10088000BDE8F09F48EA0640FAE70029A8BF704794
:10089000401C490008BF20F00100704710B4B0FAB6
:1008A00080FC00FA0CF050EA010404BF10BC704751
:1008B00049B1CCF1200421FA04F411FA0CF118BF6B
:1008C000012121430843A3EB0C01CB1D4FEA00613A
:1008D0004FEA102042BF002010BC704700EBC3500D
:1008E00010440029A4BF10BC7047401C490008BF39
:1008F00020F0010010BC704710B5141E73F1000405
:1009000008DA401C41F1000192185B411A4301D101
:1009100020F0010010BD2DE9F04D92469B4611B12B
:10092000B1FA81F202E0B0FA80F220329046FFF78D
:1009300028FF04460F4640EA0A0041EA0B015346ED
:100940005A46084313D0114653EA010019D0C8F1A2
:1009500040025046FFF724FF05460E4650465946D2
:100960004246FFF70EFF084305D0012004E0204671
:100970003946BDE8F08D0020054346EAE0762C4379
:1009800037430A986305E40AA0EB08000022FD0A39
:1009900044EA47540A3002D500200146E9E7010540
:1009A00010196941DDE9084500196941BDE8F04DBC
:1009B000A2E72DE9FE4F81EA030404F0004421F090
:1009C000004100944FF0000B23F0004350EA010473
:1009D0005ED052EA03045BD0C3F30A54C1F30A5554
:1009E0002C44A4F2F3340194A0FB0254C1F313018C
:1009F00041F48011C3F3130343F4801301FB024459
:100A000000FB034E840A970A44EA815447EA83575D
:100A1000A4FB076802958D0A05FB07854FEA932C16
:100A200004FB0C542705029D4FEA065847EA163787
:100A3000B5EB08056EEB070C870E920E47EA81179F
:100A400042EA8312A7FB0201B6EB0B0164EB000440
:100A50002B0D43EA0C335E1844EB1C50DA4651462A
:100A6000E7FB0201C5F313044FEA0B3343EA1453C7
:100A70004FEA0432019C43EA0603A4F10C040294F9
:100A8000009CCDE900B4FFF746FF03B0BDE8F08F4E
:100A900000200146F9E7C1F30A52C1F3130140F205
:100AA000FF3341F480119A4202DA00200146704778
:100AB00040F233439A42A2F2334202DC5242FFF741
:100AC0006FBEFFF75EBE002801DBC0F100400029C9
:100AD00001DBC1F10041814202D24FF0004004E04D
:100AE0004FF0005001D14FF0C0404FEA2062EFF3C9
:100AF000008162F31F6181F300887047064C074D47
:100B000006E0E06840F0010394E8070098471034DD
:100B1000AC42F6D3FFF73CFB4C9700086C970008FB
:100B20003A2800D2303820F02002412A01D3A2F125
:100B30003700884201D34FF0FF30704770B58C18F2
:100B400010F8015B15F0070301D110F8013B2A11E1
:100B500006D110F8012B03E010F8016B01F8016BCE
:100B60005B1EF9D12B0705D40023521E0DD401F8CA
:100B7000013BFAE710F8013BCB1A921C03E013F893
:100B8000015B01F8015B521EF9D5A142D8D30020C8
:100B900070BD000010B500BFEFF31082114672B6B1
:100BA00000201BE0114A92F90020904214D000EB83
:100BB00040120F4B03EBC20292F8032162B10022F4
:100BC00000EB40130A4C04EBC30383F80321094AEA
:100BD0001268521C074B1A60421CD0B20628E1DB97
:100BE00000BF81F3108800BF10BD0000E0000020AE
:100BF00094320020E80000200020002110E001EBEA
:100C00004112094B03EBC20292F8032132B9074AA1
:100C100092F900208A4201D0421CD0B24A1CD1B2C3
:100C20000629ECDB7047000094320020E000002031
:100C3000002110E001EB4110094A02EBC00090F8DE
:100C4000030130B9074890F90000884201D0012023
:100C50007047481CC1B20429ECDB0020F8E7000013
:100C600094320020E00000202DE9F04107460D46B7
:100C70001646022E01D1062000E00420804600F036
:100C800003FB01F031FD10B90020BDE8F08115B182
:100C9000B5F5807F06DD28480068401C26490860BD
:100CA0000020F2E700243DE004EB4410234901EB6F
:100CB000C00090F8030190BB214890F90000A042C9
:100CC0002ED004EB44111D4A02EBC1002A463946DE
:100CD000FFF7FCFA04EB4410184901EBC000A0F840
:100CE000005104EB441001EBC00080F8026115488C
:100CF000006804EB4411114A02EBC101C1F8040180
:100D000010480068401C0F490860BFF35F8F012046
:100D100004EB441102EBC10181F80301B5E7FFE7E1
:100D2000601CC4B24445BFDB03480068401C024954
:100D300008600020A9E70000E800002094320020AD
:100D4000E0000020E4000020F0B5B3B004F0F6FDB0
:100D50004248007808B933B0F0BD00BFEFF310800F
:100D6000054672B63E4806783C480078022801D114
:100D7000012000E00020074632463A4901A8FFF76B
:100D8000A5FA00F0ABFA00BF85F3108800BF2FB1C1
:100D9000002035490870012034490870002458E0CB
:100DA00001A8005D0A2826D130480078D0B92E4825
:100DB000007858B12C480078401E2D49085C0D2859
:100DC00004D129480078401E27490870002028498E
:100DD000254A127888542448007830B1084604F037
:100DE00069FB02E023A001F01BFA00201E490870F5
:100DF0001E4908702BE01D48007840BB01A8005D2B
:100E000020280ADA01A8005D0D2806D00120174924
:100E1000087000201449087019E013480078C728AA
:100E20000AD201A8015D104802780078401C0E4BE0
:100E300018700F4881540AE001200C490870002006
:100E4000094908700F480068401C0E490860601C82
:100E5000C4B2B442A4DB00BF7DE70000550000200F
:100E60005600002048260020EE000020EF00002061
:100E7000C4380020455252206F766572666C6F77D9
:100E80000D0A00007C00002030B52DED028B91B0E2
:100E9000B0EE408AF0EE608A0446244D2448007883
:100EA000012803D011B0BDEC028B30BD8DED008A5E
:100EB0000A2C00DB0095CDED018A1E4890ED000A5A
:100EC0008DED020A90ED040A8DED030A00EE104A42
:100ED000B8EE400A8DED040A174890ED000A8DED3A
:100EE000050A164890ED000A8DED060A14480088A0
:100EF00000EE100AB8EE400A8DED070A202269467E
:100F000008A8FFF7E3F900208DF840008DF84100B4
:100F100080208DF842007F208DF84300002224219C
:100F200008A8FFF7A1FE00BFBCE700000000C07FDB
:100F30005800002020660020280100202C010020FD
:100F4000F200002010B5204890F90000002806DAD1
:100F5000002240F227711D4804F07AFE10BD1C48A3
:100F60000488601C1A4A1080174890F9000000EBB2
:100F70004010184A02EBC000015D144804F0F8FE6E
:100F8000114890F9000000EB4010124901EBC0003D
:100F9000B0F800010E490988884213DC00200A4994
:100FA00091F9001001EB41110A4A02EBC10181F8ED
:100FB0000301FF2004490870002240F22771034812
:100FC00004F046FE00BFC9E7E00000200014014025
:100FD000E20000209432002070B54FF0FF3500F0A1
:100FE00053F901F081FB58B93848007820B1FFF778
:100FF000D1FD00203649086000203449087070BDDA
:10100000012032490870334890F90000002800DBC5
:10101000F5E7002439E004EB44102F4901EBC00050
:1010200090F8030178B3002D2CDB04EB441001EBA6
:10103000C00090F8020105EB4511274A02EBC101FF
:1010400091F8021188421DDC04EB4410114601EBBB
:10105000C00090F8020105EB451102EBC10191F8C7
:10106000021188420FD104EB4410114601EBC0007D
:10107000D0F8040105EB451102EBC101D1F80411D0
:10108000401A00D565B2601CC4B2062CC3DB002D2B
:1010900000DAB4E705EB45120F4B03EBC202B2F8DE
:1010A000001105EB451203EBC20000F0BFFE00206B
:1010B0000A49088007480570BFF35F8F012240F29C
:1010C0002771074804F0C4FD00BF98E7EC0000203A
:1010D00060000020E000002094320020E2000020A8
:1010E0000014014070B5044644B12046FFF72AF9C8
:1010F00085B2022229462046FFF7B6FD70BD0000EA
:1011000010B588B004460121042003F05FFA0121E4
:10111000042003F05BFA082206213B4801F0AAFAFA
:1011200008220721384801F0A5FA06A801F0D2FAF2
:101130004020069002208DF81C0003208DF81D0031
:1011400000208DF81E0001208DF81F0006A92E48F2
:1011500001F048FA06A801F0BDFA802006900220AE
:101160008DF81C0003208DF81D0000208DF81E0056
:1011700001208DF81F0006A9234801F033FA012150
:10118000202003F053FA214804F0C0FC02A804F028
:10119000F3FD02940020ADF80C00ADF80E00ADF8A0
:1011A00010000C20ADF812000020ADF8140002A9C8
:1011B000164804F073FD012240F22551134804F053
:1011C00047FD012240F22441104804F041FD202156
:1011D0000E4804F07DFC40F224410C4804F078FCF9
:1011E00001210A4804F07DFC47208DF8040001200D
:1011F0008DF805008DF806008DF8070001A802F0B3
:10120000E9FA08B010BD00000008024000140140D7
:1012100010B54FF4E130FFF773FF00F013F802A0B0
:1012200004F0B8FD10BD0000426C7565746F6F74FA
:10123000685F496E69742073756363656564210D29
:101240000A0000001CB50121042003F0BFF9684624
:1012500001F040FA0420009000208DF804000320E3
:101260008DF8050000208DF8060001208DF807009C
:101270006946044801F0B6F90421024801F026FA53
:101280001CBD00000008024010B504210F4801F009
:1012900014FA50B900200E4908700E480078012851
:1012A00002D100200B49087010BD0421074801F04D
:1012B00004FA012807D1064908700648007810B9D9
:1012C00001200449087000BFEEE70000000802405A
:1012D000540000205700002000BFFEE70020024914
:1012E0000870024908707047560000205500002021
:1012F0001CB50121022003F069F901208DF80400DA
:1013000000208DF806004FF40040009002208DF878
:10131000050000208DF807006946044801F062F9D5
:101320004FF40041014801F0D3F91CBD0004024014
:101330002DE9F0477848466801F041F98246774840
:10134000476806F4507030B175480068401C744915
:10135000086001F037FE7348007830B172496E487A
:10136000883000F005F9BDE8F08706F44060B0F57C
:10137000406F0CD16D480068401C6C49086001F05A
:1013800021FE69496448883000F0F2F8EBE706F482
:10139000406000B9E7E7012020EA96240CB16448D8
:1013A00000E0644801465C48883000F0E1F85A48A3
:1013B000883000F0B9F905465F480078844212D1C0
:1013C0005E4800683221B0FBF1F05D490968791A86
:1013D000884208D33DB114B9B5F5007F03D854B1A4
:1013E000B5F5007F07D851480068401C4F49086098
:1013F00001F0E8FDB7E75348006853490968A0EBDE
:101400000108B8F1100F07D350480068401C4F493D
:10141000086001F0D7FDA6E74D4A02EB4421494A96
:10142000126802F00F024B4B03EB42204FF40072A4
:10143000FEF74CFF3848883000F076F905468DB14C
:101440003E4800686421B0FBF1F034494968C91B8B
:10145000884207D914B9B5F5007F03D854B1B5F562
:10146000007F07D831480068401C3049086001F00F
:10147000A9FD78E738480068A0F59C40203831493C
:10148000096801F00F0101EB4101344A42F82100E3
:101490002C48006800F00F0000EB4000114601EB03
:1014A0008000C0F804A02E4800682649096801F0B1
:1014B0000F0101EB410102EB81018860BFF35F8FF7
:1014C00020480068401C1F49086026480068401CEE
:1014D0002449086008F1010023490968B1EB402F55
:1014E00002D24002204908601348007880F00100D1
:1014F000114908701848C0F800A011480760074853
:101500004068A0EB070919480068814502D91748CF
:10151000C0F8009000BF26E700600240001000E025
:101520007800002034000020400F00204C000020F4
:1015300000080020000400203500002000000020EA
:101540003C0000202C000020300000207C00002007
:101550008801002088050020380000208825002010
:1015600040000020480000204400002050000020DF
:101570000246094B9A4201D2084801E00648103859
:1015800001F000531BB1064B0B40C36002E0044B5B
:101590000B4083607047000010640240006002400E
:1015A0007D0F7D0F21B1026842F00102026003E06D
:1015B000026822F00102026070470000016821F019
:1015C000010101600021016041608160C160016131
:1015D000212141614A49884204D13D21484A103ABB
:1015E00091608CE046491831884205D14FF474610E
:1015F000434A103A916082E041493031884205D136
:101600004FF474113E4A103A916078E03C494831F9
:10161000884205D14FF07461394A103A91606EE00A
:1016200037496031884204D13649354A103AD16091
:1016300065E033497831884204D13349304A103A61
:10164000D1605CE02E499031884204D12F492C4A68
:10165000103AD16053E02A49A831884205D14FF0B1
:101660003D51274A103AD16049E02949884204D1C6
:101670003D21274A083A116041E025491831884246
:1016800005D14FF47461224A083A116037E02049CD
:101690003031884205D14FF474111D4A083A116067
:1016A0002DE01B494831884205D14FF07461184A3A
:1016B000083A116023E016496031884204D111498B
:1016C000134A121F11601AE011497831884204D17F
:1016D0000D490F4A121F116011E00D4990318842E7
:1016E00004D10A490A4A121F116008E00849A831CA
:1016F000884204D14FF03D51054A121F11607047D6
:10170000106002403D000020400F002000003D20FE
:1017100010640240014600200A6802F001020AB18A
:10172000012000E0002070470146486880B2704701
:1017300010B501F080034BB122B1436943F080033F
:10174000436103E0436923F08003436180290BD0A8
:101750002AB1036801F01E042343036004E0036818
:1017600001F01E04A343036010BD000010B5002269
:101770000268134B1A40CC680B6823434C6923431F
:101780008C692343CC6923430C6A23434C6A23436B
:101790008C6A23434C6B23438C6B23431A430260B4
:1017A000426922F00702D1E90B3423431A43426114
:1017B0000B6943604B6883608B68C36010BD000099
:1017C0003F801CF000B591B00121480502F0FEFEFB
:1017D0002A48FFF7F3FE02A800F06AF84FF0006015
:1017E00002902748039027480490002005904FF46A
:1017F00080600690089080100B9040020C9002A927
:101800001E48FFF7B3FF01229E211C48FFF790FFFF
:1018100010208DF8040000208DF805008DF80600DA
:1018200001208DF8070001A801F0D4FF16480068D8
:1018300040F08070144908601448006840F00100CE
:1018400012490860002012490860124908601249D4
:1018500008701249087000F0B2FE114908600B4888
:1018600040681049086010490448FFF781FE0121D3
:101870000248FFF797FE11B000BD000088600240EB
:101880000444004088010020FCED00E0001000E06E
:10189000300000202C000020350000203400002003
:1018A000380000203C000020400F002041607047BD
:1018B0000021016041608160C1600161416181611D
:1018C000C161016241628162C162016341638163FE
:1018D0007047704770B504460D4600200B490860FC
:1018E0000B49086068210B48FEF717FD0A480460A1
:1018F00000F065FE0949086060210948FEF70DFD0A
:1019000060210848FEF709FD70BD0000A800002016
:10191000A400002010270020A00000209C00002030
:10192000D42800203429002030B502460B464FF65B
:10193000FF7017E012F8015B80EA052000210FE03C
:1019400000F400442CB141F2210484EA4004A4B222
:1019500003E04FF6FF7404EA400420464C1CE1B259
:101960000829EDDB1C1EA3F10105ABB2E2D130BDAD
:1019700010B5B0B0044656A12046FEF7EAFC78B98F
:101980000120032154A35AA2CDE900105D4902A809
:1019900004F010FA02A802F005FF012030B010BDDB
:1019A00059A12046FEF7D5FC78B95948007803289C
:1019B00004D058A000F034FC0120EFE700F0FEF85E
:1019C00057A002F0EFFE0120E8E7082257A12046C9
:1019D000FEF7CDFC20BB2FA904F1080006F0BCFDEA
:1019E00008B12F9820B954A000F01AFC0120D5E7C7
:1019F000FFF7D0F854492F98086006F09BFD0020AF
:101A000052490860524908705249087052A102A810
:101A10002F9A04F0CFF902A802F0C4FE0120BDE71E
:101A2000052252A12046FEF7A2FC10BB2FA9601D83
:101A300006F092FD10B12F98032804D94DA000F0B4
:101A4000EFFB0120AAE7FFF7A5F831492F980870AE
:101A500006F070FD00203F4908703D49087048A11C
:101A600002A82F9A04F0A6F902A802F09BFE01201A
:101A700094E7052246A12046FEF779FC30BB2FA94A
:101A8000601D06F069FD38B12F9828B12F980A28FB
:101A900002D82F48007820B13FA000F0C1FB012000
:101AA0007CE740492F98087000202A4908703E487A
:101AB0000068401C3C4908603CA102A82F9A04F031
:101AC00079F902A802F06EFE012067E7002065E7C1
:101AD000696E666F000000007368613235362D381C
:101AE00035613163646432346537393931323700F6
:101AF000726332362D6D61736B33312D76322E3138
:101B000000000000D49300086765746366670000F6
:101B100058000020455252206D6F64650D0A000088
:101B20004F4B206765746366670D0A0073657373B6
:101B3000696F6E2000000000455252207365737378
:101B4000696F6E0D0A000000600000208400002014
:101B5000B4000020B30000204F4B207365737369FD
:101B60006F6E20256C750D0A0000000074656C65B1
:101B7000200000004552522074656C650D0A00007B
:101B80004F4B2074656C6520256C750D0A000000B4
:101B900072617465200000004552522072617465C4
:101BA0000D0A0000590000205C0000204F4B2072FD
:101BB00061746520256C750D0A00000010B50024C5
:101BC0000AE00C4800EB84020B4800EB440120467D
:101BD00003F09EFE601CC4B20F2CF2DB012007490B
:101BE000087000200649087006480068401C054936
:101BF000086010BD78270020B4270020B400002022
:101C0000B5000020B800002070B52DED088B04460B
:101C1000B0EE408A0E4615469FED640AF0EE408A0B
:101C20000020307028701A2C0DDA9FED610AB4EE96
:101C3000C08AF1EE10FA06D89FED5E0AB4EEC08AB3
:101C4000F1EE10FA03DA0020BDEC088B70BD022C17
:101C500016D1B5EEC08AF1EE10FA0FD3B2EE020A39
:101C6000B4EEC08AF1EE10FA08DCBDEEC80AB8EE98
:101C7000C00AB4EE408AF1EE10FA01D00020E3E78A
:101C8000142C0DD1B5EEC08AF1EE10FA08D0B7EEE3
:101C9000000AB4EE408AF1EE10FA01D00020D3E73A
:101CA0001CB99FED450AF0EE408A032C05D0052CA7
:101CB00003D0072C01D0082C03D1B3EE0E0AF0EEAE
:101CC000408A042C01D0062C03D19FED3C0AF0EE93
:101CD000408AF5EEC08AF1EE10FA08D1122C06D037
:101CE000B5EEC08AF1EE10FA01D20020ACE7012077
:101CF0003070F5EEC08AF1EE10FA14D0B4EEE88A36
:101D0000F1EE10FA02DDB0EE688A2870B1EE680AD2
:101D1000B4EEC08AF1EE10FA05D2B1EE680AB0EE68
:101D2000408A01202870264830F8140000EE100A7E
:101D3000B8EE400A20EE089A9FED220AB4EEC09A4F
:101D4000F1EE10FA04DD0120287047F6FF707BE702
:101D50009FED1D0AB4EEC09AF1EE10FA03D20120F5
:101D600028701A4870E719EE100AFEF77CFC41EC67
:101D70001B0BB5EEC09AF1EE10FA02DB9FED141BBF
:101D800001E09FED151BB0EE410AF0EE610A53EC45
:101D9000102B51EC1B0BFEF731FB41EC1A0B51ECF5
:101DA0001A0BFEF741FC00B24EE7000000000000F5
:101DB000FFFF7F7FFFFF7FFF000016440060EA46C1
:101DC000048A000800FEFF46000000C70080FFFFF5
:101DD000000000000000E03F000000000000E0BF45
:101DE0001A281BDA0E4A02EB800282ED000A012259
:101DF00082400C4B1B681A430A4B1A6039B101220E
:101E00008240094B1B681A43074B1A6006E0012207
:101E10008240054B1B689343034A136070470000E0
:101E200010270020A8000020A400002070B5044660
:101E30000D46102D1CDB2078AA2819D16078552872
:101E400016D1A078022813D10A4801680068401C06
:101E5000084B1860A01D06F045FC281F81B2A01C8D
:101E6000FFF762FD06466119881E314606F036FC12
:101E700070BD00008400002030B50446F0EE400A3A
:101E80000D462946B0EE600A2046FFF7A9FF012063
:101E9000A0400349096881430148016030BD00004A
:101EA000A800002008B50121102002F09FFB0020AF
:101EB000104908805320088540F2E730C8620120AD
:101EC0008882002008820C49086001200949888125
:101ED00036208DF8000000208DF8010001208DF8DB
:101EE00002008DF80300684601F074FC01200149EE
:101EF000088008BD00100040800000202DE9F0415E
:101F000005460E4617462D480068401C2B490860C0
:101F100080462B480078032802D12A48006808B977
:101F2000BDE8F0812848006828490968401A40281F
:101F300005D327480068401C25490860F0E722487F
:101F4000006800F03F0000EBC000224901EB800474
:101F5000C4F8008020480068606000F030FBA0609A
:101F6000A5814FF08040806BE0811C4890ED000A15
:101F700084ED040A1A4890ED000A84ED050A194818
:101F800090ED000A84ED060A174890ED000A84EDF2
:101F9000070A0EB1012000E000200FB1022100E08D
:101FA00000210843001D2062BFF35F8F06480068D0
:101FB000401C0549086000BFB2E70000CC000020CB
:101FC0005800002060000020C4000020C80000204D
:101FD000D0000020942900205C000020280100206F
:101FE0001C010020BC000020C000002070B52DEDB9
:101FF000028B05460C46B0EE408A1448007818B9AA
:10200000FEF7FAFD022803DA0020BDEC028B70BD5A
:102010000F480078032808D1D4ED000AB0EE600A1A
:10202000F0EE480A284605F0DBFD03F0DBFE06462D
:1020300072B684ED008A07480068401C05490860B4
:10204000304603F050FF0120DFE70000B40000201D
:10205000580000205C0000202DE9F043A1B000F002
:10206000A7FA05468024FEF7B7FF00F03DFB10B944
:1020700021B0BDE8F08305F0FFFA06F073F92846B9
:1020800005F098FF4E480078032817D1FEF7B4FDFD
:10209000032813DB4B4800684B49096888420DD080
:1020A0004948026849A101A803F084FE01A904205F
:1020B00006F07EFB444800684249086040480078CA
:1020C000032805D146480068281AB0F57A7F00D267
:1020D000CEE74348056003F085FE814672B641486D
:1020E000D0F8008040480768484603F0FCFE3F48AF
:1020F000007810B13E48007808B944F00204324834
:10210000006808B144F004043A48007808B144F08B
:10211000080444F010040FB144F020043348007860
:1021200008B144F04004119517B1A5EB080000E098
:10213000002012902D48007818B12F480068281A06
:1021400000E00020139014972C48006815902C484C
:10215000006816902B48006817902B48006818906C
:102160002A48C06A19902948006B1A9016480068DE
:102170001B90274800681C90264800681D90264840
:1021800000681E901F94002020905021022005F02E
:10219000F1FE002609E011AA52F826101F4A02EBB0
:1021A000860006F09FFA701CC6B2102EF3DB0122E7
:1021B00050211A480E38FEF757FD00BF58E70000BF
:1021C00058000020DC000020E800002074785F64E4
:1021D000726F705F746F74616C3D256C75000000E8
:1021E000AC0000206800002064000020B100002046
:1021F000B2000020B40000209400002088000020DD
:1022000074000020780000207C000020706700200F
:1022100098000020440000205C000020E0270020FF
:1022200010B5044607480078032807D1FEF7E4FC00
:10223000022803DB2146022006F0BAFA204602F00B
:10224000B1FA10BD580000202DE9FF4F89B00646B5
:102250008B46994600F0B3F9074600F0A9F982468B
:1022600000200890BA480568BA48D0F800800020DD
:102270000690B9480068401CB7490860B74880F824
:102280000090B748007870B1B6480068AAEB00002B
:10229000B549884207D2B5480068381A069045F01B
:1022A000804548F08048B1480760AE48C0F800A0BB
:1022B0000120AB490870B9F1000F05D0AC48C0F857
:1022C00000A00120AB490870AB480068381AAB4940
:1022D0000968884204D9A8480068381AA7490860E4
:1022E000092E01DC01200FE00B2E01D105200BE0AF
:1022F0000C2E08D1A2480068B0F5D76F01D1032099
:1023000002E0042000E0022003909D48006800EEF7
:10231000900AF8EE600AB0EE600A01210846FFF765
:102320005FFD092E10DC9748D0ED070AB0EE600A79
:1023300001210020FFF754FD012100EE106AB8EEE4
:10234000400A0220FFF74CFD03F04CFD079072B6E7
:1023500001218D4890ED000A1220FFF741FD012177
:102360008A4890ED000A1320FFF73AFD0220029000
:10237000079803F0B8FD7648006805437548006883
:1023800048EA000845F0405548F04058BBF1000FBE
:1023900003D045F0406548F040680398022803D117
:1023A0007B480068401C00E00020794908607948BB
:1023B0000078401CC0B27749087077490978884294
:1023C00002DA0DB0BDE8F08F002072490870734842
:1023D0000078022800DAF4E76C21012005F0CAFD3C
:1023E00000242FE06E4800EB8400D0ED000AB0EE30
:1023F000600A04AA05A92046FFF706FC01909DF893
:10240000140010B90120A04085439DF8100040B190
:102410000120A040284020B10120A0400899084395
:1024200008900122A2402A4012B1019A92B200E023
:10243000002211465B4A022303FB042006F04EF9FA
:10244000601CC4B21A2CCDDB54480078022827D176
:102450000020009034225349A1F10A00FDF736FF15
:10246000012050490E3988703B480078C870042418
:1024700008E04C480E38015D00980844C0B2009056
:10248000601CC4B2382CF4DB46490E39009881F840
:1024900038000022392143480E38FEF7E5FB90E76B
:1024A0002D4801683F48343006F01CF93E48016869
:1024B0003C48383006F016F951463A483C3006F0B0
:1024C00011F938484030069906F00CF9294635488C
:1024D000443006F007F941463248483006F002F928
:1024E00030484C30089906F0FDF82E490E39039813
:1024F00081F85E00029881F85F00032081F8600097
:10250000042081F86100294801682648543006F00B
:10251000E9F859462348583006F0E0F8BBF1000FBF
:1025200001D00B9800E0002001461E485A3006F00A
:10253000D5F800226C211B480E38FEF795FB0E499A
:102540000968781A4A46039905F0DCFA00BF38E7B3
:10255000A4000020A800002088000020B200002075
:10256000B000002090000020378941008C0000203E
:1025700094000020B10000209C0000209800002062
:102580003404004020660020280100201C010020A7
:10259000D4000020B3000020590000205800002083
:1025A00010270020E0270020A00000205C00002071
:1025B0001CB5694601A804F011FF01981CBD1CB5AB
:1025C000694601A804F00AFF019800EB4001C1EB45
:1025D000C010BDF8001001EBC0001CBD10B502F02A
:1025E000DBFC10BDF0B50A4600210023002400BF2B
:1025F0003DE0012505FA01F3156805EA03049C4254
:1026000034D105684F000326BE40B54305601579F7
:102610004E00B5400668354305601579012D02D09E
:102620001579022D16D185684F000326BE40B543AB
:10263000856055794E00B5408668354385604568AC
:1026400001268E40B5434560456896798E40B6B206
:1026500035434560C5684F000326BE40B543C5609D
:10266000D5794E00B540C6683543C560491C102970
:10267000BFD3F0BDF0B5002300244D07ED0E02FAE4
:1026800005F3CE1000F1200555F826504E07F70E41
:102690000F26BE40B543CF1000F1200646F8275064
:1026A000CE1000F1200555F8265045EA0304CE105F
:1026B00000F1200545F82640F0BD024600201369D0
:1026C0000B400BB1012000E00020704741837047B0
:1026D000018370474FF6FF71016000210171417164
:1026E0008171C17170470000014800787047000097
:1026F0005400002070B52DED048B304802F060FDD1
:1027000086B22F480088301A2E4908802C4806804F
:1027100008460088B0F5004F02DA0846008803E05A
:1027200028480088A0F5803005B200EE105AB8EEB7
:10273000C00A254880ED000A002415E02349601CEA
:1027400031F8100021F81400084630F9140000EEAA
:10275000100AB8EEC00A1C48D0ED000A30EE200A7C
:1027600080ED000A601C84B2042CE7DB174820F8D7
:102770001450154890ED000AF1EE040A80EE201A7C
:1027800080ED001A90ED000ADFED110A20EE200A1C
:1027900010EE101A0846FDF766FF41EC190B9FED8D
:1027A0000D0B53EC102BFDF7D0FE41EC180BFDF791
:1027B00085FF0A490860BDEC048B70BD000800402D
:1027C000380100203401002030010020646700201F
:1027D0000000C842000000000030714028010020C5
:1027E00000BFFEE770B504460D461646012332468B
:1027F0002946204604F0A6FC70BD70B504460D467F
:102800001646002332462946204604F09BFC70BD44
:102810002DE9F0472DED088B05460E4600249FED6F
:10282000C00AB0EE408A082E02DBB6F5C87F04DD90
:102830000020BDEC088BBDE8F08703246AE14FF06F
:102840000108A01E87B220E0781C05EBC000D0ED87
:10285000000A05EBC70090ED001A70EEC10AF0EE19
:10286000E00AB0EE600AF5EE000AB4EEE00AF1EE1E
:1028700010FA06D3F0EE000AB4EEE00AF1EE10FA18
:1028800001DD4FF00008781C87B2E01C8742DBDBDB
:10289000B8F1000F00D13BE105EBC40090ED000A58
:1028A000DFEDA00AB4EEE00AF1EE10FA7EDB601C68
:1028B00005EBC00090ED011AF0EE410A05EBC400F3
:1028C00090ED011AB0EE410A03F0BDFAF5EE000AF0
:1028D00020EE200AF0EE408AF0EE680A9FED920AA0
:1028E00003F08DFA10EE109A4846FDF7BCFE41EC5D
:1028F0001A0B05EBC40090ED010A601C05EBC0004B
:10290000D0ED010A30EE600A10EE101A0846FDF70D
:10291000AAFE41EC1B0BB0EE4B0AF0EE6B0A03F083
:1029200064FAB0EE409AF0EE609A53EC1A2B51EC38
:10293000190BFDF7ABFE39D8601C05EBC00090ED1C
:10294000011AF0EE410A05EBC40090ED011AB0EE59
:10295000410A03F078FAF5EE000A20EE200AF0EEC4
:10296000408AF0EE680A9FED700A03F048FA10EE14
:10297000109A4846FDF777FE41EC1A0B601E05EBF6
:10298000C00090ED010AA01C05EBC000D0ED010ACB
:1029900030EE600A10EE101A0846FDF764FE41ECB6
:1029A0001B0BB0EE4B0AF0EE6B0A00E07DE003F08B
:1029B0001CFAB0EE409AF0EE609A53EC1A2B51ECF0
:1029C000190BFDF763FE70D8601C05EBC00090ED9D
:1029D000011AF0EE410A05EBC40090ED011AB0EEC9
:1029E000410A03F030FAF5EE000A20EE200AF0EE7C
:1029F000408AF0EE680A9FED4C0A03F000FA10EEF0
:102A0000109A4846FDF72FFE41EC1A0BA01E05EB6D
:102A1000C00090ED010AE01C05EBC000D0ED010AFA
:102A200030EE600A10EE101A0846FDF71CFE41EC6D
:102A30001B0BB0EE4B0AF0EE6B0A03F0D6F9B0EECA
:102A4000409AF0EE609A53EC1A2B51EC190BFDF7FB
:102A50001DFE5CD805EBC40090ED010AA01C05EB3F
:102A6000C000D0ED010AB4EEE00AF1EE10FA1DDD6F
:102A7000A01C05EBC00090ED000ADFED2C0A20EE53
:102A8000200ADFED2B0A80EE201AF0EE418AB0EE2C
:102A9000680AFDF7D1FBA01C05EBC000D0ED010AD0
:102AA00020EE200AB0EE408A1CE030E0601E05EB0C
:102AB000C00090ED000ADFED1D0A20EE200ADFEDD8
:102AC0001C0A80EE201AF0EE418AB0EE680AFDF78B
:102AD000B3FB601E05EBC000D0ED010A20EE200A1A
:102AE000B0EE408A134890ED000AB4EEC08AF1EED1
:102AF00010FA0CDB9FED100AB4EEC08AF1EE10FA6A
:102B000005D2BCEEC80A10EE100A80B291E600BFF2
:102B1000601C84B2201DB042FFF691AE002088E612
:102B2000000000000000C8420000C843DB0F49401D
:102B300000003443FC00002000007A442DE9F047F7
:102B40002DED088B05460E4600249FEDC10AB0EE20
:102B5000408A082E02DBB6F5C87F04DD0020BDECFC
:102B6000088BBDE8F08703246BE14FF00108A01E3D
:102B700087B220E0781C05EBC000D0ED000A05EB21
:102B8000C70090ED001A70EEC10AF0EEE00AB0EE58
:102B9000600AF5EE000AB4EEE00AF1EE10FA06D390
:102BA000F0EE000AB4EEE00AF1EE10FA01DD4FF0AB
:102BB0000008781C87B2E01C8742DBDBB8F1000F0D
:102BC00000D13CE105EBC40090ED000ADFEDA10A65
:102BD000B4EEE00AF1EE10FA7ED8601C05EBC000FE
:102BE00090ED011AF0EE410A05EBC40090ED011AD8
:102BF000B0EE410A03F027F9F5EE000A20EE200AB4
:102C0000F0EE408AF0EE680A9FED930A03F0F7F8C1
:102C100010EE109A4846FDF726FD41EC190B05EB26
:102C2000C40090ED010A601C05EBC000D0ED010A64
:102C300030EE600A10EE101A0846FDF714FD41EC64
:102C40001B0BB0EE4B0AF0EE6B0A03F0CEF8B0EEC1
:102C500040AAF0EE60AA53EC192B51EC1A0BFDF7C9
:102C600015FDB9D8601C05EBC00090ED011AF0EE1F
:102C7000410A05EBC40090ED011AB0EE410A03F0E1
:102C8000E2F8F5EE000A20EE200AF0EE408AF0EEBF
:102C9000680A9FED710A03F0B2F810EE109A4846E8
:102CA000FDF7E1FC41EC190B601E05EBC00090ED57
:102CB000010AA01C05EBC000D0ED010A30EE600A4D
:102CC00010EE101A0846FDF7CEFC41EC1B0BB0EEDF
:102CD0004B0AF0EE6B0A00E07EE003F086F8B0EEFF
:102CE00040AAF0EE60AA53EC192B51EC1A0BFDF739
:102CF000CDFC71D8601C05EBC00090ED011AF0EE20
:102D0000410A05EBC40090ED011AB0EE410A03F050
:102D10009AF8F5EE000A20EE200AF0EE408AF0EE76
:102D2000680A9FED4D0A03F06AF810EE109A4846C3
:102D3000FDF799FC41EC1A0BA01E05EBC00090EDCD
:102D4000010AE01C05EBC000D0ED010A30EE600A7C
:102D500010EE101A0846FDF786FC41EC1B0BB0EE96
:102D60004B0AF0EE6B0A03F040F8B0EE409AF0EE3A
:102D7000609A53EC1A2B51EC190BFDF787FC5DD8C8
:102D8000601E05EBC00090ED010AA01C05EBC00021
:102D9000D0ED010AB4EEE00AF1EE10FA1DDDA01C40
:102DA00005EBC00090ED000ADFED2C0A20EE200AB2
:102DB000DFED2B0A80EE201AF0EE418AB0EE680AB1
:102DC000FDF73AFAA01C05EBC000D0ED010A20EE99
:102DD000200AB0EE408A1CE030E0601E05EBC00027
:102DE00090ED000ADFED1D0A20EE200ADFED1C0A3F
:102DF00080EE201AF0EE418AB0EE680AFDF71CFA68
:102E0000601E05EBC000D0ED010A20EE200AB0EEF6
:102E1000408A144890ED000AB4EEC08AF1EE10FA30
:102E20000CDB9FED110AB4EEC08AF1EE10FA05D268
:102E3000BCEEC80A10EE100A80B290E600BF601C1B
:102E400084B2201DB042FFF690AE002087E600005D
:102E5000000000000000A0420000C843DB0F494012
:102E600000003443FC00002000007A442DE9F041CA
:102E70002DED068B06460F460025B7F5487F04DD8D
:102E80000020BDEC068BBDE8F081002469E006EB74
:102E9000C40090ED000AB0EE408A06EBC40090ED4D
:102EA000010AF0EE408AB5EEC08AF1EE10FA14DBAA
:102EB0009FED2E0AB4EEC08AF1EE10FA0DD89FED08
:102EC0002C0AF4EEC08AF1EE10FA06DB9FED290A17
:102ED000F4EEC08AF1EE10FA00D940E09FED260A28
:102EE00028EE000ADFED210A80EE201AB0EE41AA9A
:102EF000B0EE4A0AFDF764F960EE289A9FED1E0ACB
:102F000028EE000ADFED190A80EE201AB0EE41AA81
:102F1000B0EE4A0AFDF790F920EE289A9FED140AC8
:102F2000B4EEC09AF1EE10FA06DB9FED140AB4EE8F
:102F3000C09AF1EE10FA00D311E0B5F5C87F01D1C7
:102F400000209EE70E4800EBC500C0ED009A0C483B
:102F500000EBC50080ED019A681C85B200BF601CC3
:102F600084B2BC4293DB28468BE700000000344368
:102F70000000C84200802245DB0F49400080A24487
:102F80008C5200202DE9F04104460D4616461F469E
:102F90002A4621460A48FFF725FC80464146084854
:102FA000FFF736FC30802A4621460548FFF725FC0E
:102FB000804641460248FFF7C1FD3880BDE8F081F8
:102FC000786000200548007838B905480068401C42
:102FD000034908600120014908707047340000204F
:102FE000400000202DE9F04107460D4616461C48DA
:102FF00004681C48D0F800801B48007830B9B5F54B
:10300000007F03D319480068844202D10020BDE844
:10301000F081BFF35F8F04F00F0000EB4000144914
:1030200001EB800207CA86E8070004F00F00114A8E
:1030300002EB40214FF400723846FDF747F9BFF329
:103040005F8F601C064908600748007830B9054862
:103050000068804502D14FF40070D8E70020D6E721
:103060003000002040000020340000202C00002010
:10307000882500208805002070B51E48007800B91A
:1030800070BD00211C48FEF78DFA1B48FEF742FB7D
:1030900000B1F5E700BFEFF31080044600BF72B641
:1030A000164800681649086016480588001D0588FE
:1030B00015491148FEF75CFA4FF480610E48FEF79F
:1030C000F5FB002011490870FFF779FA10490860F4
:1030D0001048406810490860002006490870012126
:1030E0000548FEF75FFA00BF84F3108800BF00BFF9
:1030F000C6E7000034000020886002402C00002059
:103100003000002000440040400F00203500002027
:1031100038000020001000E03C00002010B54FF007
:10312000FF3200211EE02148405C022819D1002A0C
:1031300016DB01EBC10000EB01301D4B03EB8000FF
:1031400000F58040036802EBC20000EB0230184C2F
:1031500004EB800000F580400068181A002800DDAC
:103160000A46491C0229DEDB002A01DA002010BDD4
:1031700000210EE091420BD00C48405C022807D1A0
:1031800000200A4B58540B48006B401C094B186335
:10319000491C0229EEDB0320044B985402EBC200C9
:1031A00000EB0230024B03EB8000E0E73C01002023
:1031B000A867002070670020024642F22830801A7B
:1031C000014648F6A04091FBF0F300FB13110029E3
:1031D00000DA014488B270472DE9F74F2DED048BDA
:1031E000044689460027BA46B8460020C0490880F0
:1031F000C0490880C04908809FEDC00AC04880EDE2
:10320000000A0020BF490870BF490880BF49087004
:10321000BF490870BF4908708020BF49087044F258
:103220002000005DBD49087044F214000059BC49FB
:103230000968884201D1012000E00020B9490870E6
:10324000FFF7BDF9014644F22000005D18B144F2D9
:103250001000005902E044F204000059081AB24973
:1032600008604FF480400059B049086044F21000F3
:103270000059AF49086044F214000059AD49086094
:10328000AD49204600F092F98C2512E0AA4830F8AA
:1032900015004FF6FF71884207D10AF1010080B294
:1032A0008246404503DDD04601E04FF0000A681C2D
:1032B00085B2DC2DEADD9448A0F8008000254FE0BF
:1032C0009D4830F815004FF6FF71884246D09A4865
:1032D00030F8150004EBC0063088FFF76DFF00EEF4
:1032E000100AB8EE400ADFED950A80EE201AB0EE23
:1032F000418A0698874204DB0020BDEC048BBDE8C0
:10330000FE8F09EBC70080ED008A708800EE100A7E
:10331000B8EE400A3846791C8FB209EBC00080ED48
:10332000010A8C2D06DBDC2D04DC73480088401C70
:1033300071490880DC2D07DBB5F5AA7F04DC6D48F8
:103340000088401C6B490880142D06DB8C2D04DCA2
:1033500067480088401C6649088000BF681C85B229
:10336000B5F5347FACD300254BE004EBC50670887F
:1033700020B1708842F21071884200D93FE0308855
:10338000FFF71AFF834644F250618B4500D936E0BF
:1033900000EE10BAB8EE400ADFED690A60EE208A4E
:1033A000B0EE680AFCF70CFF708800EE900AF8EEA9
:1033B000600A20EE209AB0EE680AFCF73DFF7088A4
:1033C00000EE900AF8EE600A20EE208AB5EEC08A80
:1033D000F1EE10FA12DDB0EEC90ADFED5A0AB4EED2
:1033E000E00AF1EE10FA09D2454890ED000AB4EE79
:1033F000C08AF1EE10FA01D280ED008A00BF681C8D
:1034000085B244F21800005BA842AEDCFFF7D7F8A3
:10341000014644F22000005D18B144F2100000594A
:1034200002E044F204000059081A3F49086044F2DF
:10343000140000593A490968884201D1012000E08E
:103440000020384908702C4800880C2804D3B8F1B3
:10345000140F01D8012000E000202E4908702548F3
:103460000088042801D3012000E0002028490870CA
:103470001F480088042801D3012000E000202349D0
:103480000870002044F22001095D09B940F00100F4
:10349000194909880C2901D240F00200B8F1140F33
:1034A00001D940F004001A49097809B940F0080030
:1034B0001649097809B940F0100044F2140109597D
:1034C000174A1268914201D040F02000164909685D
:1034D0001D4A914201D940F040000F49087008B9D7
:1034E000012100E00021074A1170384605E700007D
:1034F0006C0100206A0100206801002000401C4689
:10350000700100207401002076010020800100205D
:103510007F0100207E010020810100207C0100202D
:10352000400000207D010020780100205C01002087
:103530006001002064010020F0E900200000C84282
:10354000D402373900000243605B03002DE9F041EB
:1035500005460E46174698461048006830440F4905
:103560000860002416E00E48008828B9285DA528C8
:1035700000D00EE00B480760295D094802880088EA
:10358000401C074B188008488154404605F00AF853
:1035900000BF641CB442E6D3BDE8F0817067002030
:1035A0004401002048010020F0E700202DE9F04709
:1035B00006460D464FF0000A002405E04FF6FF7066
:1035C00025F81400601C84B2B4F5347FF6D30024CF
:1035D0002CE006EBC408B8F80200642805D3B8F85C
:1035E000020042F21071884200D91DE0B8F80000D4
:1035F000FFF7E2FD3221B0FBF1F735F817904FF6F7
:10360000FF70814506D125F817400AF101001FFA25
:1036100080FA08E0B8F8020006EBC9014988884240
:1036200001DA25F8174000BF601C84B244F218008C
:10363000805BA042CDDC5046BDE8F08710B5382154
:103640000648FCF76AFE0648002101800020054973
:1036500008800549086003F0ADF810BD70670020D0
:103660003C010020440100205001002010B5044618
:1036700000200549088003F09DF804484463006A6F
:10368000401C0249086210BD440100207067002000
:103690003EB502241E4800681E490968884207D0CA
:1036A0001C4800681A49086008460068FFF7DEFFFA
:1036B000FFF7E2FC1EE0164902980968884206D02E
:1036C00013490298086008460068FFF7CFFFFEF72D
:1036D00076FF0099401A1049884204D90C480068C6
:1036E000FFF7C4FF06E029460C48DDE90023FFF799
:1036F0002DFF00BF201EA4F1010407D06A464FF43D
:1037000000710648FFF76EFC051ED4D13EBD0000D7
:103710005801002040000020605B030090EF002073
:103720000146002010E000EBC00202EB0032084B23
:1037300003EB82028A4206D1064A125C032A02D1B6
:103740000022044B1A54401C0228ECDB7047000096
:10375000A86700203C0100200246EAB144F22100A3
:10376000805CC8B944F22200805CA8B944F2180019
:10377000805AB0F5006F0FD844F214008058074B00
:103780001B68984208D144F204008058081A044B80
:10379000984201D8012070470020FCE7400000203B
:1037A000605B030000BFFEE770B504460D46164699
:1037B000FDF79EFD691E601E324601F04DFB70BD97
:1037C00010B5044621464FF0804001F000FE10BDC8
:1037D0007047000070B5002100230F22C4781CB38D
:1037E000174C246804F4E064C4F5E064C4F30721D2
:1037F000C1F10404E3B20A4144789C40E1B2847808
:10380000144021430C07210E0E4C057861550478B5
:1038100004F01F050124AC4005786D11AD0005F1E1
:10382000E025C5F8004109E0047804F01F050124F3
:10383000AC40054D0678761145F8264070BD000075
:103840000CED00E000E400E080E100E0024901430B
:10385000024A1160704700000000FA050CED00E01C
:10386000B0EE401ADFED311AB0EE610A70EEC11A07
:10387000C0ED071AD0ED091A90ED072A71EE821AF1
:10388000C0ED091AD0ED091A9FED292AF4EEC21AEB
:10389000F1EE10FA03DBDFED261AC0ED091AD0EDC8
:1038A000091A9FED242AF4EEC21AF1EE10FA03D899
:1038B000DFED201AC0ED091AD0ED001A90ED072AAD
:1038C00061EE821A90ED032AD0ED092A42EE221A07
:1038D00090ED072AD0ED082A32EE622AD0ED042AB4
:1038E00042EE821AB0EE610AD0ED071AC0ED081A56
:1038F000D0ED091A1049C1ED001A104981ED000AF6
:10390000DFED0F1AB4EEE10AF1EE10FA03DBDFEDA2
:103910000C1AB0EE610AB5EEC00AF1EE10FA03D847
:10392000DFED021AB0EE610A7047000000000000EF
:1039300000004843000048C3BC000020C000002035
:103940000000C8422DE9FF4F2DED040B2DED0C8B2F
:10395000A1B007468B46B0EE409AF0EE608AF0EEDA
:1039600041BA1C469FEDF40AB0EE40CAA0212046A1
:10397000FCF7D3FC032084F89A009FEDEF0AB4EE25
:10398000C09AF1EE10FA1DDB9FEDEC0AB4EEC09A7E
:10399000F1EE10FA16D89FEDEA0AF4EEC08AF1EEC5
:1039A00010FA0FDB9FEDE70AF4EEC08AF1EE10FA91
:1039B00008D8B0EEEB0ADFEDE40AB4EEE00AF1EE6F
:1039C00010FA05D921B0BDEC0C8B08B0BDE8F08F22
:1039D00097ED010AB4EE490AF1EE10FA0AD087ED2C
:1039E000019A87ED009A002078739FEDD80A87ED41
:1039F000020A387397ED000A84ED220ABBF1000F2A
:103A000003D03398B0F5C87F00DDDBE74FF0000846
:103A10003BE0D7ED000AB0EE600AB8F1000F01D02C
:103A2000012001E04FF0FF30024609ABF0EE6B0AD7
:103A30005846339903F0AEF90890DFEDC50A9FEDC3
:103A4000C50A09A901A8089A04F006F9C8EBC8013B
:103A500004EB81001C2201A9FCF738FCDFEDBE0A53
:103A60009FEDBE0A09A901A8089A04F0F5F8C8EB71
:103A7000C80204F1380101EB82001C2201A9FCF705
:103A800025FC08F1010000F0FF08B8F1020FC0DBCF
:103A9000254604F138062C46A87E18B93620405D2C
:103AA00000B98FE7A87E08B1012000E0022082461D
:103AB000A87EE0B33620405DC8B395ED000AD5ED91
:103AC000070A30EE200AF6EE000A20EE20BAB0EE29
:103AD0004C0A05F11C0002F0FDFEF0EE40CAB0EE0B
:103AE0004C0A284602F0F6FE7CEEC0CAF7EE000A49
:103AF0004BEE0B0AB0EE600A02F0C9F98CEE808A38
:103B000084ED238A9FED8C0AB4EEC08AF1EE10FAA0
:103B10001ADB9FED8A0AB4EEC08AF1EE10FA13D8D0
:103B200095ED000AD5ED070A30EE600A00E02CE0C2
:103B3000B0EEC00ADFED8A0AB4EEE00AF1EE10FA48
:103B400002D84FF0000A20E095ED040AF3EE040AD3
:103B500030EE200AD5ED0B0AB4EEE00AF1EE10FAD1
:103B600002D24FF0010A10E095ED0B0AF3EE040AC1
:103B700030EE200AD5ED040AB4EEE00AF1EE10FAB8
:103B800002D24FF0020A00E01CE797ED000A84ED34
:103B9000220ABAF1020F01D1012000E00020804684
:103BA000C8EBC80005EB8000D0ED029AC8EBC80056
:103BB00005EB800090ED03AABAF1000F15D195ED49
:103BC000090AB4EEE90AF1EE10FA03DD95ED090AEF
:103BD000F0EE409A95ED0A0AB4EECA0AF1EE10FA38
:103BE00003D295ED0A0AB0EE40AAB4EEE9CAF1EEAE
:103BF00010FA04D3B4EECACAF1EE10FA00DDE1E621
:103C0000BAF1000F1CD194ED230AB0EE408A787B04
:103C100050B197ED000AF6EE080A20EE200AF5EE04
:103C2000000A00EE880A01E0B0EE480A87ED000ABB
:103C30000120787384F89B0097ED000A84ED220A36
:103C4000BAF1000F77D1B17E3620805D814272D00B
:103C50003620805D08B1012000E000208146C9EBDC
:103C6000C90006EB8000D0ED02CAC9EBC90005EB24
:103C7000800090ED030ADFED3B0A7CEEE00AB4EE33
:103C8000E00AF1EE10FA77DBC9EBC90006EB800021
:103C900090ED020ADFED2F0A78EEA00AB4EEE00AFA
:103CA000F1EE10FA68D8C9EBC90006EB800090ED80
:103CB000030ADFED280A78EEE00AB4EEE00AF1EE3E
:103CC00010FA59DBC9EBC90105EB8100B0EE6C0AB3
:103CD00002F000FEB0EE40DAC9EBC90106EB81004C
:103CE000B0EE6C0A02F0F6FD3DEE400AB0EEC00AFE
:103CF000DFED1D0AB4EEE00AF1EE10FA3CD8C9EB94
:103D0000C90005EB800090ED000AC9EBC90006EB85
:103D10008000D0ED000A30EE600AB0EEC00ADFEDA0
:103D2000130AB4EEE00AF1EE10FA25D8B9F1000F4B
:103D30001FD002201EE020E00000C84300006144C4
:103D400000001644008089440000964300000000F3
:103D500000803B440000C8420080A2440080094427
:103D60003333B33E000048420000A042CDCC4C3F6C
:103D700002E001208246C84600BF84F89AA00120D4
:103D800084F89800D7ED000AB0EE600AF0EE4C0A15
:103D9000524605F11C01284603F0C1FA84ED1C0AC5
:103DA000524605F11C01284603F006FF84ED1E0A69
:103DB000BAF1000F08D1B07E20B13620805D08B185
:103DC000012006E0002004E0C8EBC80006EB8000FC
:103DD000807E84F8990094F8990000287ED0C8EB82
:103DE000C80006EB800090ED020AF0EE409AC8EBA6
:103DF000C80006EB800090ED030AB0EE40AABAF1CD
:103E0000000F5AD196ED090AB4EEE90AF1EE10FA64
:103E100003DD96ED090AF0EE409A96ED0A0AB4EE3B
:103E2000CA0AF1EE10FA03D296ED0A0AB0EE40AAE1
:103E3000B0EE680A06F11C0002F04CFDF0EE40CA3C
:103E4000B0EE680A304602F045FD3CEEC00AB0EE26
:103E5000408A524606F11C01304603F0ADFEB0EE3A
:103E600040BAF7EE000A4BEE0B0AB0EE600A02F021
:103E70000EF8C8EE000AB0EE608A1FED510AB4EEEB
:103E8000C08AF1EE10FA15D31FED540AB4EEC08AC1
:103E9000F1EE10FA0EDC96ED000AD6ED070A30EED0
:103EA000600AB0EEC00AF6EE000AB4EEE00AF1EEE7
:103EB00010FA02DD002084F89900B0EE4A1AF0EE04
:103EC000690AB0EE680A03F015FAF0EE40AAB0EE07
:103ED0006A0A30EE680AB0EEC00A00E02DE05FED3D
:103EE000630AB4EEE00AF1EE10FA04DCB4EEE9AADB
:103EF000F1EE10FA02D2002084F8990094F89900AB
:103F0000D8B1D7ED000AB0EE600AF0EE6A0A524668
:103F100006F11C01304603F002FA84ED1D0A5246F8
:103F200006F11C01304603F047FE84ED1F0AC4ED84
:103F300020AA94ED1D0A84ED210A94F89900A8BBEB
:103F4000C8EBC80005EB800090ED030AB0EE401A04
:103F5000C8EBC80005EB800090ED020AF0EE400AC5
:103F6000B0EE680A03F0C6F984ED200ABAF1000F3A
:103F70000CD194ED200AD5ED0A0AB4EEE00AF1EE78
:103F800010FA03DD95ED0A0A84ED200A94ED201A5B
:103F9000F0EE410A97ED001AB0EE410A524605F1E3
:103FA0001C01284603F0BBF984ED210A94F899001E
:103FB000A8B394ED1E0AB0EEC00ADFED200AB4EEFD
:103FC000E00AF1EE10FA2BD294ED1F0AB0EEC00A0F
:103FD000DFED1A0AB4EEE00AF1EE10FA20D294ED09
:103FE0001E0AD4ED1F0A30EE600AB0EEC00ADFED03
:103FF000130AB4EEE00AF1EE10FA11D294ED1D0AA4
:10400000D4ED1C0A30EE600AB0EEC00ADFED0C0AF7
:10401000B4EEE00AF1EE10FA02D2012001E0FFE76F
:10402000002084F89C002346B0EE6B0A59463846BF
:10403000339A02F059FC00BFC4E40000CDCCCC3D63
:10404000000070422DE9F04F2DED048B81B0044645
:104050000E4617469B46DDF83890109D00200090D4
:1040600024212846FCF759F90F982883688396F88D
:104070009A00E877E07E85F82000207E85F822000F
:10408000A068A9EB0000FE49884201D900206077B2
:10409000C4F80890BBF1000F02D096F8980070B9F0
:1040A000BBF1000F01D0012000E00620A87700201E
:1040B000A076607701B0BDEC048BBDE8F08F96ED83
:1040C0001E0AB0EEC00ADFEDEF0AB4EEE00AF1EE30
:1040D00010FA1CDC96F89900D8B196ED1F0AB0EEE4
:1040E000C00ADFEDE80AB4EEE00AF1EE10FA0EDCE9
:1040F00096ED1D0AD6ED1C0A30EE600AB0EEC00A3D
:10410000DFEDE10AB4EEE00AF1EE10FA01DD012084
:1041100000E00020824696ED210AD6ED240A30EE1A
:10412000600AD7ED060A30EEC00A85ED000AD5ED2B
:10413000000AB0EE600A04F0E1FA8046207E30B357
:1041400096F89C0018B3607F08B1607E18B1C4F87F
:1041500004900020607700206076607FFF2802DAFC
:10416000607F401C6077607F02280BDB6068A9EBF2
:1041700000004EF66021884204D3002020760420FF
:10418000A877B0E0012000900220A877ABE0207E65
:1041900000287DD094F91800404579D095ED000AAB
:1041A000B0EEC00AF3EE0E0AB4EEE00AF1EE10FA39
:1041B00076DD96F8990080B396ED1F0AB0EEC00A3E
:1041C000DFEDB00AB4EEE00AF1EE10FA26DDD6ED2E
:1041D0001F0AF1EE600AB0EE600A04F08FFA404563
:1041E0001CD1D6ED1E0AF1EE600AB0EE600A04F0B2
:1041F00085FA40450AD096ED1E0AB0EEC00ADFED02
:10420000A30AB4EEE00AF1EE10FA07D284F818809F
:10421000002060770520A87765E0FFE7607F18B190
:1042200094F91900404503D000206077C4F8049049
:1042300084F8198096ED1E0AB0EEC00ADFED930AED
:10424000B4EEE00AF1EE10FA10DDD6ED1E0AF1EE42
:10425000600AB0EE600A04F051FA404506D1607F72
:10426000FF2805DA607F401C607701E0002060775E
:10427000607F02280FDB6068A9EB00004EF660212A
:10428000884208D384F8188000206077052000E079
:1042900006E0A87727E0012000900320A87722E01D
:1042A00000206077BAF1000F0CD095ED000AB0EE57
:1042B000C00AF3EE0E0AB4EEE00AF1EE10FA01DDE8
:1042C00084F81880207E70B195ED000AB0EEC00A27
:1042D000F3EE0E0AB4EEE00AF1EE10FA03D8012074
:1042E00000900220A87796ED240AB5EEC00AF1EE00
:1042F00010FA04D0009810B100200090A87795ED36
:10430000000AD6ED240A30EE600A85ED000ABAF103
:10431000000F01D1207E10B19FED5D0A01E097ED05
:10432000070AF0EE408AD5ED000AB0EE600AB0EE62
:10433000681AF1EE680A02F0DDFF85ED000A96F8D2
:104340009A0010B197ED040A09E0BAF1000F01D10B
:10435000207E10B197ED020A01E097ED000A85ED8D
:10436000030A96F89A0010B197ED050A09E0BAF130
:10437000000F01D1207E10B197ED030A01E097ED07
:10438000010A85ED040ABAF1000F01D1207E08B3BD
:1043900095ED000AB0EEC00ADFED3E0A30EE600A8D
:1043A000DFED3C0A80EE201AF0EE419AB7EE001ADB
:1043B000DFED390AB0EE690A02F09CFF9FED371A73
:1043C000F7EE000A41EE000A95ED030A20EE800A9E
:1043D00085ED030A2068A9EB000000EE100AB8EE94
:1043E000408AA07EC0B396F89A00E17E884233D11D
:1043F00096F89900217F88422ED196ED200AD4EDBF
:10440000040A30EE600AB0EEC00ADFED250AB4EE11
:10441000E00AF1EE10FA1FDC9FED220AB4EEC08A2A
:10442000F1EE10FA18D39FED200AB4EEC08AF1EE37
:1044300010FA11DC96ED240AD4ED050A30EE600A7C
:10444000B0EEC00AF3EE0E0AB4EEE00AF1EE10FA96
:1044500002DCA87F052801D1012000E0002085F8BA
:10446000210095ED030AF2EE040A20EE200AD5EDB4
:10447000000A20EE200A85ED010A95F8210015E0DA
:1044800090D00300295C0F3E00008C42CDCCCC3D87
:104490000000FA4300007A43000000003333B33ECB
:1044A0000000C84200409C460024744810B11FED33
:1044B000060A13E095ED000AD4ED030A30EE600A17
:1044C000D5ED040AB2EE041A60EE810A20EE200A4D
:1044D000DFED3A0A60EE200A80EE880AB0EE409ADC
:1044E0009FED371ADFED370AB0EE490A02F002FFFE
:1044F00085ED020A95ED010AD5ED020A30EE200A9B
:10450000D5ED010A20EE200AB5EEC00AF1EE10FA50
:1045100005D295ED010AB1EE400A85ED020A788CCC
:1045200000EE100AB8EE400AD5ED010A30EE200A7E
:10453000D5ED020A30EE200A85ED050AB88C01EEB1
:10454000900AF8EE611AB0EE611A388C01EE900A0A
:10455000F8EE611AF0EE610AD5ED051AB0EE610AC7
:1045600002F0C8FEBCEEC00A10EE100A288301203B
:104570002877207E85F82200009810B10020A076D0
:1045800098E501206877288B68830120A07695ED57
:10459000000A84ED030A96F89A00E076C4F80090C9
:1045A00096ED200A84ED040A96F89900207796ED9E
:1045B000240A84ED050A00BF7CE50000009CE0476A
:1045C00000001643000016C37047000029B1064AD8
:1045D00012680243044B1A6004E0034A12688243E3
:1045E000014B1A60704700003038024029B1064A7A
:1045F00012680243044B1A6004E0034A12688243C3
:10460000014B1A60704700004038024029B1064A49
:1046100012680243044B1A6004E0034A12688243A2
:10462000014B1A60704700002038024029B1064A49
:1046300012680243044B1A6004E0034A1268824382
:10464000014B1A60704700004438024029B1064A05
:1046500012680243044B1A6004E0034A1268824362
:10466000014B1A607047000024380240F0B5002169
:1046700000220024022500260223324F3F6807F063
:104680000C0121B1042905D0082937D105E02E4FAE
:10469000076036E02D4F076033E02A4F3F1F3F6829
:1046A000C7F38056274F3F1F3F6807F03F036EB1A7
:1046B000264FB7FBF3F7DFF88CC0ACF1040CDCF845
:1046C00000C0CCF3881C07FB0CF40CE01E4FB7FBBA
:1046D000F3F7DFF870C0ACF1040CDCF800C0CCF3E9
:1046E000881C07FB0CF4174F3F1F3F68C7F30147B7
:1046F0007F1C7D00B4FBF5F7076002E0124F0760F6
:1047000000BF00BF0F4F3F6807F0F0010909104FCD
:104710007A5C0768D74047600A4F3F6807F4E0516A
:10472000890A0B4F7A5C4768D7408760054F3F681E
:1047300007F46041490B064F7A5C4768D740C76071
:10474000F0BD0000083802400024F40000127A0096
:104750001400002010B50648007828B1FDF72FFF9F
:1047600004490968401A10BD4FF0FF30FBE7000014
:10477000240100202001002000BFEFF31082114629
:1047800072B6054A10600122044B1A700A4682F381
:10479000108800BF70470000200100202401002085
:1047A0007047000010B50446FCF76EFD0348007822
:1047B000012802D12046FCF795FC10BD54000020D2
:1047C00010B504462146024800F0FFFD10BD000070
:1047D0000004004070B504460D461646691E601E72
:1047E000324600F089FB70BD0CB5002001900090AE
:1047F0003448006840F480303249086000BF3148D6
:10480000006800F4003000900198401C019000986E
:1048100018B90198B0F5A04FF1D12A48006800F40A
:10482000003010B10120009001E0002000900098BD
:10483000012846D123484030006840F0805021498B
:10484000403108602048006840F440401E4908603C
:104850001C48083000681B49083108600846006899
:1048600040F4004008600846006840F4A05008602A
:104870001648091F0860081F006840F08070091F73
:10488000086000BF0F48006800F000700028F9D0F1
:1048900040F205700E4908600A480830006820F0B0
:1048A00003000849083108600846006840F002002B
:1048B000086000BF03480830006800F00C000828BA
:1048C000F8D10CBD00380240007000400854400789
:1048D000003C024010B52DED048B0446B0EE409A2A
:1048E000B0EE608AF0EE418A28212046FBF715FDE4
:1048F00084ED009A84ED038AC4ED048ABDEC048B38
:1049000010BD000010B520211348FBF706FD134829
:104910000021016041608160C16028211048FBF7DF
:10492000FCFC9FED100A0E4880ED000A9FED0D0A79
:1049300080ED040A9FED0C0A80ED010A9FED0B0A41
:1049400080ED050A9FED0A0A80ED020A9FED090A33
:1049500080ED060A10BD0000446700203467002087
:1049600020660020295C0F3D0AD7233D5839B43C0E
:10497000C1CA213D0AD7A33C2DE9F04F91B0814631
:104980008A461746B34BD3E90012D3E90203CDE9B7
:104990000503CDE90312B04CB04DFDF710FE834680
:1049A00059464846FEF7D8FE00B900272346AC48D2
:1049B00090ED001AAB48D0ED000AAB4890ED000A2C
:1049C0003A465146A348FEF7BDFFFDF7F8FD0646FF
:1049D00031464846FEF7C0FE30B1A448007800F0EA
:1049E000800008B9012000E000208046B8F1000FE7
:1049F00018D1984803A991E80E10A0E80E100020E5
:104A00008834E074607420749FED990A84ED030A81
:104A100084ED020A0320A0748E4890ED000A84ED14
:104A2000000A883C9348006893490968884206D088
:104A3000002092498876904800688E490860904826
:104A400090ED000A8DED070A90ED040A8DED080A3D
:104A500090ED010A8DED090A90ED050A8DED0A0A27
:104A600090ED020A8DED0B0A90ED060A8DED0C0A11
:104A70007B4890ED000A8DED0D0A824890ED000A0A
:104A80008DED0E0A40F29240ADF83C0040F2A55088
:104A9000ADF83E004FF4D760ADF840007A480068AA
:104AA00080B2434607AA2146CDE9006002957348CB
:104AB000FFF7C8FA687F75490870687F10B194F8ED
:104AC0009A0000E0042072490870287F20B195ED1B
:104AD000000A6B4880ED070A687F10B1688BFFF70A
:104AE0006FFE287F08B1012000E0002095F821101A
:104AF00009B1042100E0002108436649086195F8E6
:104B00002000886194F89A00C861A87F0862687FD5
:104B1000486294F899008862208B0863A08E4863ED
:104B20005020005B8863B4F86C00C86394F89B0065
:104B300008B1022005E04748407B08B1012000E0B1
:104B400000205449086495F92200401C4864084636
:104B50008764288BC864688B0865494890ED080A0B
:104B60004D4880ED000A95ED000A80ED010A95EDB3
:104B7000010A80ED020A95ED020A80ED030A95ED27
:104B8000030A80ED040A95ED040A80ED050A95ED0F
:104B9000050A80ED060A9FED410A80ED070A94EDB3
:104BA0001C0A80ED080A94ED1D0A80ED090A94EDB7
:104BB000200A80ED0A0A94ED1E0A80ED0B0A94ED9E
:104BC0001F0A80ED0C0A94ED220A80ED0D0A94ED87
:104BD000040A80ED0E0A94ED0B0A80ED0F0A94EDA5
:104BE000030AD4ED020A30EE600A80ED100A94ED5B
:104BF0000A0AD4ED090A30EE600A80ED110A94ED3C
:104C0000050A80ED120A94ED0C0A80ED130A94ED6A
:104C1000120A80ED140A94ED190A80ED150A94ED3C
:104C2000110AD4ED100A30EE600A80ED160A94EDF8
:104C3000180AD4ED170A30EE600A80ED170A687F73
:104C400020B195ED000A0E4880ED080A11B0BDE8CC
:104C5000F08F00003467002070660020106700208D
:104C6000040100200C01002010010020810100201F
:104C700000000000140100205C00002044670020B8
:104C800020660020080100203404004000010020BC
:104C900082010020D42800203429002000A0B44440
:104CA000042808D14FF0E021096941F004014FF0D8
:104CB000E022116107E04FF0E021096921F00401D1
:104CC0004FF0E022116170477047000010B51548A1
:104CD000006840F47000134908601348006840F011
:104CE00001001149086000200F49083108600E4892
:104CF00000680E4908400C4908600D48091D08600D
:104D0000081F006820F48020091F08600020064961
:104D10000C310860FFF768FD4FF0006001498039F1
:104D2000086010BD88ED00E000380240FFFFF6FE8D
:104D300010300024F0B50C46154600210022068CE8
:104D40004FF6FE773E400684018B028C4FF60C76C0
:104D500031407E1C06EA03162E4331434FF6F576AA
:104D6000324044F00106324301830284F0BDF0B5C5
:104D70000C461546002100220026078C4FF6EF7CDA
:104D800007EA0C070784018B028C4FF6FF7707EACE
:104D9000041640F6FF4739404FF6FF7707EA03371E
:104DA00039434FF6FF7707EA052739434FF65F7718
:104DB0003A4046F010073A4301830284F0BDF0B553
:104DC0000C461546002100220026078C4FF6FF6C8A
:104DD00007EA0C070784818B028C4FF6FF7707EAFE
:104DE00004264FF60C7739404FF6FF7707EA031792
:104DF0002F4339434FF2FF573A4046F480773A4306
:104E000081830284F0BDF0B50C46154600210022D6
:104E10000026078C4EF6FF7C07EA0C070784818B7F
:104E2000028C4FF6FF7707EA043640F6FF47394019
:104E30004FF6FF7707EA052739434FF6FF7707EA72
:104E40000337394345F6FF773A4046F480573A43F3
:104E500081830284F0BD000070B58AB006460C461E
:104E6000154601210846FFF7C1FB01210846FFF75F
:104E7000ADFB012211461F48FDF7FCFB0220089004
:104E80008DF8240003208DF8250000208DF82600E1
:104E90008DF8270008A91748FDF7A4FBB0B2ADF8BC
:104EA00014000020ADF816000694ADF81C0005A90A
:104EB0004FF0804000F0BCFA6020ADF80000012007
:104EC000ADF802000020ADF80C00029569464FF0E5
:104ED000804000F01BFA0821C80600F069FA0121A1
:104EE000880700F031F90121880700F03CF90AB089
:104EF00070BD00000000024070B58AB006460C4646
:104F0000154601210220FFF771FB01210846FFF73A
:104F10005DFB022206211E48FDF7ACFB40200890F5
:104F200002208DF8240003208DF8250000208DF844
:104F300026008DF8270008A91548FDF753FBB0B2ED
:104F4000ADF814000020ADF816000694ADF81C0072
:104F5000029505A90F4800F06BFA6020ADF800003B
:104F60000120ADF802000020ADF80C0069460948A8
:104F700000F084F90821074800F0BEF90121054836
:104F800000F0E2F80121034800F0EDF80AB070BD2E
:104F9000000002400004004000B589B00121042057
:104FA000FFF724FB01210820FFF710FB02208DF8FA
:104FB000080001208DF80A0003208DF80900002068
:104FC0008DF80B004FF44050019001A91E48FDF7E9
:104FD00009FB02220C211C48FDF74CFB02220D218B
:104FE0001948FDF747FB0020ADF81800ADF81A008E
:104FF0004FF6FF7007900020ADF8200006A9134877
:1050000000F016FA03A800F026F90F20ADF81400FE
:1050100003A90E4800F0E8F80420ADF80C0003A93D
:105020000A4800F0E1F800231A460321074800F07F
:10503000A6F80021054800F0CCF90121034800F052
:1050400092F809B000BD0000000C024000080040CA
:1050500010B50121154800F0B6F8012824D101212E
:10506000124800F07DF8FDF745FB114890ED000A6D
:10507000104880ED000A10480E49D1ED000A0F4992
:1050800091ED000AFEF7ECFBBCEEC00A10EE100A30
:105090000B49088008460088FEF792FB0122114662
:1050A00008480088FCF72AFF10BD0000000C0040F3
:1050B0002C0100201C01002048660020280100204F
:1050C00036010020340100207FB505460C46012141
:1050D0000820FFF78BFA0295ADF804400020ADF8E8
:1050E0000600ADF80C0001A90D4800F0A1F901225D
:1050F00011460B4800F0B8F80121094800F033F8D8
:1051000032208DF8000001208DF8010003208DF879
:10511000020001208DF803006846FEF75BFB7FBDAF
:10512000000C00400648008A00F0010038B1002061
:105130000349088203480068401C02490860704720
:10514000001000408000002021B1028842F080025F
:10515000028004E002884FF67F731A400280704795
:10516000CA430282704721B1028842F001020280E4
:1051700004E002884FF6FE731A4002807047F0B5D3
:105180000C4615461E460021002200230189028B91
:10519000038C4FF6F877394021434FF6FC473A40ED
:1051A00040F201173A434FF6DD773B404FF6FF7769
:1051B00007EA06172F433B43018102830384F0BDB6
:1051C0000146486A704730B502460020002300249B
:1051D000158A05EA0103958905EA010413B10CB1AA
:1051E000012000E0002030BD70B505460C46208847
:1051F00050B92389A28861882846FFF79BFDE18882
:10520000284600F0E8F825E0208804280AD1238900
:10521000A28861882846FFF7AAFDE188284600F0A9
:10522000E3F817E0208808280AD12389A28861883A
:105230002846FFF7C4FDE188284600F0E2F809E0BF
:105240002389A28861882846FFF7DDFDE18828468A
:1052500000F0E0F870BD00210180418001218180D3
:105260000021C180018170471AB183890B4383817A
:1052700002E083898B4383817047000070B500246E
:1052800000220023058C4FF6FE7635400584028C03
:105290008388048B4FF68F752C40B51E2C400D88EB
:1052A0002C43751E2A408D892A434D882A43104D70
:1052B000A84202D00F4DA84213D14FF6F7752A40ED
:1052C000CD892A434FF6FB752A408D882A434FF635
:1052D000FF652B404FF6FF552B400D8A2B434D8A1F
:1052E0002B43838004838D684563028470BD000076
:1052F00000000140000401400A460021018B4FF6E6
:10530000F7731940114301837047000070B5002402
:1053100000220023058C4FF6EF7635400584028C81
:105320008388048B48F6FF752C404FF6FF452C40D0
:105330000D884FF6FF7606EA05252C434FF6DF75FC
:105340002A408D8906EA05152A434D8806EA051587
:105350002A43154DA84202D0144DA8421DD14FF644
:105360007F752A40CD894FF6FF7606EA05152A4358
:105370004FF6BF752A408D8806EA05152A434FF679
:10538000FF352B404FF2FF752B400D8A06EA85054D
:105390002B434D8A06EA85052B43838004838D6861
:1053A0008563028470BD00000000014000040140DC
:1053B0000A460021018B4FF2FF7319404FF6FF732D
:1053C00003EA0223194301837047416370478163F5
:1053D000704741627047028B4FF6F3731A400283A5
:1053E000028B0A4302837047028B4FF2FF331A404D
:1053F0000283028B4FF6FF7303EA01231A430283F1
:105400007047828B4FF6F3731A408283828B0A4374
:1054100082837047828B4FF2FF331A408283828BE4
:105420004FF6FF7303EA01231A438283704700009B
:1054300000220288184B98420ED0184B98420BD08D
:10544000B0F1804F08D0164B984205D0154B9842CA
:1054500002D0154B984204D14FF68F731A404B88F7
:105460001A43124B984207D0114B984204D04FF682
:10547000FF431A400B891A4302804B68C3620B88B2
:105480000385054B984202D0044B984201D18B7A98
:10549000038601238382704700000140000401401D
:1054A0000004004000080040000C004000100040D4
:1054B000001400402DE9F0472DED068BEEB082463A
:1054C000FBF79AFB022804DA6EB0BDEC068BBDE850
:1054D000F0875046FCF74CFA18B10F20DD490870F0
:1054E000F2E7DDA15046FAF734FF00287ED1DD480F
:1054F000407F88B1DC4890F89C0068B1DA4890F8A9
:105500009A0048B9D84890ED240AB5EEC00AF1EEE9
:1055100010FA01D1012000E000208146B9F1000F0E
:1055200003D0D14890ED1C0A01E09FEDD00A10EEA7
:10553000101A0846FBF797F8CDE92001CA4890ED0C
:10554000220A10EE101A0846FBF78DF8CDE91E016D
:10555000C54890ED1D0A10EE101A0846FBF783F8B7
:10556000CDE91C01C04890ED1C0A10EE101A084647
:10557000FBF779F8CDE91A01BB4890ED200A10EE4F
:10558000101A0846FBF76FF8CDE91801B54890ED01
:10559000000A10EE101A0846FBF765F8CDE916016F
:1055A000DDE92001CDF84890CDE91401DDE91E01C7
:1055B000CDE91001DDE91C01CDE90E01DDE91A019B
:1055C000CDE90C01DDE91801CDE90A01DDE916019B
:1055D000CDE90801A6480368A24890F92200A14934
:1055E000897FA04A527FCDE9050300E018E0CDE9AC
:1055F00003219C48007F9C4991F89A109A4A92F89E
:105600009820CDE9002102909A4803789A489B4956
:10561000026822A800F0CEFB22A8FFF7C3F853E7E8
:1056200097A15046FAF795FE88BB8F4890ED210A66
:1056300010EE101A0846FBF716F841EC180B8A48D2
:1056400090ED250A10EE101A0846FBF70CF841EC15
:10565000190B854890ED240A10EE101A0846FBF746
:1056600002F841EC1A0B7F48408B06908DED048BBD
:105670008DED029B8DED00AB7B4890F89820824920
:105680003EA800F097FB3EA8FFF78CF81CE7FFE769
:105690007EA15046FAF75DFE28BBFFF75BF8814616
:1056A0007C4890ED000ADFED7C0A20EE200ABDEE7A
:1056B000C00A8DED000A7948CDF8049090ED000AFB
:1056C000DFED750A20EE200ABDEEC00A10EE103A9A
:1056D0004FF08040826B72492EA800F06BFB2EA821
:1056E000FFF760F8F0E66FA15046FAF732FEB0B966
:1056F0006E4802686E4803886E48C06A6D49896AC0
:10570000CDE90232CDE900106A48036A6A4942686D
:105710002EA800F04FFB2EA8FFF744F8D4E667A1AF
:105720005046FAF716FE10B900F060F9CCE62021D9
:105730005046FAF7FDFD06463A215046FAF7F8FDC5
:10574000804626B1B8F1000F02D0B04500D24646DF
:105750001EB95BA0FCF764FDB6E600203070751C36
:1057600000E06D1C28782028FBD028783A28F8D053
:10577000287818B952A0FCF753FDA5E60A225DA9C6
:105780002846FAF703FE81465D98A84208D05D9846
:10579000007828B919F5004F02DBB9F5004F03DB9B
:1057A0004AA0FCF73DFD8FE64F4600244AE04A48F8
:1057B00000EB041001685046FAF7CBFD00B13FE062
:1057C000454800EB0410B0F90800B84206DC424836
:1057D00000EB0410B0F90A00B84203DA3FA0FCF76E
:1057E0001FFD71E63C4800EB0410807B3E4951F8F8
:1057F000200000EE100AF8EEC00A00EE107AB8EEB3
:10580000C00A80EE201AB0EE418A334A02EB04123D
:105810005168314A02EB04129089B0EE480AFCF755
:10582000E5FB18B931A0FCF7FBFC4DE63B465246C0
:1058300031A15EA800F0BEFA5EA8FEF7B3FF43E612
:10584000601CC4B20F2CB2D32EA0FCF7E9FC00BF41
:105850003AE60000ED0000207065726365707469BF
:105860006F6E0000106700207066002000000000CE
:1058700078010020740100205C010020749500086C
:1058800061766F6964000000109600086D6F746F98
:1058900072000000280100200000C8421C01002006
:1058A000B096000872616461720000001801002067
:1058B000F4000020706700205896000867657400A7
:1058C00045525220666D740D0A0000004552522068
:1058D00076616C75650D0A00388A000845525220C1
:1058E00072616E67650D0A00388B000845525220C0
:1058F000627573790D0A00004F4B2025733D2564B6
:105900000D0A0000455252206E616D650D0A0000BF
:1059100003460F2B01D300207047074800EB03100C
:1059200080890880044800EB0310406890ED000A6D
:1059300082ED000A0120EFE7388A000810B52DED4E
:10594000028B8AB0244800780F2803D2FBF754F961
:10595000032803DA0AB0BDEC028B10BD1F481E49B4
:10596000097800EB01104068D0ED000A1B481A4985
:10597000097800EB0110807B194951F8200000EEF6
:10598000100AB8EEC00A20EE808AB5EEC08AF1EEA9
:1059900010FA04DBB6EE000A38EE000A03E0B6EEB9
:1059A000000A38EE400ABDEEC00A10EE104A0B485D
:1059B0000949097800EB011023460AA102686846EC
:1059C00000F0F8F96846FEF7EDFE03480078401C49
:1059D0000149087000BFBDE7ED000020388A0008CB
:1059E000288B000825733D25640D0A00002001491D
:1059F00008707047ED00002008B509480088009045
:105A0000009800F00E0050B10548001D008800907D
:105A100004480068401C03490860FDF7D3FA08BD3C
:105A2000004400407400002010B52448048804F0AD
:105A30003E0060B32149091D0988C8B204F00E0177
:105A400041B11F490968491C1D4A116002211D4AC4
:105A500011701BE004F02001C1B11B490978C7296E
:105A60000CDA19490A780978491C174B197017493B
:105A700088540021154A1B78D15407E01049096861
:105A8000491C0F4A116002210E4A117000BF04F038
:105A9000100048B10C48007830B10A48007802285C
:105AA00002D001200749087040F22771034800F036
:105AB000A5F8012801D1FBF745FA10BD00140140FB
:105AC0007C000020550000205600002048260020C1
:105AD00001F40072B2F5007F00D100BFCA4302801A
:105AE000704721B1828942F40052828104E08289A8
:105AF0004DF6FF731A40828170471AB1838A0B43B7
:105B0000838202E0838A8B438382704710B5044608
:105B10003248844208D101211020FEF797FD002170
:105B20001020FEF793FD57E02D48844209D1012152
:105B30004804FEF76BFD00214FF40030FEF766FDD0
:105B40004AE02848844209D101218804FEF75EFD1D
:105B500000214FF48020FEF759FD3DE022488442A9
:105B600009D10121C804FEF751FD00214FF40020A6
:105B7000FEF74CFD30E01D48844209D101210805A3
:105B8000FEF744FD00214FF48010FEF73FFD23E0B7
:105B90001748844208D101212020FEF757FD00213B
:105BA0002020FEF753FD17E01248844209D101215D
:105BB0008807FEF72BFD00214FF08040FEF726FD01
:105BC0000AE00D48844207D101214005FEF71EFD81
:105BD00000216005FEF71AFD10BD00000010014015
:105BE0000044004000480040004C0040005000408D
:105BF0000014014000780040007C004070B502466F
:105C0000002400230025002040F66A16B14200D18E
:105C100000BFC1F3421501F01F03012606FA03F38A
:105C2000012D02D19689334006E0022D02D1168A59
:105C3000334001E0968A33400C12012606FA04F440
:105C40001688344013B10CB1012000E0002070BD73
:105C5000F0B50346002400260025002040F66A1710
:105C6000B94200D100BF1846C1F3421401F01F062B
:105C7000012707FA06F5012C01D10C3004E0022CB3
:105C800001D1103000E014301AB107682F430760CB
:105C900002E00768AF430760F0BD00002DE9FF4751
:105CA00005460E460024A14600BFA046B08900B1BB
:105CB00000BF2C8A24F44054F08804432C82AC8921
:105CC00041F20C608443B0883189084371890843EC
:105CD0000443AC81AC8A24F44074B0890443AC82A0
:105CE0006846FEF7C3FC2048854202D01F48854223
:105CF00002D1DDF80C9001E0DDF80890A88900F4ED
:105D0000004040B109EBC90000EB091031684900BF
:105D1000B0FBF1F707E009EBC90000EB09103168AF
:105D20008900B0FBF1F76420B7FBF0F00401200913
:105D3000642101FB1078A88900F4004040B13220B2
:105D400000EBC800B0FBF1F000F00700044308E0EE
:105D5000322000EB08106421B0FBF1F000F00F00DE
:105D600004432C81BDE8FF8700100140001401406E
:105D7000C1F30802828070474FF416510160002180
:105D80008180C18001810C21418100218181704786
:105D900000BFFEE70FB4054B10B503A9044A0298F3
:105DA00000F06CF910BC5DF814FB0000597F00088E
:105DB000280000200FB4084B10B504A902AA0398CC
:105DC00000F05CF9044602A9002000F0EEFC204639
:105DD00010BC5DF814FB0000AB670008004870477A
:105DE00084010020EFF3108070472DED020B019825
:105DF00020F0004001909DED000B02B0704710B5FF
:105E00002DED028BB0EE608AF0EE408A18EE101A8B
:105E100018EE900AFAF757FE00F07040B0F1005FFC
:105E20000CD018EE100A20F00040C0F1FF40C00F67
:105E300002BFB0EE480ABDEC028B10BDB0EE680A9E
:105E4000BDEC028B10BD10B52DED028BB0EE608A5B
:105E5000F0EE408A18EE101A18EE900AFAF733FEA8
:105E600000F07040B0F1004F0CD018EE100A20F096
:105E70000040C0F1FF40C00F02BFB0EE480ABDECC9
:105E8000028B10BDB0EE680ABDEC028B10BD10B5E0
:105E90002DED028BB1EEC08A18EE100A20F0004002
:105EA000C0F1FF40C00F0AD010EE100A20F00040F1
:105EB000C0F1FF40C00F04BF012000F017F8B0EEA2
:105EC000480ABDEC028B10BD02E008C8121F08C1D1
:105ED000002AFAD170477047002001E001C1121F6B
:105EE000002AFBD1704780F3108870470149086091
:105EF00070470000840100202DE9FF5F82B000217F
:105F0000DDE90430020DDDF840B0034318D044F65B
:105F10001050A2F2FF3242431514119801281FD0ED
:105F2000A5EB0B00401C5FEA000A4FF000064E4F45
:105F3000DFF83891B046504615D5CAF1000413E099
:105F4000119801244AA3012801D16FEA0B0102989C
:105F5000119AC0E90031C0E9024206B0BDE8F09FE5
:105F6000CBF10000DFE704460021404A491842EB2C
:105F70000450CDE9001012E0E00707D032463B465E
:105F800040464946FAF715FD8046894632463B466B
:105F900010461946FAF70DFD06460F466410002C10
:105FA000EAD1DDE90401DDE90023BAF1000F06DAE8
:105FB000FAF7FFFC42464B46FAF7FBFC05E0FAF71E
:105FC000C4FA42464B46FAF7C0FA04460E4600228F
:105FD000284BFAF75BFB03D84FF0FF30014607E090
:105FE0000022254B20463146FAF708FAFAF753FD0E
:105FF000102409E0002C0ADB0A220023FAF790FBA8
:10600000039B30321A55641E50EA0102F2D1641C1F
:10601000039AC4F111031444119A012A03D00122F6
:1060200008430DD10AE0084304D000204FF0110BC3
:10603000119072E7A3EB0B056D1E0DE05B4504DDCF
:106040004FF0000205F1010504E003DA4FF0000211
:10605000A5F10105002AECD002981199C0E902319E
:10606000C0E9004579E70000000014400000F03F5F
:10607000300000000000F0430000E03F2DE9FF4F3A
:1060800095B09B468946064600250FE2252877D124
:1060900000242746F84A0121059400E0044316F83D
:1060A000013F203B01FA03F01042F7D130782A2853
:1060B00011D06FF02F033078A0F13002092A16D8E2
:1060C000059A44F0020402EB820203EB4202104400
:1060D000761C0590EFE759F8042B0592002A03DAA5
:1060E000504244F40054059044F00204761C307889
:1060F0002E2816D116F8010F44F004042A280DD0DA
:106100006FF02F023078A0F13003092B09D807EB8C
:10611000870302EB4303C718761CF3E759F8047BA7
:10612000761C30786C280FD006DC4C2817D06828F5
:106130000DD06A2814D104E0742810D07A280FD129
:106140000DE044F400140AE044F4801401E044F447
:1061500040147278824202D104F58014761C761CB9
:10616000307866280BD013DC582877D009DC00285B
:1061700075D04528F6D04628F4D047281AD19DE19D
:1061800018E0632835D0642879D0652812D195E1CC
:10619000702873D008DC6728F1D069286FD06E288A
:1061A0000DD06F2806D1B5E073282CD0752875D096
:1061B000782874D05A46179990476D1C75E1C4F33E
:1061C0000250022809D003280DD0D9F80010042865
:1061D0000DD00D6009F1040967E1D9F80010EA1744
:1061E000C1E90052F6E7D9F800100D80F2E70D7012
:1061F000F0E719F8041B8DF8001000208DF801005D
:10620000EA46012003E059F804AB4FF0FF30610784
:106210004FF0000102D40DE008F101018846B942B7
:106220000FDA8045F8DB1AF808100029F4D108E0ED
:1062300008F1010188468142FADB1AF808100029AA
:10624000F6D105985B46A0EB080721463846179A19
:1062500000F094FA284400EB080507E04DE029E13E
:106260000DE01AF8010B5A4617999047B8F101084A
:10627000F7D25B4621463846179A13E142E00A22DC
:106280000092C4F302524FF0000A022A08D059F8D3
:1062900004CB032A4FEAEC710AD00DE029E02AE092
:1062A00009F1070121F00702F2E802C1914609E075
:1062B0000FFA8CFC4FEAEC71042A03D14FFA8CFCE4
:1062C0004FEAEC71002907DA0A460021DCF1000CE4
:1062D00061EB02012D2202E0220504D52B228DF86C
:1062E0000420012203E0E20701D02022F7E79046D4
:1062F00059E00A2102E010220DE010214FF0000ABF
:1063000000910BE010224FF0000A44F0040408272B
:10631000009203E008224FF0000A0092C4F30252F8
:10632000022A05D059F804CB0021032A08D009E03D
:1063300009F1070121F00702F2E802C1914605E0E8
:106340001FFA8CFC042A01D10CF0FF0C4FF000085E
:10635000220728D5702806D0009B83F0100353EA4B
:106360000A0305D00EE040228DF80420012208E047
:106370005CEA010206D030228DF804208DF8050079
:1063800002229046009B83F0080353EA0A030AD1D5
:106390005CEA010201D1620705D530228DF80420A4
:1063A0004FF001087F1E582804D034A003900EA897
:1063B00002900DE036A0F9E753466046009AFAF7DE
:1063C000AFF984460398825C0298401E02900270E6
:1063D0005CEA0100F0D1029806A9081A00F1200A2F
:1063E000600702D524F4803400E00127574502DD20
:1063F000A7EB0A0000E0002000EB0A0100900598DE
:106400004144401A0590E00306D45B462146179AA2
:10641000059800F0B3F90544002706E001A85A46A4
:10642000C05D179990476D1C7F1C4745F6DBE00364
:106430000CD55B462146179A059800F09FF9054454
:1064400004E030205A46179990476D1C0099481E69
:1064500000900029F5DC08E0029802995A4600787D
:10646000491C0291179990476D1CBAF10001AAF1DD
:10647000010AF1DC65E10000092801003031323306
:106480003435363738396162636465660000000070
:10649000303132333435363738394142434445465A
:1064A0000000000000F058F90544761C3078002800
:1064B0007FF4ECAD19B02846BDE8F08F620700D438
:1064C000062709F1070222F0070CFCE80223E14647
:1064D00003F000485FEA080C02D00FF2702C0DE0C8
:1064E0005FEA045C02D50FF2682C07E05FEAC47C27
:1064F00002D00FF2602C01E0AFF2700C4FF0FF38C9
:1065000023F00043CDF850C065280CD006DC4528A8
:1065100009D046281DD047283DD13DE0662818D037
:1065200067287ED138E00021112F01DB112000E027
:10653000781CCDE9000106A90EA8FFF7DDFCDDE916
:106540000F010E9A03910021009207F1010A0491B4
:106550004DE04FF000400097CDE9011006A90EA8CC
:10656000FFF7CAFCDDE90F0203920E9B119900228E
:10657000DDF80CA00093049211B9791C00EB010A1C
:10658000B7EB0A0004D4C0F1FF3007F1010A049010
:10659000AAEB0700019044E0012F00DA0127002157
:1065A000112F01DD112000E03846CDE9000106A9D8
:1065B0000EA8FFF7A1FCDDE90F010E9A039100215F
:1065C00004910092BA4621070CD40399514500DA90
:1065D0008A46BAF1010F05DD009AAAF10101515C6A
:1065E000302908D0B84202DA10F1040F06DA01218E
:1065F000CDE9011015E0AAF10101E9E7002805DC69
:10660000049901440491AAEB000102E0411C5145A8
:1066100000DD8A460499401A401C01904FF000406A
:106620000290200704D40198504501DBCDF8048086
:1066300000208DF84F0002980DF14F07B0F1004F88
:1066400025D02B200E9002984FF0020800280CDA7B
:10665000404202902D200E9007E00A210298FAF79E
:1066600049F83031029007F8011DB8F10001A8F196
:106670000108F2DC02980028EFD1791E0E9808700C
:10668000307800F0200040F0450007F8020D12A815
:10669000C01B00F107081498007800B1012000EB3E
:1066A0000A01019801EBE07105984144401A401E2F
:1066B0000590E00306D45B462146179A059800F042
:1066C0005DF805441498007818B15A461799904718
:1066D0006D1CE00324D55B462146179A059800F00F
:1066E0004DF805441CE00498002807DBDDE90301B0
:1066F000884203DD0098405C179901E0179930202B
:106700005A469047049805F10105401C04900198F1
:10671000401E019004D12E205A46179990476D1CB7
:10672000BAF10001AAF1010ADDDC05E017F8010B5E
:106730005A46179990476D1CB8F10001A8F101085D
:10674000F4DC5B462146179A0598ABE62D00000065
:106750002B000000200000002DE9F0410446002538
:106760001E461746880404D405E039462020B04769
:106770006D1C641EF9D52846BDE8F0812DE9F04175
:10678000044600251E469046C80301D5302700E088
:106790002027880404D505E041463846B0476D1CE3
:1067A000641EF9D52846BDE8F0810A68531C0B60C9
:1067B00010707047002007E00849095C032902D0E7
:1067C0000021064A1154401C0228F5DB4FF0FF312E
:1067D000034A11600021034A117070473C010020F8
:1067E00040010020540100202DE9F04381468846F5
:1067F000164634480068002801DABDE8F0833148C5
:10680000006800EBC00101EB00302F4901EB800470
:1068100044F21800005BB0F5006F06D244F20400A9
:106820000059301A294988420DD944F22100005DEF
:1068300020B92748C06A401C2549C862012144F29A
:1068400021000155D9E744F21800015B005B401CB0
:1068500082B244F21800025304EBC105A5F800907F
:10686000C8F30E0068804FEAE830E8710020A87194
:1068700044F204000059301A6421B0FBF1F0A88002
:106880004846FCF799FC074644F22000005DB0B989
:1068900040F6B830874212DB43F6982087420EDC80
:1068A000688864280BD3688842F21071884206D841
:1068B000012144F22000015544F21000065100BFAE
:1068C0009BE7000040010020A867002090D0030053
:1068D00070670020F0EE400A90ED010A90ED001A7A
:1068E00001EE200A704700002DE9F0472DED108BD6
:1068F00082B005460F469046B0EE40CA1C464FF0A7
:10690000000A9FEDD90AB0EE40EA9FEDD80AB0EE3A
:1069100040BA94ED1E1AD4ED1E1AF7EE000A41EEAD
:10692000210AB0EE600AFFF7B2FAB0EE408AB0EE8C
:10693000CC0ADFEDCF0A30EE200AF0EE40CA94ED2B
:10694000221AF6EE001AB0EE6C0A11EE210AF0EEF1
:10695000400A9FEDC50AFFF752FAB0EE409A94F84C
:106960009900A8B194ED1F1AD4ED1F1AF7EE000A92
:1069700041EE210AB0EE600AFFF789FAF0EE408A94
:10698000F0EE680AB0EE480AFFF75DFAB0EE408A12
:1069900001260BE1464521DA07EBC60090ED000A1F
:1069A000701E07EBC000D0ED000A30EE60DA07EB96
:1069B000C60090ED010A701E07EBC000D0ED010A81
:1069C00070EE60BA2DEE0D0A0BEEAB0ADFEDA90AF0
:1069D000B4EEE00AF1EE10FA00D8E5E06B4632467C
:1069E0005146384600F01AFD00287CD094F89900F2
:1069F000A8B19DED010ADFEDA00AB4EEE00AF1EEC8
:106A000010FA0CDBDDED010AB0EE600A94F89A1082
:106A100004F1380001F084FE08B1012000E00020FC
:106A20008146B9F1000F02D094ED1F0A01E094ED08
:106A30001E0AB0EE40AAB9F1000F0AD09DED010A7E
:106A4000D4ED200A70EE600A94ED1D0A0AEE200AC9
:106A500009E094ED1C0ADDED010A9FED881A70EE45
:106A6000C10A0AEE200AF0EE40EAF7EE000A4AEE0A
:106A70000A0AB0EE600AFFF70AFAF0EE40AA9DEDAE
:106A8000000A70EE6E0AB0EE6A0AC0EE808AB0EEBE
:106A9000E80ADFED7B0A7CEEA00A70EEC09AF5EE04
:106AA000C09AF1EE10FA7CDD9DED010AB4EECB0A3E
:106AB000F1EE10FA75D2B9F1000F09D1DDED010A3E
:106AC000B0EE600A94F89A10204601F029FEA8B3AF
:106AD000F0EEE80A94ED221A9FED6A0AF6EE001A2B
:106AE00001EE210A00E05DE0F4EEC00AF1EE10FADA
:106AF00057D8B0EEE80AF3EE0E0AB4EEE00AF1EE73
:106B000010FA13D295ED020AB5EEC00AF1EE10FAB2
:106B10000CD095ED020AB5EEC00AF1EE10FA02DDD6
:106B2000B0EE690A0DE0B1EE690A0AE0F5EEC08A3E
:106B3000F1EE10FA03D8B0EE690A02E031E0B1EEEE
:106B4000690AF0EE40DA9DED010ADFED4F0A30EE02
:106B5000C00ADFED4E0A80EE201AB0EE41FAB7EE21
:106B6000001ADFED410AB0EE4F0A00F0C3FB20EE41
:106B70002D0AF0EE40DA69EE081AB0EE611AF1EE75
:106B8000491A61EE881AF0EE610A6DEEAA1AB0EEAB
:106B9000610A00F0AFFBB0EE40EA9DED010AB0EEF5
:106BA00040BA00BFB24600BF701C86B246457FF7B0
:106BB000F1AE9FED2E0AB4EEC0BAF1EE10FA06D295
:106BC00085ED02EA0320287384ED25BA29E0287BAD
:106BD00018B1287B401E287323E095ED020AB5EE1C
:106BE000C00AF1EE10FA0EDD95ED020AB3EE041ABA
:106BF00030EE410AF0EE400A9FED1B0AFFF7FFF866
:106C000085ED020A0DE095ED020AB3EE041A30EEAE
:106C1000010AF0EE400A9FED140AFFF714F985ED22
:106C2000020A69EE081AB0EE611AF1EE491A61EE35
:106C3000881AF0EE610AD5ED021AB0EE610A00F092
:106C400059FB85ED020A95ED020A84ED240A94EDC4
:106C5000210AD4ED240A30EE200A84ED210A02B084
:106C6000BDEC108BBDE8F08700000000286B6E4E75
:106C70000000164300C8AF45008009440000C84327
:106C800000002A43000070420080894400009643BF
:106C9000014648780A7840EA0220704730B502463B
:106CA0004FF0FF31374B1960002006E03649095C90
:106CB00011B93449086002E0401C0228F6DB00BF2D
:106CC0003049096800292FDA002022E02E49095CAA
:106CD00002291DD12B490968002917DB00EBC001EF
:106CE00001EB0031294B03EB810101F580410B6879
:106CF0002449096801EBC10404EB0131234C04EB86
:106D0000810101F580410968591A01D51D490860C2
:106D1000401C0228DADB1B490968002904DB1C49F6
:106D2000096B491C1A4B196316490968002928DBAD
:106D3000144B1B6803EBC30404EB0333134C04EB49
:106D4000830144F204035A50002444F21E035C52AF
:106D50001B1F5C529B1E5C5244F222035C545B1E60
:106D60005C545B1E5C5444F210035A50084B5C6B3D
:106D700044F214035C500123034C024D2D6863550B
:106D800000BF30BD400100203C010020A86700206A
:106D9000706700202DE9F0472DED0E8B07468A46DF
:106DA0009046F0EE409AB0EE609A1E4600249FEDA9
:106DB0009F0AB0EE40CA4FF001092DE100EE109A93
:106DC000B8EEC00ADFED9A0A20EE200AB0EE408A43
:106DD0009FED970A38EE000AB0EE40AA00EE108A46
:106DE000B8EEC00A60EE290AB6EE001AB0EE490A03
:106DF00000EE810AF0EE40CA9FED8E0AF0EE40AA46
:106E00009FED8A0AB0EE40DA9FED880AF0EE40DA94
:106E10009FED860AB0EE40BA9FED840AF0EE40BACC
:106E20009FED820AF0EE408A9CB19FED830A38EE16
:106E3000000A601E06EBC000D0ED010A70EE600A89
:106E4000601E06EBC00090ED000A0CEE200AF0EE8A
:106E500040CA002549E007EBC500D0ED001AB0EEAE
:106E6000610A07EBC500D0ED011AF0EE610AF4EEFD
:106E7000C80AF1EE10FA0DDBF4EECA0AF1EE10FAD0
:106E800008D2F0EEC01A9FED6D2AF4EEC21AF1EEB0
:106E900010FA00D327E0B4B930EE492A01EE908A07
:106EA000F8EEE11A62EE211A9FED652AF4EEC21A9D
:106EB000F1EE10FA06D3DFED631AB4EEE18AF1EEDB
:106EC00010FA00DD0FE070EE6C1AB0EEE11AB4EECD
:106ED000EA1AF1EE10FA05D2F0EE41AAB0EE40DA6D
:106EE000F0EE60DA00BF681C85B25545B3DB14B123
:106EF0009FED550A01E09FED550AB4EEEA0AF1EE66
:106F000010FA00D286E074B1601E06EBC00090ED6E
:106F1000010A3DEEC00ADFED4E0AB4EEE00AF1EEE2
:106F200010FA00DD7CE0002538E007EBC50090EDAD
:106F3000010AB4EEC80AF1EE10FA2DDB07EBC5002A
:106F400090ED010AB4EECA0AF1EE10FA24D207EB72
:106F5000C50090ED000A30EE4D0AB0EEC00ADFED3C
:106F60003D0AB4EEE00AF1EE10FA15D207EBC500C7
:106F700090ED000A30EE0B0AB0EE40BA07EBC50008
:106F800090ED010A30EE2B0AF0EE40BAB7EE000A9F
:106F900038EE800AF0EE408A681C85B25545C4DBA5
:106FA000F5EEC08AF1EE10FA00D133E08BEE280A3C
:106FB00006EBC40080ED000A8BEEA80A06EBC400C5
:106FC00080ED010A1CB306EBC40090ED000A601EC0
:106FD00006EBC000D0ED000A30EE600A06EBC400FC
:106FE000D0ED010A601E06EBC00090ED011A70EEB4
:106FF000C10A80EE201AB0EE41EAB7EE081AFFEEA1
:10700000080AB0EE4E0A00F075F9B0EE40CA601CF6
:1070100084B200BF09F10109B9F10C0F7FF7CEAEC0
:1070200000BF2046BDEC0E8BBDE8F08700000000DD
:107030000000C842286B6E4E00004842008009459F
:10704000000020420000C84300005C43000096435B
:1070500000009B430000824270B504460D46344850
:107060000068002860DB3249096801EBC10202EBCD
:107070000131304A02EB810044F208010D50091F32
:107080000958621A44F20C010A5044F22101095CC9
:10709000F1BB44F22201095CD1BB44F21A01095A46
:1070A00048F63C42914234DB44F21A01095A48F650
:1070B000045291422DDC44F20C0109584EF6602234
:1070C000914226D344F20C0109585200914220D833
:1070D00044F21C01095A40F6B832914219D344F2E5
:1070E0001C01095A5200914213D813490968491CDE
:1070F000114A11604FF48042115002210F4A0C4B8B
:107100001B68D1540E49496A491C0D4A51620AE074
:10711000FFE70021094A064B1B68D1540849896AD8
:10712000491C074A916200BF2046FFF7B7FD70BDBA
:1071300040010020A8670020500100203C010020F1
:10714000706700202DE9F04305460C461E460023DB
:10715000B2F5487F01DD4FF448725F4890ED000AB8
:10716000B5EEC00AF1EE10FA01D2002013E05A4841
:1071700090ED000ADFED590AB4EEE00AF1EE10FAE4
:1071800001DD5A2007E0544890ED000ABCEEC00A29
:1071900010EE100A80B20746002107E04FF0FF30E2
:1071A000DFF83CC12CF81100481C81B2B429F5DD90
:1071B00000216BE004EBC10CDCED000AB6EE001A16
:1071C00070EE810AFDEEE00A10EE900AB0F5B47F91
:1071D00000D10020002817DBB42815DC04EBC10C1B
:1071E000DCED010A9FED3F1AF4EEC10AF1EE10FA50
:1071F0000AD304EBC10CDCED010A9FED3B1AF4EE5F
:10720000C10AF1EE10FA00DD3EE004EBC10C9CED8A
:10721000001A00EE900AF8EEE00A71EE600AB0EE95
:10722000E00ADFED320AB4EEE00AF1EE10FA05DD15
:10723000DFED2F0A70EEC00AB0EE600AF6EE000A2B
:10724000B4EEE00AF1EE10FA1DD8DFF894C03CF974
:1072500010C0BCF1000F10DB04EBC10CDCED010A27
:10726000DFF87CC03CF910C004EBCC0C9CED011A9B
:10727000F4EEC10AF1EE10FA05D20FFA81FCDFF844
:10728000608028F810C000BF481C81B2914291DB99
:10729000002119E016B1C1F1B40C00E08C46DFF812
:1072A000408038F91C0000280CDB9C4603F10108E3
:1072B0001FFA88F305EBCC0C04EBC009D9E900896F
:1072C000CCE90089481C81B2B94202DCB3F5C87F21
:1072D000E0DB1846BDE8F083F80000200000B4426F
:1072E0000C5F00200000C84200007A4500003443D3
:1072F0000000B443F0EE401AF4EEE01AF1EE10FA9A
:1073000002D2B0EE600A7047F4EEC11AF1EE10FA44
:1073100002DDB0EE410AF6E7B0EE610AF3E770B5C0
:107320002DED048B05460C461646B0EE408AF0EE75
:10733000608AA6B9B0EE680A2846FFF7CBFAB0EE2D
:10734000409AB0EE680A2046FFF7C4FA39EE000A08
:10735000F6EE000A20EE200ABDEC048B70BD012E73
:107360001DD1B0EE680A2846FFF7B4FAB0EE409A95
:1073700095ED001AD5ED001AF7EE000A41EE210A4C
:10738000B0EE600AFEF783FDF0EE400AB6EE000AAA
:1073900028EE001AB0EE490A01EE200ADCE7B0EE52
:1073A000680A2046FFF796FAB0EE409A94ED001A6C
:1073B000D4ED001AF7EE000A41EE210AB0EE600AA1
:1073C000FEF765FDF0EE400AB6EE000A28EE001A60
:1073D000B0EE490A01EE600ABEE7000070B504464F
:1073E0000D46FEF7FFFC064672B60A4800682060AC
:1073F0000948406A28800848008A00F0010028B146
:107400002068401C20600448406A28803046FEF70F
:107410006AFD70BD80000020001000402DE9F041A1
:107420002DED0E8B04460D4616461F469FED8B0A2A
:10743000B0EE40CA9FED890AF0EE40CA701B0428E6
:1074400004DA0020BDEC0E8BBDE8F081701E04EB69
:10745000C00090ED000A04EBC500D0ED000A30EE4C
:10746000609A701E04EBC00090ED010A04EBC500A9
:10747000D0ED010A70EE608A29EE090AB0EE408A6A
:1074800008EEA88A9FED760AB4EEC08AF1EE10FAF3
:1074900006DB9FED740AB4EEC08AF1EE10FA01D952
:1074A0000020CFE704EBC50090ED000A701E04EB4E
:1074B000C000D0ED000A30EE200AF6EE000A20EE01
:1074C00020AA04EBC50090ED010A701E04EBC00079
:1074D000D0ED010A30EE200AF6EE000A60EE20AA96
:1074E0009FED610AB5EE001A01EE480AF0EE400A7F
:1074F0009FED5A0AFEF783FCB0EE40DAFEF7C7FCB8
:10750000F0EE409AB0EE480AFEF7C1FCF1EE680AD0
:1075100080EE80BAB0EE480AFEF7B9FCC9EE00BAB8
:107520002AEE0B0A0AEEAB0AB5EEC00AF1EE10FA2B
:1075300003D2B1EE690AF0EE409AB0EE4A0A0BEEC1
:10754000290A87ED000AB0EE6A0A0BEEA90A87ED58
:10755000010AA8464EE004EBC80090ED000AD7ED02
:10756000000A30EE600AF0EE40EA04EBC80090ED4D
:10757000010AD7ED010A30EE600AB0EE40DA6EEE95
:10758000AE0A4DEE0D0AB0EE600AFEF780FCDFEDAC
:10759000370A30EE600AF0EE40DA04EBC80090EDF6
:1075A000010A04EBC500D0ED010A30EE600A20EEBE
:1075B000090A04EBC800D0ED000A04EBC50090ED09
:1075C000001A70EEC10A08EEE00AB0EEC00AB0EE92
:1075D00040EAB4EECCEAF1EE10FA01DDB0EE4ECAAC
:1075E000B0EE6C0A0DEEAD0AF0EE40CA08F10100F3
:1075F0001FFA80F8B045AEDB2CEE0C0AF3EE000A61
:1076000068EE200AB4EEE00AF1EE10FA23DB701BFC
:1076100000EB4000800000EB4000800000EE100A0C
:10762000B8EEC00AB4EEEC0AF1EE10FA13DB97EDF7
:10763000010ADFED0F0AB4EEE00AF1EE10FA0ADB00
:1076400097ED010ADFED0B0AB4EEE00AF1EE10FA55
:1076500001D80120F6E60020F4E60000000000005A
:107660000020994400A44E460000294500005042E5
:107670000000C842008089442DE9F843584800784A
:10768000461C042401274FF00008002555480078C7
:1076900010B1F9F7CDFA08B9BDE8F8835048007881
:1076A0000E2811DB4E4800780E384F4931F8106033
:1076B00003274B4800780E384C4901EB800090EDD1
:1076C000000A8DED000A32E00F2E2FD2DFE806F01F
:1076D0002E080A0C0F1215181C1F2224272A2C0012
:1076E00043A523E047A521E04FF003081EE04FF03B
:1076F00004081BE04FF0010818E04FF4E13815E0F2
:10770000464890F8008011E04FF000080EE04FF47A
:107710007A780BE0424D09E04FF4806806E04FF4C0
:10772000487803E03F4D01E03F4D00BF00BF25B169
:1077300004272846F8F706FE84B204F1210081B23E
:10774000032000F017FC39480168394800F0CAFFEF
:10775000384801683648001D00F0C4FF2048017811
:107760003348083000F0BAFF1D2131480A3000F0DC
:10777000B5FF31462E480C3000F0B0FF2C480E38D3
:10778000077721461D3000F0A9FF35B12246294672
:1077900027481130F8F79AFD0CE0032F05D1244853
:1077A0000E380099C0F81F1004E0414620481130FF
:1077B00000F098FF04F1210081B201221C480E382C
:1077C000F9F752FA50B106480078401CC0B204499B
:1077D00008701D2802D100200249087000BF5BE735
:1077E000B5000020B4000020B42700207827002036
:1077F000726332362D6D61736B33312D76322E31DB
:10780000000000007368613235362D383561316310
:107810006464323465373939313237005900002019
:10782000049500089C94000830940008B8000020DB
:10783000E02700205C00002010B5044607480088BF
:10784000001B064908800846008830B10448011929
:10785000024802880248F8F739FD10BD44010020B3
:10786000F0E7002030B503461B480068002832DBF3
:10787000194C246804EBC40505EB0434174D05EBE3
:10788000840044F21A04245A1C44B4F5803F04D303
:10789000012544F22104255407E044F21A04245A35
:1078A0001C44A5B244F21A04255244F21E04245A80
:1078B0000C44A5B244F21E042552A41E225240F6E6
:1078C000B834A24202D36400A24203D9012544F293
:1078D0002204255400BF30BD40010020A8670020CD
:1078E0002DE9F34F87B08A467048FFF7D1F98046FB
:1078F0006E48801CFFF7CCF906900025002005900B
:1079000007981438C0F34F090020019048F6A040B2
:10791000804501D14FF000086548007818B348F65B
:10792000A040404463490988401A48F6A041B0FB92
:10793000F1F201FB120002900298B0F5AF6F0BDB81
:107940000298B0F5C86F07DC5B480068AAEB00003E
:1079500044F62061884206D95848006A401C5749BD
:107960000862FEF727FF5348A0F800805248C0F88D
:1079700000A001204E49087000240DE04B49091D6C
:1079800001EB4400FFF784F94FF6FF71884201D004
:10799000681C85B2601C84B24C45EFDB47488069A7
:1079A000A9EB050108444549886145490698B1FBA2
:1079B000F0F080B2039044F25060404448F6A04199
:1079C000B0FBF1F201FB120606F2DC50884203D351
:1079D0000846801B80B201E040F2DC500490A9EB25
:1079E000050081B2DDE90320FFF73CFF002441E000
:1079F0002E49091D01EB4400FFF74AF907464FF6EF
:107A0000FF718F4200D133E040F2DC5105984843CA
:107A100000EB5500B0FBF5F000EB060B0598401CA1
:107A200080B2059048F6A040834508D3019830B94C
:107A3000514624480068FFF70FFB0120019007F42E
:107A4000004020B11D48C069401C1C49C86144F277
:107A50005060584448F6A041B0FBF1F201FB12001F
:107A600000901848394602680098FEF7BDFE00BF36
:107A7000601C84B24C45BBDB06F2DC5048F6A041EA
:107A800088420FD3019820B951460E480068FFF78D
:107A9000E3FA40F2DC520499511A88B20021039AA9
:107AA000FFF7E0FE09B0BDE8F08F0000F4E700202A
:107AB00054010020460100204C0100207067002086
:107AC000C0E1E4004801002010B504466FF0040056
:107AD000FDF7E6F8E11704EB5171C1F3C701074A5E
:107AE00011701046007800EB4001C1EBC0104FF65A
:107AF000FF7101EAC0000249088010BD2400002087
:107B0000260000202DE9F04105460E4617460220CA
:107B10002049086020480068486020480068886064
:107B2000084645611E480068C8621E4800684865EE
:107B30001D48006888651D480068C865D02105207B
:107B400000F018FA00240AE0124A52F82410184AE9
:107B5000042303FB042000F0C5FD601CC4B2182CF4
:107B6000F2DB00240BE012486030042101FB04002A
:107B7000104901EB840109680160601CC4B2182C33
:107B8000F1DB0022D0210A480E38F9F76DF8BDE884
:107B9000F0810000D4280020880000205C00002034
:107BA000D400002070000020E8000020D000002059
:107BB000E02700203429002052B990ED000AD1EDD1
:107BC000000A30EE200AF6EE000A20EE200A704786
:107BD000012A02D190ED000AF9E791ED000AF6E7DB
:107BE00031B52DED020B04462821042000F0C2F926
:107BF000FAF7DEFC05462946154800F073FD1548E6
:107C00000168491C1248001D00F06CFD012110485C
:107C1000083000F063FD0C210D480A3000F05EFDD5
:107C200021460B480C3000F059FD032008490E395D
:107C300008770420487708460099C0F81E1001997B
:107C4000C0F8221002222821F9F70EF83EBD0000EC
:107C5000E02700205C0000202DE9F0432DED0A8B89
:107C600087B081460E461746B0EE408AF0EE608A35
:107C70001C216846F8F751FB4FF00008E5E09FED46
:107C8000AF0AF0EE40AAF0EE409AB0EE409AB0EEA5
:107C900040AA00249FEDA90AF0EE40BACDED028A79
:107CA0008DED038A9FEDA50A8DED050A002566E09E
:107CB00006EBC50090ED001AF0EE410A06EBC50098
:107CC00090ED011AB0EE410AB4EEC80AF1EE10FAD6
:107CD00004D3B4EEE80AF1EE10FA00DD4DE0B8F19D
:107CE000000F11D09DED011ADDED001A01EE801A92
:107CF00030EEC11AB0EEC11ADFED911AB4EEE11AFE
:107D0000F1EE10FA00DD38E03AEE201AB0EE41AAAA
:107D100039EE001AB0EE419AB0EE691A00EE001A80
:107D2000F0EE419AB0EE6A1A00EE801AF0EE41AA27
:107D300064B130EE6B1ADDED051AB4EEE11AF1EE26
:107D400010FA03DD30EE6B1A8DED051AF0EE40BA35
:107D5000601C84B29DED021AB4EEC01AF1EE10FA66
:107D600001DD8DED020A9DED031AB4EEC01AF1EEAD
:107D700010FA01D28DED030A00BF681C85B2BD4226
:107D800096DBADF818402CB99FED6C0A8DED030A17
:107D90008DED020A042C15DB9DED030ADDED020AD0
:107DA00030EE600ADFED670AB4EEE00AF1EE10FA99
:107DB00008D39DED050ADFED640AB4EEE00AF1EEAA
:107DC00010FA09DD1C2269464846F8F77FFA07B029
:107DD000BDEC0A8BBDE8F08369EE090A00EE104A9B
:107DE000B8EE401A80EE810A39EEC00AF0EE409AF1
:107DF0006AEE090A00EE104AB8EE401A80EE810AD7
:107E00003AEEC00AF0EE40AAB7EE000AF4EEC09ACD
:107E1000F1EE10FA05D81C2269464846F8F756FAE2
:107E2000D5E78AEEA90A8DED000A9DED000AF0EE75
:107E30004A0A40EE490A00EE104AB8EE400A80EEC7
:107E4000801A8DED011A08F10108B8F1020FFFF652
:107E500016AF9FED3ABA0024002538E0DDED010AA7
:107E60009DED001A06EBC500D0ED011A41EE210A86
:107E700006EBC50090ED001A71EE600AB0EE600AE4
:107E800006EBC500D0ED010AF4EEC80AF1EE10FAD7
:107E900011D306EBC500D0ED010AF4EEE80AF1EECD
:107EA00010FA08DCF0EEC00A9FED251AF4EEC10AC4
:107EB000F1EE10FA00DD08E0F0EE4B0A40EE000AA9
:107EC000B0EE60BA601C84B200BF681C85B2BD42CF
:107ED000C4DB64B100EE104AB8EE400ACBEE000AF3
:107EE000B0EE60CAB0EE4C0AFDF7D1FF01E09FEDA5
:107EF000170A8DED040A042C15DB9DED040ADFED55
:107F0000140AB4EEE00AF1EE10FA0CD89DED000A66
:107F1000B0EEC00ADFED0F0AB4EEE00AF1EE10FA9F
:107F200001D8012000E000208DF81A001C226946CB
:107F30004846F8F7CBF900BF49E700000000000011
:107F40000000C84200007A4300009B43286B6E4E3D
:107F5000000070426666E63F00BF054A128802F0E4
:107F60004002002AF9D0C2B2014B1B1D1A80704793
:107F70000048004070B504460D4629460B48F8F706
:107F8000CCF9AA2009490870552048700220887051
:107F90000846C4702946001D00F0A0FB0448016893
:107FA00002480A3000F09EFB70BD0000D22700207E
:107FB0006000002030B59BB0054646480078032895
:107FC00008D145480068281AB0F5FA7F02D3F8F7BF
:107FD0002FFE08B91BB030BD3F480560012001905D
:107FE0003E48406802903D48806803903B48C06826
:107FF00004903A480069059038484069069037482F
:10800000806907903548C06908903448006A099033
:108010003248406A0A903148806A0B902F48C06A03
:108020000C902E48006B0D902D4800680E902D4846
:1080300000680F902C48006810902C480068119040
:108040002B48006812902B4800681390294800685C
:1080500028B1FAF7B4FA28490968401A01E04FF04C
:10806000FF30149025480088159025480088169008
:10807000244800881790244890ED000ABCEEC00AFE
:108080008DED180A01201990204890ED000ADFEDCF
:10809000200A20EE200ABCEEC00A8DED1A0A7821D3
:1080A0000720FFF767FF00240AE001AA52F8241016
:1080B000184A042303FB042000F014FB601CC4B224
:1080C0001A2CF2DB0022782112480E38F8F7CCFD8A
:1080D00000BF7FE758000020D80000207067002014
:1080E0004000002048000020440000204C000020F8
:1080F000500000205C010020600100206801002089
:108100006A0100206C010020700100201C01002089
:1081100000007A44E02700201CB54FF4E13000F065
:1081200029FC4FF4E13000F0DDFB4FF4A060FBF7D9
:108130008DFBF9F7B7FEA820FFF7C6FCFBF77EFA28
:108140004FF4FA2000F070FBF9F73CFBF9F760F808
:1081500040F2A55244F620615420FCF73BFBFCF7AB
:10816000D1FB9FED6E1ADFED6E0AB2EE010A6D488B
:10817000FCF7B0FB002264212A20FBF715FBFAF77D
:108180002DFAB2EE040A684880ED000A42F2CF01EF
:108190006320FCF799FFBFE0F9F75EFFF8F7D4FD25
:1081A000FBF776FAFAF7BAFF044604B9B4E04FF4E5
:1081B000804000595D49086044F2080000595C495C
:1081C0000860FAF7F5F90746FAF7F9F944F20801F9
:1081D0000959401A4FF47A71B0FBF1F0381A554939
:1081E000086044F20800015952480068F9F772FB30
:1081F0004FF4804000595049C86044F21800005BB9
:108200004E49088044F21C00005B4D4908804FF441
:1082100048724C492046FAF7DFFF4B4908806B460D
:1082200001AA084601884748FAF7ACFE0121BDF8CB
:10823000000000EE100AB8EE400A0920F9F7D0FD60
:108240000121BDF8040000EE100AB8EE400A0A2031
:10825000F9F7C6FD3C4801883A48FAF707FE06469A
:1082600032463A492046FCF787FB3948407F40B107
:10827000384890F89A5044F208010859FCF77CFA03
:108280000BE03348007F08B10A2000E00B200546D0
:1082900031480068401C3049086001212A480088A4
:1082A00000EE100AB8EE400A0C20F9F799FD2948B3
:1082B00090F89B0048B12748D0ED220AB0EE600A42
:1082C00001210B20F9F78CFD08E02248D0ED220AAD
:1082D000B0EE600A01210B20F9F7CEFD1C48437F68
:1082E00044F21C00025B001F015B2846F9F7ACFF5B
:1082F0001A48006801EE100AB8EE411AF0EE410A81
:10830000174890ED071AB0EE410A2846F8F7BCFD71
:108310002046FBF705FA00BF3EE700000000000022
:10832000AE47013F486600202C0100206400002079
:108330006C00002068000020D4280020F4000020F9
:10834000F20000208C390020F00000208C52002028
:1083500010670020706600201801002034040040DF
:10836000206600202DE9F0476A4805686A48D0F881
:108370000080002469480078032807D16848006815
:1083800020B1454502D0F8F753FC08B9BDE8F087A5
:10839000A8EB050008280ED2FAF711F905F03F0105
:1083A00001EBC1015F4A02EB81018968401A5E4915
:1083B000884200D2EAE705F03F0000EBC0005949CF
:1083C00051F8209005F03F0000EBC00001EB800069
:1083D000D0F804A001E0601CC4B2082C18DA2819F7
:1083E000404515D0281900F03F0000EBC0004D4972
:1083F00001EB8000406850450AD1281900F03F0089
:1084000000EBC00051F8200009EB04018842E2D0E3
:10841000C4EBC400800000F120010620FFF7AAFD94
:108420000121424800F05AF921464048801C00F0E2
:1084300055F949463D48001D00F054F951463B4866
:10844000083000F04FF93A48016838480C3000F025
:1084500049F900241E2745E0281900F03F0000EBF1
:10846000C000304901EB80067068504504D109EB2B
:1084700004013068884200D039E02C4A0E3AD01905
:10848000B16800F02FF9B189284A0E3A3A44101D1C
:1084900000F024F9F189254A0E3A3A44901D00F083
:1084A0001DF922480E383844316981601F480E3862
:1084B00038447169C1601D480E383844B1690161A2
:1084C0001A480E383844F1694161184A0E3A3A4464
:1084D00002F11800316A00F005F9601CC4B207F11E
:1084E0001C0087B22819404501D0082CB4DB00BF1E
:1084F000C4EBC400800000F1200100220B480E38BC
:10850000F8F7B2FB20B1BFF35F8F2819014908606B
:1085100000BF3BE7C8000020C40000205800002036
:10852000600000209429002080380100E02700200E
:10853000D000002010B5FDF755FC044672B6044883
:108540000068044908602046FDF7CDFC10BD00001E
:10855000C4000020C800002030B502460B460021B0
:10856000002417E0107830280ADB1078392807DC5F
:108570000B48814204D8814204D11078352801DDAE
:10858000002030BD12F8010B303801EB810500EB03
:108590004501012410780028E4D119602046F0E755
:1085A000999999192DE9F041074687E04FF00008A5
:1085B00046480078A52807D145480088022806D3F8
:1085C000424840785A2802D04FF001085CE0404809
:1085D0000088042801D2BDE8F0813C48801CFEF7E9
:1085E00057FB0446162C05D3B4F5007F02D804F0DF
:1085F000010038B137488068401C364988604FF028
:10860000010841E032480088A04200DAE3E7A01EFA
:108610002E49085CFA2803D1601E085CFB2806D0AE
:108620002C48C068401C2B49C8604FF001082748FF
:10863000001DFEF72DFB48F6A041884206D92548CB
:108640000069401C234908614FF001081F48801D44
:10865000FEF71EFB0646E52E06D21E484069401C6A
:108660001C4948614FF00108B8F1000F0CD11948BE
:108670004068401C1749486039462046FFF730F9EA
:108680002046FFF7D9F819E01348007830B11148B7
:10869000006A401C0F490862FEF78CF8012501E0D2
:1086A000681C85B20A480088854203DA0748405DA5
:1086B000A528F5D12846FFF7BFF800BF0448008879
:1086C00000287FF473AF00BF85E70000F0E70020CB
:1086D00044010020706700205401002001700A123C
:1086E0004270704770B505460C46A1B22846FFF7A8
:1086F000F5FF210CA81CFFF7F1FF70BDB5EEC00A15
:10870000F1EE10FA01DD01207047B5EEC00AF1EE7E
:1087100010FA02D24FF0FF30F6E70020F4E7000035
:1087200070B52DED048B04460D46B0EE408A022D47
:1087300001D1012000E000200646C6EBC60004EB94
:108740008000D0ED028AC6EBC60004EB800090EDFD
:10875000039A9DB994ED090AF0EE400AB0EE680A5A
:10876000FDF74DFBF0EE408A94ED0A0AF0EE400A68
:10877000B0EE490AFDF767FBB0EE409A9FED0B0A99
:1087800038EEC00AB4EEC80AF1EE10FA0CD89FED2C
:10879000070A39EE000AB4EEC80AF1EE10FA03DB5C
:1087A0000120BDEC048B70BD0020FAE700004842B8
:1087B0002DE9F04105460E463046F7F7C3FD84B279
:1087C000642C00DD642404F11C0081B20420FFF756
:1087D000D1FBF9F7EDFE074639461148FFF782FF56
:1087E000104801680E48001DFFF77CFF29460C4821
:1087F0000830FFF773FF214609480A30FFF76EFF84
:108800002246314606480C30F7F760FD04F11C00A3
:1088100081B2022202480E38F8F726FABDE8F0814C
:10882000E02700205C00002010B588B0044601213C
:108830000846FBF7CBFE01214804FBF7D7FE0722D1
:1088400002212648F9F716FF072203212348F9F7EA
:1088500011FF0C20069002208DF81C0003208DF8DB
:108860001D0000208DF81E0001208DF81F0006A9B4
:108870001A48F9F7B7FE02940020ADF80C00ADF8E5
:108880000E00ADF81000ADF814000C20ADF8120089
:1088900002A91348FDF702FA01211148FDF721F959
:1088A00026208DF8040000208DF805008DF80600C4
:1088B00001208DF8070001A8FAF78CFF0122602142
:1088C0000748FDF7C5F9012240210548FDF715F9D4
:1088D00040210348FDF7FCF808B010BD000002403D
:1088E0000044004010B586B0044601210420FBF787
:1088F0006DFE01218804FBF779FE07220A211B483F
:10890000F9F7B8FE07220B211848F9F7B3FE4FF428
:108910004060049002208DF8140003208DF81500AB
:1089200000208DF8160001208DF8170004A90F48CB
:10893000F9F758FE00940020ADF80400ADF80600E9
:10894000ADF80800ADF80C000C20ADF80A0069463F
:108950000748FDF7A3F901210548FDF7C2F84021BA
:108960000348FDF7B5F806B010BD0000000802404E
:108970000048004010B586B0044601210846FBF7C8
:1089800025FE01211020FBF751FE072209211B487B
:10899000F9F770FE07220A211848F9F76BFE4FF429
:1089A000C060049002208DF8140003208DF815009B
:1089B00000208DF8160001208DF8170004A90F483B
:1089C000F9F710FE00940020ADF80400ADF80600A1
:1089D000ADF80800ADF80C000C20ADF80A006946AF
:1089E0000748FDF75BF901210548FDF77AF84021BA
:1089F0000348FDF76DF806B010BD0000000002400E
:108A0000001001400A0001000100E8030100E80332
:108A10000100E803E803010001000100010001007A
:108A200001000100010001000A0001000100010035
:108A300001000100010001003097000820660020BD
:108A40000000E80364000300FC9600082466002090
:108A50000000E80365000300049700082866002072
:108A60000000E80366000300089700083066002055
:108A70000000E80367000300F89600083466002051
:108A80000000E80368000300009700083866002033
:108A90000000E803690003002897000848660020EA
:108AA000000088136A000200209700085466002026
:108AB000000088136B0003000C9700082C010020B5
:108AC000000032006C00000010970008F800002041
:108AD00000005A00730000004497000804010020C1
:108AE000D4FE2C0174000000349700080801002017
:108AF0006400F4017500000048970008FC000020A5
:108B000000002602760000003C9700080C010020BF
:108B100058024C047900000018970008100100204A
:108B2000900184037A000000010000000A000000A8
:108B300064000000E8030000010000000A000000DB
:108B400064000000E803000000000000920E493CB1
:108B5000B10AC93C2BC3163D2EFB483D752B7B3D0E
:108B600004A9963D80B6AF3D36BDC83D2FBCE13D62
:108B700073B2FA3D87CF093E8340163EB5AB223E25
:108B8000A2102F3ECF6E3B3EC2C5473E0115543E5C
:108B9000135C603E7F9A6C3ECCCF783EC07D823EB7
:108BA000938E883E229A8E3E32A0943E86A09A3EB4
:108BB000E59AA03E128FA63ED47CAC3EEF63B23E57
:108BC0002A44B83E491DBE3E15EFC33E53B9C93EC7
:108BD000CA7BCF3E4136D53E80E8DA3E4F92E03E3A
:108BE0007533E63EBBCBEB3EEA5AF13ECBE0F63EB8
:108BF000275DFC3EE4E7003F3D9C033F824B063F80
:108C00009BF5083F6B9A0B3FDA390E3FCDD3103FEF
:108C10002A68133FD9F6153FC07F183FC6021B3F95
:108C2000D17F1D3FCBF61F3F9967223F25D2243FBE
:108C30005636273F1594293F4AEB2B3FDE3B2E3F0C
:108C4000BB85303FC9C8323FF304353F233A373F35
:108C50004268393F3B8F3B3FF9AE3D3F67C73F3FDF
:108C600070D8413F01E2433F03E4453F65DE473FA3
:108C700012D1493FF8BB4B3F029F4D3F207A4F3FF7
:108C80003D4D513F4918533F31DB543FE595563F29
:108C90005348583F6AF2593F1A945B3F532D5D3F4A
:108CA00005BE5E3F2146603F97C5613F5A3C633F2A
:108CB00059AA643F880F663FD86B673F3CBF683F47
:108CC000A7096A3F0C4B6B3F5E836C3F93B26D3FCD
:108CD0009ED86E3F73F56F3F0809713F5213723F84
:108CE0004714733FDD0B743F0BFA743FC6DE753FCC
:108CF00007BA763FC58B773FF853783F9812793F94
:108D00009DC7793F02737A3FBE147B3FCDAC7B3F5A
:108D1000283B7C3FC9BF7C3FAC3A7D3FCCAB7D3F1D
:108D200023137E3FB0707E3F6DC47E3F580E7F3F61
:108D30006D4E7F3FAB847F3F0FB17F3F97D37F3F27
:108D400043EC7F3F11FB7F3F0000803F11FB7F3FE3
:108D500043EC7F3F97D37F3F0FB17F3FAB847F3F93
:108D60006D4E7F3F580E7F3F6DC47E3FB0707E3F9B
:108D700023137E3FCCAB7D3FAC3A7D3FC9BF7C3FE8
:108D8000283B7C3FCDAC7B3FBE147B3F02737A3FD8
:108D90009DC7793F9812793FF853783FC58B773F4D
:108DA00007BA763FC6DE753F0BFA743FDD0B743FA2
:108DB0004714733F5213723F0809713F73F56F3FB9
:108DC0009ED86E3F93B26D3F5E836C3F0C4B6B3F02
:108DD000A7096A3F3CBF683FD86B673F880F663F73
:108DE00059AA643F5A3C633F97C5613F2146603FA3
:108DF00005BE5E3F532D5D3F1A945B3F6AF2593FBB
:108E00005348583FE595563F31DB543F4918533F8F
:108E10003D4D513F207A4F3F029F4D3FF8BB4B3FA6
:108E200012D1493F65DE473F03E4453F01E2433F3E
:108E300070D8413F67C73F3FF9AE3D3F3B8F3B3F57
:108E40004268393F233A373FF304353FC9C8323FC0
:108E5000BB85303FDE3B2E3F4AEB2B3F1594293F2D
:108E60005636273F25D2243F9967223FCBF61F3F36
:108E7000D17F1D3FC6021B3FC07F183FD9F6153F6B
:108E80002A68133FCDD3103FDA390E3F6B9A0B3F60
:108E90009BF5083F824B063F3D9C033FE4E7003FC4
:108EA000275DFC3ECBE0F63EEA5AF13EBBCBEB3E03
:108EB0007533E63E4F92E03E80E8DA3E4136D53EDD
:108EC000CA7BCF3E53B9C93E15EFC33E491DBE3ED6
:108ED0002A44B83EEF63B23ED47CAC3E128FA63E2D
:108EE000E59AA03E86A09A3E32A0943E229A8E3EFB
:108EF000938E883EC07D823ECCCF783E7F9A6C3E7A
:108F0000135C603E0115543EC2C5473ECF6E3B3EEA
:108F1000A2102F3EB5AB223E8340163E87CF093EBE
:108F200073B2FA3D2FBCE13D36BDC83D80B6AF3DC2
:108F300004A9963D752B7B3D2EFB483D2BC3163D6A
:108F4000B10AC93C920E493C00000000920E49BC97
:108F5000B10AC9BC2BC316BD2EFB48BD752B7BBD0A
:108F600004A996BD80B6AFBD36BDC8BD2FBCE1BD5E
:108F700073B2FABD87CF09BE834016BEB5AB22BE21
:108F8000A2102FBECF6E3BBEC2C547BE011554BE58
:108F9000135C60BE7F9A6CBECCCF78BEC07D82BEB3
:108FA000938E88BE229A8EBE32A094BE86A09ABEB0
:108FB000E59AA0BE128FA6BED47CACBEEF63B2BE53
:108FC0002A44B8BE491DBEBE15EFC3BE53B9C9BEC3
:108FD000CA7BCFBE4136D5BE80E8DABE4F92E0BE36
:108FE0007533E6BEBBCBEBBEEA5AF1BECBE0F6BEB4
:108FF000275DFCBEE4E700BF3D9C03BF824B06BF7C
:109000009BF508BF6B9A0BBFDA390EBFCDD310BFEB
:109010002A6813BFD9F615BFC07F18BFC6021BBF91
:10902000D17F1DBFCBF61FBF996722BF25D224BFBA
:10903000563627BF159429BF4AEB2BBFDE3B2EBF08
:10904000BB8530BFC9C832BFF30435BF233A37BF31
:10905000426839BF3B8F3BBFF9AE3DBF67C73FBFDB
:1090600070D841BF01E243BF03E445BF65DE47BF9F
:1090700012D149BFF8BB4BBF029F4DBF207A4FBFF3
:109080003D4D51BF491853BF31DB54BFE59556BF25
:10909000534858BF6AF259BF1A945BBF532D5DBF46
:1090A00005BE5EBF214660BF97C561BF5A3C63BF26
:1090B00059AA64BF880F66BFD86B67BF3CBF68BF43
:1090C000A7096ABF0C4B6BBF5E836CBF93B26DBFC9
:1090D0009ED86EBF73F56FBF080971BF521372BF80
:1090E000471473BFDD0B74BF0BFA74BFC6DE75BFC8
:1090F00007BA76BFC58B77BFF85378BF981279BF90
:109100009DC779BF02737ABFBE147BBFCDAC7BBF56
:10911000283B7CBFC9BF7CBFAC3A7DBFCCAB7DBF19
:1091200023137EBFB0707EBF6DC47EBF580E7FBF5D
:109130006D4E7FBFAB847FBF0FB17FBF97D37FBF23
:1091400043EC7FBF11FB7FBF000080BF11FB7FBFDF
:1091500043EC7FBF97D37FBF0FB17FBFAB847FBF8F
:109160006D4E7FBF580E7FBF6DC47EBFB0707EBF97
:1091700023137EBFCCAB7DBFAC3A7DBFC9BF7CBFE4
:10918000283B7CBFCDAC7BBFBE147BBF02737ABFD4
:109190009DC779BF981279BFF85378BFC58B77BF49
:1091A00007BA76BFC6DE75BF0BFA74BFDD0B74BF9E
:1091B000471473BF521372BF080971BF73F56FBFB5
:1091C0009ED86EBF93B26DBF5E836CBF0C4B6BBFFE
:1091D000A7096ABF3CBF68BFD86B67BF880F66BF6F
:1091E00059AA64BF5A3C63BF97C561BF214660BF9F
:1091F00005BE5EBF532D5DBF1A945BBF6AF259BFB7
:10920000534858BFE59556BF31DB54BF491853BF8B
:109210003D4D51BF207A4FBF029F4DBFF8BB4BBFA2
:1092200012D149BF65DE47BF03E445BF01E243BF3A
:1092300070D841BF67C73FBFF9AE3DBF3B8F3BBF53
:10924000426839BF233A37BFF30435BFC9C832BFBC
:10925000BB8530BFDE3B2EBF4AEB2BBF159429BF29
:10926000563627BF25D224BF996722BFCBF61FBF32
:10927000D17F1DBFC6021BBFC07F18BFD9F615BF67
:109280002A6813BFCDD310BFDA390EBF6B9A0BBF5C
:109290009BF508BF824B06BF3D9C03BFE4E700BFC0
:1092A000275DFCBECBE0F6BEEA5AF1BEBBCBEBBEFF
:1092B0007533E6BE4F92E0BE80E8DABE4136D5BED9
:1092C000CA7BCFBE53B9C9BE15EFC3BE491DBEBED2
:1092D0002A44B8BEEF63B2BED47CACBE128FA6BE29
:1092E000E59AA0BE86A09ABE32A094BE229A8EBEF7
:1092F000938E88BEC07D82BECCCF78BE7F9A6CBE76
:10930000135C60BE011554BEC2C547BECF6E3BBEE6
:10931000A2102FBEB5AB22BE834016BE87CF09BEBA
:1093200073B2FABD2FBCE1BD36BDC8BD80B6AFBDBE
:1093300004A996BD752B7BBD2EFB48BD2BC316BD66
:10934000B10AC9BC920E49BC0000008000404040F8
:109350004040404040404141414141404040404008
:1093600040404040404040404040404040050202B4
:109370000202020202020202020202020220202073
:1093800020202020202020020202020202029090CF
:1093900090909090101010101010101010101010CD
:1093A0001010101010101010020202020202888821
:1093B000888888880808080808080808080808082D
:1093C0000808080808080808020202024000000015
:1093D0004D930008494E464F2070726F746F3D31B7
:1093E0002C32206C61796F75743D25732066773D52
:1093F0002573206C696461723D257520616C676F0F
:10940000726974686D3D3420696E7075743D2575A0
:109410002061746F6D69633D302064657461696CAF
:109420003D32206D6F746F723D310D0A00000000F7
:109430004D31305032304B203531323030302076A3
:1094400061726C656E32322E2E3531323B736C6F29
:1094500074733D284C2D3230292F323B3132487AFB
:109460003B7261775F6372633D6E6F6E653B696EE1
:109470007075743D7363616E3B444D4131303234DD
:109480002F4649464F383139322F726177323034A6
:109490003878322F62696E3732300000706174683C
:1094A0003D6C6F63616C2D6475616C2F73696E67C1
:1094B0006C653B77696474683D3430302E2E3930EA
:1094C000306D6D3B50574D3D313137302F31343495
:1094D000352F313732303B6E6561723D3130302E81
:1094E0002E3735303B6661723D3535302E2E3133A7
:1094F00030303B707265766965773D43464731325F
:10950000310000006D6D3B4343523B656E636F64F9
:1095100065725F756E6974733B783D612A792B6261
:109520003B50443D736F757263652D72657365744E
:109530002D446361703135303B657869743D6E65EB
:1095400061722B6661722B326672616D65733630A3
:109550006D733B7370643D726163652D66697865F8
:10956000643B726571756573743D434647313038AD
:109570000000000070657263657074696F6E20731F
:1095800065713D256C75206F6B3D2575207061748C
:10959000683D2575207372633D25752070643D25F7
:1095A00075206170706C793D257520726561736FEF
:1095B0006E3D25752062656E643D2564206167659A
:1095C0005F75733D256C75206572723D252E316681
:1095D000207265663D252E3066206E6561723D25E0
:1095E0002E3166206661723D252E316620776964D2
:1095F00074683D252E30662063616C5F76616C690E
:10960000643D25752063616C3D252E31660D0A0091
:1096100061766F696420706174683D2575206F669E
:10962000667365745F6D6D3D252E316620636F6EC8
:10963000655F795F6D6D3D252E30662074617267C0
:1096400065745F785F6D6D3D252E31662070776D96
:109650003D25750D0A000000726164617220706121
:10966000636B6574733D256C7520646973636F6EFD
:1096700074696E7569746965733D256C75207265D2
:109680006A65637465643D256C75206F76657266E6
:109690006C6F773D256C75207261773D257520696B
:1096A0006E76616C69643D256C750D0A00000000E2
:1096B0006D6F746F7220726163653D312070776DDC
:1096C0003D2575207461726765745F783130303D77
:1096D000256C642073706565645F783130303D259A
:1096E0006C64206672616D655F6167655F75733D6F
:1096F000256C750D0A0000006B6432006B7032003F
:109700006B6433006B7033006B6400007370640033
:10971000616E676C65000000776964746800000022
:1097200073705F6B6900000073705F6B7000000006
:109730006B70000065636C616D700000707265761F
:109740006965770063780000647900006C97000811
:1097500000000020880100003C0B0008A0970008D2
:109760008801002008000100D85E000811847A03F7
:109770000A680901020304060708090CA910013050
:1097800003860101C2FFC20F23B4426348434BD892
:10979000C10C232F445AFA140167538004000000BF
:040000050800018965
:00000001FF
